subject,session,run,electrode,condition,X,Y,Z,X_ref,Y_ref,Z_ref,stim,dX,dY,dZ,deviation_mm,exp,project,network,star_min_angle,star_radius_cv,spoke_min_mm,spoke_max_mm,star_hub_agrees,note,baseline_residual_mm,baseline_condition_used
sub-1109,ses-1,run-01,anode,control,-48.47044209,-8.49236931,67.41317446,-48.7093474981009,-11.4753011743017,67.96037593628932,active,0.2389054081008979,2.9829318643016993,-0.5472014762893309,3.042102522391297,P1,P1,a_baseline,105.08,0.0226,57.58,60.42,True,different_montage?+high_residual,47.89,control
sub-1109,ses-1,run-02,anode,control,-48.50976328,-8.75434102,67.875543,-48.7093474981009,-11.4753011743017,67.96037593628932,active,0.19958421810089533,2.7209601543017,-0.08483293628933097,2.7295887324818637,P1,P1,a_baseline,105.56,0.0221,57.1,60.26,True,different_montage?+high_residual,47.98,control
sub-1109,ses-2,run-01,anode,control,-55.17766389,-17.03195802,62.07475923,-48.7093474981009,-11.4753011743017,67.96037593628932,active,-6.468316391899101,-5.556656845698301,-5.885616706289326,10.361275802714086,P1,P1,a_baseline,106.7,0.0325,57.14,61.79,True,different_montage?+high_residual,50.41,control
sub-1109,ses-2,run-02,anode,control,-55.12163588,-17.29745468,61.73523861,-48.7093474981009,-11.4753011743017,67.96037593628932,active,-6.412288381899103,-5.822153505698301,-6.225137326289321,10.666173093838005,P1,P1,a_baseline,107.22,0.0278,57.29,61.29,True,different_montage?+high_residual,50.26,control
sub-1109,ses-3,run-01,anode,control,-52.88229601,-12.20401866,62.80946951,-48.7093474981009,-11.4753011743017,67.96037593628932,active,-4.172948511899101,-0.728717485698299,-5.150906426289325,6.669060313815735,P1,P1,a_baseline,107.52,0.0186,58.21,60.55,True,different_montage?+high_residual,50.0,control
sub-1109,ses-3,run-02,anode,control,-52.34662051,-13.35030853,62.35742968,-48.7093474981009,-11.4753011743017,67.96037593628932,active,-3.6372730118991043,-1.8750073556982993,-5.6029462562893215,6.93818523087117,P1,P1,a_baseline,108.42,0.0224,57.65,60.88,True,different_montage?+high_residual,50.11,control
sub-1109,ses-4,run-01,anode,control,-53.17284782,-16.6453626,64.2460906,-48.7093474981009,-11.4753011743017,67.96037593628932,active,-4.4635003218991045,-5.170061425698298,-3.714285336289322,7.774849569506848,P1,P1,a_baseline,103.02,0.0248,57.04,60.49,True,different_montage?+high_residual,49.64,control
sub-1109,ses-4,run-02,anode,control,-52.71406059,-17.45337483,64.30386135,-48.7093474981009,-11.4753011743017,67.96037593628932,active,-4.004713091899106,-5.978073655698301,-3.656514586289319,8.071257058298212,P1,P1,a_baseline,102.98,0.0186,57.31,59.81,True,different_montage?+high_residual,49.7,control
sub-1115,ses-1,run-01,anode,control,-52.15795537,-52.28004743,70.41985465,-49.1837512300794,-46.515597191285565,75.77535663616197,active,-2.9742041399206016,-5.7644502387144385,-5.355501986161968,8.411669177061148,P1,P1,a_baseline,110.03,0.0332,55.46,59.68,True,different_montage?+high_residual,49.1,control
sub-1115,ses-1,run-02,anode,control,-51.31386724,-52.80752801,69.63829331,-49.1837512300794,-46.515597191285565,75.77535663616197,active,-2.1301160099205987,-6.291930818714434,-6.137063326161979,9.04374556876358,P1,P1,a_baseline,109.45,0.0359,54.99,59.6,True,different_montage?+high_residual,49.17,control
sub-1115,ses-2,run-01,anode,control,-55.20139902,-34.8025312,71.90368834,-49.1837512300794,-46.515597191285565,75.77535663616197,active,-6.017647789920595,11.713065991285568,-3.871668296161971,13.725808363635728,P1,P1,a_baseline,106.07,0.0411,53.82,58.93,True,different_montage?+high_residual,52.83,control
sub-1115,ses-2,run-02,anode,control,-54.90811412,-34.70381593,70.46175243,-49.1837512300794,-46.515597191285565,75.77535663616197,active,-5.724362889920599,11.811781261285567,-5.313604206161969,14.16054012810596,P1,P1,a_baseline,101.59,0.0316,54.3,58.49,True,different_montage?+high_residual,52.05,control
sub-1115,ses-3,run-01,anode,control,-54.44978904,-54.05253553,68.87433746,-49.1837512300794,-46.515597191285565,75.77535663616197,active,-5.266037809920597,-7.536938338714435,-6.901019176161967,11.49611497014761,P1,P1,a_baseline,105.34,0.0264,56.32,60.01,True,different_montage?+high_residual,52.58,control
sub-1115,ses-3,run-02,anode,control,-52.25517134,-53.24042649,65.57648654,-49.1837512300794,-46.515597191285565,75.77535663616197,active,-3.071420109920595,-6.7248292987144325,-10.198870096161968,12.596582942483233,P1,P1,a_baseline,104.84,0.0229,56.23,59.39,True,different_montage?+high_residual,53.23,control
sub-1115,ses-4,run-01,anode,control,-58.04907434,-53.76274817,65.30321876,-49.1837512300794,-46.515597191285565,75.77535663616197,active,-8.865323109920595,-7.247150978714437,-10.47213787616198,15.517113869818708,P1,P1,a_baseline,106.83,0.034,56.69,61.1,True,different_montage?+high_residual,53.55,control
sub-1115,ses-4,run-02,anode,control,-58.02385949,-54.8773733,65.88866374,-49.1837512300794,-46.515597191285565,75.77535663616197,active,-8.840108259920598,-8.361776108714437,-9.886692896161975,15.678440935322733,P1,P1,a_baseline,106.38,0.0348,56.25,61.12,True,different_montage?+high_residual,53.95,control
sub-1116,ses-1,run-01,anode,control,-42.56564218,-3.06651157,69.32877953,-48.75531745201044,-33.56227559026083,69.60459129494461,active,6.18967527201044,30.495764020260832,-0.27581176494460635,31.118800993644573,P1,P1,a_baseline,105.09,0.0205,55.45,58.05,True,different_montage?+high_residual,60.9,control
sub-1116,ses-1,run-02,anode,control,-42.84092045,-3.82543151,70.19680957,-48.75531745201044,-33.56227559026083,69.60459129494461,active,5.914397002010439,29.73684408026083,0.5922182750553873,30.325083845497332,P1,P1,a_baseline,104.35,0.0195,55.2,57.87,True,different_montage?+high_residual,60.21,control
sub-1116,ses-2,run-01,anode,control,-52.7015942,-32.87853753,65.89201369,-48.75531745201044,-33.56227559026083,69.60459129494461,active,-3.9462767479895646,0.6837380602608292,-3.712577604944613,5.461119883275647,P1,P1,a_baseline,100.49,0.009,57.43,58.55,True,different_montage?+high_residual,48.76,control
sub-1116,ses-2,run-02,anode,control,-52.44358404,-33.80273784,66.83792631,-48.75531745201044,-33.56227559026083,69.60459129494461,active,-3.6882665879895598,-0.24046224973916708,-2.7666649849446117,4.616878562031748,P1,P1,a_baseline,101.38,0.0054,57.55,58.3,True,different_montage?+high_residual,48.69,control
sub-1116,ses-4,run-01,anode,control,-56.21413777,-22.8819389,60.41977087,-48.75531745201044,-33.56227559026083,69.60459129494461,active,-7.458820317989563,10.68033669026083,-9.184820424944611,15.939401450238503,P1,P1,a_baseline,105.15,0.0464,54.76,61.12,True,different_montage?+high_residual,53.12,control
sub-1116,ses-4,run-02,anode,control,-55.93483254,-23.40595348,59.72219348,-48.75531745201044,-33.56227559026083,69.60459129494461,active,-7.179515087989564,10.156322110260831,-9.88239781494461,15.885783023787805,P1,P1,a_baseline,106.18,0.0516,54.38,61.49,True,different_montage?+high_residual,52.78,control
sub-1117,ses-1,run-01,anode,control,-44.15211314,-11.25815163,80.50225983,-40.5672479252029,-16.45660961106203,84.06815302857864,active,-3.584865214797098,5.198457981062031,-3.5658931985786353,7.251952722736073,P1,P1,a_baseline,103.63,0.0418,55.42,61.17,True,different_montage?+high_residual,50.09,control
sub-1117,ses-1,run-02,anode,control,-44.62703232,-12.35993827,80.12171889,-40.5672479252029,-16.45660961106203,84.06815302857864,active,-4.059784394797099,4.096671341062031,-3.9464341385786383,6.988483942820213,P1,P1,a_baseline,102.62,0.0437,55.13,61.24,True,different_montage?+high_residual,50.32,control
sub-1117,ses-2,run-01,anode,control,-44.99811173,-11.54505284,80.1071669,-40.5672479252029,-16.45660961106203,84.06815302857864,active,-4.430863804797099,4.911556771062031,-3.9609861285786394,7.710081392749282,P1,P1,a_baseline,108.59,0.0246,55.52,58.62,True,different_montage?+high_residual,49.65,control
sub-1117,ses-2,run-02,anode,control,-44.98211404,-12.06795024,80.15831867,-40.5672479252029,-16.45660961106203,84.06815302857864,active,-4.4148661147971,4.388659371062031,-3.9098343585786353,7.351066493939245,P1,P1,a_baseline,108.44,0.0246,55.19,58.57,True,different_montage?+high_residual,49.24,control
sub-1117,ses-3,run-01,anode,control,-46.36747409,-26.15498226,80.9628632,-40.5672479252029,-16.45660961106203,84.06815302857864,active,-5.8002261647971025,-9.69837264893797,-3.105289828578634,11.719380551886644,P1,P1,a_baseline,104.53,0.0303,53.43,57.55,True,different_montage?+high_residual,51.11,control
sub-1117,ses-3,run-02,anode,control,-46.1984009,-26.88569797,80.86670175,-40.5672479252029,-16.45660961106203,84.06815302857864,active,-5.631152974797104,-10.429088358937967,-3.201451278578631,12.277013403642371,P1,P1,a_baseline,103.09,0.027,53.79,57.36,True,different_montage?+high_residual,51.73,control
sub-1117,ses-4,run-01,anode,control,-46.36747409,-26.15498226,80.9628632,-40.5672479252029,-16.45660961106203,84.06815302857864,active,-5.8002261647971025,-9.69837264893797,-3.105289828578634,11.719380551886644,P1,P1,a_baseline,104.53,0.0303,53.43,57.55,True,different_montage?+high_residual,51.11,control
sub-1117,ses-4,run-02,anode,control,-46.1984009,-26.88569797,80.86670175,-40.5672479252029,-16.45660961106203,84.06815302857864,active,-5.631152974797104,-10.429088358937967,-3.201451278578631,12.277013403642371,P1,P1,a_baseline,103.09,0.027,53.79,57.36,True,different_montage?+high_residual,51.73,control
sub-1121,ses-1,run-01,anode,control,-56.71119622,-30.68854519,62.22242344,-50.46983929404296,-32.0575913728556,69.40063972138444,active,-6.241356925957035,1.3690461828555982,-7.178216281384437,9.610182761546001,P1,P1,a_baseline,109.71,0.0323,54.56,59.05,True,different_montage?+high_residual,50.27,control
sub-1121,ses-1,run-02,anode,control,-56.69345603,-31.14892286,62.06617207,-50.46983929404296,-32.0575913728556,69.40063972138444,active,-6.223616735957037,0.9086685128555985,-7.334467651384436,9.661961471230594,P1,P1,a_baseline,109.7,0.0346,54.43,59.24,True,different_montage?+high_residual,50.29,control
sub-1121,ses-2,run-01,anode,control,-53.58265366,-45.15673074,64.08786225,-50.46983929404296,-32.0575913728556,69.40063972138444,active,-3.1128143659570355,-13.099139367144403,-5.312777471384436,14.474207055905714,P1,P1,a_baseline,111.45,0.0344,55.65,60.54,True,different_montage?+high_residual,51.81,control
sub-1121,ses-2,run-02,anode,control,-54.12751958,-45.41546757,65.19678179,-50.46983929404296,-32.0575913728556,69.40063972138444,active,-3.657680285957035,-13.3578761971444,-4.203857931384434,14.473558756566385,P1,P1,a_baseline,110.49,0.0337,55.7,60.5,True,different_montage?+high_residual,52.06,control
sub-1121,ses-3,run-01,anode,control,-51.07283644,-29.27119459,67.98836575,-50.46983929404296,-32.0575913728556,69.40063972138444,active,-0.6029971459570405,2.786396782855597,-1.4122739713844368,3.181529562928864,P1,P1,a_baseline,104.73,0.0336,57.01,61.89,True,different_montage?+high_residual,49.17,control
sub-1121,ses-3,run-02,anode,control,-56.58021196,-37.50482518,73.39746552,-50.46983929404296,-32.0575913728556,69.40063972138444,active,-6.110372665957037,-5.4472338071444,3.9968257986155606,9.109534934948693,P1,P1,a_baseline,101.01,0.0388,55.74,61.16,True,different_montage?+high_residual,52.58,control
sub-1121,ses-4,run-01,anode,control,-55.13403356,-31.613918,63.82709036,-50.46983929404296,-32.0575913728556,69.40063972138444,active,-4.664194265957036,0.4436733728555957,-5.573549361384437,7.281209150694439,P1,P1,a_baseline,107.65,0.0186,57.39,59.81,True,different_montage?+high_residual,49.87,control
sub-1121,ses-4,run-02,anode,control,-56.11961914,-32.84462359,63.14712531,-50.46983929404296,-32.0575913728556,69.40063972138444,active,-5.649779845957035,-0.7870322171444002,-6.253514411384437,8.464388608281071,P1,P1,a_baseline,107.12,0.0164,57.03,59.32,True,different_montage?+high_residual,50.54,control
sub-1124,ses-1,run-01,anode,target,73.21893381,-56.92068794,5.93593417,72.15532564226693,-58.53214241546746,11.043729477314166,active,1.063608167733065,1.6114544754674611,-5.1077953073141655,5.460551324032511,P1,P1,a_baseline,111.43,0.0491,40.58,45.35,True,,,target
sub-1124,ses-1,run-02,anode,target,73.71036238,-57.46586682,6.04877274,72.15532564226693,-58.53214241546746,11.043729477314166,active,1.5550367377330758,1.0662755954674594,-4.9949567373141655,5.338977028310684,P1,P1,a_baseline,112.14,0.0476,41.15,46.18,True,,,target
sub-1124,ses-2,run-01,anode,target,73.8671802,-57.61906779,6.88684795,72.15532564226693,-58.53214241546746,11.043729477314166,active,1.7118545577330764,0.9130746254674591,-4.156881527314166,4.5873538484217455,P1,P1,a_baseline,112.62,0.0154,42.12,43.66,True,,,target
sub-1124,ses-2,run-02,anode,target,74.59367349,-58.89207997,6.9084613,72.15532564226693,-58.53214241546746,11.043729477314166,active,2.43834784773307,-0.35993755453253584,-4.135268177314166,4.8140978560904415,P1,P1,a_baseline,113.91,0.012,42.35,43.55,True,,,target
sub-1124,ses-3,run-01,anode,target,73.4160504,-53.30290419,20.38670064,72.15532564226693,-58.53214241546746,11.043729477314166,active,1.2607247577330725,5.229238225467462,9.342971162685835,10.780791690791094,P1,P1,a_baseline,102.62,0.0444,43.46,48.46,True,,,target
sub-1124,ses-3,run-02,anode,target,73.63757737,-54.06954157,20.53920647,72.15532564226693,-58.53214241546746,11.043729477314166,active,1.4822517277330718,4.462600845467463,9.495476992685834,10.596035098514944,P1,P1,a_baseline,102.72,0.0429,43.39,48.19,True,,,target
sub-1124,ses-4,run-01,anode,target,75.63207376,-48.69245575,18.23921505,72.15532564226693,-58.53214241546746,11.043729477314166,active,3.4767481177330666,9.839686665467461,7.195485572685833,12.676049217933343,P1,P1,a_baseline,114.92,0.0085,43.03,43.83,True,,,target
sub-1124,ses-4,run-02,anode,target,75.59717951,-49.33624659,17.9635436,72.15532564226693,-58.53214241546746,11.043729477314166,active,3.441853867733073,9.19589582546746,6.919814122685835,12.012272290129012,P1,P1,a_baseline,113.87,0.0109,43.31,44.48,True,,,target
sub-1125,ses-1,run-01,anode,control,-51.46579403,-34.51462358,69.9220876,-46.42056001135047,-30.048002502937,74.5032150737727,active,-5.045234018649531,-4.4666210770629995,-4.581127473772696,8.148117517559312,P1,P1,a_baseline,105.8,0.0267,56.27,60.05,True,different_montage?+high_residual,49.27,control
sub-1125,ses-1,run-02,anode,control,-50.76291084,-35.247531,69.62515942,-46.42056001135047,-30.048002502937,74.5032150737727,active,-4.342350828649536,-5.199528497063003,-4.878055653772691,8.34784608579646,P1,P1,a_baseline,106.87,0.0313,55.8,60.25,True,different_montage?+high_residual,49.17,control
sub-1125,ses-2,run-01,anode,control,-54.06588821,-33.43937059,67.67312074,-46.42056001135047,-30.048002502937,74.5032150737727,active,-7.64532819864953,-3.391368087063004,-6.830094333772692,10.798268813807557,P1,P1,a_baseline,103.88,0.0359,56.04,61.13,True,different_montage?+high_residual,52.27,control
sub-1125,ses-2,run-02,anode,control,-54.01502464,-33.92251138,67.94971696,-46.42056001135047,-30.048002502937,74.5032150737727,active,-7.594464628649533,-3.874508877063004,-6.55349811377269,10.753420365700912,P1,P1,a_baseline,103.83,0.0402,55.48,61.21,True,different_montage?+high_residual,52.37,control
sub-1125,ses-3,run-01,anode,control,-43.7501638,-33.28048147,76.17179604,-46.42056001135047,-30.048002502937,74.5032150737727,active,2.6703962113504645,-3.232478967062999,1.6685809662273101,4.512659818660792,P1,P1,a_baseline,110.06,0.0781,56.27,67.26,True,different_montage?+high_residual,47.89,control
sub-1125,ses-3,run-02,anode,control,-43.48018747,-33.82437769,76.68460464,-46.42056001135047,-30.048002502937,74.5032150737727,active,2.94037254135047,-3.7763751870629996,2.1813895662273097,5.259777626006474,P1,P1,a_baseline,109.76,0.0829,55.89,67.65,True,different_montage?+high_residual,48.29,control
sub-1125,ses-4,run-01,anode,control,-52.24535426,-26.34610852,68.72290645,-46.42056001135047,-30.048002502937,74.5032150737727,active,-5.824794248649532,3.7018939829369977,-5.780308623772697,9.002456047438766,P1,P1,a_baseline,99.36,0.0283,57.18,61.17,True,different_montage?+high_residual,50.39,control
sub-1125,ses-4,run-02,anode,control,-51.11492158,-26.62329523,67.32126487,-46.42056001135047,-30.048002502937,74.5032150737727,active,-4.6943615686495335,3.424707272936999,-7.1819502037727005,9.23829308757803,P1,P1,a_baseline,100.44,0.0103,57.4,58.87,True,different_montage?+high_residual,50.43,control
sub-1126,ses-1,run-01,anode,control,-60.25660264,-11.37941424,53.79893182,-51.676720149609736,-18.31068745734757,61.92675790390516,active,-8.579882490390261,6.93127321734757,-8.127826083905163,13.701039698235833,P1,P1,a_baseline,106.58,0.003,57.91,58.33,True,different_montage?+high_residual,53.41,control
sub-1126,ses-1,run-02,anode,control,-59.89958504,-13.11159137,53.98943711,-51.676720149609736,-18.31068745734757,61.92675790390516,active,-8.222864890390262,5.19909608734757,-7.937320793905165,12.555762363012649,P1,P1,a_baseline,106.96,0.0072,57.89,58.91,True,different_montage?+high_residual,52.58,control
sub-1126,ses-2,run-01,anode,control,-64.37580913,-18.89418316,48.58391269,-51.676720149609736,-18.31068745734757,61.92675790390516,active,-12.699088980390258,-0.5834957026524314,-13.342845213905164,18.429293165206175,P1,P1,a_baseline,100.88,0.0149,58.95,61.1,True,different_montage?+high_residual,57.21,control
sub-1126,ses-2,run-02,anode,control,-63.59480886,-18.91597739,48.84493017,-51.676720149609736,-18.31068745734757,61.92675790390516,active,-11.918088710390265,-0.605289932652429,-13.081827733905165,17.707101153799076,P1,P1,a_baseline,99.45,0.0135,58.85,60.83,True,different_montage?+high_residual,56.96,control
sub-1126,ses-3,run-01,anode,control,-60.7131659,-15.82948879,52.32091432,-51.676720149609736,-18.31068745734757,61.92675790390516,active,-9.036445750390264,2.48119866734757,-9.605843583905163,13.419609889450797,P1,P1,a_baseline,106.23,0.036,55.59,60.62,True,different_montage?+high_residual,51.97,control
sub-1126,ses-3,run-02,anode,control,-59.93225529,-16.93926297,53.10708554,-51.676720149609736,-18.31068745734757,61.92675790390516,active,-8.255535140390265,1.3714244873475678,-8.819672363905163,12.15817774937295,P1,P1,a_baseline,106.57,0.0356,55.72,60.73,True,different_montage?+high_residual,51.34,control
sub-1126,ses-4,run-01,anode,control,-59.77790912,-12.82045549,54.26341826,-51.676720149609736,-18.31068745734757,61.92675790390516,active,-8.101188970390261,5.490231967347569,-7.663339643905161,12.429749968808965,P1,P1,a_baseline,110.56,0.0155,56.44,58.62,True,different_montage?+high_residual,51.94,control
sub-1126,ses-4,run-02,anode,control,-59.53680318,-14.10101348,54.60570675,-51.676720149609736,-18.31068745734757,61.92675790390516,active,-7.860083030390264,4.209673977347569,-7.3210511539051595,11.53689950715886,P1,P1,a_baseline,110.81,0.0139,56.57,58.53,True,different_montage?+high_residual,51.34,control
sub-1127,ses-1,run-01,anode,target,75.66858568,-57.36902598,-0.52631933,77.49818262062011,-53.28886881873846,-3.68225372008022,active,-1.8295969406201067,-4.080157161261546,3.15593439008022,5.473118790983011,P1,P1,a_baseline,113.77,0.0513,41.71,47.09,True,,,target
sub-1127,ses-1,run-02,anode,target,75.53763731,-58.34732714,-0.34349518,77.49818262062011,-53.28886881873846,-3.68225372008022,active,-1.9605453106201196,-5.05845832126154,3.33875854008022,6.370168529316415,P1,P1,a_baseline,114.07,0.0409,42.27,46.45,True,,,target
sub-1127,ses-2,run-01,anode,target,76.10066719,-57.6161256,-4.9682889,77.49818262062011,-53.28886881873846,-3.68225372008022,active,-1.3975154306201176,-4.327256781261539,-1.28603517991978,4.725683772089137,P1,P1,a_baseline,115.39,0.0266,41.84,44.37,True,,,target
sub-1127,ses-2,run-02,anode,target,75.99710436,-58.24409524,-4.85891822,77.49818262062011,-53.28886881873846,-3.68225372008022,active,-1.501078260620119,-4.955226421261543,-1.1766644999197795,5.309618081919477,P1,P1,a_baseline,114.59,0.0276,41.5,44.19,True,,,target
sub-1127,ses-3,run-01,anode,target,76.46495863,-53.21539528,-4.08509812,77.49818262062011,-53.28886881873846,-3.68225372008022,active,-1.0332239906201153,0.07347353873845464,-0.4028443999197795,1.1114107189668607,P1,P1,a_baseline,112.46,0.0496,40.19,44.81,True,,,target
sub-1127,ses-3,run-02,anode,target,74.72435902,-52.51884911,-4.14668005,77.49818262062011,-53.28886881873846,-3.68225372008022,active,-2.773823600620119,0.7700197087384595,-0.4644263299197795,2.915942306549562,P1,P1,a_baseline,110.79,0.0459,40.99,45.57,True,,,target
sub-1127,ses-4,run-01,anode,target,78.70065037,-43.93591107,-17.14518843,77.49818262062011,-53.28886881873846,-3.68225372008022,active,1.2024677493798919,9.352957748738454,-13.46293470991978,16.43698142426243,P1,P1,a_baseline,111.01,0.0571,40.83,46.61,True,,,target
sub-1127,ses-4,run-02,anode,target,77.86063971,-43.48282983,-17.17560672,77.49818262062011,-53.28886881873846,-3.68225372008022,active,0.3624570893798875,9.806038988738457,-13.49335299991978,16.68413470848113,P1,P1,a_baseline,112.26,0.0541,41.41,46.49,True,,,target
sub-1128,ses-1,run-01,anode,control,-57.1197155,-32.67016044,68.98012095,-48.4308845190018,-33.86938347624164,79.14193823701383,active,-8.688830980998198,1.1992230362416407,-10.161817287013832,13.423727138230273,P1,P1,a_baseline,106.45,0.0289,56.6,60.18,True,different_montage?+high_residual,52.59,control
sub-1128,ses-1,run-02,anode,control,-57.33386943,-32.9641456,67.32429976,-48.4308845190018,-33.86938347624164,79.14193823701383,active,-8.9029849109982,0.9052378762416353,-11.81763847701383,14.823601961447894,P1,P1,a_baseline,106.29,0.026,56.71,59.91,True,different_montage?+high_residual,53.14,control
sub-1128,ses-2,run-01,anode,control,-52.64564106,-35.13663883,74.54353167,-48.4308845190018,-33.86938347624164,79.14193823701383,active,-4.214756540998202,-1.2672553537583653,-4.598406567013839,6.36517492195402,P1,P1,a_baseline,108.68,0.0589,53.89,62.26,True,different_montage?+high_residual,49.58,control
sub-1128,ses-2,run-02,anode,control,-52.54272469,-35.6348844,74.55730362,-48.4308845190018,-33.86938347624164,79.14193823701383,active,-4.1118401709981995,-1.7655009237583599,-4.584634617013833,6.406488716539482,P1,P1,a_baseline,109.07,0.0627,53.37,62.25,True,different_montage?+high_residual,49.54,control
sub-1128,ses-3,run-01,anode,control,-53.86682097,-39.22352735,70.47285953,-48.4308845190018,-33.86938347624164,79.14193823701383,active,-5.435936450998199,-5.35414387375836,-8.669078707013838,11.548557803838357,P1,P1,a_baseline,109.35,0.0221,57.11,60.17,True,different_montage?+high_residual,50.97,control
sub-1128,ses-3,run-02,anode,control,-53.0296259,-40.62269642,69.43208424,-48.4308845190018,-33.86938347624164,79.14193823701383,active,-4.598741380998199,-6.75331294375836,-9.709853997013838,12.690032413235397,P1,P1,a_baseline,111.34,0.0283,57.42,61.04,True,different_montage?+high_residual,51.27,control
sub-1128,ses-4,run-01,anode,control,-58.17653384,-31.72881095,68.63609002,-48.4308845190018,-33.86938347624164,79.14193823701383,active,-9.745649320998197,2.1405725262416375,-10.505848217013835,14.489050285885058,P1,P1,a_baseline,105.28,0.0445,55.13,61.46,True,different_montage?+high_residual,54.87,control
sub-1128,ses-4,run-02,anode,control,-57.82226673,-31.5017375,67.18911124,-48.4308845190018,-33.86938347624164,79.14193823701383,active,-9.391382210998202,2.3676459762416364,-11.95282699701383,15.38420880391349,P1,P1,a_baseline,104.93,0.0349,56.49,61.28,True,different_montage?+high_residual,54.91,control
sub-1129,ses-1,run-01,anode,target,70.57259606,-44.31998897,10.67278327,69.76577625581217,-47.15694465486367,15.441598031272568,active,0.8068198041878247,2.8369556848636748,-4.7688147612725675,5.607215885057498,P1,P1,a_baseline,111.96,0.0341,42.43,46.09,True,,,target
sub-1129,ses-1,run-02,anode,target,70.74592668,-44.76564943,11.27561903,69.76577625581217,-47.15694465486367,15.441598031272568,active,0.9801504241878263,2.3912952248636685,-4.165979001272568,4.902485976067177,P1,P1,a_baseline,112.39,0.0405,41.65,45.99,True,,,target
sub-1129,ses-2,run-01,anode,target,69.96382042,-47.98536876,8.46275648,69.76577625581217,-47.15694465486367,15.441598031272568,active,0.19804416418783433,-0.8284241051363281,-6.978841551272568,7.030628520033489,P1,P1,a_baseline,112.13,0.0459,39.78,44.27,True,,,target
sub-1129,ses-2,run-02,anode,target,70.27606599,-48.49465957,8.93607288,69.76577625581217,-47.15694465486367,15.441598031272568,active,0.5102897341878361,-1.3377149151363312,-6.505525151272568,6.661211173715758,P1,P1,a_baseline,111.43,0.0533,39.68,45.05,True,,,target
sub-1129,ses-3,run-01,anode,target,67.23103838,-58.31976737,3.1936682,69.76577625581217,-47.15694465486367,15.441598031272568,active,-2.5347378758121692,-11.162822715136329,-12.247929831272568,16.764405513480543,P1,P1,a_baseline,110.74,0.0466,41.29,46.15,True,rigid_offset?+high_residual,42.16,target
sub-1129,ses-3,run-02,anode,target,67.1383122,-58.9232981,3.51111518,69.76577625581217,-47.15694465486367,15.441598031272568,active,-2.627464055812169,-11.766353445136325,-11.930482851272568,16.961340213113033,P1,P1,a_baseline,110.41,0.0503,41.53,46.96,True,rigid_offset?+high_residual,42.17,target
sub-1129,ses-4,run-01,anode,target,68.26078284,-51.38127826,11.67078579,69.76577625581217,-47.15694465486367,15.441598031272568,active,-1.5049934158121658,-4.22433360513633,-3.7708122412725675,5.859097588200176,P1,P1,a_baseline,111.53,0.0493,41.85,47.2,True,,,target
sub-1129,ses-4,run-02,anode,target,67.9658764,-52.39513813,12.16135216,69.76577625581217,-47.15694465486367,15.441598031272568,active,-1.7998998558121713,-5.2381934751363275,-3.2802458712725677,6.43726054699623,P1,P1,a_baseline,111.74,0.0547,42.17,48.21,True,,,target
sub-1130,ses-1,run-01,anode,control,-60.99691641,-36.0687084,61.20063895,-50.78925618247047,-37.913510702307896,70.81992864195324,active,-10.20766022752953,1.8448023023078974,-9.619289691953242,14.146743690086655,P1,P1,a_baseline,103.79,0.0018,57.71,57.95,True,different_montage?+high_residual,52.95,control
sub-1130,ses-1,run-02,anode,control,-60.86760238,-36.8336879,61.49580153,-50.78925618247047,-37.913510702307896,70.81992864195324,active,-10.078346197529534,1.0798228023078948,-9.324127111953239,13.772379088650716,P1,P1,a_baseline,103.64,0.0062,57.48,58.37,True,different_montage?+high_residual,53.01,control
sub-1130,ses-2,run-01,anode,control,-61.78153821,-45.03950221,57.85688742,-50.78925618247047,-37.913510702307896,70.81992864195324,active,-10.992282027529534,-7.125991507692106,-12.96304122195324,18.429608158138027,P1,P1,a_baseline,109.77,0.0466,54.41,61.01,True,different_montage?+high_residual,54.24,control
sub-1130,ses-2,run-02,anode,control,-61.20255811,-46.00854188,58.36078076,-50.78925618247047,-37.913510702307896,70.81992864195324,active,-10.413301927529531,-8.095031177692107,-12.459147881953243,18.143780001589455,P1,P1,a_baseline,110.35,0.0488,54.13,61.01,True,different_montage?+high_residual,54.03,control
sub-1130,ses-3,run-01,anode,control,-56.0220574,-38.95143922,66.66886157,-50.78925618247047,-37.913510702307896,70.81992864195324,active,-5.232801217529534,-1.0379285176921016,-4.151067071953236,6.759501610760331,P1,P1,a_baseline,104.66,0.0129,57.22,58.94,True,different_montage?+high_residual,49.12,control
sub-1130,ses-3,run-02,anode,control,-56.20634322,-39.40692113,66.16842249,-50.78925618247047,-37.913510702307896,70.81992864195324,active,-5.417087037529534,-1.4934104276921047,-4.651506151953242,7.294629268123835,P1,P1,a_baseline,102.65,0.0127,57.08,58.88,True,different_montage?+high_residual,49.71,control
sub-1130,ses-4,run-01,anode,control,-58.59968772,-31.33797545,64.07861819,-50.78925618247047,-37.913510702307896,70.81992864195324,active,-7.8104315375295315,6.575535252307898,-6.74131045195324,12.234613654153277,P1,P1,a_baseline,104.3,0.0177,55.69,58.06,True,different_montage?+high_residual,52.61,control
sub-1130,ses-4,run-02,anode,control,-58.60743582,-32.22545,64.54299442,-50.78925618247047,-37.913510702307896,70.81992864195324,active,-7.818179637529532,5.688060702307894,-6.2769342219532405,11.527266398611099,P1,P1,a_baseline,103.65,0.0143,56.01,58.0,True,different_montage?+high_residual,52.39,control
sub-1131,ses-1,run-01,anode,target,66.71007588,-71.2033312,2.87626623,70.0945733289778,-65.206559828225,0.9125419697256874,active,-3.384497448977797,-5.996771371774997,1.9637242602743128,7.16046805997117,P1,P1,a_baseline,113.38,0.0582,39.69,45.59,True,,,target
sub-1131,ses-1,run-02,anode,target,67.00186525,-71.41503817,3.08413525,70.0945733289778,-65.206559828225,0.9125419697256874,active,-3.0927080789778074,-6.208478341775006,2.1715932802743128,7.268140336908505,P1,P1,a_baseline,114.26,0.0548,40.11,45.86,True,,,target
sub-1131,ses-2,run-01,anode,target,67.84865396,-67.85244295,-10.16720368,70.0945733289778,-65.206559828225,0.9125419697256874,active,-2.245919368977809,-2.6458831217750003,-11.079745649725687,11.610582025405048,P1,P1,a_baseline,112.66,0.0583,40.03,46.15,True,,,target
sub-1131,ses-2,run-02,anode,target,68.41363007,-68.37280575,-10.32871834,70.0945733289778,-65.206559828225,0.9125419697256874,active,-1.6809432589778055,-3.166245921775001,-11.241260309725687,11.799009146028906,P1,P1,a_baseline,112.72,0.0596,40.03,46.33,True,,,target
sub-1131,ses-3,run-01,anode,target,72.33999988,-60.93620085,-0.53251574,70.0945733289778,-65.206559828225,0.9125419697256874,active,2.2454265510221916,4.270358978224998,-1.4450577097256874,5.036476743059567,P1,P1,a_baseline,114.64,0.0666,40.21,47.32,True,,,target
sub-1131,ses-3,run-02,anode,target,72.91927114,-61.31976425,-0.40199118,70.0945733289778,-65.206559828225,0.9125419697256874,active,2.8246978110222045,3.886795578224998,-1.3145331497256874,4.981374809450777,P1,P1,a_baseline,115.73,0.0739,39.41,47.26,True,,,target
sub-1131,ses-4,run-01,anode,target,71.92737712,-63.7671496,8.32509234,70.0945733289778,-65.206559828225,0.9125419697256874,active,1.8328037910222008,1.4394102282249932,7.412550370274312,7.770262192060055,P1,P1,a_baseline,114.66,0.0427,40.53,44.87,True,,,target
sub-1131,ses-4,run-02,anode,target,72.3289517,-64.75244717,8.57976388,70.0945733289778,-65.206559828225,0.9125419697256874,active,2.2343783710222027,0.45411265822500013,7.667221910274312,7.999059746785399,P1,P1,a_baseline,112.75,0.044,40.79,45.1,True,,,target
sub-1133,ses-1,run-01,anode,target,70.82859315,-45.71631408,-21.0354458,70.5028773849608,-43.93397478205717,-14.327639927022298,active,0.32571576503920596,-1.7823392979428263,-6.707805872977703,6.948200037573801,P1,P1,a_baseline,115.66,0.0194,41.85,43.89,True,,,target
sub-1133,ses-1,run-02,anode,target,71.03527604,-46.1843514,-20.99302117,70.5028773849608,-43.93397478205717,-14.327639927022298,active,0.5323986550392021,-2.250376617942827,-6.6653812429777,7.055136452593266,P1,P1,a_baseline,116.01,0.0201,41.62,43.62,True,,,target
sub-1133,ses-2,run-01,anode,target,72.20147829,-39.33811921,-19.38149451,70.5028773849608,-43.93397478205717,-14.327639927022298,active,1.6986009050392,4.595855572057168,-5.053854582977701,7.039075196337486,P1,P1,a_baseline,116.89,0.0624,40.45,46.86,True,,,target
sub-1133,ses-2,run-02,anode,target,72.16071001,-39.6986325,-19.03756225,70.5028773849608,-43.93397478205717,-14.327639927022298,active,1.6578326250392053,4.235342282057168,-4.709922322977702,6.547511095623228,P1,P1,a_baseline,116.71,0.0571,40.73,46.66,True,,,target
sub-1133,ses-3,run-01,anode,target,70.59991152,-45.29561093,-14.32090785,70.5028773849608,-43.93397478205717,-14.327639927022298,active,0.09703413503920899,-1.361636147942832,0.0067320770222991655,1.3651058360465813,P1,P1,a_baseline,106.29,0.0216,42.45,44.71,True,,,target
sub-1133,ses-3,run-02,anode,target,70.38085029,-45.68257258,-14.07039277,70.5028773849608,-43.93397478205717,-14.327639927022298,active,-0.12202709496079933,-1.7485977979428284,0.2572471570222987,1.771626645394321,P1,P1,a_baseline,107.11,0.0218,42.73,44.94,True,,,target
sub-1133,ses-4,run-01,anode,target,71.60903977,-41.7330587,-26.2000629,70.5028773849608,-43.93397478205717,-14.327639927022298,active,1.1061623850391982,2.2009160820571694,-11.8724229729777,12.125265113457196,P1,P1,a_baseline,110.28,0.098,38.71,48.59,True,,,target
sub-1133,ses-4,run-02,anode,target,72.14107521,-42.5384812,-25.81137201,70.5028773849608,-43.93397478205717,-14.327639927022298,active,1.6381978250391995,1.3954935820571706,-11.483732082977701,11.683629444874452,P1,P1,a_baseline,109.64,0.0928,39.53,48.56,True,,,target
sub-1134,ses-1,run-01,anode,control,-54.26411339,-7.61659901,52.8502522,-39.92309883170304,-4.13772491904782,62.0069986401013,active,-14.341014558296962,-3.4788740909521803,-9.156746440101301,17.367016694593566,P1,P1,a_baseline,109.27,0.0384,54.74,59.45,True,different_montage?+high_residual,53.98,control
sub-1134,ses-1,run-02,anode,control,-53.34931442,-9.54910311,55.40787163,-39.92309883170304,-4.13772491904782,62.0069986401013,active,-13.426215588296962,-5.411378190952181,-6.599127010101299,15.908952078763383,P1,P1,a_baseline,110.29,0.0396,54.22,59.51,True,different_montage?+high_residual,53.25,control
sub-1134,ses-2,run-01,anode,control,-48.61946409,-1.41569829,56.94563749,-39.92309883170304,-4.13772491904782,62.0069986401013,active,-8.696365258296964,2.7220266290478197,-5.061361150101298,10.423702526775916,P1,P1,a_baseline,105.0,0.0173,56.33,58.73,True,different_montage?+high_residual,51.33,control
sub-1134,ses-2,run-02,anode,control,-46.71780324,-0.99068701,57.39955849,-39.92309883170304,-4.13772491904782,62.0069986401013,active,-6.794704408296965,3.1470379090478193,-4.607440150101304,8.79206234815699,P1,P1,a_baseline,105.38,0.0214,56.44,59.34,True,different_montage?+high_residual,50.7,control
sub-1134,ses-3,run-01,anode,control,-54.54357705,-12.08351601,52.99183462,-39.92309883170304,-4.13772491904782,62.0069986401013,active,-14.620478218296967,-7.945791090952181,-9.015164020101302,18.925304798128884,P1,P1,a_baseline,105.98,0.0056,58.41,59.22,True,different_montage?+high_residual,55.15,control
sub-1134,ses-3,run-02,anode,control,-54.2274973,-12.87076026,52.85541289,-39.92309883170304,-4.13772491904782,62.0069986401013,active,-14.304398468296966,-8.733035340952181,-9.151585750101304,19.09537230712179,P1,P1,a_baseline,106.01,0.0073,58.42,59.46,True,different_montage?+high_residual,55.21,control
sub-1134,ses-4,run-01,anode,control,-49.08310235,-14.99528914,58.44045749,-39.92309883170304,-4.13772491904782,62.0069986401013,active,-9.16000351829696,-10.857564220952181,-3.566541150101301,14.646248019294209,P1,P1,a_baseline,110.43,0.0718,50.91,60.74,True,different_montage?+high_residual,50.88,control
sub-1134,ses-4,run-02,anode,control,-47.91452632,-15.74722924,57.47885498,-39.92309883170304,-4.13772491904782,62.0069986401013,active,-7.991427488296964,-11.60950432095218,-4.5281436601013,14.803634313418824,P1,P1,a_baseline,109.91,0.0664,51.65,60.75,True,different_montage?+high_residual,50.79,control
sub-1136,ses-2,run-01,anode,control,-51.62601598,-20.94177946,65.28980351,-45.79395305038673,-18.699014511034065,70.3491827129598,active,-5.832062929613265,-2.2427649489659345,-5.0593792029598035,8.039917322374752,P1,P1,a_baseline,108.96,0.0392,56.42,62.11,True,different_montage?+high_residual,48.22,control
sub-1136,ses-2,run-02,anode,control,-51.66134417,-21.17926883,65.30675265,-45.79395305038673,-18.699014511034065,70.3491827129598,active,-5.867391119613266,-2.4802543189659367,-5.042430062959795,8.124287105777745,P1,P1,a_baseline,108.54,0.0419,55.98,62.04,True,different_montage?+high_residual,48.14,control
sub-1136,ses-3,run-01,anode,control,-51.12926301,-18.15248035,65.85665555,-45.79395305038673,-18.699014511034065,70.3491827129598,active,-5.335309959613269,0.5465341610340637,-4.492527162959803,6.9962155673090445,P1,P1,a_baseline,107.26,0.0333,54.28,58.43,True,different_montage?+high_residual,49.73,control
sub-1136,ses-3,run-02,anode,control,-51.83946083,-18.81440766,65.81427835,-45.79395305038673,-18.699014511034065,70.3491827129598,active,-6.045507779613267,-0.11539314896593567,-4.534904362959807,7.558229784373104,P1,P1,a_baseline,107.37,0.0328,54.14,58.51,True,different_montage?+high_residual,49.95,control
sub-1136,ses-4,run-01,anode,control,-53.18488755,1.12808184,56.7805547,-45.79395305038673,-18.699014511034065,70.3491827129598,active,-7.390934499613266,19.827096351034065,-13.568628012959799,25.136573526334875,P1,P1,a_baseline,106.27,0.0166,56.97,59.26,True,different_montage?+high_residual,58.3,control
sub-1136,ses-4,run-02,anode,control,-53.66933471,0.50907675,57.48496639,-45.79395305038673,-18.699014511034065,70.3491827129598,active,-7.875381659613268,19.208091261034063,-12.864216322959805,24.422540158236853,P1,P1,a_baseline,106.38,0.0185,56.88,59.51,True,different_montage?+high_residual,58.0,control
sub-1137,ses-1,run-01,anode,control,-58.29155725,-7.49530399,53.37389694,-49.723257884220935,-18.813376982540635,62.63601908984644,active,-8.568299365779062,11.318072992540635,-9.26212214984644,16.949968643179364,P1,P1,a_baseline,107.22,0.0214,55.63,58.36,True,different_montage?+high_residual,53.97,control
sub-1137,ses-1,run-02,anode,control,-58.16154277,-8.32156484,53.1514924,-49.723257884220935,-18.813376982540635,62.63601908984644,active,-8.438284885779062,10.491812142540635,-9.48452668984644,16.469335760082735,P1,P1,a_baseline,108.03,0.0196,55.74,58.4,True,different_montage?+high_residual,53.5,control
sub-1137,ses-2,run-01,anode,control,-62.63303012,-14.82409733,50.95944628,-49.723257884220935,-18.813376982540635,62.63601908984644,active,-12.909772235779066,3.9892796525406347,-11.67657280984644,17.85830126046461,P1,P1,a_baseline,95.32,0.0054,57.51,58.24,True,different_montage?+high_residual,54.56,control
sub-1137,ses-2,run-02,anode,control,-62.04535586,-16.9367202,50.37732698,-49.723257884220935,-18.813376982540635,62.63601908984644,active,-12.322097975779066,1.8766567825406355,-12.258692109846443,17.482318823547573,P1,P1,a_baseline,95.75,0.0008,57.76,57.87,True,different_montage?+high_residual,54.27,control
sub-1137,ses-3,run-01,anode,control,-62.61178246,-26.98554454,51.89036711,-49.723257884220935,-18.813376982540635,62.63601908984644,active,-12.888524575779066,-8.172167557459364,-10.745651979846443,18.664603526451614,P1,P1,a_baseline,102.03,0.022,54.46,57.48,True,different_montage?+high_residual,53.7,control
sub-1137,ses-3,run-02,anode,control,-62.41377334,-27.27411573,51.68282421,-49.723257884220935,-18.813376982540635,62.63601908984644,active,-12.690515455779064,-8.460738747459363,-10.953194879846443,18.77779967839741,P1,P1,a_baseline,102.67,0.0194,54.85,57.52,True,different_montage?+high_residual,53.64,control
sub-1137,ses-4,run-01,anode,control,-58.59520253,-22.29576381,54.7594013,-49.723257884220935,-18.813376982540635,62.63601908984644,active,-8.871944645779067,-3.482386827459365,-7.876617789846442,12.364446110568633,P1,P1,a_baseline,108.96,0.0161,56.71,58.99,True,different_montage?+high_residual,51.0,control
sub-1137,ses-4,run-02,anode,control,-57.99584538,-22.72929324,54.96701153,-49.723257884220935,-18.813376982540635,62.63601908984644,active,-8.272587495779064,-3.915916257459365,-7.669007559846442,11.94084506907851,P1,P1,a_baseline,109.13,0.0108,57.08,58.46,True,different_montage?+high_residual,51.03,control
sub-1138,ses-1,run-01,anode,control,-58.38708053,-27.09884796,60.06007982,-48.9715052763473,-27.060745108002035,69.83550233219118,active,-9.415575253652698,-0.038102851997965814,-9.775422512191184,13.57252351172698,P1,P1,a_baseline,105.51,0.0088,57.59,58.71,True,different_montage?+high_residual,52.59,control
sub-1138,ses-1,run-02,anode,control,-58.02327631,-27.8776803,59.6775793,-48.9715052763473,-27.060745108002035,69.83550233219118,active,-9.051771033652699,-0.8169351919979668,-10.157923032191185,13.630309691328328,P1,P1,a_baseline,106.33,0.0113,57.43,59.01,True,different_montage?+high_residual,52.67,control
sub-1138,ses-2,run-01,anode,control,-58.16497434,-20.91008351,60.27612553,-48.9715052763473,-27.060745108002035,69.83550233219118,active,-9.1934690636527,6.150661598002035,-9.559376802191181,14.61958263302161,P1,P1,a_baseline,108.16,0.0238,56.04,59.2,True,different_montage?+high_residual,53.23,control
sub-1138,ses-2,run-02,anode,control,-57.71327075,-21.70150206,60.22640789,-48.9715052763473,-27.060745108002035,69.83550233219118,active,-8.741765473652698,5.359243048002035,-9.609094442191186,14.052567226057096,P1,P1,a_baseline,108.86,0.028,56.1,59.59,True,different_montage?+high_residual,53.03,control
sub-1138,ses-3,run-01,anode,control,-65.07784248,-14.3456361,47.44136586,-48.9715052763473,-27.060745108002035,69.83550233219118,active,-16.1063372036527,12.715109008002035,-22.394136472191185,30.374091649599418,P1,P1,a_baseline,103.25,0.0449,55.09,61.42,True,different_montage?+high_residual,64.1,control
sub-1138,ses-3,run-02,anode,control,-64.89460101,-14.78564689,47.65470787,-48.9715052763473,-27.060745108002035,69.83550233219118,active,-15.923095733652701,12.275098218002034,-22.18079446219118,29.93677766525042,P1,P1,a_baseline,103.25,0.0477,54.77,61.44,True,rigid_offset?+high_residual,76.14,control
sub-1138,ses-4,run-01,anode,control,-58.51823227,-28.59580173,60.92627916,-48.9715052763473,-27.060745108002035,69.83550233219118,active,-9.546726993652698,-1.5350566219979669,-8.909223172191183,13.148028470306308,P1,P1,a_baseline,101.25,0.0507,53.26,60.28,True,different_montage?+high_residual,54.01,control
sub-1138,ses-4,run-02,anode,control,-58.03196836,-29.22212616,59.1902123,-48.9715052763473,-27.060745108002035,69.83550233219118,active,-9.0604630836527,-2.1613810519979637,-10.645290032191184,14.145167344773203,P1,P1,a_baseline,102.78,0.0334,54.41,58.84,True,different_montage?+high_residual,53.91,control
sub-1140,ses-1,run-01,anode,target,72.07725657,-52.92372728,-1.78910211,74.55208218421953,-52.48875824423783,-2.604742984374913,active,-2.474825614219526,-0.4349690357621725,0.8156408743749131,2.64182321869197,P1,P1,a_baseline,115.56,0.0173,42.95,44.73,True,,,target
sub-1140,ses-1,run-02,anode,target,72.33047954,-53.68598228,-1.63185196,74.55208218421953,-52.48875824423783,-2.604742984374913,active,-2.22160264421953,-1.1972240357621686,0.9728910243749129,2.7046960357716965,P1,P1,a_baseline,116.08,0.0166,42.97,44.67,True,,,target
sub-1140,ses-2,run-01,anode,target,73.50944807,-53.12332479,3.0290204,74.55208218421953,-52.48875824423783,-2.604742984374913,active,-1.0426341142195241,-0.6345665457621692,5.633763384374912,5.764464456327087,P1,P1,a_baseline,115.81,0.0163,41.92,43.39,True,,,target
sub-1140,ses-2,run-02,anode,target,73.63739616,-53.84239672,3.11778371,74.55208218421953,-52.48875824423783,-2.604742984374913,active,-0.9146860242195345,-1.3536384757621747,5.722526694374913,5.951159501626532,P1,P1,a_baseline,115.55,0.0154,41.8,43.32,True,,,target
sub-1140,ses-3,run-01,anode,target,74.04901798,-49.03035714,-7.473057,74.55208218421953,-52.48875824423783,-2.604742984374913,active,-0.5030642042195268,3.4584011042378293,-4.868314015625087,5.992836819578197,P1,P1,a_baseline,115.43,0.0355,41.63,45.04,True,,,target
sub-1140,ses-3,run-02,anode,target,74.34870777,-50.31919741,-6.90225352,74.55208218421953,-52.48875824423783,-2.604742984374913,active,-0.20337441421952462,2.169560834237828,-4.297510535625087,4.818397261499564,P1,P1,a_baseline,116.09,0.0298,41.93,44.77,True,,,target
sub-1140,ses-4,run-01,anode,target,74.49524686,-47.52715887,2.21547782,74.55208218421953,-52.48875824423783,-2.604742984374913,active,-0.0568353242195343,4.961599374237828,4.820220804374912,6.917747263918007,P1,P1,a_baseline,113.55,0.0731,41.35,48.57,True,,,target
sub-1140,ses-4,run-02,anode,target,74.61101313,-48.32036025,3.092967,74.55208218421953,-52.48875824423783,-2.604742984374913,active,0.05893094578047453,4.168397994237829,5.697709984374913,7.059951399321536,P1,P1,a_baseline,113.91,0.0748,40.79,48.44,True,,,target
sub-1141,ses-1,run-01,anode,target,70.97906581,-62.33443479,4.3023217,70.1619275901204,-63.44787685638196,2.70200338476036,active,0.8171382198795953,1.1134420663819569,1.6003183152396403,2.113879565081312,P1,P1,a_baseline,112.7,0.0251,42.31,44.96,True,,,target
sub-1141,ses-1,run-02,anode,target,70.14255916,-63.29091439,4.0595145,70.1619275901204,-63.44787685638196,2.70200338476036,active,-0.019368430120394464,0.15696246638196243,1.3575111152396397,1.3666926428195945,P1,P1,a_baseline,112.68,0.0266,42.44,45.08,True,,,target
sub-1141,ses-2,run-01,anode,target,71.53895725,-61.43294098,2.69190802,70.1619275901204,-63.44787685638196,2.70200338476036,active,1.3770296598795966,2.014935876381962,-0.010095364760359882,2.4405489518772017,P1,P1,a_baseline,115.73,0.0051,43.59,44.13,True,,,target
sub-1141,ses-2,run-02,anode,target,71.78326802,-62.47122137,2.71735949,70.1619275901204,-63.44787685638196,2.70200338476036,active,1.621340429879595,0.9766554863819579,0.01535610523964026,1.8928382230423866,P1,P1,a_baseline,115.44,0.0099,42.98,43.9,True,,,target
sub-1141,ses-3,run-01,anode,target,71.82140462,-57.81916972,-3.82856098,70.1619275901204,-63.44787685638196,2.70200338476036,active,1.6594770298795964,5.628707136381962,-6.53056436476036,8.779776703432333,P1,P1,a_baseline,115.81,0.0545,41.3,46.8,True,,,target
sub-1141,ses-3,run-02,anode,target,71.96321954,-58.52362256,-3.82806242,70.1619275901204,-63.44787685638196,2.70200338476036,active,1.801291949879598,4.92425429638196,-6.53006580476036,8.374645812130673,P1,P1,a_baseline,115.68,0.0546,41.33,46.93,True,,,target
sub-1141,ses-4,run-01,anode,target,68.83651464,-66.10866944,-0.82769603,70.1619275901204,-63.44787685638196,2.70200338476036,active,-1.3254129501203948,-2.66079258361804,-3.52969941476036,4.614684671778045,P1,P1,a_baseline,115.18,0.0579,39.75,45.44,True,,,target
sub-1141,ses-4,run-02,anode,target,69.38236808,-67.07256053,-0.77373723,70.1619275901204,-63.44787685638196,2.70200338476036,active,-0.7795595101203929,-3.624683673618044,-3.47574061476036,5.082009207459888,P1,P1,a_baseline,114.63,0.0587,39.83,45.49,True,,,target
sub-1143,ses-1,run-01,anode,control,-58.7200085,-22.01030376,63.23942743,-55.1216331378839,-31.0143999535016,68.0006378332584,active,-3.5983753621161014,9.0040961935016,-4.761210403258396,10.802369092593075,P1,P1,a_baseline,108.27,0.0329,56.05,60.31,True,different_montage?+high_residual,51.05,control
sub-1143,ses-1,run-02,anode,control,-58.16038446,-22.66815048,62.48925539,-55.1216331378839,-31.0143999535016,68.0006378332584,active,-3.0387513221161058,8.346249473501597,-5.511382443258398,10.453192158735291,P1,P1,a_baseline,108.53,0.0396,55.82,60.7,True,different_montage?+high_residual,50.72,control
sub-1143,ses-2,run-01,anode,control,-52.30698951,-28.11231602,70.28709041,-55.1216331378839,-31.0143999535016,68.0006378332584,active,2.814643627883896,2.902083933501597,2.2864525767416097,4.644585589131055,P1,P1,a_baseline,105.77,0.0007,57.7,57.79,True,different_montage?+high_residual,46.65,control
sub-1143,ses-2,run-02,anode,control,-52.02191408,-28.61980912,69.88254866,-55.1216331378839,-31.0143999535016,68.0006378332584,active,3.0997190578838953,2.3945908335015993,1.8819108267416027,4.345562317756561,P1,P1,a_baseline,105.96,0.0044,57.14,57.76,True,different_montage?+high_residual,46.48,control
sub-1144,ses-1,run-01,anode,control,-54.73988171,-31.25939216,59.0353455,-53.87226802938297,-26.04949225838223,59.17652934610093,active,-0.8676136806170263,-5.209899901617771,-0.1411838461009296,5.283535119791533,P1,P1,a_baseline,109.29,0.03,56.54,60.64,True,different_montage?+high_residual,48.92,control
sub-1144,ses-1,run-02,anode,control,-60.09304705,-27.973168,54.91973393,-53.87226802938297,-26.04949225838223,59.17652934610093,active,-6.22077902061703,-1.923675741617771,-4.256795416100928,7.77939118419787,P1,P1,a_baseline,106.57,0.0242,56.7,60.15,True,different_montage?+high_residual,51.39,control
sub-1144,ses-2,run-01,anode,control,-60.85733565,-33.91453184,50.59360016,-53.87226802938297,-26.04949225838223,59.17652934610093,active,-6.985067620617031,-7.865039581617772,-8.582929186100927,13.576328321701336,P1,P1,a_baseline,105.57,0.0368,54.9,60.02,True,different_montage?+high_residual,54.0,control
sub-1144,ses-2,run-02,anode,control,-59.73272849,-34.46362342,50.63105018,-53.87226802938297,-26.04949225838223,59.17652934610093,active,-5.860460460617027,-8.414131161617767,-8.545479166100925,13.347951685319648,P1,P1,a_baseline,105.16,0.0214,56.38,59.32,True,different_montage?+high_residual,53.84,control
sub-1144,ses-3,run-01,anode,control,-59.87208381,-35.7668158,52.90209727,-53.87226802938297,-26.04949225838223,59.17652934610093,active,-5.999815780617027,-9.717323541617773,-6.274432076100929,13.030451415489193,P1,P1,a_baseline,107.46,0.0179,57.24,59.8,True,different_montage?+high_residual,52.56,control
sub-1144,ses-3,run-02,anode,control,-60.84241439,-34.12318998,49.11918447,-53.87226802938297,-26.04949225838223,59.17652934610093,active,-6.970146360617029,-8.07369772161777,-10.057344876100927,14.660072344477443,P1,P1,a_baseline,107.16,0.018,57.3,59.85,True,different_montage?+high_residual,53.08,control
sub-1144,ses-4,run-01,anode,control,-60.90915234,-34.37117956,49.68540609,-53.87226802938297,-26.04949225838223,59.17652934610093,active,-7.036884310617026,-8.321687301617771,-9.491123256100927,14.451631084739688,P1,P1,a_baseline,112.48,0.0234,55.34,58.59,True,different_montage?+high_residual,52.48,control
sub-1144,ses-4,run-02,anode,control,-61.19203678,-35.90127593,48.05179894,-53.87226802938297,-26.04949225838223,59.17652934610093,active,-7.31976875061703,-9.851783671617767,-11.12473040610093,16.564911188512017,P1,P1,a_baseline,110.64,0.0344,55.6,60.24,True,different_montage?+high_residual,54.01,control
sub-1145,ses-1,run-01,anode,target,78.68527629,-53.99922782,-28.81457946,77.7169895751366,-57.72832313354837,-8.034799623289443,active,0.9682867148634102,3.7290953135483704,-20.77977983671056,21.13392961760477,P1,P1,a_baseline,114.7,0.0156,42.23,43.83,True,,,target
sub-1145,ses-1,run-02,anode,target,79.09128745,-54.32825582,-28.61965129,77.7169895751366,-57.72832313354837,-8.034799623289443,active,1.3742978748634016,3.4000673135483694,-20.584851666710556,20.908975836372054,P1,P1,a_baseline,114.34,0.0261,41.85,44.6,True,,,target
sub-1145,ses-2,run-01,anode,target,77.22481256,-59.05639631,-14.84392397,77.7169895751366,-57.72832313354837,-8.034799623289443,active,-0.4921770151365905,-1.3280731764516247,-6.809124346710558,6.954868147219295,P1,P1,a_baseline,113.09,0.0256,41.37,43.95,True,,,target
sub-1145,ses-2,run-02,anode,target,77.60421872,-59.29026679,-14.30849033,77.7169895751366,-57.72832313354837,-8.034799623289443,active,-0.11277085513658847,-1.561943656451625,-6.273690706710557,6.466187465204216,P1,P1,a_baseline,113.71,0.0294,41.92,44.99,True,,,target
sub-1145,ses-3,run-01,anode,target,78.66689794,-54.93133124,-23.48294407,77.7169895751366,-57.72832313354837,-8.034799623289443,active,0.9499083648634041,2.7969918935483733,-15.448144446710556,15.728021375896173,P1,P1,a_baseline,115.81,0.0123,42.56,43.72,True,,,target
sub-1145,ses-3,run-02,anode,target,78.92263614,-55.72157093,-23.1645103,77.7169895751366,-57.72832313354837,-8.034799623289443,active,1.2056465648634003,2.0067522035483734,-15.129710676710557,15.309761043425288,P1,P1,a_baseline,116.18,0.0166,42.47,44.09,True,,,target
sub-1145,ses-4,run-01,anode,target,79.27595981,-53.34918338,-16.58107676,77.7169895751366,-57.72832313354837,-8.034799623289443,active,1.5589702348634091,4.3791397535483725,-8.546277136710556,9.728623030612264,P1,P1,a_baseline,113.73,0.0111,43.07,44.23,True,,,target
sub-1145,ses-4,run-02,anode,target,79.27010259,-54.21016629,-17.18556653,77.7169895751366,-57.72832313354837,-8.034799623289443,active,1.5531130148633991,3.5181568435483754,-9.150766906710556,9.926032570654472,P1,P1,a_baseline,113.1,0.0198,43.11,45.03,True,,,target
sub-1147,ses-1,run-01,anode,target,72.26335854,-60.4690066,2.46319695,72.4315157714385,-59.6321173997896,8.71948322942016,active,-0.16815723143849937,-0.8368892002104005,-6.256286279420159,6.314252006213784,P1,P1,a_baseline,115.5,0.0254,41.84,44.5,True,,,target
sub-1147,ses-1,run-02,anode,target,72.27585618,-61.5981693,3.15923386,72.4315157714385,-59.6321173997896,8.71948322942016,active,-0.15565959143849284,-1.9660519002104024,-5.560249369420159,5.899657874221607,P1,P1,a_baseline,115.2,0.0197,42.2,44.17,True,,,target
sub-1147,ses-2,run-01,anode,target,72.74430601,-56.17873876,-1.78001526,72.4315157714385,-59.6321173997896,8.71948322942016,active,0.31279023856150445,3.453378639789598,-10.49949848942016,11.057265950153802,P1,P1,a_baseline,115.32,0.0496,41.43,46.43,True,rigid_offset?+high_residual,41.61,target
sub-1147,ses-2,run-02,anode,target,72.81591629,-56.22455677,-1.28861421,72.4315157714385,-59.6321173997896,8.71948322942016,active,0.38440051856150603,3.4075606297896,-10.00809743942016,10.579283886978873,P1,P1,a_baseline,114.88,0.0413,41.86,46.02,True,rigid_offset?+high_residual,41.4,target
sub-1147,ses-3,run-01,anode,target,72.54276676,-61.60301841,-3.58694848,72.4315157714385,-59.6321173997896,8.71948322942016,active,0.11125098856150828,-1.9709010102103974,-12.30643170942016,12.463751000125374,P1,P1,a_baseline,112.73,0.0517,39.46,44.61,True,,,target
sub-1147,ses-3,run-02,anode,target,72.74163441,-62.21400616,-3.62015573,72.4315157714385,-59.6321173997896,8.71948322942016,active,0.3101186385615051,-2.581888760210397,-12.33963895942016,12.610670592356453,P1,P1,a_baseline,112.17,0.049,39.55,44.52,True,,,target
sub-1147,ses-4,run-01,anode,target,70.65483154,-62.55449381,2.47275346,72.4315157714385,-59.6321173997896,8.71948322942016,active,-1.7766842314384945,-2.922376410210397,-6.24672976942016,7.121693868270135,P1,P1,a_baseline,113.11,0.0233,42.58,45.07,True,,,target
sub-1147,ses-4,run-02,anode,target,70.51706949,-63.26792915,2.4012823,72.4315157714385,-59.6321173997896,8.71948322942016,active,-1.9144462814385008,-3.635811750210401,-6.3182009294201595,7.536835850143446,P1,P1,a_baseline,112.69,0.0286,42.5,45.42,True,,,target
sub-1148,ses-1,run-01,anode,target,71.10440656,-58.03664626,-34.0040092,75.38829661181866,-59.86643273921343,-12.6634443463609,active,-4.283890051818659,1.829786479213432,-21.3405648536391,21.843066195201615,P1,P1,a_baseline,111.05,0.0659,40.21,47.28,True,rigid_offset?+high_residual,43.65,target
sub-1148,ses-1,run-02,anode,target,70.4826274,-57.85845403,-34.33842177,75.38829661181866,-59.86643273921343,-12.6634443463609,active,-4.905669211818662,2.0079787092134325,-21.6749774236391,22.313722576650104,P1,P1,a_baseline,112.58,0.0604,40.29,46.64,True,rigid_offset?+high_residual,43.45,target
sub-1148,ses-2,run-01,anode,target,75.98108539,-51.38846521,-19.9691244,75.38829661181866,-59.86643273921343,-12.6634443463609,active,0.5927887781813439,8.47796752921343,-7.305680053639099,11.207153653273215,P1,P1,a_baseline,115.32,0.0222,42.27,44.51,True,,,target
sub-1148,ses-2,run-02,anode,target,75.47116586,-51.57745831,-19.10425902,75.38829661181866,-59.86643273921343,-12.6634443463609,active,0.08286924818133912,8.288974429213432,-6.440814673639101,10.497526282920804,P1,P1,a_baseline,116.03,0.0079,43.21,43.99,True,,,target
sub-1148,ses-3,run-01,anode,target,76.67285224,-49.60104441,-23.69474504,75.38829661181866,-59.86643273921343,-12.6634443463609,active,1.2845556281813373,10.26538832921343,-11.031300693639102,15.123421428530191,P1,P1,a_baseline,113.4,0.0391,40.68,44.74,True,,,target
sub-1148,ses-3,run-02,anode,target,76.3575897,-49.83686934,-23.21935071,75.38829661181866,-59.86643273921343,-12.6634443463609,active,0.9692930881813453,10.02956339921343,-10.555906363639101,14.593108998001565,P1,P1,a_baseline,113.46,0.0403,40.56,44.78,True,,,target
sub-1148,ses-4,run-01,anode,target,75.79467085,-54.5984614,-20.39732218,75.38829661181866,-59.86643273921343,-12.6634443463609,active,0.40637423818134266,5.267971339213432,-7.7338778336391005,9.366404240576308,P1,P1,a_baseline,111.68,0.0525,40.25,45.25,True,,,target
sub-1148,ses-4,run-02,anode,target,75.7981491,-54.68731283,-20.28442742,75.38829661181866,-59.86643273921343,-12.6634443463609,active,0.40985248818134323,5.179119909213426,-7.620983073639101,9.223374930293845,P1,P1,a_baseline,110.2,0.0543,40.18,45.37,True,,,target
sub-1150,ses-1,run-01,anode,control,-55.6130411,-22.44941892,58.953997,-47.33559936993149,-18.77007995375413,66.7194962527667,active,-8.27744173006851,-3.6793389662458686,-7.765499252766702,11.93132664325032,P1,P1,a_baseline,109.34,0.0681,52.35,61.51,True,different_montage?+high_residual,52.56,control
sub-1150,ses-1,run-02,anode,control,-54.92225381,-23.27513552,59.87765142,-47.33559936993149,-18.77007995375413,66.7194962527667,active,-7.586654440068514,-4.5050555662458684,-6.841844832766704,11.165289605004906,P1,P1,a_baseline,109.32,0.0669,52.18,61.28,True,different_montage?+high_residual,52.18,control
sub-1150,ses-2,run-01,anode,control,-55.55640754,-20.7671138,58.40475456,-47.33559936993149,-18.77007995375413,66.7194962527667,active,-8.220808170068516,-1.9970338462458699,-8.314741692766702,11.861903749801282,P1,P1,a_baseline,107.54,0.0404,54.31,59.92,True,different_montage?+high_residual,51.95,control
sub-1150,ses-2,run-02,anode,control,-55.11786163,-22.53284042,58.46867003,-47.33559936993149,-18.77007995375413,66.7194962527667,active,-7.782262260068514,-3.7627604662458687,-8.250826222766705,11.94981613118479,P1,P1,a_baseline,108.47,0.0347,54.8,59.64,True,different_montage?+high_residual,51.95,control
sub-1150,ses-3,run-01,anode,control,-53.72070759,-6.62473602,59.20549086,-47.33559936993149,-18.77007995375413,66.7194962527667,active,-6.385108220068517,12.14534393375413,-7.514005392766705,15.644144696776872,P1,P1,a_baseline,103.58,0.0408,55.14,60.44,True,different_montage?+high_residual,54.44,control
sub-1150,ses-3,run-02,anode,control,-52.83109869,-6.97278408,59.29176887,-47.33559936993149,-18.77007995375413,66.7194962527667,active,-5.495499320068511,11.79729587375413,-7.4277273827667045,14.98492031285025,P1,P1,a_baseline,103.93,0.0436,54.79,60.69,True,different_montage?+high_residual,54.23,control
sub-1150,ses-4,run-01,anode,control,-49.68832517,-12.51170716,63.67476481,-47.33559936993149,-18.77007995375413,66.7194962527667,active,-2.3527258000685123,6.2583727937541305,-3.044731442766704,7.3466276804042625,P1,P1,a_baseline,113.31,0.0176,56.41,58.76,True,different_montage?+high_residual,48.31,control
sub-1150,ses-4,run-02,anode,control,-48.7255578,-13.83341223,63.77146315,-47.33559936993149,-18.77007995375413,66.7194962527667,active,-1.3899584300685106,4.93666772375413,-2.9480331027667006,5.915536478383221,P1,P1,a_baseline,113.04,0.0164,56.28,58.6,True,different_montage?+high_residual,47.63,control
sub-1152,ses-1,run-01,anode,control,-63.11664066,-11.12091471,59.56478053,-57.782132604644666,-27.3947305205362,66.76302162138153,active,-5.334508055355336,16.2738158105362,-7.198241091381526,18.57710235848321,P1,P1,a_baseline,110.14,0.0292,54.95,59.02,True,different_montage?+high_residual,54.67,control
sub-1152,ses-1,run-02,anode,control,-62.35668151,-11.75597156,60.25264766,-57.782132604644666,-27.3947305205362,66.76302162138153,active,-4.574548905355336,15.6387589605362,-6.510373961381525,17.54657370059105,P1,P1,a_baseline,110.63,0.0234,55.31,58.56,True,different_montage?+high_residual,54.02,control
sub-1152,ses-2,run-01,anode,control,-56.27554498,-14.9501975,68.18674353,-57.782132604644666,-27.3947305205362,66.76302162138153,active,1.5065876246446663,12.4445330205362,1.4237219086184751,12.615989554649628,P1,P1,a_baseline,108.29,0.0183,56.75,59.35,True,different_montage?+high_residual,52.4,control
sub-1152,ses-2,run-02,anode,control,-55.95841614,-15.83454223,69.60062467,-57.782132604644666,-27.3947305205362,66.76302162138153,active,1.8237164646446686,11.5601882905362,2.837603048618476,12.042254195855325,P1,P1,a_baseline,108.04,0.0225,56.83,60.06,True,different_montage?+high_residual,52.1,control
sub-1152,ses-3,run-01,anode,control,-63.33551788,-22.69606405,60.94043637,-57.782132604644666,-27.3947305205362,66.76302162138153,active,-5.553385275355332,4.6986664705362,-5.8225852513815255,9.317727921949652,P1,P1,a_baseline,110.03,0.0575,53.34,60.82,True,different_montage?+high_residual,52.62,control
sub-1152,ses-3,run-02,anode,control,-62.81148219,-22.9511858,61.10236593,-57.782132604644666,-27.3947305205362,66.76302162138153,active,-5.029349585355334,4.443544720536199,-5.660655691381528,8.779662282314113,P1,P1,a_baseline,109.79,0.0587,53.11,60.67,True,different_montage?+high_residual,52.31,control
sub-1152,ses-4,run-01,anode,control,-59.37155394,-12.66738532,66.06575425,-57.782132604644666,-27.3947305205362,66.76302162138153,active,-1.5894213353553326,14.7273452005362,-0.6972673713815283,14.829266287454438,P1,P1,a_baseline,107.86,0.0225,56.71,59.89,True,different_montage?+high_residual,53.83,control
sub-1152,ses-4,run-02,anode,control,-58.22969149,-13.28392857,66.41653754,-57.782132604644666,-27.3947305205362,66.76302162138153,active,-0.4475588853553347,14.1108019505362,-0.34648408138153286,14.12214898171548,P1,P1,a_baseline,107.26,0.0302,55.71,59.87,True,different_montage?+high_residual,53.28,control
sub-1153,ses-1,run-01,anode,target,73.00527668,-54.05733058,-29.86033986,73.67507113875551,-53.214046868104965,-31.88237924757604,active,-0.6697944587555185,-0.8432837118950332,2.02203938757604,2.290937650970875,P1,P1,a_baseline,114.79,0.0317,41.69,45.05,True,,,target
sub-1153,ses-1,run-02,anode,target,73.1827254,-54.62298056,-30.25113234,73.67507113875551,-53.214046868104965,-31.88237924757604,active,-0.49234573875551746,-1.4089336918950366,1.6312469075760383,2.210987324274855,P1,P1,a_baseline,114.31,0.0273,41.89,44.77,True,,,target
sub-1153,ses-2,run-01,anode,target,71.65856747,-58.04491077,-32.27793797,73.67507113875551,-53.214046868104965,-31.88237924757604,active,-2.0165036687555187,-4.830863901895036,-0.3955587224239636,5.249761879135345,P1,P1,a_baseline,115.45,0.0355,41.42,45.18,True,,,target
sub-1153,ses-2,run-02,anode,target,72.17562472,-58.51488462,-32.56792086,73.67507113875551,-53.214046868104965,-31.88237924757604,active,-1.499446418755511,-5.300837751895031,-0.685541612423961,5.551323061847431,P1,P1,a_baseline,115.27,0.0331,41.65,45.11,True,,,target
sub-1153,ses-3,run-01,anode,target,70.18449045,-62.76731932,-31.73485083,73.67507113875551,-53.214046868104965,-31.88237924757604,active,-3.4905806887555144,-9.553272451895033,0.14752841757604074,10.172066295440763,P1,P1,a_baseline,117.0,0.0681,41.6,47.92,True,,,target
sub-1153,ses-3,run-02,anode,target,70.1979755,-63.39973179,-31.77565192,73.67507113875551,-53.214046868104965,-31.88237924757604,active,-3.4770956387555145,-10.185684921895032,0.10672732757603853,10.763352736560478,P1,P1,a_baseline,117.18,0.0696,41.21,47.88,True,,,target
sub-1153,ses-4,run-01,anode,target,69.66062668,-63.44697596,-33.99427241,73.67507113875551,-53.214046868104965,-31.88237924757604,active,-4.01444445875552,-10.232929091895038,-2.1118931624239607,11.193243267332207,P1,P1,a_baseline,112.97,0.0573,41.34,47.58,True,,,target
sub-1153,ses-4,run-02,anode,target,69.70811834,-63.966847,-34.24391416,73.67507113875551,-53.214046868104965,-31.88237924757604,active,-3.966952798755514,-10.752800131895036,-2.361534912423963,11.701977282777186,P1,P1,a_baseline,112.54,0.06,41.21,47.75,True,,,target
sub-1154,ses-1,run-01,anode,control,-63.46563159,-37.25364519,62.62852652,-54.161981083782194,-28.955576582419837,73.46922055854209,active,-9.303650506217807,-8.298068607580163,-10.84069403854209,16.5207900112324,P1,P1,a_baseline,108.77,0.038,55.04,60.11,True,different_montage?+high_residual,52.06,control
sub-1154,ses-1,run-02,anode,control,-62.8493616,-38.2400226,62.95911233,-54.161981083782194,-28.955576582419837,73.46922055854209,active,-8.687380516217807,-9.284446017580166,-10.510108228542087,16.49648123275352,P1,P1,a_baseline,108.94,0.0374,55.54,60.14,True,different_montage?+high_residual,52.12,control
sub-1154,ses-2,run-01,anode,control,-59.56706516,-29.23099273,67.69426099,-54.161981083782194,-28.955576582419837,73.46922055854209,active,-5.405084076217804,-0.2754161475801631,-5.774959568542087,7.914603334572553,P1,P1,a_baseline,104.77,0.021,55.93,58.88,True,different_montage?+high_residual,49.93,control
sub-1154,ses-2,run-02,anode,control,-59.05493709,-29.69150031,67.92205288,-54.161981083782194,-28.955576582419837,73.46922055854209,active,-4.892956006217808,-0.7359237275801611,-5.547167678542095,7.433281339049431,P1,P1,a_baseline,104.91,0.0143,56.64,58.55,True,different_montage?+high_residual,49.8,control
sub-1154,ses-3,run-01,anode,control,-59.47522823,-31.49774972,69.33162647,-54.161981083782194,-28.955576582419837,73.46922055854209,active,-5.313247146217805,-2.542173137580164,-4.137594088542087,7.198119500242008,P1,P1,a_baseline,107.27,0.0123,56.96,58.7,True,different_montage?+high_residual,49.44,control
sub-1154,ses-3,run-02,anode,control,-55.64535466,-34.33035559,62.12896882,-54.161981083782194,-28.955576582419837,73.46922055854209,active,-1.483373576217808,-5.374779007580166,-11.340251738542094,12.636849134196888,P1,P1,a_baseline,105.29,0.0363,55.86,61.06,True,different_montage?+high_residual,51.12,control
sub-1154,ses-4,run-01,anode,control,-63.65472984,-41.50313183,65.08061088,-54.161981083782194,-28.955576582419837,73.46922055854209,active,-9.492748756217807,-12.547555247580163,-8.388609678542096,17.830372794158883,P1,P1,a_baseline,109.35,0.0539,53.48,60.9,True,different_montage?+high_residual,52.24,control
sub-1155,ses-1,run-01,anode,target,74.01662092,-47.80846718,-3.9302342,74.6122899620813,-53.69890328187537,7.001264212434376,active,-0.5956690420813118,5.890436101875366,-10.931498412434376,12.431802629507356,P1,P1,a_baseline,116.8,0.02,42.33,44.34,True,,,target
sub-1155,ses-1,run-02,anode,target,74.51539551,-48.65946688,-4.33824388,74.6122899620813,-53.69890328187537,7.001264212434376,active,-0.0968944520813011,5.039436401875371,-11.339508092434375,12.409260717777487,P1,P1,a_baseline,116.0,0.032,41.67,44.65,True,,,target
sub-1155,ses-2,run-01,anode,target,71.75064772,-55.00937388,-6.68056947,74.6122899620813,-53.69890328187537,7.001264212434376,active,-2.8616422420813024,-1.3104705981246312,-13.681833682434377,14.039191658496904,P1,P1,a_baseline,113.18,0.0363,41.93,45.81,True,rigid_offset?+high_residual,43.04,target
sub-1155,ses-2,run-02,anode,target,72.02586614,-55.58130179,-6.72926177,74.6122899620813,-53.69890328187537,7.001264212434376,active,-2.5864238220813007,-1.8823985081246306,-13.730525982434376,14.098239467576262,P1,P1,a_baseline,112.71,0.0346,42.05,45.7,True,rigid_offset?+high_residual,42.96,target
sub-1155,ses-3,run-01,anode,target,72.58819952,-50.82707166,-10.22083883,74.6122899620813,-53.69890328187537,7.001264212434376,active,-2.0240904420813024,2.8718316218753657,-17.222103042434377,17.576836808321218,P1,P1,a_baseline,110.54,0.019,42.87,44.88,True,rigid_offset?+high_residual,42.96,target
sub-1155,ses-3,run-02,anode,target,72.45488277,-51.2537177,-9.63445663,74.6122899620813,-53.69890328187537,7.001264212434376,active,-2.1574071920813083,2.4451855818753643,-16.635720842434377,16.9523020935111,P1,P1,a_baseline,110.73,0.0131,43.28,44.62,True,rigid_offset?+high_residual,42.46,target
sub-1155,ses-4,run-01,anode,target,75.81300576,-46.38108791,3.90249798,74.6122899620813,-53.69890328187537,7.001264212434376,active,1.20071579791869,7.317815371875369,-3.0987662324343757,8.037069889425032,P1,P1,a_baseline,113.41,0.0235,43.21,45.75,True,,,target
sub-1155,ses-4,run-02,anode,target,75.89874676,-47.11652291,4.15044677,74.6122899620813,-53.69890328187537,7.001264212434376,active,1.2864567979186887,6.582380371875367,-2.8508174424343755,7.287651373594196,P1,P1,a_baseline,112.91,0.0273,43.11,45.98,True,,,target
sub-1156,ses-1,run-01,anode,target,75.08014877,-54.1098086,-12.72840642,74.96792231881057,-52.16663386332377,-8.027894477284987,active,0.11222645118942864,-1.9431747366762337,-4.700511942715014,5.08756674228553,P1,P1,a_baseline,112.9,0.0208,42.41,44.58,True,,,target
sub-1156,ses-1,run-02,anode,target,75.46317279,-54.84960175,-12.66036036,74.96792231881057,-52.16663386332377,-8.027894477284987,active,0.4952504711894363,-2.6829678866762308,-4.632465882715014,5.37618171797307,P1,P1,a_baseline,113.45,0.0237,42.35,44.84,True,,,target
sub-1156,ses-2,run-01,anode,target,76.57410861,-48.10044152,-6.70523879,74.96792231881057,-52.16663386332377,-8.027894477284987,active,1.606186291189431,4.06619234332377,1.3226556872849864,4.567622208766508,P1,P1,a_baseline,114.94,0.0366,41.69,45.38,True,,,target
sub-1156,ses-2,run-02,anode,target,76.66661643,-49.10482277,-6.57145734,74.96792231881057,-52.16663386332377,-8.027894477284987,active,1.6986941111894396,3.0618110933237688,1.4564371372849862,3.792289280824059,P1,P1,a_baseline,115.47,0.0253,42.28,44.77,True,,,target
sub-1156,ses-3,run-01,anode,target,76.03826539,-49.22411732,-2.70560962,74.96792231881057,-52.16663386332377,-8.027894477284987,active,1.0703430711894413,2.9425165433237694,5.322284857284986,6.175010445324151,P1,P1,a_baseline,115.95,0.0409,40.43,44.41,True,,,target
sub-1156,ses-3,run-02,anode,target,75.2792993,-49.8448415,-2.551151,74.96792231881057,-52.16663386332377,-8.027894477284987,active,0.31137698118944,2.321792363323766,5.476743477284987,5.956710041523497,P1,P1,a_baseline,116.3,0.0443,41.02,45.72,True,,,target
sub-1156,ses-4,run-01,anode,target,71.72132018,-60.79849873,6.58806372,74.96792231881057,-52.16663386332377,-8.027894477284987,active,-3.246602138810559,-8.631864866676231,14.615958197284986,17.282238007534527,P1,P1,a_baseline,112.07,0.0106,42.11,43.15,True,,,target
sub-1156,ses-4,run-02,anode,target,72.00844989,-61.15890728,6.67925775,74.96792231881057,-52.16663386332377,-8.027894477284987,active,-2.959472428810571,-8.992273416676234,14.707152227284986,17.490562738050645,P1,P1,a_baseline,111.5,0.0101,42.37,43.4,True,,,target
sub-1161,ses-1,run-01,anode,control,-42.17266315,-18.46641557,76.18314569,-39.33740979439083,-16.9938349437977,77.98696911906234,active,-2.8352533556091686,-1.4725806262022978,-1.8038234290623336,3.668914588048296,P1,P1,a_baseline,104.36,0.0389,55.11,59.99,True,different_montage?+high_residual,47.02,control
sub-1161,ses-1,run-02,anode,control,-41.80488276,-19.43959557,76.63174254,-39.33740979439083,-16.9938349437977,77.98696911906234,active,-2.4674729656091685,-2.4457606262023006,-1.3552265790623323,3.7291831487995553,P1,P1,a_baseline,104.98,0.0431,54.81,60.26,True,different_montage?+high_residual,46.85,control
sub-1161,ses-2,run-01,anode,control,-42.85924502,-12.71575224,76.20436515,-39.33740979439083,-16.9938349437977,77.98696911906234,active,-3.5218352256091734,4.2780827037977005,-1.782603969062336,5.820909884836859,P1,P1,a_baseline,100.77,0.06,51.04,59.08,True,different_montage?+high_residual,48.09,control
sub-1161,ses-2,run-02,anode,control,-42.53093894,-13.33229804,76.14180999,-39.33740979439083,-16.9938349437977,77.98696911906234,active,-3.193529145609169,3.6615369037977015,-1.8451591290623384,5.197123542238512,P1,P1,a_baseline,100.1,0.0577,51.23,58.94,True,different_montage?+high_residual,47.67,control
sub-1161,ses-3,run-01,anode,control,-44.49375679,-13.02483588,74.42239213,-39.33740979439083,-16.9938349437977,77.98696911906234,active,-5.156346995609169,3.9689990637977015,-3.5645769890623313,7.419371740148044,P1,P1,a_baseline,105.16,0.0281,55.25,58.94,True,different_montage?+high_residual,49.29,control
sub-1161,ses-3,run-02,anode,control,-43.7911273,-13.45764124,75.48590494,-39.33740979439083,-16.9938349437977,77.98696911906234,active,-4.45371750560917,3.536193703797702,-2.5010641790623396,6.212534712847635,P1,P1,a_baseline,105.82,0.0175,55.57,57.94,True,different_montage?+high_residual,48.97,control
sub-1161,ses-4,run-01,anode,control,-49.17119925,-6.90895405,69.3747438,-39.33740979439083,-16.9938349437977,77.98696911906234,active,-9.833789455609171,10.0848808937977,-8.612225319062333,16.50995647013142,P1,P1,a_baseline,103.92,0.0305,55.22,59.33,True,different_montage?+high_residual,54.39,control
sub-1161,ses-4,run-02,anode,control,-48.78800778,-7.73229277,69.75750721,-39.33740979439083,-16.9938349437977,77.98696911906234,active,-9.450597985609171,9.2615421737977,-8.229461909062337,15.582490463187888,P1,P1,a_baseline,105.4,0.0273,55.36,59.16,True,different_montage?+high_residual,53.89,control
sub-1163,ses-1,run-01,anode,control,-50.39544748,-41.36672885,52.90096321,-44.94800946598743,-42.4115230422443,57.206780487310965,active,-5.447438014012569,1.0447941922442965,-4.305817277310965,7.021840089766088,P1,P1,a_baseline,112.01,0.0259,55.53,59.16,True,different_montage?+high_residual,48.0,control
sub-1163,ses-1,run-02,anode,control,-49.27747588,-41.45040184,52.65488525,-44.94800946598743,-42.4115230422443,57.206780487310965,active,-4.329466414012565,0.9611212022442999,-4.551895237310966,6.355138365678641,P1,P1,a_baseline,110.82,0.0175,56.33,58.73,True,different_montage?+high_residual,47.78,control
sub-1163,ses-2,run-01,anode,control,-46.45390347,-38.69353418,56.63701327,-44.94800946598743,-42.4115230422443,57.206780487310965,active,-1.5058940040125677,3.7179888622442974,-0.569767217310968,4.0516407309898455,P1,P1,a_baseline,108.96,0.0436,56.19,61.84,True,different_montage?+high_residual,48.4,control
sub-1163,ses-2,run-02,anode,control,-46.46415534,-39.29244947,56.93166521,-44.94800946598743,-42.4115230422443,57.206780487310965,active,-1.5161458740125653,3.1190735722442966,-0.27511527731096663,3.478937578653577,P1,P1,a_baseline,105.83,0.0514,54.8,61.92,True,different_montage?+high_residual,48.6,control
sub-1163,ses-4,run-01,anode,control,-53.60924992,-41.99211857,49.86180031,-44.94800946598743,-42.4115230422443,57.206780487310965,active,-8.661240454012571,0.41940447224429533,-7.3449801773109655,11.364053859369616,P1,P1,a_baseline,110.83,0.0178,57.3,59.61,True,different_montage?+high_residual,51.55,control
sub-1163,ses-4,run-02,anode,control,-53.56061096,-42.9902947,50.85114617,-44.94800946598743,-42.4115230422443,57.206780487310965,active,-8.612601494012566,-0.578771657755702,-6.355634317310965,10.719420166308884,P1,P1,a_baseline,110.62,0.021,56.49,59.44,True,different_montage?+high_residual,51.57,control
sub-1165,ses-1,run-01,anode,control,-45.73897008,-31.31960336,66.49239914,-45.86061391126603,-29.500952862766468,65.63155807552194,active,0.12164383126602729,-1.8186504972335307,0.8608410644780662,2.0157713637872168,P1,P1,a_baseline,109.84,0.0464,54.72,61.33,True,different_montage?+high_residual,46.3,control
sub-1165,ses-1,run-02,anode,control,-44.66502775,-29.64771721,65.22196999,-45.86061391126603,-29.500952862766468,65.63155807552194,active,1.1955861612660286,-0.14676434723353182,-0.40958808552193204,1.2722925930898303,P1,P1,a_baseline,111.67,0.054,53.67,61.27,True,different_montage?+high_residual,45.09,control
sub-1165,ses-2,run-01,anode,control,-54.34573572,-33.71665182,58.63794791,-45.86061391126603,-29.500952862766468,65.63155807552194,active,-8.485121808733972,-4.215698957233535,-6.993610165521936,11.77624698086638,P1,P1,a_baseline,104.76,0.0417,54.71,60.27,True,different_montage?+high_residual,53.16,control
sub-1165,ses-2,run-02,anode,control,-54.39232311,-33.6702065,59.02217095,-45.86061391126603,-29.500952862766468,65.63155807552194,active,-8.53170919873397,-4.169253637233531,-6.609387125521934,11.569647182103783,P1,P1,a_baseline,104.16,0.0427,54.72,60.33,True,different_montage?+high_residual,53.21,control
sub-1165,ses-3,run-01,anode,control,-53.05695363,-28.30570351,59.58774323,-45.86061391126603,-29.500952862766468,65.63155807552194,active,-7.196339718733974,1.1952493527664672,-6.043814845521936,9.473311155539449,P1,P1,a_baseline,106.81,0.059,53.56,61.45,True,different_montage?+high_residual,52.41,control
sub-1165,ses-3,run-02,anode,control,-52.17425744,-28.09741934,59.07510148,-45.86061391126603,-29.500952862766468,65.63155807552194,active,-6.313643528733969,1.4035335227664696,-6.5564565955219365,9.209729857407147,P1,P1,a_baseline,106.48,0.059,53.54,61.41,True,different_montage?+high_residual,52.11,control
sub-1165,ses-4,run-01,anode,control,-55.46416321,-10.72481814,56.5478481,-45.86061391126603,-29.500952862766468,65.63155807552194,active,-9.603549298733974,18.776134722766468,-9.083709975521934,22.962691070083384,P1,P1,a_baseline,101.21,0.0584,55.18,63.67,True,different_montage?+high_residual,58.94,control
sub-1165,ses-4,run-02,anode,control,-54.31742422,-10.43907574,53.99269336,-45.86061391126603,-29.500952862766468,65.63155807552194,active,-8.45681030873397,19.061877122766468,-11.63886471552194,23.881707893439664,P1,P1,a_baseline,100.22,0.0674,55.28,63.96,True,rigid_offset?+high_residual,72.6,control
sub-1166,ses-1,run-01,anode,target,62.6320819,-68.81240324,-27.33819245,66.30482007655543,-61.719301801890005,-18.451436828636,active,-3.672738176555427,-7.09310143810999,-8.886755621364,11.948871042851302,P1,P1,a_baseline,115.9,0.052,45.62,51.78,True,rigid_offset?+high_residual,42.68,target
sub-1166,ses-1,run-02,anode,target,63.25811928,-69.58657586,-27.6900221,66.30482007655543,-61.719301801890005,-18.451436828636,active,-3.0467007965554274,-7.867274058109992,-9.238585271363998,12.511108850353981,P1,P1,a_baseline,115.27,0.0614,45.56,52.89,True,rigid_offset?+high_residual,42.77,target
sub-1166,ses-2,run-01,anode,target,65.23651022,-63.43188073,-30.30194439,66.30482007655543,-61.719301801890005,-18.451436828636,active,-1.0683098565554303,-1.7125789281099983,-11.850507561363997,12.02117889379262,P1,P1,a_baseline,112.62,0.036,40.22,43.86,True,rigid_offset?+high_residual,40.62,target
sub-1166,ses-2,run-02,anode,target,65.71072964,-64.6643298,-30.39686818,66.30482007655543,-61.719301801890005,-18.451436828636,active,-0.5940904365554331,-2.9450279981099996,-11.945431351363997,12.317445495175058,P1,P1,a_baseline,113.06,0.0348,40.29,43.81,True,rigid_offset?+high_residual,40.98,target
sub-1166,ses-3,run-01,anode,target,64.47513725,-62.4197962,-29.95954669,66.30482007655543,-61.719301801890005,-18.451436828636,active,-1.8296828265554268,-0.7004943981099956,-11.508109861363998,11.673689400904866,P1,P1,a_baseline,113.87,0.0351,40.86,44.39,True,,,target
sub-1166,ses-3,run-02,anode,target,64.97283535,-63.33177866,-29.97808341,66.30482007655543,-61.719301801890005,-18.451436828636,active,-1.331984726555433,-1.6124768581099929,-11.526646581363998,11.714855796866965,P1,P1,a_baseline,113.92,0.0232,41.74,44.16,True,,,target
sub-1166,ses-4,run-01,anode,target,64.02401992,-63.68311461,-31.56468066,66.30482007655543,-61.719301801890005,-18.451436828636,active,-2.2808001565554292,-1.9638128081099921,-13.113243831363999,13.45421026594449,P1,P1,a_baseline,116.0,0.0272,41.83,44.7,True,,,target
sub-1166,ses-4,run-02,anode,target,64.76327803,-64.37755526,-31.23679666,66.30482007655543,-61.719301801890005,-18.451436828636,active,-1.5415420465554348,-2.6582534581099893,-12.785359831363998,13.149452054983435,P1,P1,a_baseline,117.09,0.0378,40.88,44.66,True,,,target
sub-1168,ses-1,run-01,anode,target,71.68150639,-45.77270811,-9.9067862,72.12015864772167,-50.00246337603173,4.5453876283628105,active,-0.43865225772167094,4.229755266031724,-14.452173828362811,15.064812437562653,P1,P1,a_baseline,112.52,0.045,42.88,47.47,True,,,target
sub-1168,ses-1,run-02,anode,target,70.59622396,-45.56079656,-11.32845591,72.12015864772167,-50.00246337603173,4.5453876283628105,active,-1.5239346877216633,4.441666816031727,-15.873843538362811,16.55384214366869,P1,P1,a_baseline,114.01,0.0433,42.22,46.94,True,,,target
sub-1168,ses-2,run-01,anode,target,70.85066949,-53.57458713,2.51191212,72.12015864772167,-50.00246337603173,4.5453876283628105,active,-1.2694891577216652,-3.5721237539682704,-2.0334755083628107,4.3019406642059375,P1,P1,a_baseline,107.96,0.0433,40.68,45.16,True,,,target
sub-1168,ses-2,run-02,anode,target,71.08161116,-53.97381456,2.49093009,72.12015864772167,-50.00246337603173,4.5453876283628105,active,-1.0385474877216723,-3.971351183968274,-2.0544575383628105,4.590316643500205,P1,P1,a_baseline,108.84,0.0392,40.97,45.02,True,,,target
sub-1168,ses-3,run-01,anode,target,68.91730687,-60.3662059,2.94023053,72.12015864772167,-50.00246337603173,4.5453876283628105,active,-3.202851777721662,-10.36374252396827,-1.6051570983628105,10.965488950502277,P1,P1,a_baseline,110.55,0.0573,41.16,47.37,True,rigid_offset?+high_residual,40.46,target
sub-1168,ses-3,run-02,anode,target,69.91810754,-60.77140038,0.90982898,72.12015864772167,-50.00246337603173,4.5453876283628105,active,-2.2020511077216725,-10.768937003968276,-3.6355586483628106,11.577405579927703,P1,P1,a_baseline,109.41,0.062,41.4,48.16,True,rigid_offset?+high_residual,41.32,target
sub-1168,ses-4,run-01,anode,target,71.16144186,-51.89575877,3.10686755,72.12015864772167,-50.00246337603173,4.5453876283628105,active,-0.95871678772167,-1.8932953939682733,-1.4385200783628105,2.563795105645883,P1,P1,a_baseline,110.89,0.0373,42.5,46.4,True,,,target
sub-1168,ses-4,run-02,anode,target,70.46582246,-52.36905928,2.75894756,72.12015864772167,-50.00246337603173,4.5453876283628105,active,-1.6543361877216682,-2.3665959039682747,-1.7864400683628103,3.395434068353706,P1,P1,a_baseline,110.99,0.0348,42.69,46.37,True,,,target
sub-1169,ses-1,run-01,anode,target,75.61424935,-38.38299853,10.4405168,74.46196231290206,-44.13173070801647,-1.1944434778910311,active,1.1522870370979348,5.748732178016468,11.63496027789103,13.028736997058772,P1,P1,a_baseline,90.24,0.523,41.09,114.43,False,different_montage?+high_residual,43.2,target
sub-1169,ses-2,run-01,anode,target,74.6996329,-48.26069158,-6.02549556,74.46196231290206,-44.13173070801647,-1.1944434778910311,active,0.23767058709793787,-4.12896087198353,-4.831052082108969,6.35954946599143,P1,P1,a_baseline,111.57,0.0708,40.71,48.05,True,,,target
sub-1169,ses-2,run-02,anode,target,75.34928561,-48.41686029,-5.05014682,74.46196231290206,-44.13173070801647,-1.1944434778910311,active,0.8873232970979359,-4.285129581983533,-3.855703342108969,5.83233456090384,P1,P1,a_baseline,113.11,0.0661,41.17,48.15,True,,,target
sub-1169,ses-3,run-01,anode,target,76.2767999,-45.78144791,-10.67235748,74.46196231290206,-44.13173070801647,-1.1944434778910311,active,1.8148375870979407,-1.6497172019835276,-9.47791400210897,9.79009990477304,P1,P1,a_baseline,113.69,0.0421,41.51,45.71,True,,,target
sub-1169,ses-3,run-02,anode,target,76.93320262,-46.69602119,-9.95453462,74.46196231290206,-44.13173070801647,-1.1944434778910311,active,2.4712403070979434,-2.5642904819835337,-8.760091142108969,9.456310652123951,P1,P1,a_baseline,114.02,0.0389,41.95,45.62,True,,,target
sub-1169,ses-4,run-01,anode,target,77.97743007,-36.90294499,5.48818484,74.46196231290206,-44.13173070801647,-1.1944434778910311,active,3.5154677570979374,7.228785718016468,6.682628317891031,10.453295066306756,P1,P1,a_baseline,115.2,0.0391,43.41,47.11,True,,,target
sub-1169,ses-4,run-02,anode,target,78.27085302,-37.33819614,6.93236337,74.46196231290206,-44.13173070801647,-1.1944434778910311,active,3.8088907070979445,6.793534568016469,8.12680684789103,11.25632044179537,P1,P1,a_baseline,116.5,0.0316,43.69,46.73,True,,,target
sub-1171,ses-1,run-01,anode,control,-41.3428299,-39.67301322,58.00525166,-35.210069945698564,-52.46710011915207,60.77835856465887,active,-6.132759954301434,12.79408689915207,-2.7731069046588743,14.456470044405885,P1,P1,a_baseline,108.82,0.023,57.56,60.72,True,different_montage?+high_residual,52.44,control
sub-1171,ses-1,run-02,anode,control,-41.43803418,-41.35669762,58.71420308,-35.210069945698564,-52.46710011915207,60.77835856465887,active,-6.227964234301439,11.110402499152073,-2.064155484658876,12.903074054726256,P1,P1,a_baseline,107.89,0.0076,57.48,58.48,True,different_montage?+high_residual,51.98,control
sub-1171,ses-2,run-01,anode,control,-43.47210946,-55.53181252,50.92713194,-35.210069945698564,-52.46710011915207,60.77835856465887,active,-8.262039514301435,-3.064712400847931,-9.851226624658871,13.21742883643325,P1,P1,a_baseline,103.12,0.0569,52.52,60.04,True,different_montage?+high_residual,53.23,control
sub-1171,ses-2,run-02,anode,control,-44.26674703,-56.61573736,51.51320595,-35.210069945698564,-52.46710011915207,60.77835856465887,active,-9.056677084301434,-4.1486372408479255,-9.265152614658874,13.604324449908608,P1,P1,a_baseline,102.03,0.0492,53.57,60.1,True,different_montage?+high_residual,53.87,control
sub-1171,ses-3,run-01,anode,control,-40.06821619,-60.22083112,53.63394269,-35.210069945698564,-52.46710011915207,60.77835856465887,active,-4.858146244301437,-7.753731000847928,-7.1444158746588755,11.608815941111656,P1,P1,a_baseline,109.03,0.0214,56.71,59.77,True,different_montage?+high_residual,49.07,control
sub-1171,ses-3,run-02,anode,control,-40.76108283,-61.1142001,54.18389112,-35.210069945698564,-52.46710011915207,60.77835856465887,active,-5.551012884301436,-8.647099980847926,-6.594467444658875,12.20954884502808,P1,P1,a_baseline,109.13,0.0094,58.05,59.35,True,different_montage?+high_residual,49.4,control
sub-1171,ses-4,run-01,anode,control,-36.88695955,-41.62543696,61.3457012,-35.210069945698564,-52.46710011915207,60.77835856465887,active,-1.6768896043014365,10.84166315915207,0.5673426353411273,10.985239936724426,P1,P1,a_baseline,109.9,0.029,55.92,60.03,True,different_montage?+high_residual,50.59,control
sub-1171,ses-4,run-02,anode,control,-37.38879221,-42.40727383,62.6571255,-35.210069945698564,-52.46710011915207,60.77835856465887,active,-2.1787222643014346,10.05982628915207,1.878766935341126,10.463111433517707,P1,P1,a_baseline,108.0,0.0274,55.68,59.55,True,different_montage?+high_residual,50.29,control
sub-1173,ses-1,run-01,anode,target,80.52056892,-44.14309558,-26.32847804,78.46932374052447,-47.9638517619192,-23.299962458094868,active,2.0512451794755293,3.820756181919201,-3.0285155819051326,5.289394220308935,P1,P1,a_baseline,111.12,0.0089,43.79,44.71,True,,,target
sub-1173,ses-1,run-02,anode,target,80.69974627,-44.43638843,-26.70102809,78.46932374052447,-47.9638517619192,-23.299962458094868,active,2.2304225294755327,3.5274633319192006,-3.4010656319051336,5.38377466565539,P1,P1,a_baseline,111.9,0.0097,43.67,44.66,True,,,target
sub-1173,ses-2,run-01,anode,target,77.23670215,-52.13165441,-33.13280144,78.46932374052447,-47.9638517619192,-23.299962458094868,active,-1.2326215905244737,-4.1678026480808015,-9.832838981905134,10.750565442935995,P1,P1,a_baseline,116.75,0.039,41.21,45.02,True,,,target
sub-1173,ses-2,run-02,anode,target,77.7192021,-52.62839457,-33.10335717,78.46932374052447,-47.9638517619192,-23.299962458094868,active,-0.7501216405244691,-4.664542808080796,-9.803394711905135,10.882425738842006,P1,P1,a_baseline,116.68,0.0407,41.32,45.5,True,,,target
sub-1173,ses-3,run-01,anode,target,80.90749858,-44.31149784,-22.22316854,78.46932374052447,-47.9638517619192,-23.299962458094868,active,2.438174839475522,3.6523539219192003,1.076793918094868,4.5214898939239205,P1,P1,a_baseline,112.5,0.0174,40.87,42.6,True,,,target
sub-1173,ses-3,run-02,anode,target,81.70165646,-44.32542223,-22.27008572,78.46932374052447,-47.9638517619192,-23.299962458094868,active,3.2323327194755223,3.6384295319192006,1.0298767380948668,4.974614594499027,P1,P1,a_baseline,110.78,0.0382,40.42,44.33,True,,,target
sub-1173,ses-4,run-01,anode,target,79.82140033,-45.86099017,-27.34877982,78.46932374052447,-47.9638517619192,-23.299962458094868,active,1.35207658947553,2.1028615919192006,-4.048817361905133,4.758472444875685,P1,P1,a_baseline,116.63,0.0452,41.99,46.42,True,,,target
sub-1173,ses-4,run-02,anode,target,79.81797366,-46.6359489,-27.53600497,78.46932374052447,-47.9638517619192,-23.299962458094868,active,1.348649919475534,1.327902861919199,-4.236042511905133,4.6396377852869195,P1,P1,a_baseline,117.24,0.0482,41.54,46.63,True,,,target
sub-1174,ses-1,run-01,anode,target,76.4389766,-48.16721029,-5.0457484,74.4488069519482,-54.362045820729634,-10.228541310355984,active,1.990169648051804,6.194835530729634,5.182792910355984,8.318539825741848,P1,P1,a_baseline,111.68,0.0205,42.96,45.17,True,,,target
sub-1174,ses-1,run-02,anode,target,76.27126063,-48.60848501,-4.99460238,74.4488069519482,-54.362045820729634,-10.228541310355984,active,1.8224536780518008,5.753560810729631,5.2339389303559845,7.9886742415812835,P1,P1,a_baseline,111.3,0.0123,44.09,45.3,True,,,target
sub-1174,ses-2,run-01,anode,target,75.6405555,-47.92965982,-20.38048677,74.4488069519482,-54.362045820729634,-10.228541310355984,active,1.1917485480518053,6.432386000729636,-10.151945459644017,12.077162368692116,P1,P1,a_baseline,112.31,0.0346,41.97,45.47,True,,,target
sub-1174,ses-2,run-02,anode,target,76.24866798,-48.49084959,-20.14599596,74.4488069519482,-54.362045820729634,-10.228541310355984,active,1.7998610280517937,5.87119623072963,-9.917454649644016,11.664748245366429,P1,P1,a_baseline,112.43,0.0208,43.55,45.82,True,,,target
sub-1174,ses-3,run-01,anode,target,75.40706424,-48.79753711,-16.79167489,74.4488069519482,-54.362045820729634,-10.228541310355984,active,0.9582572880517972,5.564508710729633,-6.563133579644015,8.65775586431849,P1,P1,a_baseline,112.17,0.0018,44.05,44.24,True,,,target
sub-1174,ses-3,run-02,anode,target,75.63216778,-48.34284219,-16.79235544,74.4488069519482,-54.362045820729634,-10.228541310355984,active,1.1833608280518035,6.019203630729635,-6.563814129644017,8.984142203130508,P1,P1,a_baseline,114.29,0.0069,44.4,45.13,True,,,target
sub-1174,ses-4,run-01,anode,target,76.5311017,-46.99815367,-6.14098872,74.4488069519482,-54.362045820729634,-10.228541310355984,active,2.082294748051794,7.363892150729633,4.087552590355984,8.67588296395632,P1,P1,a_baseline,114.46,0.0454,41.95,46.61,True,,,target
sub-1174,ses-4,run-02,anode,target,77.43497326,-47.73254158,-7.04959999,74.4488069519482,-54.362045820729634,-10.228541310355984,active,2.986166308051807,6.629504240729631,3.1789413203559844,7.935564479951163,P1,P1,a_baseline,116.88,0.0567,40.85,46.88,True,,,target
sub-1175,ses-1,run-01,anode,target,81.15205775,-45.56184397,-15.25749243,77.58922271719526,-52.2714568269026,-10.963026562293336,active,3.562835032804742,6.709612856902602,-4.294465867706663,8.726690967909372,P1,P1,a_baseline,114.5,0.0418,39.8,44.05,True,,,target
sub-1175,ses-1,run-02,anode,target,81.4547561,-46.1762326,-15.20299345,77.58922271719526,-52.2714568269026,-10.963026562293336,active,3.865533382804742,6.095224226902602,-4.239966887706663,8.370867692100216,P1,P1,a_baseline,113.17,0.041,39.74,43.94,True,,,target
sub-1175,ses-2,run-01,anode,target,78.33930247,-58.13916188,-6.70897456,77.58922271719526,-52.2714568269026,-10.963026562293336,active,0.7500797528047514,-5.867705053097403,4.254052002293337,7.286256972131053,P1,P1,a_baseline,117.88,0.0167,44.05,45.79,True,,,target
sub-1175,ses-2,run-02,anode,target,78.68921963,-58.7569995,-6.44846771,77.58922271719526,-52.2714568269026,-10.963026562293336,active,1.099996912804741,-6.485542673097399,4.514558852293336,7.978314270794767,P1,P1,a_baseline,117.83,0.0188,43.66,45.7,True,,,target
sub-1176,ses-1,run-01,anode,control,-60.40018808,-28.55702038,48.84654825,-48.29955498639587,-18.3164057128478,59.45358059982524,active,-12.10063309360413,-10.240614667152201,-10.60703234982524,19.073663656921273,P1,P1,a_baseline,99.65,0.0388,55.64,60.98,True,different_montage?+high_residual,54.76,control
sub-1176,ses-1,run-02,anode,control,-60.67599743,-28.90022637,49.52922894,-48.29955498639587,-18.3164057128478,59.45358059982524,active,-12.376442443604134,-10.583820657152199,-9.924351659825234,19.070562213277388,P1,P1,a_baseline,99.43,0.0376,55.43,60.69,True,different_montage?+high_residual,54.86,control
sub-1176,ses-2,run-01,anode,control,-48.00596457,-10.87120652,58.45394357,-48.29955498639587,-18.3164057128478,59.45358059982524,active,0.29359041639586536,7.4451991928478005,-0.9996370298252373,7.517743048626952,P1,P1,a_baseline,109.0,0.0645,52.64,61.06,True,different_montage?+high_residual,50.68,control
sub-1176,ses-2,run-02,anode,control,-48.42275508,-11.30776913,58.67671052,-48.29955498639587,-18.3164057128478,59.45358059982524,active,-0.12320009360413309,7.0086365828477994,-0.7768700798252368,7.052637246762676,P1,P1,a_baseline,109.34,0.0622,53.05,61.41,True,different_montage?+high_residual,50.46,control
sub-1176,ses-3,run-01,anode,control,-51.32276867,-18.57428652,57.35344091,-48.29955498639587,-18.3164057128478,59.45358059982524,active,-3.0232136836041335,-0.2578808071522012,-2.100139689825234,3.6901097821349396,P1,P1,a_baseline,107.83,0.0288,56.61,60.74,True,different_montage?+high_residual,47.17,control
sub-1176,ses-3,run-02,anode,control,-51.72406882,-19.64993116,56.56067213,-48.29955498639587,-18.3164057128478,59.45358059982524,active,-3.4245138336041308,-1.3335254471522013,-2.8929084698252368,4.677018765146782,P1,P1,a_baseline,109.5,0.0317,56.44,61.0,True,different_montage?+high_residual,47.51,control
sub-1176,ses-4,run-01,anode,control,-55.3260812,-20.20991162,52.80806548,-48.29955498639587,-18.3164057128478,59.45358059982524,active,-7.026526213604129,-1.8935059071521998,-6.645515119825234,9.854963544260935,P1,P1,a_baseline,108.43,0.0505,54.25,61.39,True,different_montage?+high_residual,50.47,control
sub-1176,ses-4,run-02,anode,control,-55.44679348,-20.78034592,51.83997121,-48.29955498639587,-18.3164057128478,59.45358059982524,active,-7.147238493604128,-2.4639402071521985,-7.6136093898252355,10.72944860511074,P1,P1,a_baseline,109.04,0.0502,54.46,61.5,True,different_montage?+high_residual,50.84,control
sub-1177,ses-1,run-01,anode,target,76.67516304,-55.04387578,-12.44858146,75.98363350835302,-56.45221991369914,-5.738884786984216,active,0.6915295316469781,1.4083441336991385,-6.709696673015784,6.890694865972788,P1,P1,a_baseline,112.1,0.0519,41.5,46.54,True,,,target
sub-1177,ses-1,run-02,anode,target,76.73551241,-55.25253926,-12.20776404,75.98363350835302,-56.45221991369914,-5.738884786984216,active,0.7518789016469754,1.19968065369914,-6.468879253015785,6.6220053113615,P1,P1,a_baseline,113.54,0.0533,41.67,46.64,True,,,target
sub-1177,ses-2,run-01,anode,target,76.09435747,-56.92771542,-4.46573165,75.98363350835302,-56.45221991369914,-5.738884786984216,active,0.11072396164698262,-0.47549550630085946,1.2731531369842157,1.3635522294389248,P1,P1,a_baseline,115.11,0.057,40.43,46.2,True,,,target
sub-1177,ses-2,run-02,anode,target,76.5108661,-57.58238403,-4.23513246,75.98363350835302,-56.45221991369914,-5.738884786984216,active,0.5272325916469782,-1.130164116300861,1.5037523269842161,1.9535905907787692,P1,P1,a_baseline,114.23,0.0563,40.19,45.74,True,,,target
sub-1177,ses-3,run-01,anode,target,75.74195389,-57.09733052,-15.06988541,75.98363350835302,-56.45221991369914,-5.738884786984216,active,-0.2416796183530181,-0.6451106063008609,-9.331000623015782,9.356396173688353,P1,P1,a_baseline,112.13,0.0621,40.08,46.47,True,,,target
sub-1177,ses-3,run-02,anode,target,75.66306941,-57.48946755,-15.04173808,75.98363350835302,-56.45221991369914,-5.738884786984216,active,-0.32056409835301736,-1.0372476363008616,-9.302853293015783,9.365987582286195,P1,P1,a_baseline,112.28,0.0623,39.93,46.45,True,,,target
sub-1177,ses-4,run-01,anode,target,75.07170716,-59.36983301,-11.14940254,75.98363350835302,-56.45221991369914,-5.738884786984216,active,-0.9119263483530204,-2.9176130963008617,-5.410517753015784,6.214320413385984,P1,P1,a_baseline,113.05,0.0418,40.1,44.34,True,,,target
sub-1177,ses-4,run-02,anode,target,75.18387007,-59.79690349,-10.84799308,75.98363350835302,-56.45221991369914,-5.738884786984216,active,-0.7997634383530254,-3.3446835763008593,-5.109108293015784,6.158694450341373,P1,P1,a_baseline,113.77,0.0448,40.0,44.45,True,,,target
sub-1179,ses-1,run-01,anode,target,74.49005638,-51.13729335,-10.67152127,72.44981508724973,-52.68455588676917,-8.578607911493206,active,2.0402412927502667,1.5472625367691677,-2.0929133585067934,3.307097249333443,P1,P1,a_baseline,114.86,0.0946,37.08,46.13,True,,,target
sub-1179,ses-1,run-02,anode,target,74.75562002,-51.46499763,-10.32707437,72.44981508724973,-52.68455588676917,-8.578607911493206,active,2.305804932750263,1.2195582567691687,-1.748466458506794,3.140253761413652,P1,P1,a_baseline,113.83,0.0935,37.33,45.94,True,,,target
sub-1179,ses-2,run-01,anode,target,72.57923194,-53.80504683,-26.63684229,72.44981508724973,-52.68455588676917,-8.578607911493206,active,0.1294168527502677,-1.120490943230834,-18.058234378506796,18.09342636276288,P1,P1,a_baseline,110.18,0.0118,43.99,45.28,True,rigid_offset?+high_residual,45.79,target
sub-1179,ses-2,run-02,anode,target,73.11184618,-54.75392326,-26.97041971,72.44981508724973,-52.68455588676917,-8.578607911493206,active,0.6620310927502686,-2.0693673732308326,-18.391811798506794,18.519700530107233,P1,P1,a_baseline,110.91,0.0106,43.78,44.81,True,rigid_offset?+high_residual,45.72,target
sub-1179,ses-3,run-01,anode,target,73.07701814,-55.43009733,-12.54868038,72.44981508724973,-52.68455588676917,-8.578607911493206,active,0.627203052750275,-2.7455414432308345,-3.9700724685067943,4.867530882395401,P1,P1,a_baseline,115.72,0.0325,41.69,45.14,True,,,target
sub-1179,ses-3,run-02,anode,target,73.05104582,-56.28212392,-12.63563307,72.44981508724973,-52.68455588676917,-8.578607911493206,active,0.6012307327502668,-3.5975680332308286,-4.057025158506795,5.455586795614642,P1,P1,a_baseline,115.84,0.0322,41.72,45.14,True,,,target
sub-1179,ses-4,run-01,anode,target,74.18232004,-51.38735064,-6.37478051,72.44981508724973,-52.68455588676917,-8.578607911493206,active,1.7325049527502614,1.2972052467691668,2.203827401493206,3.0888784500400686,P1,P1,a_baseline,115.88,0.0307,43.49,46.57,True,,,target
sub-1179,ses-4,run-02,anode,target,74.19536627,-51.80370654,-6.63261532,72.44981508724973,-52.68455588676917,-8.578607911493206,active,1.7455511827502619,0.8808493467691676,1.945992591493206,2.758574209523998,P1,P1,a_baseline,115.58,0.0384,43.5,47.21,True,,,target
sub-1180,ses-1,run-01,anode,control,-57.49492825,-33.30640354,57.93490969,-49.92353246376056,-29.05310329328857,67.60351827574256,active,-7.571395786239442,-4.253300246711429,-9.668608585742561,12.996098996424067,P1,P1,a_baseline,106.87,0.0264,56.83,60.55,True,different_montage?+high_residual,53.05,control
sub-1180,ses-1,run-02,anode,control,-57.2172185,-34.01304427,58.53811626,-49.92353246376056,-29.05310329328857,67.60351827574256,active,-7.293686036239443,-4.959940976711433,-9.065402015742556,12.648335234121706,P1,P1,a_baseline,106.74,0.0327,56.23,60.87,True,different_montage?+high_residual,53.03,control
sub-1180,ses-2,run-01,anode,control,-48.28889324,-38.71539959,67.27245191,-49.92353246376056,-29.05310329328857,67.60351827574256,active,1.6346392237605585,-9.662296296711428,-0.3310663657425579,9.805183325967235,P1,P1,a_baseline,100.54,0.0191,56.87,59.47,True,different_montage?+high_residual,50.48,control
sub-1180,ses-2,run-02,anode,control,-48.54750935,-39.18745182,67.76537783,-49.92353246376056,-29.05310329328857,67.60351827574256,active,1.37602311376056,-10.134348526711431,0.1618595542574468,10.22861956403531,P1,P1,a_baseline,100.74,0.0143,57.23,59.27,True,different_montage?+high_residual,50.59,control
sub-1180,ses-3,run-01,anode,control,-45.95826663,-49.47729366,66.39543361,-49.92353246376056,-29.05310329328857,67.60351827574256,active,3.9652658337605615,-20.424190366711432,-1.208084665742561,20.840593893352928,P1,P1,a_baseline,111.2,0.0221,54.87,57.91,True,different_montage?+high_residual,55.25,control
sub-1180,ses-3,run-02,anode,control,-45.95534326,-49.962004,66.63201178,-49.92353246376056,-29.05310329328857,67.60351827574256,active,3.9681892037605593,-20.90890070671143,-0.9715064957425597,21.30428311845366,P1,P1,a_baseline,111.06,0.0257,54.47,58.01,True,different_montage?+high_residual,55.48,control
sub-1180,ses-4,run-02,anode,control,-54.71237312,-39.00211589,63.93723919,-49.92353246376056,-29.05310329328857,67.60351827574256,active,-4.788840656239444,-9.94901259671143,-3.666279085742559,11.634322017845639,P1,P1,a_baseline,54.6,0.4358,54.31,137.6,False,different_montage?+contralateral_baseline?+high_residual,71.8,control
sub-1182,ses-1,run-01,anode,target,68.15172948,-45.79658944,-14.89456703,69.09318540525976,-41.82997244427193,-10.129592358830616,active,-0.9414559252597599,-3.9666169957280673,-4.764974671169384,6.2709945994946645,P1,P1,a_baseline,117.84,0.015,44.26,45.83,True,,,target
sub-1182,ses-1,run-02,anode,target,67.90711802,-46.30001072,-14.63702663,69.09318540525976,-41.82997244427193,-10.129592358830616,active,-1.1860673852597614,-4.470038275728072,-4.507434271169384,6.457937885870628,P1,P1,a_baseline,117.27,0.01,44.73,45.78,True,,,target
sub-1182,ses-2,run-01,anode,target,67.20571117,-45.74396536,-15.8184502,69.09318540525976,-41.82997244427193,-10.129592358830616,active,-1.8874742352597593,-3.913992915728066,-5.6888578411693835,7.158561522413095,P1,P1,a_baseline,104.72,0.0453,41.24,46.08,True,,,target
sub-1182,ses-2,run-02,anode,target,67.71800679,-47.2234722,-15.86673172,69.09318540525976,-41.82997244427193,-10.129592358830616,active,-1.375178615259756,-5.393499755728072,-5.737139361169385,7.993480086194347,P1,P1,a_baseline,107.2,0.0478,40.46,45.28,True,,,target
sub-1182,ses-3,run-01,anode,target,69.34274754,-37.06236675,-15.30221192,69.09318540525976,-41.82997244427193,-10.129592358830616,active,0.2495621347402448,4.7676056942719285,-5.172619561169384,7.0390580648082715,P1,P1,a_baseline,116.09,0.0298,42.98,46.19,True,,,target
sub-1182,ses-3,run-02,anode,target,69.74802174,-37.35776151,-15.49441063,69.09318540525976,-41.82997244427193,-10.129592358830616,active,0.6548363347402386,4.472210934271928,-5.364818271169385,7.015037872213542,P1,P1,a_baseline,115.99,0.0296,43.16,46.23,True,,,target
sub-1182,ses-4,run-01,anode,target,66.93811766,-46.88534844,-25.46036864,69.09318540525976,-41.82997244427193,-10.129592358830616,active,-2.155067745259757,-5.05537599572807,-15.330776281169383,16.286001499082218,P1,P1,a_baseline,114.66,0.016,45.18,46.79,True,rigid_offset?+high_residual,42.29,target
sub-1182,ses-4,run-02,anode,target,65.24055972,-46.473803,-24.97285715,69.09318540525976,-41.82997244427193,-10.129592358830616,active,-3.852625685259767,-4.643830555728066,-14.843264791169384,16.022808635248865,P1,P1,a_baseline,112.9,0.024,45.01,47.38,True,rigid_offset?+high_residual,42.5,target
sub-1183,ses-1,run-01,anode,control,-36.75787323,-25.68901441,66.63567942,-33.46655931997077,-20.129632975334463,67.98543304318821,active,-3.2913139100292312,-5.559381434665536,-1.3497536231882066,6.600098789697426,P1,P1,a_baseline,98.22,0.0143,57.94,59.95,True,different_montage?+high_residual,51.54,control
sub-1183,ses-1,run-02,anode,control,-35.08260658,-26.21889874,65.44189192,-33.46655931997077,-20.129632975334463,67.98543304318821,active,-1.6160472600292266,-6.089265764665537,-2.5435411231882057,6.794142164006083,P1,P1,a_baseline,97.87,0.0131,57.5,59.24,True,different_montage?+high_residual,51.5,control
sub-1183,ses-2,run-01,anode,control,-36.84742566,-30.95196208,67.2013411,-33.46655931997077,-20.129632975334463,67.98543304318821,active,-3.380866340029229,-10.822329104665538,-0.7840919431882156,11.365204117577743,P1,P1,a_baseline,101.8,0.0472,55.44,62.24,True,different_montage?+high_residual,53.21,control
sub-1183,ses-2,run-02,anode,control,-36.74051034,-32.65410503,67.30349005,-33.46655931997077,-20.129632975334463,67.98543304318821,active,-3.27395102002923,-12.524472054665534,-0.6819429931882155,12.963263546484226,P1,P1,a_baseline,102.87,0.0477,55.51,62.39,True,different_montage?+high_residual,53.87,control
sub-1183,ses-3,run-01,anode,control,-41.07028918,-32.13914074,64.34716428,-33.46655931997077,-20.129632975334463,67.98543304318821,active,-7.603729860029233,-12.009507764665539,-3.638268763188208,14.672490726766641,P1,P1,a_baseline,105.83,0.0406,56.87,62.23,True,different_montage?+high_residual,53.26,control
sub-1183,ses-3,run-02,anode,control,-40.68749548,-32.48252302,63.50625298,-33.46655931997077,-20.129632975334463,67.98543304318821,active,-7.2209361600292326,-12.35289004466554,-4.47918006318821,14.993294018369594,P1,P1,a_baseline,105.93,0.0451,56.44,62.32,True,different_montage?+high_residual,53.53,control
sub-1183,ses-4,run-01,anode,control,-39.65932805,-28.46760176,65.06775137,-33.46655931997077,-20.129632975334463,67.98543304318821,active,-6.192768730029229,-8.337968784665538,-2.9176816731882127,10.78818679592373,P1,P1,a_baseline,106.85,0.0313,55.39,59.77,True,different_montage?+high_residual,50.64,control
sub-1183,ses-4,run-02,anode,control,-39.37208945,-29.1235458,65.6610397,-33.46655931997077,-20.129632975334463,67.98543304318821,active,-5.905530130029227,-8.993912824665536,-2.3243933431882056,11.007659080305125,P1,P1,a_baseline,107.63,0.0245,56.1,59.56,True,different_montage?+high_residual,50.71,control
sub-1184,ses-1,run-01,anode,target,66.70006231,-64.61460649,-48.57004229,71.68900257185373,-61.64942416121257,-25.757412983539897,active,-4.9889402618537275,-2.965182328787428,-22.812629306460106,23.539283911225098,P1,P1,a_baseline,100.4,0.0482,39.94,44.89,True,,,target
sub-1184,ses-1,run-02,anode,target,67.46718981,-64.45644983,-48.96135511,71.68900257185373,-61.64942416121257,-25.757412983539897,active,-4.221812761853741,-2.807025668787425,-23.203942126460102,23.751337358336105,P1,P1,a_baseline,101.81,0.0551,38.75,44.35,True,,,target
sub-1184,ses-2,run-01,anode,target,70.27166763,-59.98893795,-38.84986194,71.68900257185373,-61.64942416121257,-25.757412983539897,active,-1.4173349418537384,1.6604862112125716,-13.0924489564601,13.273216357482452,P1,P1,a_baseline,113.89,0.0912,38.8,48.16,True,rigid_offset?+high_residual,40.91,target
sub-1184,ses-2,run-02,anode,target,69.57675169,-60.02887964,-37.43627546,71.68900257185373,-61.64942416121257,-25.757412983539897,active,-2.1122508818537398,1.6205445212125724,-11.6788624764601,11.97846388637507,P1,P1,a_baseline,111.28,0.0968,39.55,49.01,True,rigid_offset?+high_residual,40.7,target
sub-1184,ses-3,run-01,anode,target,72.50412608,-53.07489527,-26.52585578,71.68900257185373,-61.64942416121257,-25.757412983539897,active,0.8151235081462715,8.574528891212573,-0.7684427964601035,8.647397086476555,P1,P1,a_baseline,114.36,0.0452,42.05,46.88,True,rigid_offset?+high_residual,44.97,target
sub-1184,ses-3,run-02,anode,target,72.40579664,-53.3578742,-26.48671679,71.68900257185373,-61.64942416121257,-25.757412983539897,active,0.716794068146271,8.291549961212574,-0.7293038064601021,8.354368829392866,P1,P1,a_baseline,113.5,0.0347,42.68,46.42,True,rigid_offset?+high_residual,45.34,target
sub-1184,ses-4,run-01,anode,target,68.62532931,-59.24349182,-43.05160702,71.68900257185373,-61.64942416121257,-25.757412983539897,active,-3.0636732618537366,2.4059323412125693,-17.2941940364601,17.727485768055836,P1,P1,a_baseline,102.95,0.025,40.66,43.14,True,rigid_offset?+high_residual,42.41,target
sub-1184,ses-4,run-02,anode,target,69.3857143,-59.31572914,-43.66187581,71.68900257185373,-61.64942416121257,-25.757412983539897,active,-2.303288271853731,2.33369502121257,-17.9044628264601,18.20222674343397,P1,P1,a_baseline,100.44,0.0256,40.42,42.87,True,rigid_offset?+high_residual,42.29,target
sub-1186,ses-1,run-01,anode,target,72.23782526,-58.64781115,-6.66779385,70.9909595219897,-56.20458962113568,-6.592473594556264,active,1.2468657380102997,-2.4432215288643206,-0.075320255443736,2.744026010920849,P1,P1,a_baseline,114.53,0.0431,40.96,45.34,True,,,target
sub-1186,ses-1,run-02,anode,target,72.22427816,-59.04766059,-6.96091848,70.9909595219897,-56.20458962113568,-6.592473594556264,active,1.233318638010303,-2.8430709688643176,-0.3684448854437363,3.120877926236835,P1,P1,a_baseline,114.32,0.0367,41.59,45.26,True,,,target
sub-1186,ses-2,run-01,anode,target,72.78634377,-52.75422647,-20.30591549,70.9909595219897,-56.20458962113568,-6.592473594556264,active,1.7953842480103077,3.450363151135683,-13.713441895443736,14.25436421214324,P1,P1,a_baseline,114.42,0.0126,42.85,44.18,True,,,target
sub-1186,ses-2,run-02,anode,target,72.83894685,-53.90738704,-19.94457787,70.9909595219897,-56.20458962113568,-6.592473594556264,active,1.847987328010305,2.2972025811356787,-13.352104275443736,13.67372975619988,P1,P1,a_baseline,115.14,0.0071,43.3,44.06,True,,,target
sub-1186,ses-3,run-01,anode,target,71.50374659,-58.3466238,-9.86391134,70.9909595219897,-56.20458962113568,-6.592473594556264,active,0.5127870680103115,-2.1420341788643213,-3.271437745443736,3.9438009486858676,P1,P1,a_baseline,115.4,0.038,41.81,45.89,True,,,target
sub-1186,ses-3,run-02,anode,target,71.50533661,-58.91191717,-9.74651505,70.9909595219897,-56.20458962113568,-6.592473594556264,active,0.5143770880103062,-2.7073275488643205,-3.1540414554437355,4.188339020204464,P1,P1,a_baseline,115.07,0.033,42.21,45.77,True,,,target
sub-1186,ses-4,run-01,anode,target,71.60593592,-59.27718228,-13.76932774,70.9909595219897,-56.20458962113568,-6.592473594556264,active,0.6149763980102989,-3.072592658864316,-7.176854145443736,7.831108289532813,P1,P1,a_baseline,116.46,0.0277,42.27,45.24,True,,,target
sub-1186,ses-4,run-02,anode,target,71.97228547,-59.60643004,-13.35373799,70.9909595219897,-56.20458962113568,-6.592473594556264,active,0.9813259480103085,-3.4018404188643174,-6.761264395443737,7.632182851370403,P1,P1,a_baseline,117.27,0.0288,42.48,45.58,True,,,target
sub-1187,ses-1,run-01,anode,target,69.90232595,-61.35633444,-30.7432916,70.49588484056373,-62.12687696068394,-18.186426043773665,active,-0.5935588905637275,0.7705425206839394,-12.556865556226334,12.594479764162253,P1,P1,a_baseline,112.04,0.0372,41.77,45.25,True,rigid_offset?+high_residual,41.62,target
sub-1187,ses-1,run-02,anode,target,69.17810261,-60.85847086,-30.35355865,70.49588484056373,-62.12687696068394,-18.186426043773665,active,-1.3177822305637363,1.26840610068394,-12.167132606226335,12.303841672458965,P1,P1,a_baseline,111.7,0.0314,41.61,44.54,True,rigid_offset?+high_residual,41.45,target
sub-1187,ses-2,run-01,anode,target,66.98233121,-69.45425618,-21.63104789,70.49588484056373,-62.12687696068394,-18.186426043773665,active,-3.5135536305637345,-7.3273792193160645,-3.4446218462263367,8.826152332812539,P1,P1,a_baseline,114.37,0.0459,41.03,45.9,True,,,target
sub-1187,ses-2,run-02,anode,target,66.90163271,-69.94422755,-21.66194847,70.49588484056373,-62.12687696068394,-18.186426043773665,active,-3.5942521305637314,-7.817350589316057,-3.475522426226334,9.279486771882603,P1,P1,a_baseline,115.38,0.0409,41.48,45.86,True,,,target
sub-1187,ses-3,run-01,anode,target,72.55740493,-56.00430434,-24.8243949,70.49588484056373,-62.12687696068394,-18.186426043773665,active,2.0615200894362715,6.12257262068394,-6.637968856226337,9.262742094592115,P1,P1,a_baseline,115.71,0.0369,40.56,44.02,True,,,target
sub-1187,ses-3,run-02,anode,target,72.81085784,-56.26149164,-24.99428296,70.49588484056373,-62.12687696068394,-18.186426043773665,active,2.3149729994362644,5.865385320683934,-6.807856916226335,9.27948062878652,P1,P1,a_baseline,116.34,0.0332,40.56,43.87,True,,,target
sub-1187,ses-4,run-01,anode,target,69.4340281,-62.55656379,-28.12032267,70.49588484056373,-62.12687696068394,-18.186426043773665,active,-1.0618567405637265,-0.4296868293160614,-9.933896626226336,9.999723630646963,P1,P1,a_baseline,116.23,0.0706,40.31,47.75,True,,,target
sub-1187,ses-4,run-02,anode,target,69.01264713,-62.40804747,-29.0739738,70.49588484056373,-62.12687696068394,-18.186426043773665,active,-1.4832377105637278,-0.2811705093160626,-10.887547756226336,10.991712655699134,P1,P1,a_baseline,116.48,0.0575,41.05,47.05,True,,,target
sub-1188,ses-1,run-01,anode,target,73.9323908,-55.15370055,-3.51929323,74.45742532381033,-55.73255852180514,-13.832858214126531,active,-0.5250345238103336,0.5788579718051352,10.31356498412653,10.34313107741152,P1,P1,a_baseline,105.09,0.0344,41.31,44.53,True,,,target
sub-1188,ses-1,run-02,anode,target,74.0145609,-55.3394613,-3.92820443,74.45742532381033,-55.73255852180514,-13.832858214126531,active,-0.4428644238103203,0.3930972218051352,9.90465378412653,9.922339487594636,P1,P1,a_baseline,104.81,0.0332,41.53,44.72,True,,,target
sub-1188,ses-2,run-01,anode,target,73.68319172,-59.22473389,-21.05302332,74.45742532381033,-55.73255852180514,-13.832858214126531,active,-0.7742336038103304,-3.4921753681948644,-7.22016510587347,8.057636789504036,P1,P1,a_baseline,110.16,0.0252,42.4,45.09,True,,,target
sub-1188,ses-2,run-02,anode,target,74.20471643,-59.60783573,-21.42668781,74.45742532381033,-55.73255852180514,-13.832858214126531,active,-0.2527088938103219,-3.875277208194859,-7.593829595873469,8.529236962151375,P1,P1,a_baseline,109.65,0.0221,42.74,45.12,True,,,target
sub-1188,ses-3,run-01,anode,target,74.53161314,-53.73866334,-21.94101895,74.45742532381033,-55.73255852180514,-13.832858214126531,active,0.07418781618967785,1.9938951818051365,-8.108160735873469,8.35005343377256,P1,P1,a_baseline,108.94,0.0449,41.12,45.83,True,,,target
sub-1188,ses-3,run-02,anode,target,74.83163042,-53.84211186,-22.61755532,74.45742532381033,-55.73255852180514,-13.832858214126531,active,0.37420509618966946,1.8904466618051359,-8.78469710587347,8.993593346215194,P1,P1,a_baseline,108.78,0.0408,41.17,45.41,True,,,target
sub-1188,ses-4,run-01,anode,target,73.78179832,-57.45627501,-13.83578976,74.45742532381033,-55.73255852180514,-13.832858214126531,active,-0.6756270038103338,-1.7237164881948601,-0.0029315458734693323,1.8513991935597678,P1,P1,a_baseline,112.14,0.0131,43.16,44.55,True,,,target
sub-1188,ses-4,run-02,anode,target,73.69656293,-57.57408081,-15.1411267,74.45742532381033,-55.73255852180514,-13.832858214126531,active,-0.7608623938103278,-1.8415222881948594,-1.3082684858734677,2.3836279809070184,P1,P1,a_baseline,113.6,0.0071,43.84,44.51,True,,,target
sub-1189,ses-1,run-01,anode,target,74.60067678,-54.77686246,-11.82509011,72.47165579964133,-55.73451181312191,-15.124662205528134,active,2.129020980358675,0.9576493531219157,3.2995720955281342,4.041905321989885,P1,P1,a_baseline,106.85,0.022,41.5,43.75,True,,,target
sub-1189,ses-1,run-02,anode,target,75.10414973,-55.61839383,-11.93946824,72.47165579964133,-55.73451181312191,-15.124662205528134,active,2.6324939303586774,0.11611798312191013,3.185193965528134,4.133880534971519,P1,P1,a_baseline,107.17,0.0257,41.33,43.73,True,,,target
sub-1189,ses-4,run-01,anode,target,76.98583653,-48.89285001,-16.0016281,72.47165579964133,-55.73451181312191,-15.124662205528134,active,4.5141807303586745,6.841661803121916,-0.8769658944718675,8.243496410789893,P1,P1,a_baseline,112.46,0.0601,39.57,45.14,True,,,target
sub-1189,ses-4,run-02,anode,target,77.6147103,-49.44338557,-15.43077545,72.47165579964133,-55.73451181312191,-15.124662205528134,active,5.143054500358673,6.291126243121916,-0.3061132444718666,8.131604043422058,P1,P1,a_baseline,112.41,0.066,39.05,45.38,True,,,target
sub-1191,ses-1,run-01,anode,target,76.58106003,-50.65540693,-5.17742864,76.42814421269803,-46.87969726095904,-10.02494982286409,active,0.1529158173019738,-3.775709669040957,4.84752118286409,6.146367087181384,P1,P1,a_baseline,109.9,0.0389,40.83,44.31,True,,,target
sub-1191,ses-1,run-02,anode,target,77.26932108,-51.25293511,-5.91758584,76.42814421269803,-46.87969726095904,-10.02494982286409,active,0.841176867301968,-4.373237849040962,4.107363982864089,6.05831880096265,P1,P1,a_baseline,110.01,0.043,40.66,44.94,True,,,target
sub-1191,ses-2,run-01,anode,target,76.88714883,-49.95839675,-0.14405141,76.42814421269803,-46.87969726095904,-10.02494982286409,active,0.4590046173019715,-3.0786994890409574,9.88089841286409,10.359595997328547,P1,P1,a_baseline,114.93,0.0362,41.3,44.88,True,,,target
sub-1191,ses-2,run-02,anode,target,77.09747367,-50.97726054,-0.45172702,76.42814421269803,-46.87969726095904,-10.02494982286409,active,0.6693294573019699,-4.097563279040962,9.57322280286409,10.434779421791054,P1,P1,a_baseline,114.5,0.0349,41.4,45.07,True,,,target
sub-1191,ses-3,run-01,anode,target,77.22707514,-46.74804368,-8.16544963,76.42814421269803,-46.87969726095904,-10.02494982286409,active,0.7989309273019671,0.13165358095903912,1.8595001928640897,2.028143056897246,P1,P1,a_baseline,116.75,0.0015,43.62,43.78,True,,,target
sub-1191,ses-3,run-02,anode,target,76.39233615,-46.7808375,-9.26094133,76.42814421269803,-46.87969726095904,-10.02494982286409,active,-0.035808062698023946,0.09885976095904425,0.7640084928640896,0.7712097294896652,P1,P1,a_baseline,116.39,0.0065,43.23,43.83,True,,,target
sub-1191,ses-4,run-01,anode,target,75.78407343,-50.51946538,-3.33560731,76.42814421269803,-46.87969726095904,-10.02494982286409,active,-0.644070782698023,-3.6397681190409585,6.689342512864089,7.6426462948328995,P1,P1,a_baseline,112.86,0.0079,43.89,44.75,True,,,target
sub-1191,ses-4,run-02,anode,target,76.03927982,-51.25994612,-3.00511621,76.42814421269803,-46.87969726095904,-10.02494982286409,active,-0.3888643926980251,-4.380248859040961,7.019833612864089,8.283469051993526,P1,P1,a_baseline,113.14,0.0147,43.7,45.29,True,,,target
sub-1192,ses-1,run-01,anode,target,74.65489686,-53.28443475,-30.41985381,75.13029403556403,-48.9142742672696,-21.59345252097403,active,-0.4753971755640407,-4.370160482730405,-8.82640128902597,9.860510373924466,P1,P1,a_baseline,107.74,0.049,41.18,46.39,True,,,target
sub-1192,ses-1,run-02,anode,target,74.66069669,-54.10408425,-30.46493728,75.13029403556403,-48.9142742672696,-21.59345252097403,active,-0.46959734556403987,-5.189809982730402,-8.871484759025972,10.288726410661283,P1,P1,a_baseline,108.64,0.0414,41.87,46.19,True,,,target
sub-1192,ses-2,run-01,anode,target,75.48366224,-44.21541679,-33.79037432,75.13029403556403,-48.9142742672696,-21.59345252097403,active,0.3533682044359665,4.698857477269598,-12.196921799025969,13.075512687889281,P1,P1,a_baseline,115.54,0.0142,43.64,45.16,True,rigid_offset?+high_residual,41.2,target
sub-1192,ses-2,run-02,anode,target,75.4412485,-44.52618374,-33.59709502,75.13029403556403,-48.9142742672696,-21.59345252097403,active,0.31095446443596586,4.388090527269597,-12.003642499025968,12.784344504075609,P1,P1,a_baseline,115.34,0.0124,43.87,45.12,True,rigid_offset?+high_residual,41.13,target
sub-1192,ses-3,run-01,anode,target,77.0041072,-39.02370608,-31.04679755,75.13029403556403,-48.9142742672696,-21.59345252097403,active,1.8738131644359726,9.8905681872696,-9.453345029025972,13.809426022831401,P1,P1,a_baseline,116.46,0.0466,40.4,44.78,True,rigid_offset?+high_residual,43.37,target
sub-1192,ses-3,run-02,anode,target,76.45249118,-39.86291923,-30.69738052,75.13029403556403,-48.9142742672696,-21.59345252097403,active,1.322197144435961,9.051355037269595,-9.10392799902597,12.905686278184097,P1,P1,a_baseline,116.7,0.0556,39.76,45.43,True,rigid_offset?+high_residual,42.81,target
sub-1192,ses-4,run-01,anode,target,74.59833453,-41.89013926,-40.91656473,75.13029403556403,-48.9142742672696,-21.59345252097403,active,-0.531959505564032,7.024135007269599,-19.323112209025968,20.567063936267584,P1,P1,a_baseline,114.85,0.0185,43.49,45.5,True,rigid_offset?+high_residual,43.63,target
sub-1192,ses-4,run-02,anode,target,74.55117686,-41.6935053,-41.4977792,75.13029403556403,-48.9142742672696,-21.59345252097403,active,-0.5791171755640363,7.220768967269599,-19.904326679025967,21.181527370024614,P1,P1,a_baseline,114.09,0.0223,43.17,45.51,True,rigid_offset?+high_residual,43.94,target
sub-1193,ses-1,run-01,anode,control,-61.07653491,-32.05804372,46.10832603,-54.878799600486666,-31.32820823720017,52.25187520677186,active,-6.197735309513334,-0.7298354827998317,-6.143549176771856,8.757155890250907,P1,P1,a_baseline,103.63,0.0652,51.32,59.33,True,different_montage?+high_residual,51.94,control
sub-1193,ses-1,run-02,anode,control,-59.96324059,-30.73721238,41.21311395,-54.878799600486666,-31.32820823720017,52.25187520677186,active,-5.0844409895133325,0.5909958572001699,-11.038761256771856,12.167788063698286,P1,P1,a_baseline,103.74,0.0483,52.98,59.6,True,different_montage?+high_residual,52.8,control
sub-1193,ses-2,run-01,anode,control,-56.73373619,-29.48098833,51.34460905,-54.878799600486666,-31.32820823720017,52.25187520677186,active,-1.8549365895133363,1.84721990720017,-0.9072661567718541,2.770585320089519,P1,P1,a_baseline,106.85,0.0539,52.93,60.25,True,different_montage?+high_residual,47.63,control
sub-1193,ses-2,run-02,anode,control,-57.61464709,-29.81115892,51.98775815,-54.878799600486666,-31.32820823720017,52.25187520677186,active,-2.7358474895133327,1.5170493172001684,-0.2641170567718589,3.1394359264638183,P1,P1,a_baseline,105.09,0.0476,52.63,59.14,True,different_montage?+high_residual,47.79,control
sub-1193,ses-3,run-01,anode,control,-56.72411764,-38.4382912,50.98957199,-54.878799600486666,-31.32820823720017,52.25187520677186,active,-1.8453180395133373,-7.110082962799833,-1.2623032167718549,7.453313881484019,P1,P1,a_baseline,108.64,0.0604,52.02,59.76,True,different_montage?+high_residual,48.99,control
sub-1193,ses-3,run-02,anode,control,-57.02104482,-38.89965204,50.69662911,-54.878799600486666,-31.32820823720017,52.25187520677186,active,-2.1422452195133346,-7.5714438027998305,-1.555246096771853,8.020895602176093,P1,P1,a_baseline,108.26,0.0635,51.61,60.05,True,different_montage?+high_residual,49.35,control
sub-1193,ses-4,run-01,anode,control,-60.02331753,-30.15388417,46.7691393,-54.878799600486666,-31.32820823720017,52.25187520677186,active,-5.144517929513334,1.1743240672001676,-5.4827359067718575,7.609566003741286,P1,P1,a_baseline,105.13,0.0564,54.56,62.54,True,different_montage?+high_residual,50.39,control
sub-1193,ses-4,run-02,anode,control,-59.80943754,-30.91211366,46.47080231,-54.878799600486666,-31.32820823720017,52.25187520677186,active,-4.930637939513332,0.4160945772001696,-5.781072896771853,7.609541972125114,P1,P1,a_baseline,104.46,0.0571,54.72,62.76,True,different_montage?+high_residual,50.29,control
sub-1194,ses-1,run-01,anode,target,77.9284058,-43.98560508,-30.7647534,76.7192180685094,-47.00306326146847,-20.7115719168688,active,1.2091877314905872,3.01745818146847,-10.053181483131201,10.56568250420532,P1,P1,a_baseline,115.52,0.0219,42.81,45.09,True,,,target
sub-1194,ses-1,run-02,anode,target,77.99677606,-44.14806214,-30.91448785,76.7192180685094,-47.00306326146847,-20.7115719168688,active,1.2775579914905961,2.8550011214684687,-10.202915933131202,10.671582795618944,P1,P1,a_baseline,116.17,0.0064,43.29,43.93,True,,,target
sub-1194,ses-2,run-01,anode,target,78.69480259,-43.48031678,-21.46972893,76.7192180685094,-47.00306326146847,-20.7115719168688,active,1.975584521490589,3.5227464814684666,-0.7581570131311999,4.10943779984704,P1,P1,a_baseline,115.86,0.0251,42.15,44.75,True,,,target
sub-1194,ses-2,run-02,anode,target,78.71531487,-43.93649753,-21.14584607,76.7192180685094,-47.00306326146847,-20.7115719168688,active,1.9960968014905944,3.0665657314684722,-0.4342741531312022,3.684673915886665,P1,P1,a_baseline,115.96,0.0137,42.97,44.44,True,,,target
sub-1194,ses-3,run-01,anode,target,75.70303561,-45.4402629,-39.06240403,76.7192180685094,-47.00306326146847,-20.7115719168688,active,-1.0161824585094053,1.5628003614684687,-18.350832113131204,18.44527069476389,P1,P1,a_baseline,114.48,0.0194,43.61,45.53,True,rigid_offset?+high_residual,44.29,target
sub-1194,ses-3,run-02,anode,target,75.42478781,-45.6350785,-39.15729511,76.7192180685094,-47.00306326146847,-20.7115719168688,active,-1.2944302585094078,1.3679847614684704,-18.4457231931312,18.541619026378818,P1,P1,a_baseline,111.71,0.0252,43.24,45.88,True,rigid_offset?+high_residual,43.97,target
sub-1194,ses-4,run-01,anode,target,75.59611466,-43.19740489,-39.79195871,76.7192180685094,-47.00306326146847,-20.7115719168688,active,-1.123103408509408,3.8056583714684677,-19.080386793131204,19.488600695843434,P1,P1,a_baseline,112.46,0.0061,43.94,44.6,True,rigid_offset?+high_residual,45.31,target
sub-1194,ses-4,run-02,anode,target,76.35959385,-44.39979156,-38.85263625,76.7192180685094,-47.00306326146847,-20.7115719168688,active,-0.35962421850940984,2.603271701468472,-18.141064333131204,18.33042738915299,P1,P1,a_baseline,114.58,0.0152,42.95,44.57,True,rigid_offset?+high_residual,45.05,target
sub-1195,ses-1,run-01,anode,target,77.10365351,-56.22718484,-18.90402342,76.23709743991952,-53.132252314657855,-1.681475750185987,active,0.8665560700804775,-3.094932525342145,-17.222547669814013,17.519865153534433,P1,P1,a_baseline,113.29,0.0541,39.93,45.02,True,,,target
sub-1195,ses-1,run-02,anode,target,77.29516027,-57.46314064,-18.18477419,76.23709743991952,-53.132252314657855,-1.681475750185987,active,1.0580628300804733,-4.330888325342144,-16.50329843981401,17.094880813639804,P1,P1,a_baseline,114.45,0.0587,39.52,45.38,True,,,target
sub-1195,ses-2,run-01,anode,target,79.03439734,-46.25634151,1.06039945,76.23709743991952,-53.132252314657855,-1.681475750185987,active,2.797299900080475,6.875910804657856,2.741875200185987,7.913337837979358,P1,P1,a_baseline,107.55,0.047,41.27,46.24,True,,,target
sub-1195,ses-2,run-02,anode,target,79.34111868,-46.76458211,0.31997075,76.23709743991952,-53.132252314657855,-1.681475750185987,active,3.1040212400804705,6.3676702046578555,2.001446500185987,7.36124716248985,P1,P1,a_baseline,108.98,0.0572,40.55,46.66,True,,,target
sub-1195,ses-3,run-01,anode,target,76.81606218,-51.71940813,-19.48824086,76.23709743991952,-53.132252314657855,-1.681475750185987,active,0.5789647400804796,1.4128441846578568,-17.806765109814016,17.872107109584693,P1,P1,a_baseline,106.34,0.1134,40.6,52.19,True,,,target
sub-1195,ses-3,run-02,anode,target,76.98087849,-52.19378064,-19.94187016,76.23709743991952,-53.132252314657855,-1.681475750185987,active,0.7437810500804716,0.9384716746578547,-18.260394409814012,18.29961593412716,P1,P1,a_baseline,107.42,0.1098,40.83,52.01,True,,,target
sub-1195,ses-4,run-01,anode,target,75.70959008,-53.97853726,-25.94470225,76.23709743991952,-53.132252314657855,-1.681475750185987,active,-0.5275073599195252,-0.8462849453421484,-24.26322649981401,24.283711050923806,P1,P1,a_baseline,108.58,0.0878,37.79,46.41,True,,,target
sub-1195,ses-4,run-02,anode,target,75.04535274,-54.38331158,-25.57222322,76.23709743991952,-53.132252314657855,-1.681475750185987,active,-1.191744699919525,-1.2510592653421426,-23.890747469814016,23.953146335744904,P1,P1,a_baseline,109.95,0.0732,37.99,45.31,True,,,target
sub-1196,ses-1,run-01,anode,target,71.68405535,-58.36395007,-24.80931134,71.0384545854846,-58.2993312989594,-17.310015933056032,active,0.6456007645153932,-0.06461877104059965,-7.499295406943968,7.527310776985667,P1,P1,a_baseline,115.63,0.0606,40.21,46.66,True,,,target
sub-1196,ses-1,run-02,anode,target,71.57326633,-59.2483636,-24.41628604,71.0384545854846,-58.2993312989594,-17.310015933056032,active,0.5348117445153946,-0.9490323010405959,-7.106270106943967,7.189280961496457,P1,P1,a_baseline,115.49,0.0585,40.43,46.64,True,,,target
sub-1196,ses-2,run-01,anode,target,70.71778479,-59.2914986,-26.31874115,71.0384545854846,-58.2993312989594,-17.310015933056032,active,-0.32066979548460495,-0.9921673010405954,-9.008725216943969,9.068867355154802,P1,P1,a_baseline,114.04,0.0142,43.29,44.8,True,,,target
sub-1196,ses-2,run-02,anode,target,70.62536165,-60.55551422,-25.54680157,71.0384545854846,-58.2993312989594,-17.310015933056032,active,-0.4130929354845989,-2.2561829210405975,-8.236785636943967,8.550183903022731,P1,P1,a_baseline,114.02,0.0079,43.66,44.51,True,,,target
sub-1196,ses-3,run-01,anode,target,71.52525896,-53.25283122,-17.10038578,71.0384545854846,-58.2993312989594,-17.310015933056032,active,0.48680437451540115,5.046500078959404,0.2096301530560325,5.0742572212152295,P1,P1,a_baseline,112.27,0.0465,40.91,45.74,True,,,target
sub-1196,ses-3,run-02,anode,target,71.68333999,-53.72280369,-16.79281078,71.0384545854846,-58.2993312989594,-17.310015933056032,active,0.6448854045153922,4.5765276089594025,0.5172051530560324,4.650589565944554,P1,P1,a_baseline,112.42,0.0561,40.28,46.05,True,,,target
sub-1196,ses-4,run-01,anode,target,69.8631586,-57.78954988,-32.19051827,71.0384545854846,-58.2993312989594,-17.310015933056032,active,-1.1752959854845955,0.509781418959399,-14.880502336943966,14.93554644291287,P1,P1,a_baseline,110.57,0.0464,40.82,45.74,True,rigid_offset?+high_residual,42.13,target
sub-1196,ses-4,run-02,anode,target,70.44577565,-58.42191581,-31.87152308,71.0384545854846,-58.2993312989594,-17.310015933056032,active,-0.5926789354845994,-0.12258451104059986,-14.561507146943967,14.574079239300659,P1,P1,a_baseline,112.29,0.0361,41.93,45.68,True,rigid_offset?+high_residual,42.22,target
sub-1197,ses-1,run-01,anode,control,-55.01638775,-47.92109548,59.21478355,-49.10877384140756,-44.162738911860366,65.75558344669274,active,-5.907613908592438,-3.7583565681396323,-6.540799896692739,9.581607875239358,P1,P1,a_baseline,112.19,0.08,51.23,62.34,True,different_montage?+high_residual,51.32,control
sub-1197,ses-1,run-02,anode,control,-55.26282488,-48.21907815,59.45552548,-49.10877384140756,-44.162738911860366,65.75558344669274,active,-6.154051038592435,-4.0563392381396355,-6.300057966692741,9.696234453856844,P1,P1,a_baseline,112.0,0.0772,51.35,61.95,True,different_montage?+high_residual,51.3,control
sub-1197,ses-2,run-01,anode,control,-50.01168758,-43.50497796,65.45103349,-49.10877384140756,-44.162738911860366,65.75558344669274,active,-0.9029137385924386,0.657760951860368,-0.304549956692739,1.157865866693021,P1,P1,a_baseline,106.55,0.0287,55.12,59.07,True,different_montage?+high_residual,46.04,control
sub-1197,ses-2,run-02,anode,control,-50.40408055,-43.81516116,65.69887639,-49.10877384140756,-44.162738911860366,65.75558344669274,active,-1.2953067085924417,0.34757775186036355,-0.05670705669274412,1.3423283701060793,P1,P1,a_baseline,106.91,0.0276,55.15,58.75,True,different_montage?+high_residual,46.16,control
sub-1197,ses-3,run-01,anode,control,-53.86255235,-47.89827798,60.14019889,-49.10877384140756,-44.162738911860366,65.75558344669274,active,-4.75377850859244,-3.735539068139637,-5.615384556692739,8.251376003909664,P1,P1,a_baseline,106.04,0.0625,53.81,62.53,True,different_montage?+high_residual,50.47,control
sub-1197,ses-3,run-02,anode,control,-53.74045774,-48.46439317,60.08122884,-49.10877384140756,-44.162738911860366,65.75558344669274,active,-4.631683898592435,-4.301654258139635,-5.674354606692738,8.494411415486441,P1,P1,a_baseline,105.95,0.0574,53.98,62.08,True,different_montage?+high_residual,50.55,control
sub-1197,ses-4,run-01,anode,control,-54.71550164,-48.63679404,57.93370097,-49.10877384140756,-44.162738911860366,65.75558344669274,active,-5.606727798592438,-4.474055128139632,-7.821882476692743,10.612936039397145,P1,P1,a_baseline,110.24,0.0233,56.81,60.02,True,different_montage?+high_residual,50.78,control
sub-1197,ses-4,run-02,anode,control,-54.67796228,-49.02143911,57.93843564,-49.10877384140756,-44.162738911860366,65.75558344669274,active,-5.569188438592441,-4.858700198139637,-7.817147806692738,10.757817032820132,P1,P1,a_baseline,110.47,0.0257,56.8,60.36,True,different_montage?+high_residual,50.95,control
sub-1198,ses-1,run-01,anode,control,-54.06722905,-23.05488315,56.31764622,-50.72324047326324,-24.35230198045407,58.87478976102386,active,-3.3439885767367628,1.2974188304540704,-2.557143541023862,4.405058264355061,P1,P1,a_baseline,105.88,0.0284,55.57,59.56,True,different_montage?+high_residual,47.64,control
sub-1198,ses-1,run-02,anode,control,-52.44416688,-25.60219558,54.67120882,-50.72324047326324,-24.35230198045407,58.87478976102386,active,-1.7209264067367585,-1.2498935995459313,-4.203580941023866,4.711041756907793,P1,P1,a_baseline,108.17,0.0286,55.78,59.68,True,different_montage?+high_residual,47.72,control
sub-1199,ses-1,run-01,anode,target,72.60811479,-63.81625442,-12.08714374,72.07415748194221,-66.7200299021492,-3.38360421577684,active,0.5339573080577935,2.903775482149193,-8.70353952422316,9.190681297231116,P1,P1,a_baseline,112.07,0.0838,37.83,46.49,True,,,target
sub-1199,ses-1,run-02,anode,target,72.88345374,-63.48233719,-12.64534488,72.07415748194221,-66.7200299021492,-3.38360421577684,active,0.8092962580577847,3.2376927121491903,-9.26174066422316,9.84466630531148,P1,P1,a_baseline,113.32,0.0884,36.91,45.8,True,,,target
sub-1199,ses-2,run-01,anode,target,69.41251351,-69.04183414,-25.48380783,72.07415748194221,-66.7200299021492,-3.38360421577684,active,-2.661643971942212,-2.321804237850813,-22.10020361422316,22.38066405052363,P1,P1,a_baseline,107.71,0.0505,40.09,45.27,True,,,target
sub-1199,ses-2,run-02,anode,target,69.54294097,-68.8802832,-25.03869507,72.07415748194221,-66.7200299021492,-3.38360421577684,active,-2.5312165119422048,-2.160253297850801,-21.65509085422316,21.909283677150736,P1,P1,a_baseline,108.49,0.0474,40.3,45.18,True,,,target
sub-1199,ses-3,run-01,anode,target,73.31445221,-60.71224051,-10.45521338,72.07415748194221,-66.7200299021492,-3.38360421577684,active,1.2402947280577905,6.007789392149192,-7.07160916422316,9.361598184305567,P1,P1,a_baseline,116.06,0.0521,40.51,46.02,True,,,target
sub-1199,ses-3,run-02,anode,target,73.37784857,-61.67812516,-10.05493704,72.07415748194221,-66.7200299021492,-3.38360421577684,active,1.3036910880577892,5.0419047421491925,-6.67133282422316,8.46327924232358,P1,P1,a_baseline,116.87,0.0363,41.64,45.46,True,,,target
sub-1199,ses-4,run-01,anode,target,74.09642285,-59.95531619,-8.48679397,72.07415748194221,-66.7200299021492,-3.38360421577684,active,2.022265368057788,6.764713712149195,-5.103189754223161,8.711684939998317,P1,P1,a_baseline,111.97,0.0003,44.5,44.53,True,rigid_offset?+high_residual,40.83,target
sub-1199,ses-4,run-02,anode,target,74.08434328,-60.31175257,-7.88461339,72.07415748194221,-66.7200299021492,-3.38360421577684,active,2.0101857980577904,6.40827733214919,-4.50100917422316,8.084921081549988,P1,P1,a_baseline,111.45,0.0077,43.78,44.54,True,rigid_offset?+high_residual,40.34,target
sub-1200,ses-1,run-01,anode,target,76.54363988,-51.81406068,-39.65099372,74.96727018100584,-51.93780489211944,-34.770029086684204,active,1.5763696989941565,0.12374421211944053,-4.8809646333157986,5.130698764263949,P1,P1,a_baseline,107.02,0.0271,43.7,46.26,True,rigid_offset?+high_residual,40.17,target
sub-1200,ses-1,run-02,anode,target,76.30472147,-51.49365609,-38.92131488,74.96727018100584,-51.93780489211944,-34.770029086684204,active,1.3374512889941599,0.44414880211943597,-4.151285793315793,4.3839728382646035,P1,P1,a_baseline,106.83,0.0232,43.95,46.15,True,,,target
sub-1200,ses-2,run-01,anode,target,75.14430709,-52.95096287,-47.32836841,74.96727018100584,-51.93780489211944,-34.770029086684204,active,0.17703690899415392,-1.0131579778805602,-12.5583393233158,12.600385617703497,P1,P1,a_baseline,112.7,0.0475,40.67,45.69,True,,,target
sub-1200,ses-2,run-02,anode,target,76.01447513,-53.75885855,-46.68021247,74.96727018100584,-51.93780489211944,-34.770029086684204,active,1.0472049489941497,-1.8210536578805616,-11.910183383315797,12.094020954764785,P1,P1,a_baseline,115.96,0.0408,41.37,45.7,True,,,target
sub-1200,ses-3,run-01,anode,target,75.22359961,-51.66818952,-39.42742008,74.96727018100584,-51.93780489211944,-34.770029086684204,active,0.25632942899414957,0.2696153721194392,-4.6573909933157935,4.6722251754031126,P1,P1,a_baseline,114.34,0.0179,42.98,44.84,True,,,target
sub-1200,ses-3,run-02,anode,target,75.20004873,-51.51861693,-39.31148853,74.96727018100584,-51.93780489211944,-34.770029086684204,active,0.23277854899416184,0.41918796211943743,-4.541459443315794,4.566701027628136,P1,P1,a_baseline,114.25,0.0098,43.46,44.47,True,,,target
sub-1200,ses-4,run-01,anode,target,77.67741368,-49.6529956,-26.20256013,74.96727018100584,-51.93780489211944,-34.770029086684204,active,2.7101434989941566,2.2848092921194407,8.567468956684205,9.271825904871337,P1,P1,a_baseline,117.54,0.03,41.76,44.95,True,,,target
sub-1200,ses-4,run-02,anode,target,77.99404884,-49.80009332,-26.63200285,74.96727018100584,-51.93780489211944,-34.770029086684204,active,3.0267786589941608,2.1377115721194357,8.138026236684205,8.941961241532884,P1,P1,a_baseline,116.77,0.0398,41.22,45.44,True,,,target
sub-1201,ses-2,run-01,anode,control,-53.15068585,-26.99671828,72.31323691,-47.9125872513167,-29.450648269166862,75.63364234202074,active,-5.238098598683301,2.4539299891668627,-3.320405432020735,6.669673271926688,P1,P1,a_baseline,101.44,0.0241,56.67,59.67,True,different_montage?+high_residual,50.66,control
sub-1201,ses-2,run-02,anode,control,-52.2981085,-30.48216659,75.45682856,-47.9125872513167,-29.450648269166862,75.63364234202074,active,-4.385521248683297,-1.0315183208331362,-0.17681378202073006,4.50866829367382,P1,P1,a_baseline,102.28,0.0245,56.51,59.88,True,different_montage?+high_residual,49.97,control
sub-1201,ses-3,run-01,anode,control,-59.83425771,-36.19680352,65.50519733,-47.9125872513167,-29.450648269166862,75.63364234202074,active,-11.921670458683302,-6.746155250833141,-10.128445012020734,17.03591017689731,P1,P1,a_baseline,99.99,0.0006,57.89,57.97,True,different_montage?+high_residual,55.47,control
sub-1201,ses-3,run-02,anode,control,-59.45692326,-37.05445799,65.73932015,-47.9125872513167,-29.450648269166862,75.63364234202074,active,-11.544336008683302,-7.603809720833141,-9.894322192020738,16.99962434265924,P1,P1,a_baseline,99.36,0.0048,57.85,58.53,True,different_montage?+high_residual,55.76,control
sub-1201,ses-4,run-01,anode,control,-55.47804605,-28.68900086,70.16650804,-47.9125872513167,-29.450648269166862,75.63364234202074,active,-7.565458798683302,0.7616474091668621,-5.467134302020739,9.365139138677918,P1,P1,a_baseline,103.35,0.022,55.89,58.95,True,different_montage?+high_residual,51.1,control
sub-1201,ses-4,run-02,anode,control,-55.19513825,-30.8846591,72.18520573,-47.9125872513167,-29.450648269166862,75.63364234202074,active,-7.282550998683298,-1.434010830833138,-3.4484366120207284,8.184354047723916,P1,P1,a_baseline,103.97,0.0163,56.48,58.77,True,different_montage?+high_residual,50.49,control
sub-1202,ses-1,run-01,anode,control,-57.00717782,-36.9756877,56.55540034,-42.8432474209786,-25.658473036034465,67.1727649531331,active,-14.163930399021403,-11.317214663965537,-10.617364613133098,21.010109552946414,P1,P1,a_baseline,106.3,0.0053,58.41,59.18,True,different_montage?+high_residual,56.26,control
sub-1202,ses-1,run-02,anode,control,-56.84561395,-37.50662508,56.94584068,-42.8432474209786,-25.658473036034465,67.1727649531331,active,-14.002366529021401,-11.848152043965534,-10.226924273133093,21.00083225394609,P1,P1,a_baseline,105.95,0.0104,57.84,59.33,True,different_montage?+high_residual,56.36,control
sub-1202,ses-2,run-01,anode,control,-56.71314381,-34.31119631,55.56291783,-42.8432474209786,-25.658473036034465,67.1727649531331,active,-13.869896389021399,-8.652723273965535,-11.609847123133093,20.05074053795858,P1,P1,a_baseline,106.98,0.0122,56.73,58.45,True,rigid_offset?+high_residual,67.99,control
sub-1202,ses-2,run-02,anode,control,-56.50428732,-34.57610102,55.6916653,-42.8432474209786,-25.658473036034465,67.1727649531331,active,-13.661039899021404,-8.917627983965538,-11.4810996531331,19.94902877907175,P1,P1,a_baseline,108.65,0.0167,56.41,58.57,True,rigid_offset?+high_residual,67.7,control
sub-1202,ses-3,run-01,anode,control,-50.84254821,-37.30456084,60.24017419,-42.8432474209786,-25.658473036034465,67.1727649531331,active,-7.999300789021397,-11.646087803965536,-6.932590763133099,15.737883877446531,P1,P1,a_baseline,103.93,0.0409,55.14,60.46,True,different_montage?+high_residual,53.84,control
sub-1202,ses-3,run-02,anode,control,-51.26951978,-37.51617191,60.69642218,-42.8432474209786,-25.658473036034465,67.1727649531331,active,-8.426272359021404,-11.857698873965532,-6.476342773133098,15.923256707381341,P1,P1,a_baseline,106.1,0.0324,56.07,60.55,True,different_montage?+high_residual,53.37,control
sub-1202,ses-4,run-01,anode,control,-53.44738773,-33.86822628,58.81085522,-42.8432474209786,-25.658473036034465,67.1727649531331,active,-10.604140309021403,-8.209753243965537,-8.361909733133096,15.804093596447764,P1,P1,a_baseline,108.01,0.0241,55.05,58.08,True,rigid_offset?+high_residual,68.41,control
sub-1202,ses-4,run-02,anode,control,-52.87490395,-34.11731898,58.53736506,-42.8432474209786,-25.658473036034465,67.1727649531331,active,-10.031656529021397,-8.458845943965535,-8.635399893133098,15.708479835245768,P1,P1,a_baseline,108.15,0.018,55.61,57.82,True,rigid_offset?+high_residual,68.49,control
sub-1203,ses-1,run-01,anode,target,74.88156862,-59.5489532,-7.82863644,74.05481820069633,-55.9319876879956,-10.764849455311523,active,0.8267504193036643,-3.6169655120043984,2.936213015311523,4.73152223308026,P1,P1,a_baseline,104.91,0.0651,38.42,44.95,True,,,target
sub-1203,ses-1,run-02,anode,target,75.2145482,-59.71803198,-9.17982158,74.05481820069633,-55.9319876879956,-10.764849455311523,active,1.1597299993036643,-3.786044292004398,1.585027875311523,4.2651399060076,P1,P1,a_baseline,105.08,0.0657,38.46,45.15,True,,,target
sub-1203,ses-2,run-01,anode,target,76.68668763,-52.82500046,-12.67814971,74.05481820069633,-55.9319876879956,-10.764849455311523,active,2.631869429303663,3.106987227995603,-1.913300254688476,4.498980350304053,P1,P1,a_baseline,115.79,0.023,42.03,44.47,True,,,target
sub-1203,ses-2,run-02,anode,target,76.81908007,-54.34654868,-14.20055159,74.05481820069633,-55.9319876879956,-10.764849455311523,active,2.7642618693036667,1.5854390079956033,-3.4357021346884764,4.6860228006768425,P1,P1,a_baseline,115.33,0.0274,42.06,44.94,True,,,target
sub-1203,ses-3,run-01,anode,target,76.52068658,-49.52236516,-8.74788342,74.05481820069633,-55.9319876879956,-10.764849455311523,active,2.4658683793036715,6.409622527995602,2.0169660353115226,7.157647644515531,P1,P1,a_baseline,117.05,0.0146,43.85,45.37,True,,,target
sub-1203,ses-3,run-02,anode,target,76.50026871,-50.01313466,-8.85339714,74.05481820069633,-55.9319876879956,-10.764849455311523,active,2.4454505093036687,5.918853027995603,1.9114523153115233,6.683314994385351,P1,P1,a_baseline,115.76,0.0194,43.69,45.65,True,,,target
sub-1203,ses-4,run-01,anode,target,75.25830645,-57.97194378,-6.31564008,74.05481820069633,-55.9319876879956,-10.764849455311523,active,1.2034882493036747,-2.0399560920043953,4.449209375311524,5.040363963929374,P1,P1,a_baseline,111.57,0.0462,41.57,46.41,True,,,target
sub-1203,ses-4,run-02,anode,target,73.58546739,-57.51491825,-5.56191674,74.05481820069633,-55.9319876879956,-10.764849455311523,active,-0.46935081069632645,-1.5829305620043996,5.2029327153115235,5.458614127018671,P1,P1,a_baseline,112.68,0.0494,42.37,47.21,True,,,target
sub-1204,ses-1,run-01,anode,control,-51.86172704,-42.5400326,55.56857521,-48.1966180475029,-33.86196342126053,59.0214609169396,active,-3.665108992497096,-8.67806917873947,-3.452885706939604,10.03316143112722,P1,P1,a_baseline,109.05,0.0514,56.32,63.55,True,different_montage?+high_residual,51.23,control
sub-1204,ses-1,run-02,anode,control,-51.78125357,-43.06353002,55.86272527,-48.1966180475029,-33.86196342126053,59.0214609169396,active,-3.584635522497095,-9.201566598739468,-3.158735646939604,10.368030217328304,P1,P1,a_baseline,108.87,0.0511,56.38,63.5,True,different_montage?+high_residual,51.4,control
sub-1204,ses-2,run-01,anode,control,-54.39868847,-17.92169679,53.39404345,-48.1966180475029,-33.86196342126053,59.0214609169396,active,-6.202070422497101,15.940266631260535,-5.627417466939605,18.006265719146445,P1,P1,a_baseline,102.92,0.0193,56.53,59.18,True,different_montage?+high_residual,55.85,control
sub-1204,ses-2,run-02,anode,control,-54.04900904,-18.90549525,52.70495152,-48.1966180475029,-33.86196342126053,59.0214609169396,active,-5.852390992497099,14.956468171260532,-6.316509396939601,17.258178103398308,P1,P1,a_baseline,103.22,0.0175,56.41,58.82,True,different_montage?+high_residual,55.31,control
sub-1204,ses-3,run-01,anode,control,-53.09544149,-30.03933613,55.66548914,-48.1966180475029,-33.86196342126053,59.0214609169396,active,-4.898823442497097,3.8226272912605346,-3.3559717769396045,7.062117040680091,P1,P1,a_baseline,106.73,0.0496,55.15,62.1,True,different_montage?+high_residual,49.92,control
sub-1204,ses-3,run-02,anode,control,-52.97224209,-30.61003511,55.21102903,-48.1966180475029,-33.86196342126053,59.0214609169396,active,-4.7756240424971,3.251928311260535,-3.810431886939604,6.9210558372158975,P1,P1,a_baseline,105.97,0.0504,55.08,62.0,True,different_montage?+high_residual,49.92,control
sub-1204,ses-4,run-01,anode,control,-57.11454004,-47.55138946,48.04031663,-48.1966180475029,-33.86196342126053,59.0214609169396,active,-8.9179219924971,-13.68942603873947,-10.981144286939603,19.68540697534516,P1,P1,a_baseline,108.79,0.0431,55.6,61.6,True,different_montage?+high_residual,56.14,control
sub-1204,ses-4,run-02,anode,control,-57.11777029,-48.86278161,47.70294724,-48.1966180475029,-33.86196342126053,59.0214609169396,active,-8.9211522424971,-15.000818188739466,-11.318513676939602,20.80192912978257,P1,P1,a_baseline,109.67,0.0441,55.52,61.65,True,different_montage?+high_residual,56.56,control
sub-1205,ses-1,run-01,anode,control,-50.46062013,-2.53353983,68.22753414,-42.33144333187073,-14.354373297581668,75.3199026937184,active,-8.129176798129272,11.820833467581668,-7.092368553718401,16.003665548408456,P1,P1,a_baseline,106.47,0.0127,56.77,58.39,True,different_montage?+high_residual,53.91,control
sub-1205,ses-1,run-02,anode,control,-50.02188297,-4.02114893,69.13484578,-42.33144333187073,-14.354373297581668,75.3199026937184,active,-7.69043963812927,10.333224367581668,-6.185056913718398,14.288922866487493,P1,P1,a_baseline,107.03,0.0168,56.63,59.02,True,different_montage?+high_residual,53.19,control
sub-1205,ses-2,run-01,anode,control,-41.94805293,-10.86188747,76.38090709,-42.33144333187073,-14.354373297581668,75.3199026937184,active,0.38339040187072726,3.4924858275816693,1.0610043962815894,3.670173808559245,P1,P1,a_baseline,100.39,0.016,56.01,58.25,True,different_montage?+high_residual,48.09,control
sub-1205,ses-2,run-02,anode,control,-41.95292056,-11.86888603,76.78211691,-42.33144333187073,-14.354373297581668,75.3199026937184,active,0.3785227718707276,2.485487267581668,1.4622142162815948,2.908435466093632,P1,P1,a_baseline,100.55,0.0173,55.96,58.37,True,different_montage?+high_residual,47.84,control
sub-1205,ses-3,run-01,anode,control,-60.42905293,-24.43502413,58.41447594,-42.33144333187073,-14.354373297581668,75.3199026937184,active,-18.097609598129267,-10.08065083241833,-16.9054267537184,26.738295534621777,P1,P1,a_baseline,102.24,0.0689,49.14,57.64,True,different_montage?+high_residual,59.86,control
sub-1205,ses-3,run-02,anode,control,-59.71074537,-25.39521154,57.42184642,-42.33144333187073,-14.354373297581668,75.3199026937184,active,-17.379302038129268,-11.04083824241833,-17.898056273718403,27.281507781003633,P1,P1,a_baseline,101.4,0.0667,49.36,57.6,True,different_montage?+high_residual,59.98,control
sub-1205,ses-4,run-01,anode,control,-56.29031874,-19.00630322,64.20153171,-42.33144333187073,-14.354373297581668,75.3199026937184,active,-13.958875408129266,-4.651929922418331,-11.118370983718407,18.442039691811708,P1,P1,a_baseline,105.19,0.0484,54.63,61.39,True,different_montage?+high_residual,56.17,control
sub-1205,ses-4,run-02,anode,control,-55.42538194,-20.76352641,63.54232041,-42.33144333187073,-14.354373297581668,75.3199026937184,active,-13.093938608129271,-6.409153112418332,-11.777582283718402,18.74139579491446,P1,P1,a_baseline,106.07,0.0482,54.17,60.87,True,different_montage?+high_residual,55.89,control
sub-1207,ses-1,run-01,anode,target,77.1547783,-50.06913222,-26.94691641,76.58054073516736,-54.328219872611605,-23.4231898819358,active,0.574237564832643,4.259087652611605,-3.5237265280641985,5.557537679411353,P1,P1,a_baseline,114.08,0.0329,42.44,45.9,True,,,target
sub-1207,ses-1,run-02,anode,target,77.44175724,-50.4447226,-27.53562489,76.58054073516736,-54.328219872611605,-23.4231898819358,active,0.8612165048326403,3.8834972726116064,-4.1124350080642,5.721482904818464,P1,P1,a_baseline,113.22,0.031,42.7,45.92,True,,,target
sub-1207,ses-2,run-01,anode,target,77.52965108,-42.09929723,-33.21859222,76.58054073516736,-54.328219872611605,-23.4231898819358,active,0.9491103448326328,12.228922642611607,-9.795402338064196,15.697046423139632,P1,P1,a_baseline,110.78,0.0066,43.94,44.61,True,,,target
sub-1207,ses-2,run-02,anode,target,77.50852232,-42.20601535,-32.87293915,76.58054073516736,-54.328219872611605,-23.4231898819358,active,0.9279815848326365,12.122204522611604,-9.449749268064199,15.398271121755638,P1,P1,a_baseline,110.1,0.0038,44.1,44.46,True,,,target
sub-1207,ses-3,run-01,anode,target,76.40258087,-52.76536712,-28.26823887,76.58054073516736,-54.328219872611605,-23.4231898819358,active,-0.17795986516736662,1.5628527526116045,-4.8450489880642,5.093984504952679,P1,P1,a_baseline,115.87,0.038,40.95,44.95,True,,,target
sub-1207,ses-3,run-02,anode,target,77.26323352,-52.5533332,-28.45785933,76.58054073516736,-54.328219872611605,-23.4231898819358,active,0.6826927848326392,1.7748866726116077,-5.0346694480642,5.381838774094587,P1,P1,a_baseline,113.5,0.037,42.32,45.92,True,,,target
sub-1207,ses-4,run-01,anode,target,77.42002467,-46.72523694,-34.01669112,76.58054073516736,-54.328219872611605,-23.4231898819358,active,0.8394839348326428,7.602982932611603,-10.593501238064196,13.066459016554298,P1,P1,a_baseline,110.51,0.0224,43.36,45.61,True,,,target
sub-1207,ses-4,run-02,anode,target,76.60787956,-47.38270944,-33.6432516,76.58054073516736,-54.328219872611605,-23.4231898819358,active,0.02733882483263983,6.945510432611606,-10.220061718064198,12.356800722755919,P1,P1,a_baseline,110.9,0.0317,42.76,45.98,True,,,target
sub-1209,ses-1,run-01,anode,target,75.54259477,-51.46104632,-17.2534075,74.28332324652314,-54.43844916090901,-23.866805562353637,active,1.2592715234768548,2.977402840909008,6.613398062353635,7.361231308553995,P1,P1,a_baseline,115.34,0.0498,39.88,45.05,True,,,target
sub-1209,ses-1,run-02,anode,target,74.6493068,-52.6668309,-17.14120399,74.28332324652314,-54.43844916090901,-23.866805562353637,active,0.36598355347686606,1.7716182609090083,6.725601572353636,6.964645844107761,P1,P1,a_baseline,114.67,0.054,39.82,45.02,True,,,target
sub-1209,ses-2,run-01,anode,target,72.27408109,-56.27518588,-35.79791554,74.28332324652314,-54.43844916090901,-23.866805562353637,active,-2.0092421565231433,-1.8367367190909931,-11.931109977646361,12.237730227354232,P1,P1,a_baseline,106.15,0.0424,41.02,45.47,True,,,target
sub-1209,ses-2,run-02,anode,target,74.58137979,-60.32839796,-38.11072964,74.28332324652314,-54.43844916090901,-23.866805562353637,active,0.2980565434768607,-5.889948799090988,-14.243924077646366,15.416540068665752,P1,P1,a_baseline,104.07,0.0277,43.13,45.78,True,,,target
sub-1209,ses-3,run-01,anode,target,74.9317526,-46.58570859,-32.93635741,74.28332324652314,-54.43844916090901,-23.866805562353637,active,0.6484293534768568,7.852740570909006,-9.069551847646363,12.014273420294558,P1,P1,a_baseline,110.73,0.037,42.87,46.8,True,,,target
sub-1209,ses-3,run-02,anode,target,74.7258992,-46.87517984,-33.04367508,74.28332324652314,-54.43844916090901,-23.866805562353637,active,0.4425759534768616,7.563269320909008,-9.176869517646363,11.900161782056005,P1,P1,a_baseline,111.22,0.0363,42.99,46.93,True,,,target
sub-1209,ses-4,run-01,anode,target,74.72227908,-47.23745598,-25.73314883,74.28332324652314,-54.43844916090901,-23.866805562353637,active,0.43895583347686795,7.200993180909009,-1.8663432676463643,7.451860318600338,P1,P1,a_baseline,106.53,0.0185,41.98,43.86,True,,,target
sub-1209,ses-4,run-02,anode,target,73.84589893,-48.42033003,-28.83371895,74.28332324652314,-54.43844916090901,-23.866805562353637,active,-0.43742431652313485,6.018119130909007,-4.966913387646365,7.815326385179278,P1,P1,a_baseline,107.29,0.0349,41.99,45.55,True,,,target
sub-1210,ses-1,run-01,anode,control,-53.08824059,-27.81203812,59.90285626,-47.69974817255993,-23.173240169411237,63.550693517735226,active,-5.3884924174400695,-4.6387979505887635,-3.647837257735226,7.991308629887654,P1,P1,a_baseline,107.66,0.0426,54.89,60.86,True,different_montage?+high_residual,49.07,control
sub-1210,ses-1,run-02,anode,control,-52.38814681,-29.46573548,61.72725231,-47.69974817255993,-23.173240169411237,63.550693517735226,active,-4.6883986374400735,-6.292495310588762,-1.8234412077352289,8.05614776772363,P1,P1,a_baseline,108.66,0.0274,55.98,59.69,True,different_montage?+high_residual,49.54,control
sub-1210,ses-2,run-01,anode,control,-53.78605077,-27.22586139,60.20879143,-47.69974817255993,-23.173240169411237,63.550693517735226,active,-6.086302597440074,-4.052621220588762,-3.341902087735228,8.03959747930089,P1,P1,a_baseline,102.86,0.0286,56.36,60.28,True,different_montage?+high_residual,49.47,control
sub-1210,ses-2,run-02,anode,control,-54.29752789,-28.33869792,60.82309892,-47.69974817255993,-23.173240169411237,63.550693517735226,active,-6.597779717440069,-5.165457750588764,-2.7275945977352265,8.812061238017781,P1,P1,a_baseline,103.46,0.0391,55.54,60.88,True,different_montage?+high_residual,49.83,control
sub-1210,ses-3,run-01,anode,control,-59.39024724,-26.19888892,52.76982015,-47.69974817255993,-23.173240169411237,63.550693517735226,active,-11.690499067440072,-3.025648750588765,-10.780873367735225,16.187944569305245,P1,P1,a_baseline,106.77,0.0289,55.7,59.74,True,different_montage?+high_residual,52.1,control
sub-1210,ses-3,run-02,anode,control,-59.37617218,-26.78245396,53.10803113,-47.69974817255993,-23.173240169411237,63.550693517735226,active,-11.676424007440069,-3.6092137905887647,-10.442662387735226,16.075276032837472,P1,P1,a_baseline,106.67,0.0233,56.11,59.36,True,different_montage?+high_residual,52.03,control
sub-1210,ses-4,run-01,anode,control,-58.95447153,-26.34990065,54.67071642,-47.69974817255993,-23.173240169411237,63.550693517735226,active,-11.25472335744007,-3.1766604805887617,-8.879977097735228,14.683799335245073,P1,P1,a_baseline,104.34,0.037,55.92,61.18,True,different_montage?+high_residual,50.97,control
sub-1210,ses-4,run-02,anode,control,-59.70932329,-27.32104197,53.07416713,-47.69974817255993,-23.173240169411237,63.550693517735226,active,-12.009575117440072,-4.147801800588763,-10.476526387735227,16.467900881148015,P1,P1,a_baseline,104.05,0.0221,56.52,59.62,True,different_montage?+high_residual,51.86,control
sub-1211,ses-1,run-01,anode,control,-54.70281255,-13.79436383,54.71634456,-49.401712152204105,-26.219978236116933,59.76687593078094,active,-5.301100397795892,12.425614406116933,-5.050531370780938,14.422393210707257,P1,P1,a_baseline,108.15,0.0364,55.36,60.02,True,different_montage?+high_residual,54.19,control
sub-1211,ses-1,run-02,anode,control,-53.47652642,-16.36255038,55.45100513,-49.401712152204105,-26.219978236116933,59.76687593078094,active,-4.074814267795894,9.857427856116935,-4.315870800780942,11.506508420220994,P1,P1,a_baseline,109.47,0.0401,55.18,60.3,True,different_montage?+high_residual,52.49,control
sub-1211,ses-2,run-01,anode,control,-48.06084736,-28.56507984,60.38970621,-49.401712152204105,-26.219978236116933,59.76687593078094,active,1.3408647922041084,-2.345101603883066,0.622830279219059,2.7722441234890525,P1,P1,a_baseline,105.07,0.0292,57.06,60.88,True,different_montage?+high_residual,47.7,control
sub-1211,ses-2,run-02,anode,control,-48.75345842,-29.11255245,61.34240204,-49.401712152204105,-26.219978236116933,59.76687593078094,active,0.648253732204104,-2.8925742138830657,1.5755261092190622,3.357007745741547,P1,P1,a_baseline,106.47,0.0352,55.63,60.41,True,different_montage?+high_residual,47.44,control
sub-1211,ses-3,run-01,anode,control,-54.70616639,-28.43968572,55.0067633,-49.401712152204105,-26.219978236116933,59.76687593078094,active,-5.304454237795895,-2.2197074838830666,-4.760112630780938,7.464784546964336,P1,P1,a_baseline,107.38,0.0117,57.87,59.37,True,different_montage?+high_residual,49.78,control
sub-1211,ses-3,run-02,anode,control,-55.32031456,-29.69676451,56.89607252,-49.401712152204105,-26.219978236116933,59.76687593078094,active,-5.918602407795895,-3.476786273883068,-2.870803410780944,7.4403904117445725,P1,P1,a_baseline,106.55,0.0113,58.1,59.66,True,different_montage?+high_residual,50.18,control
sub-1211,ses-4,run-01,anode,control,-55.29652421,-32.08837297,54.13098566,-49.401712152204105,-26.219978236116933,59.76687593078094,active,-5.894812057795896,-5.868394733883068,-5.635890270780941,10.047393945381343,P1,P1,a_baseline,108.66,0.0372,55.54,60.79,True,different_montage?+high_residual,53.52,control
sub-1211,ses-4,run-02,anode,control,-55.54831498,-33.02255204,55.69148775,-49.401712152204105,-26.219978236116933,59.76687593078094,active,-6.1466028277958955,-6.802573803883067,-4.075388180780941,10.033171258579893,P1,P1,a_baseline,105.34,0.0476,55.15,61.98,True,different_montage?+high_residual,54.18,control
sub-1215,ses-1,run-01,anode,target,68.6573013,-59.72471782,-15.05110828,67.44944375238724,-60.37198649934007,-5.7920239961872335,active,1.207857547612761,0.6472686793400655,-9.259084283812765,9.359942220619116,P1,P1,a_baseline,106.59,0.0193,42.21,44.11,True,,,target
sub-1215,ses-1,run-02,anode,target,68.6078984,-60.33702432,-14.6829198,67.44944375238724,-60.37198649934007,-5.7920239961872335,active,1.158454647612757,0.034962179340070065,-8.890895803812768,8.96611776181951,P1,P1,a_baseline,103.72,0.0232,42.23,44.48,True,,,target
sub-1215,ses-2,run-01,anode,target,68.61152837,-57.39475133,-9.22370996,67.44944375238724,-60.37198649934007,-5.7920239961872335,active,1.1620846176127628,2.9772351693400694,-3.4316859638127672,4.689439035351366,P1,P1,a_baseline,112.77,0.0351,41.15,44.66,True,,,target
sub-1215,ses-2,run-02,anode,target,68.7585725,-57.61564694,-8.98871863,67.44944375238724,-60.37198649934007,-5.7920239961872335,active,1.3091287476127604,2.75633955934007,-3.1966946338127658,4.419285284529218,P1,P1,a_baseline,113.78,0.0353,41.14,44.86,True,,,target
sub-1215,ses-3,run-01,anode,target,72.16715802,-51.39670388,-15.54234943,67.44944375238724,-60.37198649934007,-5.7920239961872335,active,4.717714267612763,8.97528261934007,-9.750325433812765,14.067031388076202,P1,P1,a_baseline,114.54,0.0491,39.82,44.85,True,,,target
sub-1215,ses-3,run-02,anode,target,72.15789417,-51.93865695,-14.93833923,67.44944375238724,-60.37198649934007,-5.7920239961872335,active,4.708450417612767,8.433329549340066,-9.146315233812768,13.30209137613953,P1,P1,a_baseline,115.07,0.0573,39.6,45.54,True,,,target
sub-1215,ses-4,run-01,anode,target,71.25171729,-51.60391715,-9.14914925,67.44944375238724,-60.37198649934007,-5.7920239961872335,active,3.8022735376127628,8.768069349340067,-3.357125253812767,10.129492294259098,P1,P1,a_baseline,110.56,0.0431,40.29,44.78,True,,,target
sub-1215,ses-4,run-02,anode,target,71.03352192,-52.11482993,-8.96641609,67.44944375238724,-60.37198649934007,-5.7920239961872335,active,3.584078167612759,8.257156569340069,-3.1743920938127657,9.544789997030593,P1,P1,a_baseline,110.09,0.0508,39.84,45.11,True,,,target
sub-1218,ses-1,run-01,anode,control,-56.4351276,-40.13626661,49.3551692,-48.69046173652399,-42.5904869120828,60.42303750072074,active,-7.744665863476008,2.4542203020828026,-11.06786830072074,13.729557725948238,P1,P1,a_baseline,104.03,0.029,56.54,60.38,True,different_montage?+high_residual,53.63,control
sub-1218,ses-1,run-02,anode,control,-55.33210988,-41.12746242,47.76363524,-48.69046173652399,-42.5904869120828,60.42303750072074,active,-6.641648143476004,1.463024492082802,-12.65940226072074,14.370539180034749,P1,P1,a_baseline,105.12,0.0507,53.91,60.78,True,different_montage?+high_residual,54.07,control
sub-1218,ses-2,run-01,anode,control,-54.97490061,-42.72706121,51.70013021,-48.69046173652399,-42.5904869120828,60.42303750072074,active,-6.284438873476006,-0.13657429791719977,-8.722907290720741,10.751834080556536,P1,P1,a_baseline,101.51,0.0371,55.49,60.64,True,different_montage?+high_residual,52.62,control
sub-1218,ses-2,run-02,anode,control,-54.37929229,-43.75587967,50.83631784,-48.69046173652399,-42.5904869120828,60.42303750072074,active,-5.688830553476009,-1.1653927579171963,-9.586719660720739,11.208306169962416,P1,P1,a_baseline,101.06,0.0429,54.41,60.43,True,different_montage?+high_residual,52.98,control
sub-1218,ses-3,run-01,anode,control,-54.58737243,-36.36068527,52.48350541,-48.69046173652399,-42.5904869120828,60.42303750072074,active,-5.896910693476009,6.229801642082805,-7.939532090720739,11.688462432934186,P1,P1,a_baseline,100.5,0.0129,57.79,59.46,True,different_montage?+high_residual,52.74,control
sub-1218,ses-3,run-02,anode,control,-53.22914308,-37.09649744,51.86145064,-48.69046173652399,-42.5904869120828,60.42303750072074,active,-4.538681343476007,5.493989472082802,-8.561586860720737,11.13931408259233,P1,P1,a_baseline,101.19,0.0202,56.45,59.26,True,different_montage?+high_residual,52.46,control
sub-1218,ses-4,run-01,anode,control,-53.87948758,-38.71371724,53.23174422,-48.69046173652399,-42.5904869120828,60.42303750072074,active,-5.18902584347601,3.8767696720828013,-7.1912932807207355,9.678327920874665,P1,P1,a_baseline,103.96,0.0585,54.15,61.97,True,different_montage?+high_residual,51.96,control
sub-1218,ses-4,run-02,anode,control,-53.42729696,-39.50320553,52.87812178,-48.69046173652399,-42.5904869120828,60.42303750072074,active,-4.736835223476007,3.0872813820828,-7.544915720720738,9.428396867935557,P1,P1,a_baseline,104.31,0.0637,53.29,62.08,True,different_montage?+high_residual,51.91,control
sub-1219,ses-1,run-01,anode,target,67.83532451,-57.8921125,-4.92024844,67.22619222756093,-61.49334357297761,-2.9217804476574067,active,0.6091322824390772,3.6012310729776047,-1.9984679923425932,4.163385845067294,P1,P1,a_baseline,116.78,0.0621,39.4,45.89,True,,,target
sub-1219,ses-1,run-02,anode,target,67.77114672,-58.47080433,-4.38629228,67.22619222756093,-61.49334357297761,-2.9217804476574067,active,0.544954492439075,3.022539242977608,-1.4645118323425934,3.402574581289974,P1,P1,a_baseline,115.69,0.0701,39.17,46.54,True,,,target
sub-1219,ses-2,run-01,anode,target,68.06717948,-61.54252492,-7.05534994,67.22619222756093,-61.49334357297761,-2.9217804476574067,active,0.8409872524390636,-0.0491813470223903,-4.133569492342593,4.218539452427267,P1,P1,a_baseline,112.38,0.0278,42.23,45.19,True,,,target
sub-1219,ses-2,run-02,anode,target,68.75362276,-63.15417084,-8.03931107,67.22619222756093,-61.49334357297761,-2.9217804476574067,active,1.5274305324390696,-1.6608272670223911,-5.117530622342594,5.592898256979679,P1,P1,a_baseline,112.54,0.0424,41.01,45.37,True,,,target
sub-1219,ses-3,run-01,anode,target,68.25863773,-58.44808506,-12.42781077,67.22619222756093,-61.49334357297761,-2.9217804476574067,active,1.0324455024390744,3.045258512977611,-9.506030322342594,10.035146018651952,P1,P1,a_baseline,106.87,0.0573,41.21,47.38,True,,,target
sub-1219,ses-3,run-02,anode,target,68.06914036,-58.48435413,-11.82187834,67.22619222756093,-61.49334357297761,-2.9217804476574067,active,0.8429481324390764,3.008989442977608,-8.900097892342593,9.432726091391306,P1,P1,a_baseline,105.78,0.0648,41.66,48.39,True,,,target
sub-1219,ses-4,run-01,anode,target,68.53346137,-59.13069991,-11.04724055,67.22619222756093,-61.49334357297761,-2.9217804476574067,active,1.3072691424390683,2.362643662977611,-8.125460102342593,8.56236763773566,P1,P1,a_baseline,108.34,0.0222,41.89,44.09,True,,,target
sub-1219,ses-4,run-02,anode,target,68.65158529,-59.47870566,-10.9155913,67.22619222756093,-61.49334357297761,-2.9217804476574067,active,1.4253930624390705,2.014637912977605,-7.993810852342595,8.366093667051931,P1,P1,a_baseline,108.51,0.034,41.26,44.51,True,,,target
sub-1221,ses-2,run-01,anode,control,-50.31533638,-56.4961752,64.71232471,-48.6918498589545,-18.240086753161364,77.1742729909389,active,-1.6234865210454998,-38.25608844683864,-12.461948280938898,40.26740824405208,P1,P1,a_baseline,105.85,0.032,56.57,61.08,True,different_montage?+high_residual,68.69,control
sub-1221,ses-2,run-02,anode,control,-50.23619591,-56.85459497,64.51876757,-48.6918498589545,-18.240086753161364,77.1742729909389,active,-1.5443460510455012,-38.61450821683864,-12.655505420938908,40.664813623243035,P1,P1,a_baseline,105.78,0.035,56.07,61.04,True,different_montage?+high_residual,68.97,control
sub-1222,ses-1,run-01,anode,target,69.69252294,-62.75414676,-33.76585211,74.22118737256291,-54.31042986336304,-16.02298950918117,active,-4.5286644325629055,-8.443716896636957,-17.742862600818828,20.1646802564496,P1,P1,a_baseline,106.12,0.0207,43.67,45.71,True,,,target
sub-1222,ses-1,run-02,anode,target,70.41942411,-63.87864184,-34.97443919,74.22118737256291,-54.31042986336304,-16.02298950918117,active,-3.8017632625629147,-9.56821197663696,-18.95144968081883,21.567603699508208,P1,P1,a_baseline,106.79,0.0181,43.18,45.11,True,,,target
sub-1222,ses-2,run-01,anode,target,72.89440299,-56.25814966,-27.04030434,74.22118737256291,-54.31042986336304,-16.02298950918117,active,-1.3267843825629058,-1.9477197966369602,-11.01731483081883,11.266552058434065,P1,P1,a_baseline,110.69,0.0585,40.73,47.01,True,,,target
sub-1222,ses-2,run-02,anode,target,72.83071192,-58.00593673,-27.15427104,74.22118737256291,-54.31042986336304,-16.02298950918117,active,-1.3904754525629102,-3.6955068666369613,-11.131281530818832,11.810826453042539,P1,P1,a_baseline,110.42,0.0585,40.71,46.99,True,,,target
sub-1222,ses-3,run-01,anode,target,70.84964213,-60.89690125,-37.6411961,74.22118737256291,-54.31042986336304,-16.02298950918117,active,-3.3715452425629024,-6.586471386636958,-21.618206590818833,22.84941528470606,P1,P1,a_baseline,116.39,0.0455,41.68,46.53,True,,,target
sub-1222,ses-3,run-02,anode,target,71.20995125,-62.35572432,-38.06694319,74.22118737256291,-54.31042986336304,-16.02298950918117,active,-3.011236122562906,-8.04529445663696,-22.043953680818834,23.658617875140283,P1,P1,a_baseline,114.65,0.0394,42.12,46.33,True,,,target
sub-1222,ses-4,run-01,anode,target,72.84522327,-51.30758386,-32.69045875,74.22118737256291,-54.31042986336304,-16.02298950918117,active,-1.3759641025629037,3.0028460033630395,-16.66746924081883,16.991612408041117,P1,P1,a_baseline,115.62,0.0348,42.64,46.02,True,rigid_offset?+high_residual,44.39,target
sub-1222,ses-4,run-02,anode,target,73.45667155,-52.29622468,-33.67963263,74.22118737256291,-54.31042986336304,-16.02298950918117,active,-0.7645158225629132,2.014205183363039,-17.65664312081883,17.787595488418173,P1,P1,a_baseline,115.41,0.0323,42.72,46.12,True,rigid_offset?+high_residual,44.79,target
sub-1223,ses-1,run-01,anode,control,-51.56374695,-35.94925394,65.05997896,-48.24020522077733,-36.68962897468384,66.59219016040309,active,-3.3235417292226757,0.7403750346838436,-1.532211200403097,3.733866090328931,P1,P1,a_baseline,99.71,0.0352,54.35,58.82,True,different_montage?+high_residual,48.6,control
sub-1223,ses-1,run-02,anode,control,-51.11139459,-36.31807509,65.2153212,-48.24020522077733,-36.68962897468384,66.59219016040309,active,-2.8711893692226766,0.3715538846838413,-1.3768689604030868,3.205861634144936,P1,P1,a_baseline,100.27,0.041,53.92,59.02,True,different_montage?+high_residual,48.45,control
sub-1223,ses-2,run-01,anode,control,-63.17789233,-36.47571863,47.61878086,-48.24020522077733,-36.68962897468384,66.59219016040309,active,-14.937687109222672,0.21391034468383907,-18.97340930040309,24.148923667302906,P1,P1,a_baseline,104.14,0.0277,58.25,62.29,True,different_montage?+high_residual,58.47,control
sub-1223,ses-2,run-02,anode,control,-63.23838433,-36.66983533,48.00740377,-48.24020522077733,-36.68962897468384,66.59219016040309,active,-14.998179109222676,0.019793644683844036,-18.58478639040309,23.881793348858984,P1,P1,a_baseline,103.73,0.0271,58.33,62.3,True,different_montage?+high_residual,58.39,control
sub-1223,ses-3,run-01,anode,control,-52.18816384,-31.42539312,64.05243593,-48.24020522077733,-36.68962897468384,66.59219016040309,active,-3.9479586192226748,5.264235854683843,-2.5397542304030907,7.0532905755883855,P1,P1,a_baseline,103.98,0.058,53.34,60.78,True,different_montage?+high_residual,50.59,control
sub-1223,ses-3,run-02,anode,control,-51.5201166,-32.2254135,64.651678,-48.24020522077733,-36.68962897468384,66.59219016040309,active,-3.279911379222675,4.46421547468384,-1.9405121604030882,5.869635926071847,P1,P1,a_baseline,104.13,0.0612,53.08,61.16,True,rigid_offset?+high_residual,64.57,control
sub-1223,ses-4,run-01,anode,control,-61.87866917,-43.50136926,51.73028254,-48.24020522077733,-36.68962897468384,66.59219016040309,active,-13.638463949222675,-6.811740285316155,-14.861907620403095,21.290462717523102,P1,P1,a_baseline,108.68,0.0446,57.62,63.69,True,different_montage?+high_residual,56.19,control
sub-1223,ses-4,run-02,anode,control,-61.73079626,-43.89415081,52.34887407,-48.24020522077733,-36.68962897468384,66.59219016040309,active,-13.490591039222672,-7.204521835316157,-14.243316090403091,20.899120429200792,P1,P1,a_baseline,109.37,0.0426,57.71,63.62,True,different_montage?+high_residual,55.92,control
sub-1224,ses-1,run-01,anode,control,-61.4291884,-39.65547838,52.51097242,-47.662914208363794,-35.949293200867366,65.10025842427767,active,-13.766274191636207,-3.706185179132632,-12.589286004277668,19.01936475802578,P1,P1,a_baseline,112.56,0.0049,56.01,56.64,True,different_montage?+high_residual,54.39,control
sub-1224,ses-1,run-02,anode,control,-61.09301009,-40.65085152,52.28767994,-47.662914208363794,-35.949293200867366,65.10025842427767,active,-13.430095881636205,-4.701558319132637,-12.812578484277672,19.147696817996735,P1,P1,a_baseline,111.93,0.0087,56.37,57.51,True,different_montage?+high_residual,54.57,control
sub-1224,ses-2,run-01,anode,control,-47.47932631,-39.90179819,64.40283266,-47.662914208363794,-35.949293200867366,65.10025842427767,active,0.18358789836379685,-3.9525049891326347,-0.6974257642776678,4.0177609314420755,P1,P1,a_baseline,112.63,0.0554,54.27,61.98,True,different_montage?+high_residual,47.47,control
sub-1224,ses-2,run-02,anode,control,-47.37521196,-41.04446971,64.32781875,-47.662914208363794,-35.949293200867366,65.10025842427767,active,0.287702248363793,-5.095176509132635,-0.7724396742776634,5.161420278695466,P1,P1,a_baseline,113.31,0.0748,52.25,62.77,True,different_montage?+high_residual,47.89,control
sub-1224,ses-3,run-01,anode,control,-47.5233774,-19.66630698,64.71230964,-47.662914208363794,-35.949293200867366,65.10025842427767,active,0.13953680836379334,16.282986220867365,-0.3879487842776683,16.288204782880996,P1,P1,a_baseline,98.78,0.0482,50.5,56.36,True,different_montage?+high_residual,66.71,control
sub-1224,ses-3,run-02,anode,control,-47.05672423,-19.5995458,63.48308117,-47.662914208363794,-35.949293200867366,65.10025842427767,active,0.6061899783637941,16.349747400867365,-1.6171772542776708,16.44071070950982,P1,P1,a_baseline,98.81,0.0423,51.01,55.76,True,different_montage?+high_residual,66.74,control
sub-1224,ses-4,run-01,anode,control,-45.33568485,-32.25457829,66.72660606,-47.662914208363794,-35.949293200867366,65.10025842427767,active,2.3272293583637946,3.6947149108673685,1.6263476357223254,4.6596052827718815,P1,P1,a_baseline,109.08,0.0374,54.21,59.42,True,different_montage?+high_residual,47.78,control
sub-1224,ses-4,run-02,anode,control,-44.66429652,-32.71052349,66.00620379,-47.662914208363794,-35.949293200867366,65.10025842427767,active,2.998617688363794,3.2387697108673663,0.9059453657223315,4.5057823168317706,P1,P1,a_baseline,109.21,0.0411,53.76,59.45,True,different_montage?+high_residual,47.58,control
sub-1227,ses-1,run-01,anode,control,-57.67799389,-26.05468453,60.15248683,-45.01567747806197,-33.5412206696982,71.98432173423863,active,-12.662316411938036,7.486536139698199,-11.831834904238633,18.877891764924446,P1,P1,a_baseline,105.08,0.0263,57.98,61.84,True,different_montage?+high_residual,56.54,control
sub-1227,ses-1,run-02,anode,control,-57.98111588,-26.54723812,58.90373266,-45.01567747806197,-33.5412206696982,71.98432173423863,active,-12.96543840193803,6.993982549698199,-13.080589074238631,19.700766365525563,P1,P1,a_baseline,105.91,0.0178,58.55,61.16,True,different_montage?+high_residual,56.83,control
sub-1228,ses-1,run-01,anode,control,-54.9115675,-4.53603923,34.48039791,-47.50914707892357,-22.48796802581603,41.00953891072288,active,-7.402420421076428,17.95192879581603,-6.5291410007228805,20.486514046751306,P1,P1,a_baseline,99.56,0.014,57.41,59.17,True,different_montage?+high_residual,57.18,control
sub-1228,ses-1,run-02,anode,control,-54.78741518,-6.57691203,34.62964285,-47.50914707892357,-22.48796802581603,41.00953891072288,active,-7.278268101076435,15.911055995816032,-6.379896060722878,18.623586206710225,P1,P1,a_baseline,100.24,0.0115,57.3,58.85,True,different_montage?+high_residual,55.95,control
sub-1228,ses-2,run-01,anode,control,-62.27196005,-30.13085022,31.89340748,-47.50914707892357,-22.48796802581603,41.00953891072288,active,-14.762812971076428,-7.642882194183969,-9.11613143072288,18.95938151194206,P1,P1,a_baseline,104.75,0.0415,54.5,59.78,True,different_montage?+high_residual,54.6,control
sub-1228,ses-2,run-02,anode,control,-62.04715533,-30.63510815,31.66665708,-47.50914707892357,-22.48796802581603,41.00953891072288,active,-14.538008251076434,-8.14714012418397,-9.342881830722881,19.105470866071496,P1,P1,a_baseline,103.7,0.0409,54.65,59.69,True,different_montage?+high_residual,54.52,control
sub-2202,ses-1,run-01,anode,target,-27.36593939,-53.92571506,97.53424444,-23.41754588914443,-46.32903529458377,105.080452973133,active,-3.9483935008555697,-7.5966797654162335,-7.5462085331330115,11.412476414933456,P2,P2,a_baseline,105.71,0.0436,63.87,71.06,True,,,target
sub-2202,ses-1,run-02,anode,target,-27.95171054,-54.51223291,97.75571562,-23.41754588914443,-46.32903529458377,105.080452973133,active,-4.534164650855569,-8.183197615416233,-7.324737353133003,11.881714926154556,P2,P2,a_baseline,105.31,0.0384,64.51,70.83,True,,,target
sub-2202,ses-2,run-01,anode,target,-23.78149511,-56.80723594,96.05784348,-23.41754588914443,-46.32903529458377,105.080452973133,active,-0.36394922085557013,-10.47820064541623,-9.022609493133004,13.832303852451199,P2,P2,a_baseline,106.24,0.0377,63.3,69.31,True,,,target
sub-2202,ses-2,run-02,anode,target,-24.64411306,-58.22256188,96.09328687,-23.41754588914443,-46.32903529458377,105.080452973133,active,-1.2265671708555672,-11.893526585416232,-8.987166103133006,14.957593263220065,P2,P2,a_baseline,104.93,0.0394,63.55,69.7,True,,,target
sub-2202,ses-3,run-01,anode,target,-21.12147524,-41.7084342,109.82615058,-23.41754588914443,-46.32903529458377,105.080452973133,active,2.2960706491444327,4.620601094583769,4.745697606866997,7.010245407755309,P2,P2,a_baseline,101.16,0.0274,64.46,68.93,True,ambiguous_condition,,target
sub-2202,ses-3,run-02,anode,target,-21.10736885,-41.31481321,110.16673884,-23.41754588914443,-46.32903529458377,105.080452973133,active,2.310177039144431,5.014222084583771,5.086285866866987,7.506640059654426,P2,P2,a_baseline,101.8,0.0337,63.97,69.45,True,ambiguous_condition,,target
sub-2202,ses-4,run-01,anode,target,-24.23771826,-47.42538742,103.51499723,-23.41754588914443,-46.32903529458377,105.080452973133,active,-0.8201723708555697,-1.0963521254162316,-1.5654557431330005,2.0797409416866395,P2,P2,a_baseline,95.87,0.016,65.18,67.48,True,,,target
sub-2202,ses-4,run-02,anode,target,-24.50319384,-47.29191086,103.66981053,-23.41754588914443,-46.32903529458377,105.080452973133,active,-1.08564795085557,-0.9628755654162333,-1.4106424431329998,2.0237768972989016,P2,P2,a_baseline,95.99,0.0151,65.65,68.05,True,,,target
sub-2204,ses-1,run-01,anode,control,75.22740638,-11.00261259,-23.04598285,76.38747931676811,-18.8390809990024,2.73551030533156,active,-1.1600729367681026,7.836468409002402,-25.78149315533156,26.971121512875996,P2,P2,a_baseline,115.55,0.0815,39.78,48.59,True,,,control
sub-2204,ses-1,run-02,anode,control,75.85454723,-13.8914275,-25.51658455,76.38747931676811,-18.8390809990024,2.73551030533156,active,-0.5329320867681133,4.947653499002401,-28.25209485533156,28.68700325007737,P2,P2,a_baseline,113.34,0.0801,40.26,49.0,True,,,control
sub-2204,ses-2,run-01,anode,control,78.54020273,-4.80579811,-7.04174611,76.38747931676811,-18.8390809990024,2.73551030533156,active,2.1527234132318966,14.033282889002402,-9.77725641533156,17.238387098211554,P2,P2,a_baseline,115.0,0.0166,43.36,44.98,True,,,control
sub-2204,ses-2,run-02,anode,control,79.06596452,-6.58120928,-7.22186346,76.38747931676811,-18.8390809990024,2.73551030533156,active,2.6784852032318867,12.257871719002402,-9.95737376533156,16.018083354944945,P2,P2,a_baseline,112.64,0.0269,42.49,45.32,True,,,control
sub-2204,ses-3,run-01,anode,control,77.57706561,-12.5395761,-2.09448732,76.38747931676811,-18.8390809990024,2.73551030533156,active,1.1895862932318977,6.299504899002402,-4.8299976253315595,8.026690138675404,P2,P2,a_baseline,107.98,0.0273,43.16,45.72,True,,,control
sub-2204,ses-3,run-02,anode,control,78.00307142,-13.5011004,-3.05731065,76.38747931676811,-18.8390809990024,2.73551030533156,active,1.61559210323189,5.337980599002401,-5.79282095533156,8.041203227122153,P2,P2,a_baseline,108.05,0.0224,43.3,45.43,True,,,control
sub-2204,ses-4,run-01,anode,control,76.31023174,-15.5118914,-10.26518931,76.38747931676811,-18.8390809990024,2.73551030533156,active,-0.07724757676810157,3.327189599002402,-13.00069961533156,13.419923558050117,P2,P2,a_baseline,107.57,0.022,42.53,44.88,True,,,control
sub-2204,ses-4,run-02,anode,control,77.25551579,-16.92553639,-9.69573862,76.38747931676811,-18.8390809990024,2.73551030533156,active,0.8680364732318964,1.9135446090024004,-12.43124892533156,12.607580661374335,P2,P2,a_baseline,108.65,0.0226,42.49,44.63,True,,,control
sub-2205,ses-1,run-01,anode,target,-36.20199781,-68.09122485,50.90914879,-27.23587202171817,-63.5172399217286,65.63606351732328,active,-8.966125788281833,-4.5739849282714005,-14.726914727323276,17.838014664227565,P2,P2,a_baseline,103.35,0.03,65.77,70.78,True,,,target
sub-2205,ses-1,run-02,anode,target,-31.69046021,-67.72827425,43.22975669,-27.23587202171817,-63.5172399217286,65.63606351732328,active,-4.454588188281832,-4.211034328271396,-22.406306827323277,23.229695471125183,P2,P2,a_baseline,104.86,0.0261,65.0,69.27,True,,,target
sub-2205,ses-2,run-01,anode,target,-28.13200231,-70.45502534,53.22798784,-27.23587202171817,-63.5172399217286,65.63606351732328,active,-0.8961302882818316,-6.937785418271403,-12.408075677323282,14.244165753659882,P2,P2,a_baseline,101.8,0.0257,64.65,68.44,True,,,target
sub-2205,ses-2,run-02,anode,target,-27.86982482,-70.63389821,53.24554569,-27.23587202171817,-63.5172399217286,65.63606351732328,active,-0.6339527982818325,-7.116658288271395,-12.39051782732328,14.302924643991078,P2,P2,a_baseline,102.23,0.0304,64.84,69.83,True,,,target
sub-2205,ses-4,run-01,anode,target,-21.47116746,-65.9686468,66.04476031,-27.23587202171817,-63.5172399217286,65.63606351732328,active,5.764704561718169,-2.451406878271399,0.40869679267672154,6.277598859044343,P2,P2,a_baseline,100.54,0.0104,66.61,68.34,True,,,target
sub-2205,ses-4,run-02,anode,target,-10.00387207,-73.6001213,51.00868567,-27.23587202171817,-63.5172399217286,65.63606351732328,active,17.23199995171817,-10.082881378271395,-14.627377847323281,24.75008084658858,P2,P2,a_baseline,100.54,0.0264,65.37,69.62,True,ambiguous_condition,,target
sub-2206,ses-1,run-01,anode,control,74.14684759,-14.85679686,29.59153865,73.6474487932894,-16.1365360890462,29.92197485726153,active,0.49939879671059373,1.2797392290462,-0.3304362072615312,1.4129117946938998,P2,P2,a_baseline,104.27,0.0357,41.38,44.84,True,,,control
sub-2206,ses-1,run-02,anode,control,74.34144202,-14.80143486,29.4647926,73.6474487932894,-16.1365360890462,29.92197485726153,active,0.693993226710603,1.3351012290461988,-0.4571822572615325,1.5726212216791475,P2,P2,a_baseline,105.46,0.0391,41.27,45.01,True,,,control
sub-2206,ses-2,run-01,anode,control,76.44090472,-4.84464615,23.46190133,73.6474487932894,-16.1365360890462,29.92197485726153,active,2.7934559267106067,11.2918899390462,-6.460073527261532,13.305740279579812,P2,P2,a_baseline,112.96,0.0103,43.55,44.57,True,,,control
sub-2206,ses-2,run-02,anode,control,76.53776148,-5.11936643,24.03205175,73.6474487932894,-16.1365360890462,29.92197485726153,active,2.890312686710601,11.0171696590462,-5.889923107261531,12.82275824199387,P2,P2,a_baseline,112.21,0.0169,43.93,45.58,True,,,control
sub-2206,ses-3,run-01,anode,control,76.6338657,-9.00490296,26.42139174,73.6474487932894,-16.1365360890462,29.92197485726153,active,2.986416906710602,7.1316331290461985,-3.500583117261531,8.487223290856242,P2,P2,a_baseline,97.61,0.0337,42.85,46.05,True,,,control
sub-2206,ses-3,run-02,anode,control,76.52668208,-9.11198442,26.31017474,73.6474487932894,-16.1365360890462,29.92197485726153,active,2.879233286710601,7.024551669046199,-3.611800117261531,8.407104766651388,P2,P2,a_baseline,98.41,0.0289,43.33,46.19,True,,,control
sub-2206,ses-4,run-01,anode,control,71.40926847,-24.31868055,28.89406241,73.6474487932894,-16.1365360890462,29.92197485726153,active,-2.2381803232893986,-8.1821444609538,-1.0279124472615315,8.544796260807626,P2,P2,a_baseline,99.64,0.0419,41.28,45.4,True,,,control
sub-2206,ses-4,run-02,anode,control,71.45979775,-24.50154967,27.9545667,73.6474487932894,-16.1365360890462,29.92197485726153,active,-2.1876510432893923,-8.3650135809538,-1.9674081572615307,8.867353841705308,P2,P2,a_baseline,101.24,0.0575,40.1,45.5,True,,,control
sub-2207,ses-1,run-01,anode,target,-16.8947504,-75.94246982,50.6597679,-18.7423156280255,-77.99335576410697,46.68307549624463,active,1.847565228025502,2.050885944106966,3.976692403755365,4.840838037120233,P2,P2,a_baseline,101.42,0.0479,61.94,69.63,True,ambiguous_condition,,target
sub-2207,ses-1,run-02,anode,target,-17.28928137,-77.83370646,49.86864936,-18.7423156280255,-77.99335576410697,46.68307549624463,active,1.4530342580255002,0.15964930410696354,3.1855738637553657,3.5049503986132016,P2,P2,a_baseline,100.78,0.0423,62.19,68.98,True,ambiguous_condition,,target
sub-2207,ses-2,run-01,anode,target,-17.31803561,-81.31832264,39.11364822,-18.7423156280255,-77.99335576410697,46.68307549624463,active,1.4242800180255024,-3.3249668758930397,-7.569427276244632,8.389291244550332,P2,P2,a_baseline,101.09,0.0049,67.28,68.08,True,ambiguous_condition,,target
sub-2207,ses-2,run-02,anode,target,-17.53476207,-81.47863405,38.94916313,-18.7423156280255,-77.99335576410697,46.68307549624463,active,1.2075535580255021,-3.485278285893031,-7.733912366244631,8.568474240748417,P2,P2,a_baseline,100.35,0.0049,67.17,67.94,True,ambiguous_condition,,target
sub-2207,ses-4,run-01,anode,target,-14.28493619,-79.9553605,44.04448117,-18.7423156280255,-77.99335576410697,46.68307549624463,active,4.457379438025502,-1.9620047358930321,-2.638594326244636,5.538941600765403,P2,P2,a_baseline,99.35,0.0581,62.99,72.19,True,ambiguous_condition,,target
sub-2208,ses-1,run-01,anode,target,-28.34612717,-59.12456932,47.43280457,-25.761252087573965,-62.045491748157,47.82913692988394,active,-2.5848750824260343,2.9209224281569988,-0.3963323598839352,3.9205160836997908,P2,P2,a_baseline,106.77,0.0477,64.08,71.88,True,,,target
sub-2208,ses-1,run-02,anode,target,-28.42614216,-59.44431628,47.50788143,-25.761252087573965,-62.045491748157,47.82913692988394,active,-2.6648900724260365,2.6011754681569954,-0.3212554998839394,3.7377744729266755,P2,P2,a_baseline,106.55,0.055,63.59,72.56,True,,,target
sub-2208,ses-2,run-01,anode,control,77.44596458,-18.79074358,-30.5440977,78.31632080244722,-19.623065831253268,-20.155881920980367,active,-0.8703562224472279,0.8323222512532666,-10.388215779019632,10.457786924361978,P2,P2,a_baseline,108.24,0.0191,42.16,44.09,True,,,control
sub-2208,ses-2,run-02,anode,control,76.90910437,-20.16054925,-34.41912952,78.31632080244722,-19.623065831253268,-20.155881920980367,active,-1.4072164324472283,-0.5374834187467314,-14.263247599019632,14.34257224434015,P2,P2,a_baseline,109.33,0.0133,42.84,44.27,True,,,control
sub-2208,ses-4,run-01,anode,target,-23.41906715,-62.36407366,46.64477603,-25.761252087573965,-62.045491748157,47.82913692988394,active,2.3421849375739647,-0.31858191184300466,-1.1843608998839343,2.6438675189059273,P2,P2,a_baseline,103.84,0.0211,67.03,70.6,True,,,target
sub-2208,ses-4,run-02,anode,target,-22.48447329,-68.94314402,36.41412036,-25.761252087573965,-62.045491748157,47.82913692988394,active,3.2767787975739644,-6.8976522718430076,-11.415016569883939,13.733808264360476,P2,P2,a_baseline,103.47,0.0519,66.16,74.76,True,,,target
sub-2209,ses-1,run-01,anode,control,80.35777339,-16.61246777,15.33584531,79.26252538060116,-21.057547327711102,20.059488418594,active,1.0952480093988441,4.445079557711104,-4.7236431085940005,6.578077583446464,P2,P2,a_baseline,111.39,0.0019,43.65,43.86,True,,,control
sub-2209,ses-1,run-02,anode,control,80.46661988,-17.57020689,8.3280617,79.26252538060116,-21.057547327711102,20.059488418594,active,1.2040944993988347,3.487340437711101,-11.731426718594001,12.29787622907788,P2,P2,a_baseline,107.69,0.0025,43.98,44.22,True,,,control
sub-2209,ses-2,run-01,anode,control,79.56850889,-19.55472261,16.03918902,79.26252538060116,-21.057547327711102,20.059488418594,active,0.30598350939884256,1.5028247177111034,-4.020299398594002,4.302896151956584,P2,P2,a_baseline,102.88,0.0237,42.38,44.7,True,,,control
sub-2209,ses-2,run-02,anode,control,79.4359152,-19.8417568,16.07982754,79.26252538060116,-21.057547327711102,20.059488418594,active,0.17338981939883524,1.2157905277111034,-3.979660878594,4.164842295376233,P2,P2,a_baseline,102.21,0.0218,42.83,45.13,True,,,control
sub-2209,ses-3,run-01,anode,control,81.39167014,-11.27334196,19.31127063,79.26252538060116,-21.057547327711102,20.059488418594,active,2.129144759398841,9.784205367711102,-0.7482177885940011,10.041103621773395,P2,P2,a_baseline,103.69,0.0147,43.42,44.99,True,,,control
sub-2209,ses-3,run-02,anode,control,81.43343206,-11.6346012,19.29480715,79.26252538060116,-21.057547327711102,20.059488418594,active,2.17090667939884,9.422946127711102,-0.7646812685939999,9.699973555579556,P2,P2,a_baseline,105.35,0.0163,43.55,45.27,True,,,control
sub-2209,ses-4,run-01,anode,control,78.29598238,-24.79827675,20.97079093,79.26252538060116,-21.057547327711102,20.059488418594,active,-0.9665430006011633,-3.740729422288897,0.9113025114059994,3.9696012709192603,P2,P2,a_baseline,113.99,0.0476,41.04,45.88,True,,,control
sub-2209,ses-4,run-02,anode,control,78.69867169,-26.01007846,20.26087577,79.26252538060116,-21.057547327711102,20.059488418594,active,-0.5638536906011637,-4.952531132288897,0.20138735140599806,4.9885922328851064,P2,P2,a_baseline,113.69,0.0554,40.52,45.75,True,,,control
sub-2210,ses-1,run-01,anode,target,-23.77053776,-71.13339585,35.7450048,-22.338165514818737,-69.05597794985617,43.79946725162887,active,-1.4323722451812628,-2.0774179001438284,-8.054462451628872,8.440481074281427,P2,P2,a_baseline,98.62,0.0309,64.9,70.0,True,,,target
sub-2210,ses-1,run-02,anode,target,-23.79319078,-71.77567034,35.93785781,-22.338165514818737,-69.05597794985617,43.79946725162887,active,-1.4550252651812627,-2.719692390143834,-7.861609441628872,8.44504163589679,P2,P2,a_baseline,98.4,0.0326,65.0,70.41,True,,,target
sub-2210,ses-2,run-01,anode,target,-18.3232307,-66.76783805,48.38191813,-22.338165514818737,-69.05597794985617,43.79946725162887,active,4.014934814818737,2.2881398998561764,4.582450878371134,6.5080059788879865,P2,P2,a_baseline,103.25,0.0122,66.34,68.34,True,ambiguous_condition,,target
sub-2210,ses-2,run-02,anode,target,-18.32447718,-67.61294055,48.63767346,-22.338165514818737,-69.05597794985617,43.79946725162887,active,4.013688334818738,1.4430373998561663,4.838206208371133,6.449828703242019,P2,P2,a_baseline,103.06,0.0119,66.67,68.64,True,ambiguous_condition,,target
sub-2210,ses-3,run-01,anode,target,-23.32533431,-65.21493712,48.96946363,-22.338165514818737,-69.05597794985617,43.79946725162887,active,-0.9871687951812618,3.841040829856169,5.169996378371131,6.5159005086919795,P2,P2,a_baseline,104.04,0.0563,63.46,71.98,True,,,target
sub-2210,ses-3,run-02,anode,target,-13.99707371,-66.16292943,44.87400737,-22.338165514818737,-69.05597794985617,43.79946725162887,active,8.341091804818737,2.8930485198561655,1.0745401183711323,8.893715685844994,P2,P2,a_baseline,102.77,0.0647,63.4,72.66,True,ambiguous_condition,,target
sub-2210,ses-4,run-01,anode,target,-19.86667089,-73.73957141,35.66477084,-22.338165514818737,-69.05597794985617,43.79946725162887,active,2.4714946248187353,-4.683593460143825,-8.134696411628866,9.70657607448566,P2,P2,a_baseline,101.37,0.0185,67.55,70.31,True,ambiguous_condition,,target
sub-2210,ses-4,run-02,anode,target,-18.75753607,-73.86835839,33.83110483,-22.338165514818737,-69.05597794985617,43.79946725162887,active,3.5806294448187366,-4.812380440143826,-9.968362421628868,11.63392290204488,P2,P2,a_baseline,98.75,0.011,68.13,69.91,True,ambiguous_condition,,target
sub-2211,ses-1,run-01,anode,control,82.84991413,-6.52287802,-10.59610502,82.79854441830487,-12.4745123938802,-6.696031116367983,active,0.051369711695130604,5.9516343738802,-3.9000739036320162,7.115839164949098,P2,P2,a_baseline,111.86,0.0092,43.4,44.32,True,,,control
sub-2211,ses-1,run-02,anode,control,82.8740037,-6.68626753,-10.24664442,82.79854441830487,-12.4745123938802,-6.696031116367983,active,0.07545928169513161,5.7882448638802,-3.5506133036320175,6.790900348212904,P2,P2,a_baseline,111.38,0.01,43.19,44.2,True,,,control
sub-2211,ses-2,run-01,anode,control,83.16353857,-9.98767096,-8.12926326,82.79854441830487,-12.4745123938802,-6.696031116367983,active,0.3649941516951287,2.4868414338801994,-1.4332321436320168,2.893398594313441,P2,P2,a_baseline,113.33,0.0139,43.84,45.32,True,,,control
sub-2211,ses-2,run-02,anode,control,82.96488125,-10.06150695,-8.01690749,82.79854441830487,-12.4745123938802,-6.696031116367983,active,0.16633683169513347,2.4130054438802,-1.3208763736320162,2.7558986933835437,P2,P2,a_baseline,113.34,0.012,44.15,45.41,True,,,control
sub-2211,ses-3,run-01,anode,control,80.44578278,-14.13304963,-16.59691743,82.79854441830487,-12.4745123938802,-6.696031116367983,active,-2.3527616383048695,-1.6585372361198,-9.900886313632018,10.310857524267355,P2,P2,a_baseline,105.84,0.0396,42.88,46.86,True,,,control
sub-2211,ses-3,run-02,anode,control,80.19480968,-13.26744641,-16.09216794,82.79854441830487,-12.4745123938802,-6.696031116367983,active,-2.6037347383048655,-0.7929340161197995,-9.396136823632016,9.782411060152244,P2,P2,a_baseline,105.82,0.0398,42.23,46.4,True,,,control
sub-2211,ses-4,run-01,anode,control,81.77061134,-14.96765341,-10.10627683,82.79854441830487,-12.4745123938802,-6.696031116367983,active,-1.0279330783048692,-2.4931410161198,-3.4102457136320172,4.347663092636979,P2,P2,a_baseline,103.89,0.0607,42.46,48.38,True,,,control
sub-2211,ses-4,run-02,anode,control,81.72882393,-14.46520683,-9.44694959,82.79854441830487,-12.4745123938802,-6.696031116367983,active,-1.069720488304867,-1.9906944361197993,-2.750918473632016,3.5601571186771275,P2,P2,a_baseline,104.12,0.0599,42.71,48.41,True,,,control
sub-2212,ses-1,run-01,anode,target,-36.00800047,-61.12264051,43.45297215,-33.66963037799896,-62.02220042719614,45.53508622838493,active,-2.3383700920010355,0.899559917196143,-2.082114078384926,3.2576650790404424,P2,P2,a_baseline,104.45,0.0267,64.44,68.77,True,,,target
sub-2212,ses-1,run-02,anode,target,-36.64107558,-62.08665061,42.74744701,-33.66963037799896,-62.02220042719614,45.53508622838493,active,-2.9714452020010356,-0.06445018280385995,-2.787639218384925,4.074870896904114,P2,P2,a_baseline,102.81,0.0217,65.76,69.09,True,,,target
sub-2212,ses-2,run-01,anode,target,-30.57099585,-63.02557955,45.49968623,-33.66963037799896,-62.02220042719614,45.53508622838493,active,3.098634527998964,-1.0033791228038638,-0.03539999838492491,3.257231763640971,P2,P2,a_baseline,105.63,0.0513,64.42,72.67,True,,,target
sub-2212,ses-2,run-02,anode,target,-30.14835307,-62.77410615,44.43237252,-33.66963037799896,-62.02220042719614,45.53508622838493,active,3.5212773079989645,-0.7519057228038619,-1.1027137083849254,3.7657314851796944,P2,P2,a_baseline,104.07,0.0683,62.1,73.05,True,,,target
sub-2212,ses-3,run-01,anode,target,-25.14992043,-70.07742652,37.36345828,-33.66963037799896,-62.02220042719614,45.53508622838493,active,8.519709947998962,-8.055226092803863,-8.171627948384923,14.291522953522003,P2,P2,a_baseline,106.58,0.0701,57.63,68.4,True,,,target
sub-2212,ses-3,run-02,anode,target,-28.65171043,-68.85064549,42.42599495,-33.66963037799896,-62.02220042719614,45.53508622838493,active,5.017919947998962,-6.8284450628038655,-3.1090912783849234,9.02627448937742,P2,P2,a_baseline,106.38,0.0596,59.55,68.38,True,,,target
sub-2213,ses-1,run-01,anode,control,75.0805408,-29.582146,-41.44648441,73.7749618557544,-32.916714425216895,-34.009960228580134,active,1.305578944245596,3.3345684252168937,-7.436524181419863,8.253833949320358,P2,P2,a_baseline,106.97,0.0126,43.8,45.17,True,,,control
sub-2213,ses-1,run-02,anode,control,76.87697136,-31.54024836,-41.55507824,73.7749618557544,-32.916714425216895,-34.009960228580134,active,3.1020095042456006,1.3764660652168956,-7.545118011419866,8.273205400531054,P2,P2,a_baseline,104.44,0.0312,42.53,45.75,True,,,control
sub-2213,ses-2,run-01,anode,control,73.32000814,-35.03903812,-34.64894624,73.7749618557544,-32.916714425216895,-34.009960228580134,active,-0.45495371575439947,-2.1223236947831055,-0.6389860114198669,2.2626409064866695,P2,P2,a_baseline,99.37,0.035,43.08,46.72,True,,,control
sub-2213,ses-2,run-02,anode,control,76.94079462,-28.75777273,-70.47360861,73.7749618557544,-32.916714425216895,-34.009960228580134,active,3.1658327642456072,4.158941695216896,-36.463648381419866,36.8363535980315,P2,P2,a_baseline,72.1,0.1634,32.11,46.77,False,different_montage?+high_residual,46.8,control
sub-2213,ses-3,run-01,anode,control,73.93569872,-34.80143627,-29.5181902,73.7749618557544,-32.916714425216895,-34.009960228580134,active,0.16073686424560663,-1.8847218447831082,4.4917700285801345,4.873808650468434,P2,P2,a_baseline,100.33,0.0389,43.08,47.16,True,,,control
sub-2213,ses-3,run-02,anode,control,73.57319765,-34.19038194,-35.95502756,73.7749618557544,-32.916714425216895,-34.009960228580134,active,-0.2017642057544009,-1.2736675147831065,-1.9450673314198639,2.3337147762085815,P2,P2,a_baseline,101.48,0.0436,41.77,46.47,True,,,control
sub-2213,ses-4,run-01,anode,control,75.38286193,-27.83908729,-37.82793157,73.7749618557544,-32.916714425216895,-34.009960228580134,active,1.607900074245606,5.077627135216897,-3.817971341419863,6.5532087664710765,P2,P2,a_baseline,102.57,0.0485,43.38,48.02,True,,,control
sub-2213,ses-4,run-02,anode,control,79.09425626,-22.69200584,-57.25349726,73.7749618557544,-32.916714425216895,-34.009960228580134,active,5.319294404245596,10.224708585216895,-23.24353703141987,25.944201131324768,P2,P2,a_baseline,91.22,0.0271,40.01,42.48,True,,,control
sub-2214,ses-1,run-01,anode,control,75.35886192,-27.86732103,-21.46474931,77.18838632685545,-30.470865626399668,-4.057718388384408,active,-1.8295244068554553,2.6035445963996686,-17.40703092161559,17.695488959811282,P2,P2,a_baseline,102.79,0.058,41.59,47.9,True,,,control
sub-2214,ses-1,run-02,anode,control,73.36427985,-30.48059095,-26.70534059,77.18838632685545,-30.470865626399668,-4.057718388384408,active,-3.824106476855448,-0.009725323600331848,-22.64762220161559,22.96821012432963,P2,P2,a_baseline,101.04,0.1418,43.7,59.06,True,different_montage?+high_residual,48.96,control
sub-2214,ses-2,run-01,anode,control,78.43802747,-25.23957351,-6.00141933,77.18838632685545,-30.470865626399668,-4.057718388384408,active,1.2496411431445438,5.231292116399668,-1.9437009416155924,5.718915416771108,P2,P2,a_baseline,111.26,0.0617,41.34,47.77,True,,,control
sub-2214,ses-2,run-02,anode,control,79.07352781,-25.2745376,-4.37359733,77.18838632685545,-30.470865626399668,-4.057718388384408,active,1.885141483144551,5.196328026399669,-0.31587894161559227,5.536728535441783,P2,P2,a_baseline,110.98,0.0638,41.29,48.13,True,,,control
sub-2214,ses-3,run-01,anode,control,77.22731016,-25.89352261,-12.50949291,77.18838632685545,-30.470865626399668,-4.057718388384408,active,0.03892383314455117,4.5773430163996665,-8.451774521615594,9.6117676167706,P2,P2,a_baseline,96.79,0.0307,43.94,47.34,True,,,control
sub-2214,ses-3,run-02,anode,control,76.14110918,-20.33434371,-5.42431713,77.18838632685545,-30.470865626399668,-4.057718388384408,active,-1.0472771468554498,10.13652191639967,-1.3665987416155927,10.281705019332243,P2,P2,a_baseline,100.57,0.009,44.57,45.56,True,,,control
sub-2214,ses-4,run-01,anode,control,76.10966182,-29.54930785,-12.208698,77.18838632685545,-30.470865626399668,-4.057718388384408,active,-1.0787245068554512,0.9215577763996663,-8.150979611615593,8.273535152877898,P2,P2,a_baseline,103.13,0.0399,43.58,48.06,True,,,control
sub-2214,ses-4,run-02,anode,control,75.76747249,-29.95898682,-12.54571327,77.18838632685545,-30.470865626399668,-4.057718388384408,active,-1.4209138368554477,0.5118788063996682,-8.487994881615592,8.621315047864849,P2,P2,a_baseline,104.4,0.0311,43.68,47.13,True,,,control
sub-2215,ses-1,run-01,anode,control,71.68116324,-25.1016074,-1.57415109,70.29521556839761,-27.32731548072253,2.738410068627843,active,1.3859476716023948,2.22570808072253,-4.312561158627843,5.047059654483904,P2,P2,a_baseline,108.7,0.0607,41.11,47.53,True,,,control
sub-2215,ses-1,run-02,anode,control,71.53658526,-25.22293294,-0.28127777,70.29521556839761,-27.32731548072253,2.738410068627843,active,1.2413696916023866,2.104382540722529,-3.019687838627843,3.8843196613671878,P2,P2,a_baseline,111.56,0.0465,41.87,46.78,True,,,control
sub-2215,ses-2,run-01,anode,control,71.46799318,-25.39790793,4.42812079,70.29521556839761,-27.32731548072253,2.738410068627843,active,1.1727776116023847,1.9294075507225301,1.6897107213721574,2.820131760216342,P2,P2,a_baseline,108.79,0.0306,43.0,46.02,True,,,control
sub-2215,ses-2,run-02,anode,control,71.72937563,-25.64921607,5.63416647,70.29521556839761,-27.32731548072253,2.738410068627843,active,1.4341600616023982,1.6780994107225276,2.8957564013721573,3.641186324626977,P2,P2,a_baseline,111.08,0.0215,43.86,46.03,True,,,control
sub-2215,ses-3,run-01,anode,control,72.90507241,-14.81351364,-9.83329129,70.29521556839761,-27.32731548072253,2.738410068627843,active,2.6098568416023937,12.513801840722529,-12.571701358627843,17.929145665453625,P2,P2,a_baseline,105.46,0.0671,40.81,47.92,True,rigid_offset?+high_residual,43.53,control
sub-2215,ses-3,run-02,anode,control,72.83865891,-14.49087252,-9.90354591,70.29521556839761,-27.32731548072253,2.738410068627843,active,2.543443341602398,12.836442960722529,-12.641955978627843,18.19512085371759,P2,P2,a_baseline,105.19,0.0635,41.04,47.74,True,rigid_offset?+high_residual,43.52,control
sub-2215,ses-4,run-01,anode,control,71.46934642,-24.88634539,-10.74614781,70.29521556839761,-27.32731548072253,2.738410068627843,active,1.174130851602385,2.44097009072253,-13.484557878627843,13.753916512126674,P2,P2,a_baseline,110.4,0.0505,42.37,47.87,True,rigid_offset?+high_residual,41.24,control
sub-2215,ses-4,run-02,anode,control,71.5485768,-24.90143956,-11.28780464,70.29521556839761,-27.32731548072253,2.738410068627843,active,1.2533612316023977,2.425875920722529,-14.026214708627842,14.289523694376705,P2,P2,a_baseline,110.72,0.0423,43.1,47.79,True,rigid_offset?+high_residual,41.3,control
sub-2216,ses-1,run-01,anode,target,-27.77426513,-74.29701101,38.85947579,-29.18234403280663,-71.14772562750193,47.3079188187163,active,1.4080789028066292,-3.1492853824980784,-8.448443028716305,9.125616375150246,P2,P2,a_baseline,103.49,0.0304,65.56,70.55,True,,,target
sub-2216,ses-1,run-02,anode,target,-27.78001303,-75.41575727,39.16846672,-29.18234403280663,-71.14772562750193,47.3079188187163,active,1.4023310028066298,-4.268031642498073,-8.139452098716305,9.296951479388,P2,P2,a_baseline,103.45,0.0294,65.73,70.31,True,,,target
sub-2216,ses-2,run-01,anode,target,-22.1410761,-67.53999217,54.60647876,-29.18234403280663,-71.14772562750193,47.3079188187163,active,7.04126793280663,3.607733457501922,7.298559941283699,10.764022111574318,P2,P2,a_baseline,102.53,0.0204,65.22,68.28,True,,,target
sub-2216,ses-2,run-02,anode,target,-22.15011489,-68.92997435,54.90551243,-29.18234403280663,-71.14772562750193,47.3079188187163,active,7.032229142806628,2.2177512775019323,7.597593611283699,10.587449935089147,P2,P2,a_baseline,103.07,0.0154,65.98,68.42,True,,,target
sub-2216,ses-3,run-01,anode,target,-24.00736323,-60.96755852,60.84155877,-29.18234403280663,-71.14772562750193,47.3079188187163,active,5.17498080280663,10.18016710750193,13.533639951283696,17.708067059311233,P2,P2,a_baseline,100.71,0.0308,63.79,68.47,True,,,target
sub-2216,ses-3,run-02,anode,target,-25.05794265,-61.84868155,56.96749894,-29.18234403280663,-71.14772562750193,47.3079188187163,active,4.124401382806628,9.299044077501925,9.659580121283696,14.028200014304044,P2,P2,a_baseline,100.69,0.0168,66.15,68.92,True,,,target
sub-2216,ses-4,run-01,anode,target,-27.65006446,-71.40524818,45.56998062,-29.18234403280663,-71.14772562750193,47.3079188187163,active,1.5322795728066296,-0.25752255249807376,-1.7379381987163,2.3312288040522424,P2,P2,a_baseline,102.58,0.0384,65.29,71.17,True,,,target
sub-2216,ses-4,run-02,anode,target,-24.64496617,-75.63004165,41.76368221,-29.18234403280663,-71.14772562750193,47.3079188187163,active,4.537377862806629,-4.482316022498068,-5.544236608716304,8.450888377493849,P2,P2,a_baseline,102.95,0.0344,66.07,71.02,True,,,target
sub-2217,ses-1,run-01,anode,target,-28.87597855,-67.06694587,40.48359564,-34.62873696901207,-64.40747001483116,41.72651219829127,active,5.752758419012068,-2.659475855168836,-1.2429165582912702,6.4584737223754995,P2,P2,a_baseline,103.2,0.0198,65.25,68.39,True,,,target
sub-2217,ses-1,run-02,anode,target,-28.6612378,-67.36337002,40.6436961,-34.62873696901207,-64.40747001483116,41.72651219829127,active,5.9674991690120684,-2.955900005168843,-1.0828160982912678,6.746916471651003,P2,P2,a_baseline,101.9,0.015,66.0,68.35,True,,,target
sub-2217,ses-2,run-01,anode,target,-26.93730056,-61.19816272,51.61200064,-34.62873696901207,-64.40747001483116,41.72651219829127,active,7.691436409012066,3.209307294831163,9.88548844170873,12.929838710428289,P2,P2,a_baseline,98.57,0.1519,63.4,89.39,True,,,target
sub-2217,ses-2,run-02,anode,target,-27.0353635,-62.13401621,51.93577169,-34.62873696901207,-64.40747001483116,41.72651219829127,active,7.593373469012068,2.2734538048311634,10.209259491708735,12.92504902163402,P2,P2,a_baseline,98.7,0.1543,63.54,89.92,True,,,target
sub-2217,ses-3,run-01,anode,target,-29.98759381,-68.51567875,37.95963067,-34.62873696901207,-64.40747001483116,41.72651219829127,active,4.641143159012067,-4.108208735168844,-3.7668815282912647,7.25306730165549,P2,P2,a_baseline,108.07,0.139,62.62,85.46,True,,,target
sub-2217,ses-3,run-02,anode,target,-30.73948601,-73.51179906,36.81526027,-34.62873696901207,-64.40747001483116,41.72651219829127,active,3.8892509590120667,-9.10432904516884,-4.911251928291264,11.051492020900431,P2,P2,a_baseline,107.98,0.1277,64.78,85.83,True,,,target
sub-2218,ses-1,run-01,anode,target,-29.26631482,-73.26550378,38.58110996,-36.2429270765588,-68.94212540114997,40.99459455573573,active,6.9766122565587985,-4.3233783788500375,-2.4134845957357314,8.555093633557034,P2,P2,a_baseline,98.95,0.0265,67.12,71.6,True,,,target
sub-2218,ses-1,run-02,anode,target,-31.03554991,-70.32798599,41.66213134,-36.2429270765588,-68.94212540114997,40.99459455573573,active,5.2073771665588,-1.3858605888500364,0.6675367842642714,5.429824295948406,P2,P2,a_baseline,103.95,0.0392,65.62,72.24,True,,,target
sub-2218,ses-2,run-01,anode,target,-37.92022994,-64.6144779,45.50185746,-36.2429270765588,-68.94212540114997,40.99459455573573,active,-1.6773028634411986,4.327647501149968,4.507262904264266,6.469721530179978,P2,P2,a_baseline,104.61,0.0297,62.75,66.92,True,,,target
sub-2218,ses-2,run-02,anode,target,-36.6184317,-64.71281471,47.92536951,-36.2429270765588,-68.94212540114997,40.99459455573573,active,-0.37550462344120206,4.229310691149962,6.9307749542642725,8.127958791182325,P2,P2,a_baseline,103.45,0.0306,63.17,67.84,True,,,target
sub-2218,ses-3,run-01,anode,target,-29.77468119,-74.49756633,34.55313102,-36.2429270765588,-68.94212540114997,40.99459455573573,active,6.468245886558801,-5.555440928850032,-6.441463535735728,10.686139679282691,P2,P2,a_baseline,104.28,0.0091,65.72,67.16,True,,,target
sub-2218,ses-3,run-02,anode,target,-30.4655757,-75.02293725,35.51540169,-36.2429270765588,-68.94212540114997,40.99459455573573,active,5.777351376558801,-6.080811848850033,-5.479192865735733,10.018763203573092,P2,P2,a_baseline,103.62,0.0162,65.49,68.13,True,,,target
sub-2218,ses-4,run-01,anode,target,-33.09870219,-71.62676611,38.59773168,-36.2429270765588,-68.94212540114997,40.99459455573573,active,3.1442248865588027,-2.68464070885004,-2.396862875735728,4.778953600732142,P2,P2,a_baseline,103.79,0.0243,66.41,70.47,True,,,target
sub-2218,ses-4,run-02,anode,target,-32.16083353,-67.86997237,44.57707716,-36.2429270765588,-68.94212540114997,40.99459455573573,active,4.082093546558802,1.0721530311499663,3.5824826042642712,5.535989654516814,P2,P2,a_baseline,102.18,0.0378,65.1,71.27,True,,,target
sub-2219,ses-1,run-01,anode,control,79.15966041,-23.93014653,-16.38021838,78.5259672560603,-29.476457555382368,-11.09784699428239,active,0.6336931539397028,5.546311025382369,-5.2823713857176084,7.685478544650049,P2,P2,a_baseline,104.04,0.0974,40.19,51.02,True,,,control
sub-2219,ses-1,run-02,anode,control,79.23209844,-24.4122521,-16.43302831,78.5259672560603,-29.476457555382368,-11.09784699428239,active,0.7061311839397035,5.064205455382368,-5.335181315717611,7.389787399840331,P2,P2,a_baseline,104.09,0.0946,39.89,50.37,True,,,control
sub-2219,ses-2,run-01,anode,control,79.3050566,-25.93882299,-10.94645975,78.5259672560603,-29.476457555382368,-11.09784699428239,active,0.7790893439397024,3.537634565382369,0.1513872442823896,3.62556983407573,P2,P2,a_baseline,101.98,0.0956,41.26,50.47,True,,,control
sub-2219,ses-2,run-02,anode,control,79.88786169,-25.63591601,-11.21381545,78.5259672560603,-29.476457555382368,-11.09784699428239,active,1.3618944339396961,3.8405415453823686,-0.11596845571760994,4.076513767145334,P2,P2,a_baseline,101.46,0.1011,40.91,51.05,True,,,control
sub-2219,ses-3,run-01,anode,control,78.57275254,-24.55887721,-17.14275693,78.5259672560603,-29.476457555382368,-11.09784699428239,active,0.046785283939698274,4.917580345382369,-6.044909935717611,7.792671008519593,P2,P2,a_baseline,102.74,0.037,44.72,48.45,True,,,control
sub-2219,ses-3,run-02,anode,control,78.61491381,-23.85560213,-21.81803258,78.5259672560603,-29.476457555382368,-11.09784699428239,active,0.08894655393970652,5.620855425382366,-10.72018558571761,12.104722474915967,P2,P2,a_baseline,101.28,0.051,44.35,49.45,True,,,control
sub-2219,ses-4,run-01,anode,control,79.37998809,-24.29676254,-14.45956358,78.5259672560603,-29.476457555382368,-11.09784699428239,active,0.8540208339396997,5.179695015382368,-3.361716585717609,6.233757329241239,P2,P2,a_baseline,106.01,0.0396,42.99,47.06,True,,,control
sub-2219,ses-4,run-02,anode,control,79.40817409,-24.75720858,-14.82799424,78.5259672560603,-29.476457555382368,-11.09784699428239,active,0.8822068339397049,4.719248975382367,-3.7301472457176104,6.079769589732173,P2,P2,a_baseline,106.26,0.041,42.91,47.32,True,,,control
sub-2220,ses-1,run-01,anode,target,-36.14848415,-56.97797017,74.52760233,-30.6878868391763,-53.332520608378566,82.3787247437073,active,-5.460597310823701,-3.645449561621433,-7.8511224137073015,10.23462498835781,P2,P2,a_baseline,92.68,0.0397,63.31,69.66,True,,,target
sub-2220,ses-1,run-02,anode,target,-35.96746467,-58.14838428,75.18501023,-30.6878868391763,-53.332520608378566,82.3787247437073,active,-5.279577830823698,-4.815863671621436,-7.193714513707292,10.13982314836364,P2,P2,a_baseline,101.54,0.0332,64.53,69.98,True,,,target
sub-2220,ses-2,run-01,anode,target,-32.98286175,-55.3158805,78.85285027,-30.6878868391763,-53.332520608378566,82.3787247437073,active,-2.294974910823697,-1.9833598916214328,-3.5258744737072902,4.651066233171,P2,P2,a_baseline,94.87,0.0575,64.46,74.0,True,,,target
sub-2220,ses-2,run-02,anode,target,-33.25126138,-55.8998993,79.21192781,-30.6878868391763,-53.332520608378566,82.3787247437073,active,-2.563374540823702,-2.5673786916214354,-3.166796933707289,4.815695713193765,P2,P2,a_baseline,94.69,0.0511,65.9,74.23,True,,,target
sub-2220,ses-3,run-01,anode,target,-20.40109102,-46.63888204,94.37140726,-30.6878868391763,-53.332520608378566,82.3787247437073,active,10.286795819176302,6.693638568378567,11.992682516292703,17.1594696726356,P2,P2,a_baseline,100.05,0.0119,66.4,68.26,True,ambiguous_condition,,target
sub-2220,ses-3,run-02,anode,target,-19.27609953,-44.79997227,90.3031189,-30.6878868391763,-53.332520608378566,82.3787247437073,active,11.411787309176301,8.532548338378568,7.924394156292706,16.304272246283492,P2,P2,a_baseline,101.29,0.0475,62.96,70.73,True,ambiguous_condition,,target
sub-2220,ses-4,run-01,anode,target,-33.77855598,-53.26324003,81.63074285,-30.6878868391763,-53.332520608378566,82.3787247437073,active,-3.0906691408236995,0.06928057837856727,-0.7479818937072906,3.1806465458919386,P2,P2,a_baseline,107.34,0.0395,64.07,70.59,True,,,target
sub-2220,ses-4,run-02,anode,target,-37.78759903,-52.92879174,79.30408713,-30.6878868391763,-53.332520608378566,82.3787247437073,active,-7.099712190823702,0.4037288683785647,-3.0746376137072957,7.747406446503025,P2,P2,a_baseline,105.58,0.022,64.98,68.29,True,,,target
sub-2221,ses-1,run-01,anode,target,-25.82570099,-83.43914652,45.39304134,-28.1058161515106,-67.54185262672921,71.67423004620846,active,2.2801151615105972,-15.897293893270785,-26.28118870620846,30.799736331503137,P2,P2,a_baseline,102.5,0.0247,65.39,69.05,True,,,target
sub-2221,ses-2,run-01,anode,target,-23.91664234,-74.83368252,62.91616959,-28.1058161515106,-67.54185262672921,71.67423004620846,active,4.189173811510599,-7.291829893270787,-8.758060456208462,12.141811371045346,P2,P2,a_baseline,99.42,0.026,66.62,70.7,True,,,target
sub-2221,ses-2,run-02,anode,target,-23.49402783,-75.92192313,63.12974564,-28.1058161515106,-67.54185262672921,71.67423004620846,active,4.611788321510598,-8.380070503270787,-8.544484406208461,12.825848390268389,P2,P2,a_baseline,98.97,0.0204,66.73,70.15,True,,,target
sub-2221,ses-3,run-01,anode,target,-21.21295163,-71.97493796,68.53633873,-28.1058161515106,-67.54185262672921,71.67423004620846,active,6.8928645215105995,-4.433085333270796,-3.137891316208467,8.775544928737855,P2,P2,a_baseline,101.57,0.0367,64.28,69.95,True,ambiguous_condition,,target
sub-2221,ses-3,run-02,anode,target,-21.70972665,-72.73313218,68.10978566,-28.1058161515106,-67.54185262672921,71.67423004620846,active,6.396089501510598,-5.191279553270789,-3.5644443862084643,8.975778968641913,P2,P2,a_baseline,100.62,0.0415,64.19,70.86,True,ambiguous_condition,,target
sub-2221,ses-4,run-01,anode,target,-26.72715917,-71.06163273,68.50386949,-28.1058161515106,-67.54185262672921,71.67423004620846,active,1.3786569815105985,-3.51978010327079,-3.1703605562084647,4.933632850589036,P2,P2,a_baseline,98.9,0.0555,63.48,72.43,True,,,target
sub-2221,ses-4,run-02,anode,target,-26.32262245,-71.38434629,68.19852838,-28.1058161515106,-67.54185262672921,71.67423004620846,active,1.7831937015105979,-3.842493663270787,-3.475701666208465,5.47951087250199,P2,P2,a_baseline,99.8,0.05,63.21,71.4,True,,,target
sub-2222,ses-1,run-01,anode,target,-35.17520567,-48.71278563,89.63557316,-36.70518810428087,-50.0457158411161,88.25044981091087,active,1.5299824342808748,1.3329302111160999,1.3851233490891417,2.4568508072542707,P2,P2,a_baseline,106.21,0.0383,64.74,70.72,True,,,target
sub-2222,ses-1,run-02,anode,target,-34.55141086,-49.27041507,89.96204381,-36.70518810428087,-50.0457158411161,88.25044981091087,active,2.1537772442808745,0.7753007711161004,1.711593999089132,2.858216528080625,P2,P2,a_baseline,106.02,0.0386,64.44,70.71,True,,,target
sub-2222,ses-2,run-01,anode,target,-37.23877116,-56.79982914,80.58300515,-36.70518810428087,-50.0457158411161,88.25044981091087,active,-0.5335830557191272,-6.754113298883901,-7.66744466091086,10.231933588508156,P2,P2,a_baseline,99.26,0.0519,62.31,70.77,True,,,target
sub-2222,ses-2,run-02,anode,target,-33.91879209,-52.76642082,87.20621203,-36.70518810428087,-50.0457158411161,88.25044981091087,active,2.786396014280875,-2.7207049788839015,-1.044237780910862,4.031956209286708,P2,P2,a_baseline,97.46,0.0529,62.75,71.44,True,,,target
sub-2222,ses-3,run-01,anode,target,-28.97339404,-57.23625779,84.61034368,-36.70518810428087,-50.0457158411161,88.25044981091087,active,7.731794064280873,-7.190541948883904,-3.6401061309108655,11.16847821394674,P2,P2,a_baseline,104.79,0.0519,65.8,73.88,True,,,target
sub-2222,ses-3,run-02,anode,target,-22.43732933,-71.0952959,70.79532642,-36.70518810428087,-50.0457158411161,88.25044981091087,active,14.267858774280871,-21.049580058883897,-17.45512339091087,30.843766748730772,P2,P2,a_baseline,105.41,0.0402,66.65,73.41,True,,,target
sub-2222,ses-4,run-01,anode,target,-36.20371762,-62.96739187,73.12544232,-36.70518810428087,-50.0457158411161,88.25044981091087,active,0.5014704842808726,-12.921676028883901,-15.12500749091086,19.89942299771899,P2,P2,a_baseline,106.19,0.0093,67.92,69.45,True,,,target
sub-2222,ses-4,run-02,anode,target,-32.46646923,-60.86084908,75.6233999,-36.70518810428087,-50.0457158411161,88.25044981091087,active,4.23871887428087,-10.815133238883902,-12.62704991091087,17.157395901553084,P2,P2,a_baseline,106.67,0.0344,66.1,71.9,True,,,target
sub-2223,ses-1,run-01,anode,control,69.03716641,-13.24913751,-9.0355486,67.73168281094239,-19.90367475047073,-6.281586003306303,active,1.3054835990576095,6.654537240470731,-2.7539625966936976,7.319252919267656,P2,P2,a_baseline,109.22,0.0586,42.13,48.54,True,,,control
sub-2223,ses-1,run-02,anode,control,69.16413676,-14.67773654,-11.41413002,67.73168281094239,-19.90367475047073,-6.281586003306303,active,1.4324539490576171,5.225938210470732,-5.132544016693697,7.463602520172619,P2,P2,a_baseline,107.61,0.0507,42.68,48.19,True,,,control
sub-2223,ses-2,run-01,anode,control,69.10310983,-16.2403945,-19.30714851,67.73168281094239,-19.90367475047073,-6.281586003306303,active,1.371427019057606,3.6632802504707307,-13.0255625066937,13.600210030653011,P2,P2,a_baseline,109.17,0.0558,41.55,47.52,True,rigid_offset?+high_residual,44.48,control
sub-2223,ses-2,run-02,anode,control,68.99214565,-16.73846214,-19.16583251,67.73168281094239,-19.90367475047073,-6.281586003306303,active,1.2604628390576096,3.165212610470732,-12.8842465066937,13.327083157367067,P2,P2,a_baseline,109.28,0.051,41.65,46.89,True,rigid_offset?+high_residual,44.17,control
sub-2223,ses-3,run-01,anode,control,68.48933724,-14.07834656,-17.06654724,67.73168281094239,-19.90367475047073,-6.281586003306303,active,0.7576544290576095,5.8253281904707315,-10.784961236693697,12.281037319280047,P2,P2,a_baseline,108.51,0.0615,40.56,47.17,True,,,control
sub-2223,ses-3,run-02,anode,control,68.84800901,-13.54384048,-18.21419572,67.73168281094239,-19.90367475047073,-6.281586003306303,active,1.1163261990576103,6.359834270470731,-11.932609716693698,13.567639838287617,P2,P2,a_baseline,108.85,0.0615,40.64,47.24,True,,,control
sub-2223,ses-4,run-01,anode,control,69.62502796,-12.51705678,-10.25565303,67.73168281094239,-19.90367475047073,-6.281586003306303,active,1.893345149057609,7.386617970470731,-3.974067026693697,8.598842342303714,P2,P2,a_baseline,106.25,0.0959,42.81,52.83,True,,,control
sub-2223,ses-4,run-02,anode,control,69.63926244,-14.14039586,-12.38688803,67.73168281094239,-19.90367475047073,-6.281586003306303,active,1.907579629057608,5.7632788904707315,-6.105302026693697,8.609817445665806,P2,P2,a_baseline,104.9,0.0962,43.4,53.61,True,rigid_offset?+high_residual,41.31,control
sub-2225,ses-1,run-01,anode,target,-10.09985122,-74.00452245,48.5737191,-16.5683258600471,-70.87544304837921,52.25902344473044,active,6.4684746400471,-3.1290794016207855,-3.68530434473044,8.075504330001255,P2,P2,a_baseline,104.69,0.0267,64.92,69.3,True,ambiguous_condition,,target
sub-2225,ses-1,run-02,anode,target,-10.27132172,-71.68944847,47.06735132,-16.5683258600471,-70.87544304837921,52.25902344473044,active,6.2970041400471,-0.8140054216207915,-5.191672124730438,8.201726977710331,P2,P2,a_baseline,102.79,0.0315,65.11,70.26,True,ambiguous_condition+different_montage?+high_residual,55.59,target
sub-2225,ses-2,run-01,anode,target,-25.16164938,-73.52570772,44.18052482,-16.5683258600471,-70.87544304837921,52.25902344473044,active,-8.5933235199529,-2.650264671620789,-8.078498624730436,12.088475998983018,P2,P2,a_baseline,99.31,0.0094,63.86,65.2,True,,,target
sub-2225,ses-2,run-02,anode,target,-24.92980082,-70.35581452,42.09654615,-16.5683258600471,-70.87544304837921,52.25902344473044,active,-8.3614749599529,0.519628528379215,-10.162477294730436,13.17042983654431,P2,P2,a_baseline,100.39,0.01,63.16,64.63,True,,,target
sub-2225,ses-3,run-01,anode,target,-11.04657528,-77.35652555,41.91193358,-16.5683258600471,-70.87544304837921,52.25902344473044,active,5.521750580047099,-6.48108250162079,-10.347089864730435,13.399866735526624,P2,P2,a_baseline,104.69,0.0194,65.78,68.9,True,ambiguous_condition,,target
sub-2225,ses-3,run-02,anode,target,-11.40620876,-74.80883784,40.29350729,-16.5683258600471,-70.87544304837921,52.25902344473044,active,5.1621171000471,-3.9333947916207848,-11.965516154730437,13.612223344864104,P2,P2,a_baseline,103.57,0.0137,66.07,68.12,True,ambiguous_condition,,target
sub-2225,ses-4,run-01,anode,target,-15.89315745,-61.50639151,62.89090232,-16.5683258600471,-70.87544304837921,52.25902344473044,active,0.6751684100470996,9.36905153837921,10.631878875269564,14.187030257567459,P2,P2,a_baseline,98.73,0.0375,63.52,69.64,True,ambiguous_condition,,target
sub-2225,ses-4,run-02,anode,target,-15.74747516,-59.39836276,61.9118277,-16.5683258600471,-70.87544304837921,52.25902344473044,active,0.8208507000470995,11.477080288379213,9.652804255269565,15.01911441491211,P2,P2,a_baseline,97.14,0.0324,63.57,68.82,True,ambiguous_condition,,target
sub-2226,ses-1,run-01,anode,target,-18.10078326,-67.54758365,60.82375303,-19.53276251802023,-63.82749269754953,66.00954865859985,active,1.431979258020231,-3.7200909524504766,-5.185795628599855,6.540804047784143,P2,P2,a_baseline,105.19,0.0444,63.46,70.7,True,ambiguous_condition,,target
sub-2226,ses-1,run-02,anode,target,-17.93299503,-66.72602631,61.08892113,-19.53276251802023,-63.82749269754953,66.00954865859985,active,1.5997674880202304,-2.898533612450464,-4.9206275285998515,5.93071061454244,P2,P2,a_baseline,105.43,0.0429,63.84,70.92,True,ambiguous_condition,,target
sub-2226,ses-2,run-01,anode,target,-24.62209885,-75.39420316,45.61956226,-19.53276251802023,-63.82749269754953,66.00954865859985,active,-5.089336331979769,-11.566710462450473,-20.389986398599852,23.988365524921818,P2,P2,a_baseline,104.18,0.0294,65.43,69.99,True,,,target
sub-2226,ses-2,run-02,anode,target,-24.8021175,-75.70275917,45.96192251,-19.53276251802023,-63.82749269754953,66.00954865859985,active,-5.26935498197977,-11.875266472450463,-20.047626148599853,23.889231254099528,P2,P2,a_baseline,104.49,0.0314,65.59,70.59,True,,,target
sub-2226,ses-3,run-01,anode,target,-16.89433596,-66.65717401,63.19151036,-19.53276251802023,-63.82749269754953,66.00954865859985,active,2.6384265580202317,-2.829681312450475,-2.818038298599852,4.7864110651377905,P2,P2,a_baseline,101.27,0.0088,65.87,67.3,True,ambiguous_condition,,target
sub-2226,ses-3,run-02,anode,target,-16.65488243,-66.24985634,62.94609957,-19.53276251802023,-63.82749269754953,66.00954865859985,active,2.8778800880202304,-2.4223636424504633,-3.063449088599853,4.851263725642266,P2,P2,a_baseline,101.0,0.0087,66.52,67.89,True,ambiguous_condition,,target
sub-2226,ses-4,run-01,anode,target,-10.31444568,-69.230085,61.41344831,-19.53276251802023,-63.82749269754953,66.00954865859985,active,9.21831683802023,-5.402592302450472,-4.596100348599855,11.631401778247714,P2,P2,a_baseline,103.31,0.0363,67.37,73.1,True,ambiguous_condition,,target
sub-2226,ses-4,run-02,anode,target,-9.88842756,-69.07834598,63.45134297,-19.53276251802023,-63.82749269754953,66.00954865859985,active,9.64433495802023,-5.250853282450464,-2.5582056885998554,11.275152917876394,P2,P2,a_baseline,104.04,0.0398,67.42,73.47,True,ambiguous_condition,,target
sub-2227,ses-1,run-01,anode,control,74.20588403,-20.23727699,-19.90894221,70.95690461818764,-28.29423063335937,-19.65675507742904,active,3.248979411812371,8.056953643359368,-0.2521871325709597,8.691027993250097,P2,P2,a_baseline,103.03,0.0265,43.83,46.34,True,,,control
sub-2227,ses-1,run-02,anode,control,74.11116594,-20.31968956,-19.38728139,70.95690461818764,-28.29423063335937,-19.65675507742904,active,3.1542613218123705,7.974541073359369,0.2694736874290413,8.579935074649091,P2,P2,a_baseline,103.7,0.0362,43.58,47.17,True,,,control
sub-2227,ses-2,run-01,anode,control,74.42761911,-20.73473888,-21.68729267,70.95690461818764,-28.29423063335937,-19.65675507742904,active,3.470714491812359,7.559491753359371,-2.030537592570962,8.562409565515336,P2,P2,a_baseline,93.12,0.0337,42.3,45.87,True,,,control
sub-2227,ses-2,run-02,anode,control,74.41355091,-20.52362722,-21.57330937,70.95690461818764,-28.29423063335937,-19.65675507742904,active,3.456646291812362,7.7706034133593676,-1.9165542925709609,8.718019347924423,P2,P2,a_baseline,96.05,0.0321,42.45,45.7,True,,,control
sub-2227,ses-3,run-01,anode,control,72.83168887,-24.08490062,-26.36923676,70.95690461818764,-28.29423063335937,-19.65675507742904,active,1.8747842518123576,4.20933001335937,-6.71248168257096,8.141909204299829,P2,P2,a_baseline,113.46,0.0088,43.93,44.81,True,,,control
sub-2227,ses-3,run-02,anode,control,72.96783078,-24.02984486,-26.58170663,70.95690461818764,-28.29423063335937,-19.65675507742904,active,2.010926161812364,4.264385773359368,-6.92495155257096,8.377575070254288,P2,P2,a_baseline,113.2,0.0139,43.76,45.22,True,,,control
sub-2227,ses-4,run-01,anode,control,72.33479478,-25.28179599,-24.69776467,70.95690461818764,-28.29423063335937,-19.65675507742904,active,1.3778901618123598,3.01243464335937,-5.041009592570962,6.032008081138771,P2,P2,a_baseline,105.82,0.0439,41.97,46.51,True,,,control
sub-2227,ses-4,run-02,anode,control,72.69930058,-25.91790978,-24.65443888,70.95690461818764,-28.29423063335937,-19.65675507742904,active,1.7423959618123632,2.3763208533593705,-4.997683802570961,5.801696982463905,P2,P2,a_baseline,106.98,0.0397,41.86,46.11,True,,,control
sub-2228,ses-1,run-01,anode,control,74.04525043,-25.02832271,-8.69078327,70.14597200886887,-34.468048507440606,-7.41376619695356,active,3.899278421131129,9.439725797440605,-1.2770170730464407,10.292889193089405,P2,P2,a_baseline,113.19,0.0374,42.6,46.51,True,,,control
sub-2228,ses-1,run-02,anode,control,74.2048458,-25.4901834,-8.00169342,70.14597200886887,-34.468048507440606,-7.41376619695356,active,4.058873791131134,8.977865107440607,-0.5879272230464405,9.870267309416187,P2,P2,a_baseline,112.03,0.0354,42.7,46.26,True,,,control
sub-2228,ses-2,run-01,anode,control,71.16249668,-35.22956046,-4.1386791,70.14597200886887,-34.468048507440606,-7.41376619695356,active,1.0165246711311369,-0.7615119525593954,3.27508709695356,3.512750824288678,P2,P2,a_baseline,98.73,0.0518,42.82,48.02,True,,,control
sub-2228,ses-2,run-02,anode,control,71.67142242,-35.19427244,-3.72776139,70.14597200886887,-34.468048507440606,-7.41376619695356,active,1.525450411131132,-0.7262239325593924,3.68600480695356,4.054754196486751,P2,P2,a_baseline,100.13,0.0584,42.37,48.57,True,,,control
sub-2228,ses-3,run-01,anode,control,70.39165524,-34.81783232,-6.1427857,70.14597200886887,-34.468048507440606,-7.41376619695356,active,0.24568323113113877,-0.3497838125593944,1.2709804969535599,1.3409326564835164,P2,P2,a_baseline,101.76,0.057,39.65,45.55,True,,,control
sub-2228,ses-3,run-02,anode,control,70.36603322,-34.51640185,-5.62406271,70.14597200886887,-34.468048507440606,-7.41376619695356,active,0.22006121113113863,-0.04835334255939472,1.7897034869535604,1.8038302452267794,P2,P2,a_baseline,101.5,0.0431,40.96,45.52,True,,,control
sub-2228,ses-4,run-01,anode,control,72.76866138,-27.0950124,-16.82416974,70.14597200886887,-34.468048507440606,-7.41376619695356,active,2.6226893711311305,7.373036107440605,-9.410403543046439,12.2391117252049,P2,P2,a_baseline,100.79,0.0508,40.53,45.47,True,,,control
sub-2228,ses-4,run-02,anode,control,72.47100356,-26.37880402,-16.74172453,70.14597200886887,-34.468048507440606,-7.41376619695356,active,2.325031551131133,8.089244487440606,-9.327958333046439,12.563934684420879,P2,P2,a_baseline,101.19,0.0449,41.11,45.68,True,,,control
sub-2229,ses-1,run-01,anode,control,80.38431401,-17.61794919,-20.35896962,78.65450824012616,-21.989235173816635,-19.228511345031635,active,1.7298057698738347,4.371285983816634,-1.1304582749683654,4.8351116910827425,P2,P2,a_baseline,105.48,0.0407,43.41,47.59,True,,,control
sub-2229,ses-1,run-02,anode,control,80.61661202,-17.70614172,-20.3844493,78.65450824012616,-21.989235173816635,-19.228511345031635,active,1.9621037798738428,4.283093453816633,-1.1559379549683655,4.85086933784642,P2,P2,a_baseline,105.41,0.0487,42.88,48.06,True,,,control
sub-2229,ses-2,run-01,anode,control,80.62062282,-16.36481229,-12.12667919,78.65450824012616,-21.989235173816635,-19.228511345031635,active,1.9661145798738318,5.624422883816635,7.101832155031634,9.270154220693092,P2,P2,a_baseline,108.23,0.0589,41.48,47.93,True,,,control
sub-2229,ses-2,run-02,anode,control,80.89251963,-16.51189661,-12.28554621,78.65450824012616,-21.989235173816635,-19.228511345031635,active,2.238011389873833,5.477338563816634,6.942965135031635,9.122209030171515,P2,P2,a_baseline,108.22,0.055,41.83,47.85,True,,,control
sub-2229,ses-3,run-01,anode,control,80.89571417,-17.79995396,-21.99530645,78.65450824012616,-21.989235173816635,-19.228511345031635,active,2.2412059298738427,4.189281213816635,-2.7667951049683666,5.498021122314425,P2,P2,a_baseline,95.02,0.0554,41.65,47.72,True,,,control
sub-2229,ses-3,run-02,anode,control,80.50672861,-19.6931445,-21.3292349,78.65450824012616,-21.989235173816635,-19.228511345031635,active,1.8522203698738338,2.296090673816636,-2.100723554968365,3.621573157532817,P2,P2,a_baseline,110.05,0.0281,44.06,47.19,True,,,control
sub-2229,ses-4,run-01,anode,control,81.48867675,-13.25769983,-23.35255917,78.65450824012616,-21.989235173816635,-19.228511345031635,active,2.834168509873834,8.731535343816635,-4.124047824968365,10.063796056424525,P2,P2,a_baseline,106.04,0.0464,42.86,47.84,True,,,control
sub-2229,ses-4,run-02,anode,control,81.36782106,-14.03447133,-23.72775818,78.65450824012616,-21.989235173816635,-19.228511345031635,active,2.7133128198738348,7.954763843816634,-4.499246834968364,9.53328675491076,P2,P2,a_baseline,104.66,0.0443,42.86,47.29,True,,,control
sub-2230,ses-1,run-01,anode,target,-33.28767185,-74.27151928,46.15756661,-38.3090855026987,-68.5632310987301,53.65023038219487,active,5.021413652698698,-5.708288181269907,-7.492663772194867,10.674228751300769,P2,P2,a_baseline,106.02,0.031,67.06,71.64,True,,,target
sub-2230,ses-1,run-02,anode,target,-32.71164642,-74.43107284,46.40744171,-38.3090855026987,-68.5632310987301,53.65023038219487,active,5.597439082698699,-5.867841741269899,-7.2427886721948695,10.872942505834681,P2,P2,a_baseline,104.88,0.0311,66.95,71.54,True,,,target
sub-2230,ses-2,run-01,anode,target,-22.9257953,-73.28857825,54.11956002,-38.3090855026987,-68.5632310987301,53.65023038219487,active,15.3832902026987,-4.725347151269901,0.4693296378051315,16.09952774056999,P2,P2,a_baseline,97.21,0.0083,69.49,70.73,True,,,target
sub-2230,ses-2,run-02,anode,target,-21.19244019,-71.83928117,54.36306527,-38.3090855026987,-68.5632310987301,53.65023038219487,active,17.1166453126987,-3.276050071269907,0.7128348878051298,17.44190885217183,P2,P2,a_baseline,97.18,0.0367,65.36,71.17,True,,,target
sub-2231,ses-1,run-01,anode,target,-11.57178821,-75.98298648,27.33310651,-17.88182269061433,-70.04593302072679,49.6153514396863,active,6.310034480614332,-5.937053459273201,-22.2822449296863,23.907395885611226,P2,P2,a_baseline,104.66,0.0127,65.39,67.31,True,ambiguous_condition,,target
sub-2231,ses-1,run-02,anode,target,-11.53517519,-78.41655551,28.58060999,-17.88182269061433,-70.04593302072679,49.6153514396863,active,6.346647500614331,-8.370622489273202,-21.0347414496863,23.511860904873764,P2,P2,a_baseline,104.41,0.01,66.17,67.68,True,ambiguous_condition,,target
sub-2231,ses-2,run-01,anode,target,-3.91533154,-71.33329965,49.96488112,-17.88182269061433,-70.04593302072679,49.6153514396863,active,13.966491150614331,-1.2873666292732082,0.3495296803137009,14.030051991912748,P2,P2,a_baseline,105.81,0.0096,65.77,67.24,True,ambiguous_condition,,target
sub-2231,ses-2,run-02,anode,target,-4.39820104,-72.58617039,52.15406954,-17.88182269061433,-70.04593302072679,49.6153514396863,active,13.483621650614332,-2.540237369273214,2.5387181003137016,13.95370733181788,P2,P2,a_baseline,103.63,0.0207,65.61,69.03,True,ambiguous_condition,,target
sub-2231,ses-3,run-01,anode,target,-3.35475455,-70.76878584,47.81862413,-17.88182269061433,-70.04593302072679,49.6153514396863,active,14.527068140614332,-0.7228528192732142,-1.7967273096862968,14.655594630916747,P2,P2,a_baseline,105.39,0.0353,64.85,70.53,True,ambiguous_condition,,target
sub-2231,ses-3,run-02,anode,target,-4.78540297,-73.69410692,44.13639946,-17.88182269061433,-70.04593302072679,49.6153514396863,active,13.096419720614332,-3.6481738992732033,-5.4789519796863,14.65756791195397,P2,P2,a_baseline,101.66,0.0395,65.46,72.02,True,ambiguous_condition,,target
sub-2231,ses-4,run-01,anode,target,-14.94125018,-69.84135323,50.0002497,-17.88182269061433,-70.04593302072679,49.6153514396863,active,2.940572510614331,0.20457979072679677,0.38489826031369745,2.972703525706356,P2,P2,a_baseline,103.42,0.0381,66.77,73.0,True,ambiguous_condition,,target
sub-2231,ses-4,run-02,anode,target,-14.83499776,-69.3986025,49.39347437,-17.88182269061433,-70.04593302072679,49.6153514396863,active,3.0468249306143314,0.647330520726797,-0.2218770696863004,3.1227245147354945,P2,P2,a_baseline,103.5,0.0305,66.89,71.87,True,ambiguous_condition,,target
sub-2232,ses-1,run-01,anode,control,76.39519102,-13.32469405,4.5913548,76.03197002115074,-16.43200851181737,19.138233617797567,active,0.3632209988492576,3.107314461817369,-14.546878817797566,14.879483055479849,P2,P2,a_baseline,100.21,0.0496,41.21,46.36,True,rigid_offset?+high_residual,43.11,control
sub-2232,ses-1,run-02,anode,control,76.88434778,-14.09535512,5.31763471,76.03197002115074,-16.43200851181737,19.138233617797567,active,0.8523777588492578,2.336653391817368,-13.820598907797567,14.042629778196384,P2,P2,a_baseline,100.26,0.049,41.5,46.33,True,rigid_offset?+high_residual,42.75,control
sub-2232,ses-2,run-01,anode,control,77.34606273,-14.8621067,10.50494182,76.03197002115074,-16.43200851181737,19.138233617797567,active,1.3140927088492589,1.5699018118173687,-8.633291797797567,8.872719910608978,P2,P2,a_baseline,107.4,0.0156,43.58,45.29,True,,,control
sub-2232,ses-2,run-02,anode,control,77.68293029,-14.96320853,11.30972929,76.03197002115074,-16.43200851181737,19.138233617797567,active,1.6509602688492606,1.4687999818173694,-7.828504327797567,8.134403678589523,P2,P2,a_baseline,106.4,0.0245,43.6,46.08,True,,,control
sub-2232,ses-3,run-01,anode,control,76.33194786,-15.97802377,8.43362508,76.03197002115074,-16.43200851181737,19.138233617797567,active,0.29997783884925866,0.4539847418173686,-10.704608537797567,10.71842958632897,P2,P2,a_baseline,103.21,0.0465,41.78,46.41,True,rigid_offset?+high_residual,40.19,control
sub-2232,ses-3,run-02,anode,control,75.96459117,-21.86211528,5.42874896,76.03197002115074,-16.43200851181737,19.138233617797567,active,-0.06737885115073539,-5.4301067681826325,-13.709484657797567,14.745866166686584,P2,P2,a_baseline,104.42,0.0445,41.86,46.41,True,rigid_offset?+high_residual,41.86,control
sub-2232,ses-4,run-01,anode,control,77.71266845,-11.938184,16.99307024,76.03197002115074,-16.43200851181737,19.138233617797567,active,1.6806984288492544,4.493824511817369,-2.145163377797566,5.255561993658797,P2,P2,a_baseline,106.31,0.0853,38.73,47.34,True,,,control
sub-2232,ses-4,run-02,anode,control,78.00118012,-12.26760099,16.85502679,76.03197002115074,-16.43200851181737,19.138233617797567,active,1.9692100988492598,4.164407521817369,-2.2832068277975672,5.141314213280532,P2,P2,a_baseline,103.96,0.0964,38.84,48.54,True,,,control
sub-2233,ses-1,run-01,anode,control,74.53523913,-27.90023668,-1.72017693,75.76384667522363,-22.30811151184413,5.107270477470631,active,-1.228607545223639,-5.592125168155867,-6.827447407470631,8.910408436108874,P2,P2,a_baseline,108.11,0.0393,42.98,46.95,True,,,control
sub-2233,ses-1,run-02,anode,control,74.85865236,-28.30350459,-1.94868486,75.76384667522363,-22.30811151184413,5.107270477470631,active,-0.905194315223639,-5.9953930781558675,-7.055955337470631,9.303258602999959,P2,P2,a_baseline,108.96,0.0449,42.79,47.17,True,,,control
sub-2233,ses-2,run-01,anode,control,71.71803378,-34.25767887,-1.35613551,75.76384667522363,-22.30811151184413,5.107270477470631,active,-4.045812895223634,-11.949567358155868,-6.463405987470631,14.175202961126633,P2,P2,a_baseline,106.85,0.0644,39.37,45.32,True,,,control
sub-2233,ses-2,run-02,anode,control,71.6757557,-35.34888343,-3.2371317,75.76384667522363,-22.30811151184413,5.107270477470631,active,-4.088090975223636,-13.040771918155869,-8.34440217747063,16.01259715793925,P2,P2,a_baseline,107.67,0.0835,38.3,46.45,True,,,control
sub-2233,ses-3,run-01,anode,control,73.42914048,-29.59294224,3.19033349,75.76384667522363,-22.30811151184413,5.107270477470631,active,-2.3347061952236317,-7.2848307281558675,-1.9169369874706308,7.8863336963276245,P2,P2,a_baseline,102.61,0.0382,43.41,47.65,True,,,control
sub-2233,ses-3,run-02,anode,control,73.75752235,-31.27921188,1.58796112,75.76384667522363,-22.30811151184413,5.107270477470631,active,-2.0063243252236305,-8.971100368155867,-3.5193093574706307,9.843348894918371,P2,P2,a_baseline,102.39,0.037,42.88,46.94,True,,,control
sub-2233,ses-4,run-01,anode,control,74.89845649,-26.12370216,-7.82161743,75.76384667522363,-22.30811151184413,5.107270477470631,active,-0.8653901852236316,-3.815590648155869,-12.928887907470632,13.50791526072459,P2,P2,a_baseline,101.83,0.0714,40.38,48.12,True,,,control
sub-2233,ses-4,run-02,anode,control,74.52865793,-27.42368229,-9.82903598,75.76384667522363,-22.30811151184413,5.107270477470631,active,-1.2351887452236383,-5.115570778155867,-14.936306457470632,15.836287639915115,P2,P2,a_baseline,98.37,0.0694,40.78,48.3,True,,,control
sub-2234,ses-1,run-01,anode,target,-15.53977722,-66.2153447,67.00901867,-26.347509570735934,-61.1311849330966,69.10905500489754,active,10.807732350735934,-5.084159766903404,-2.1000363348975384,12.1270735014031,P2,P2,a_baseline,101.07,0.0249,65.01,69.07,True,ambiguous_condition,,target
sub-2234,ses-1,run-02,anode,target,-15.68865634,-66.730695,66.63221026,-26.347509570735934,-61.1311849330966,69.10905500489754,active,10.658853230735934,-5.599510066903399,-2.476844744897548,12.29229128657668,P2,P2,a_baseline,100.12,0.0266,65.2,69.46,True,ambiguous_condition,,target
sub-2234,ses-2,run-01,anode,target,-19.59168558,-72.08456794,55.95187476,-26.347509570735934,-61.1311849330966,69.10905500489754,active,6.755823990735934,-10.953383006903401,-13.157180244897539,18.40459586859884,P2,P2,a_baseline,104.6,0.0081,66.14,67.43,True,ambiguous_condition,,target
sub-2234,ses-2,run-02,anode,target,-9.07273008,-75.82321087,36.98925131,-26.347509570735934,-61.1311849330966,69.10905500489754,active,17.274779490735934,-14.692025936903399,-32.11980369489754,39.31863962528392,P2,P2,a_baseline,99.47,0.1284,59.16,81.33,True,ambiguous_condition,,target
sub-2235,ses-1,run-01,anode,target,-30.43139012,-66.49762942,62.6565454,-30.376967624890167,-66.45076405185891,63.14111558283947,active,-0.05442249510983288,-0.04686536814108422,-0.4845701828394695,0.4898636879807035,P2,P2,a_baseline,104.38,0.0622,63.12,72.21,True,,,target
sub-2235,ses-1,run-02,anode,target,-30.1334633,-65.69982277,61.7155362,-30.376967624890167,-66.45076405185891,63.14111558283947,active,0.24350432489016782,0.7509412818589141,-1.4255793828394658,1.6295655070653274,P2,P2,a_baseline,104.47,0.0584,63.73,72.1,True,,,target
sub-2235,ses-2,run-01,anode,target,-30.73143984,-69.88669937,57.4718612,-30.376967624890167,-66.45076405185891,63.14111558283947,active,-0.3544722151098334,-3.435935318141091,-5.669254382839469,6.638655535504062,P2,P2,a_baseline,105.46,0.0608,65.48,75.22,True,,,target
sub-2235,ses-2,run-02,anode,target,-30.37224137,-71.26852993,57.73343004,-30.376967624890167,-66.45076405185891,63.14111558283947,active,0.004726254890165649,-4.817765878141088,-5.407685542839467,7.242510153551795,P2,P2,a_baseline,104.4,0.0508,66.16,74.41,True,,,target
sub-2235,ses-3,run-01,anode,target,-21.57070497,-75.37178628,55.4624769,-30.376967624890167,-66.45076405185891,63.14111558283947,active,8.806262654890165,-8.921022228141084,-7.67863868283947,14.700217398511464,P2,P2,a_baseline,108.34,0.035,65.29,71.13,True,,,target
sub-2235,ses-3,run-02,anode,target,-20.59178945,-75.64090194,55.50152112,-30.376967624890167,-66.45076405185891,63.14111558283947,active,9.785178174890167,-9.190137888141095,-7.639594462839469,15.445768024738712,P2,P2,a_baseline,108.68,0.0439,64.05,71.32,True,,,target
sub-2235,ses-4,run-01,anode,target,-20.2427579,-79.14395856,48.58372388,-30.376967624890167,-66.45076405185891,63.14111558283947,active,10.134209724890166,-12.69319450814109,-14.557391702839467,21.811397175776268,P2,P2,a_baseline,96.88,0.0324,66.17,71.64,True,,,target
sub-2235,ses-4,run-02,anode,target,-30.64944937,-76.11168644,33.61853044,-30.376967624890167,-66.45076405185891,63.14111558283947,active,-0.2724817451098325,-9.660922388141088,-29.522585142839468,31.064299464293565,P2,P2,a_baseline,96.38,0.0313,66.6,71.87,True,,,target
sub-2236,ses-1,run-01,anode,control,78.76268549,-29.4021653,-11.29220221,77.88757415467303,-31.0112457963116,-7.558222383196757,active,0.8751113353269631,1.6090804963115986,-3.7339798268032425,4.159034171511661,P2,P2,a_baseline,100.58,0.0913,42.61,52.42,True,,,control
sub-2236,ses-1,run-02,anode,control,78.8185872,-29.64463997,-11.65371891,77.88757415467303,-31.0112457963116,-7.558222383196757,active,0.9310130453269636,1.3666058263115985,-4.0954965268032435,4.416728266051153,P2,P2,a_baseline,100.82,0.0974,42.8,52.95,True,,,control
sub-2236,ses-2,run-01,anode,control,77.31764629,-32.07229751,-13.87796624,77.88757415467303,-31.0112457963116,-7.558222383196757,active,-0.5699278646730335,-1.0610517136884,-6.3197438568032425,6.433491348067096,P2,P2,a_baseline,107.67,0.0645,41.37,48.48,True,,,control
sub-2236,ses-2,run-02,anode,control,77.52934983,-32.19520834,-13.44461979,77.88757415467303,-31.0112457963116,-7.558222383196757,active,-0.35822432467303145,-1.183962543688402,-5.886397406803244,6.014961878720805,P2,P2,a_baseline,107.24,0.0622,41.56,48.42,True,,,control
sub-2236,ses-3,run-01,anode,target,-8.12008101,-75.73298462,49.12640083,-24.654994043711365,-80.1145295388012,39.94175608817434,active,16.534913033711366,4.381544918801197,9.184644741825664,19.41543159297306,P2,P2,a_baseline,102.54,0.0336,67.42,72.59,True,ambiguous_condition,,target
sub-2236,ses-3,run-02,anode,target,-8.04869388,-75.88516949,50.36576948,-24.654994043711365,-80.1145295388012,39.94175608817434,active,16.606300163711367,4.2293600488011975,10.42401339182566,20.057835046251544,P2,P2,a_baseline,102.49,0.0343,67.87,73.33,True,ambiguous_condition,,target
sub-2236,ses-4,run-01,anode,control,77.99539772,-31.1895965,-17.02267641,77.88757415467303,-31.0112457963116,-7.558222383196757,active,0.10782356532696724,-0.17835070368840178,-9.464454026803242,9.466748381583725,P2,P2,a_baseline,104.91,0.062,41.88,48.77,True,,,control
sub-2236,ses-4,run-02,anode,control,78.16436408,-31.74146627,-17.39938465,77.88757415467303,-31.0112457963116,-7.558222383196757,active,0.2767899253269661,-0.7302204736884015,-9.841162266803241,9.872097515954152,P2,P2,a_baseline,104.93,0.056,42.5,48.76,True,,,control
sub-2237,ses-1,run-01,anode,target,-10.88006753,-65.04787719,72.84884947,-25.7747295905102,-55.87708400704096,78.157609642964,active,14.894662060510202,-9.17079318295903,-5.308760172964,18.27942395360036,P2,P2,a_baseline,104.91,0.0161,67.35,69.92,True,ambiguous_condition,,target
sub-2237,ses-1,run-02,anode,target,-10.08375832,-65.22015149,72.96582669,-25.7747295905102,-55.87708400704096,78.157609642964,active,15.690971270510202,-9.343067482959043,-5.1917829529640045,18.98562876582682,P2,P2,a_baseline,103.79,0.0137,68.15,70.28,True,ambiguous_condition,,target
sub-2237,ses-2,run-01,anode,target,-26.92183412,-48.60778871,85.63448299,-25.7747295905102,-55.87708400704096,78.157609642964,active,-1.1471045294897984,7.269295297040962,7.4768733470359905,10.49105037471344,P2,P2,a_baseline,101.28,0.0641,63.59,73.15,True,,,target
sub-2237,ses-2,run-02,anode,target,-26.34662175,-47.9090593,84.67519239,-25.7747295905102,-55.87708400704096,78.157609642964,active,-0.5718921594897992,7.968024707040961,6.517582747036002,10.309964269509495,P2,P2,a_baseline,102.45,0.0471,65.06,72.66,True,,,target
sub-2237,ses-3,run-01,anode,target,-21.97661266,-63.70876655,74.23924685,-25.7747295905102,-55.87708400704096,78.157609642964,active,3.7981169305102007,-7.831682542959037,-3.918362792964004,9.54539211603181,P2,P2,a_baseline,100.63,0.0267,63.98,68.13,True,,,target
sub-2237,ses-3,run-02,anode,target,-21.68469073,-62.02320764,74.34368652,-25.7747295905102,-55.87708400704096,78.157609642964,active,4.090038860510202,-6.146123632959039,-3.813923122963999,8.30958862880592,P2,P2,a_baseline,101.38,0.0287,63.36,67.82,True,ambiguous_condition,,target
sub-2237,ses-4,run-01,anode,target,-30.81332544,-64.53375317,70.08343112,-25.7747295905102,-55.87708400704096,78.157609642964,active,-5.038595849489798,-8.656669162959034,-8.074178522964004,12.865369328243743,P2,P2,a_baseline,106.72,0.0263,65.51,69.43,True,,,target
sub-2237,ses-4,run-02,anode,target,-28.65894132,-64.514159,64.35022341,-25.7747295905102,-55.87708400704096,78.157609642964,active,-2.884211729489799,-8.637074992959043,-13.807386232964006,16.539699402370317,P2,P2,a_baseline,106.0,0.0339,64.18,69.61,True,,,target
sub-2239,ses-1,run-01,anode,control,66.91766038,-36.41074191,-8.91248036,65.32561412581039,-39.39547481922457,-2.90740370463569,active,1.5920462541896114,2.9847329092245687,-6.005076655364309,6.892328159024984,P2,P2,a_baseline,114.15,0.0047,44.25,44.75,True,,,control
sub-2239,ses-1,run-02,anode,control,66.74533337,-35.22976765,-8.63899916,65.32561412581039,-39.39547481922457,-2.90740370463569,active,1.4197192441896078,4.165707169224568,-5.7315954553643085,7.2263341616620576,P2,P2,a_baseline,113.52,0.0167,43.94,45.73,True,,,control
sub-2239,ses-2,run-01,anode,control,67.13094818,-33.77257228,-14.51521383,65.32561412581039,-39.39547481922457,-2.90740370463569,active,1.8053340541896148,5.622902539224569,-11.60781012536431,13.023729109565547,P2,P2,a_baseline,108.25,0.0514,42.54,47.88,True,rigid_offset?+high_residual,43.37,control
sub-2239,ses-2,run-02,anode,control,67.05119343,-33.12250983,-14.39236595,65.32561412581039,-39.39547481922457,-2.90740370463569,active,1.7255793041896084,6.272964989224569,-11.48496224536431,13.199699673421675,P2,P2,a_baseline,108.9,0.0431,43.3,47.63,True,rigid_offset?+high_residual,43.46,control
sub-2239,ses-3,run-01,anode,control,62.61943788,-47.30276178,-13.2210358,65.32561412581039,-39.39547481922457,-2.90740370463569,active,-2.70617624581039,-7.90728696077543,-10.313632095364309,13.274772463284119,P2,P2,a_baseline,98.68,0.061,41.38,47.49,True,,,control
sub-2239,ses-3,run-02,anode,control,62.08734776,-47.71268471,-21.34056748,65.32561412581039,-39.39547481922457,-2.90740370463569,active,-3.2382663658103894,-8.31720989077543,-18.43316377536431,20.480329005964588,P2,P2,a_baseline,96.87,0.0731,40.67,48.61,True,,,control
sub-2239,ses-4,run-01,anode,control,67.6119667,-36.73001773,1.84213986,65.32561412581039,-39.39547481922457,-2.90740370463569,active,2.286352574189607,2.6654570892245673,4.74954356463569,5.906795549227453,P2,P2,a_baseline,100.78,0.0671,39.67,46.78,True,,,control
sub-2239,ses-4,run-02,anode,control,67.61679999,-34.62947845,1.26614812,65.32561412581039,-39.39547481922457,-2.90740370463569,active,2.2911858641896146,4.765996369224567,4.17355182463569,6.736674913385977,P2,P2,a_baseline,100.38,0.0629,39.75,46.38,True,,,control
sub-2241,ses-1,run-01,anode,target,-32.538613,-69.06029375,77.39894674,-33.096187409092096,-59.51021115107644,94.28239602837137,active,0.5575744090920978,-9.55008259892356,-16.883449288371366,19.40530408782466,P2,P2,a_baseline,109.8,0.024,66.07,70.02,True,,,target
sub-2241,ses-1,run-02,anode,target,-32.42073564,-69.8246272,76.99545895,-33.096187409092096,-59.51021115107644,94.28239602837137,active,0.6754517690920991,-10.314416048923555,-17.286937078371366,20.141539342220895,P2,P2,a_baseline,109.35,0.0284,66.26,70.78,True,,,target
sub-2241,ses-2,run-01,anode,target,-21.72558858,-68.93504555,89.0922891,-33.096187409092096,-59.51021115107644,94.28239602837137,active,11.370598829092096,-9.424834398923558,-5.190106928371364,15.654240036080056,P2,P2,a_baseline,101.07,0.0126,65.44,67.35,True,,,target
sub-2241,ses-2,run-02,anode,target,-21.40813904,-69.63578676,89.64206068,-33.096187409092096,-59.51021115107644,94.28239602837137,active,11.688048369092098,-10.125575608923562,-4.640335348371366,16.145292448128927,P2,P2,a_baseline,101.63,0.0139,65.32,67.39,True,,,target
sub-2241,ses-3,run-01,anode,target,-37.82858666,-69.5551482,67.80861206,-33.096187409092096,-59.51021115107644,94.28239602837137,active,-4.732399250907903,-10.044937048923565,-26.473783968371364,28.708145195933984,P2,P2,a_baseline,102.4,0.0456,66.75,74.1,True,,,target
sub-2241,ses-3,run-02,anode,target,-36.75598455,-75.09644759,61.14219413,-33.096187409092096,-59.51021115107644,94.28239602837137,active,-3.659797140907905,-15.586236438923557,-33.140201898371366,36.80486195202263,P2,P2,a_baseline,102.86,0.0372,67.49,73.74,True,,,target
sub-2241,ses-4,run-01,anode,target,-38.36537132,-63.04916018,80.79366791,-33.096187409092096,-59.51021115107644,94.28239602837137,active,-5.2691839109079055,-3.538949028923561,-13.48872811837137,14.907523119808742,P2,P2,a_baseline,102.07,0.009,67.63,69.09,True,,,target
sub-2241,ses-4,run-02,anode,target,-31.01545336,-60.56393922,95.19509486,-33.096187409092096,-59.51021115107644,94.28239602837137,active,2.080734049092097,-1.0537280689235615,0.9126988316286315,2.504559079667485,P2,P2,a_baseline,106.34,0.0061,66.87,67.86,True,,,target
sub-2242,ses-1,run-01,anode,target,-18.21778906,-54.5975052,79.40634779,-25.660656153283565,-50.78024777727607,81.04412803435156,active,7.442867093283564,-3.8172574227239338,-1.6377802443515606,8.5234998051512,P2,P2,a_baseline,102.01,0.0235,67.38,71.34,True,ambiguous_condition,,target
sub-2242,ses-1,run-02,anode,target,-18.9415535,-55.55340719,79.84991523,-25.660656153283565,-50.78024777727607,81.04412803435156,active,6.719102653283564,-4.773159412723935,-1.1942128043515652,8.327997086137492,P2,P2,a_baseline,101.14,0.0243,67.8,71.48,True,ambiguous_condition,,target
sub-2242,ses-2,run-01,anode,target,-21.72274667,-59.91922067,72.34653887,-25.660656153283565,-50.78024777727607,81.04412803435156,active,3.9379094832835655,-9.138972892723935,-8.697589164351555,13.216505358994226,P2,P2,a_baseline,102.49,0.0205,65.44,68.8,True,,,target
sub-2242,ses-2,run-02,anode,target,-21.35399542,-59.74083889,71.40417962,-25.660656153283565,-50.78024777727607,81.04412803435156,active,4.3066607332835645,-8.960591112723932,-9.639948414351565,13.848036871426682,P2,P2,a_baseline,102.54,0.0279,65.86,70.13,True,ambiguous_condition,,target
sub-2242,ses-3,run-01,anode,target,-13.01921679,-52.71244487,83.08492557,-25.660656153283565,-50.78024777727607,81.04412803435156,active,12.641439363283565,-1.932197092723932,2.040797535648437,12.950066770569746,P2,P2,a_baseline,101.07,0.0325,63.95,68.74,True,ambiguous_condition,,target
sub-2242,ses-3,run-02,anode,target,-14.35834807,-53.96749047,86.05706173,-25.660656153283565,-50.78024777727607,81.04412803435156,active,11.302308083283565,-3.1872426927239346,5.012933695648442,12.768327542350512,P2,P2,a_baseline,102.73,0.0479,62.9,70.27,True,ambiguous_condition,,target
sub-2242,ses-4,run-01,anode,target,-25.04255654,-54.11067304,77.68652539,-25.660656153283565,-50.78024777727607,81.04412803435156,active,0.6180996132835652,-3.330425262723935,-3.3576026443515588,4.76941034928718,P2,P2,a_baseline,102.95,0.0132,66.24,68.4,True,,,target
sub-2242,ses-4,run-02,anode,target,-25.37839307,-54.99256786,77.9992006,-25.660656153283565,-50.78024777727607,81.04412803435156,active,0.28226308328356353,-4.212320082723934,-3.044927434351564,5.205275785966668,P2,P2,a_baseline,102.4,0.015,66.78,69.23,True,,,target
sub-2243,ses-1,run-01,anode,control,80.45940616,-18.53487052,3.6343444,78.61591794392784,-22.5033582803879,-4.572883702993551,active,1.84348821607216,3.9684877603879016,8.20722810299355,9.300856790732379,P2,P2,a_baseline,111.01,0.0463,40.58,45.33,True,,,control
sub-2243,ses-1,run-02,anode,control,78.8892801,-20.37278055,5.19529718,78.61591794392784,-22.5033582803879,-4.572883702993551,active,0.2733621560721531,2.1305777303878983,9.768180882993551,10.001572181236204,P2,P2,a_baseline,110.62,0.054,39.61,45.15,True,,,control
sub-2243,ses-2,run-01,anode,control,77.45137406,-27.49575868,-10.23641434,78.61591794392784,-22.5033582803879,-4.572883702993551,active,-1.1645438839278341,-4.992400399612102,-5.663530637006448,7.639097033285509,P2,P2,a_baseline,101.12,0.0516,42.16,47.53,True,,,control
sub-2243,ses-2,run-02,anode,control,76.30355309,-31.48380752,-13.70626493,78.61591794392784,-22.5033582803879,-4.572883702993551,active,-2.3123648539278463,-8.9804492396121,-9.13338122700645,13.01591919154249,P2,P2,a_baseline,101.76,0.061,42.06,48.44,True,,,control
sub-2243,ses-3,run-01,anode,control,76.91863739,-19.91277569,-16.47515899,78.61591794392784,-22.5033582803879,-4.572883702993551,active,-1.6972805539278397,2.5905825903879,-11.90227528700645,12.298619290149889,P2,P2,a_baseline,101.7,0.0478,47.41,52.65,True,,,control
sub-2243,ses-3,run-02,anode,control,77.13486035,-17.78073017,-23.78307159,78.61591794392784,-22.5033582803879,-4.572883702993551,active,-1.4810575939278436,4.722628110387902,-19.210187887006448,19.83754184670184,P2,P2,a_baseline,101.95,0.0425,47.92,52.99,True,,,control
sub-2244,ses-1,run-01,anode,control,75.06296094,-36.68180659,-2.10000276,73.38643337820717,-37.41214513530047,-4.832783490112567,active,1.676527561792824,0.7303385453004694,2.7327807301125664,3.288195489182048,P2,P2,a_baseline,109.96,0.027,43.52,46.5,True,,,control
sub-2244,ses-1,run-02,anode,control,71.31249685,-36.0337769,-5.66597332,73.38643337820717,-37.41214513530047,-4.832783490112567,active,-2.0739365282071702,1.3783682353004707,-0.8331898298874334,2.6258935636741247,P2,P2,a_baseline,109.67,0.0088,43.48,44.39,True,,,control
sub-2244,ses-2,run-01,anode,control,73.7556922,-38.82412105,-4.51930152,73.38643337820717,-37.41214513530047,-4.832783490112567,active,0.3692588217928261,-1.411975914699532,0.3134819701125666,1.4927488089926793,P2,P2,a_baseline,102.25,0.0491,42.18,47.58,True,,,control
sub-2244,ses-2,run-02,anode,control,73.86953822,-38.9845421,-3.56591175,73.38643337820717,-37.41214513530047,-4.832783490112567,active,0.483104841792823,-1.5723969646995286,1.2668717401125664,2.076243364506146,P2,P2,a_baseline,101.52,0.0571,42.16,48.25,True,,,control
sub-2244,ses-3,run-01,anode,control,69.76905227,-44.9409382,-13.39545268,73.38643337820717,-37.41214513530047,-4.832783490112567,active,-3.6173811082071694,-7.528793064699528,-8.562669189887433,11.961917686914978,P2,P2,a_baseline,96.65,0.0569,40.57,46.43,True,,,control
sub-2244,ses-3,run-02,anode,control,69.90288405,-45.6688697,-14.0665236,73.38643337820717,-37.41214513530047,-4.832783490112567,active,-3.483549328207175,-8.256724564699532,-9.233740109887433,12.86742293065357,P2,P2,a_baseline,98.53,0.0403,41.98,46.03,True,,,control
sub-2244,ses-4,run-01,anode,target,-18.63218672,-72.49665555,53.74094982,-18.826554680527835,-70.58343560257619,55.00048302049333,active,0.19436796052783478,-1.913219947423812,-1.2595332004933297,2.298828691843978,P2,P2,a_baseline,101.98,0.0327,65.4,70.64,True,ambiguous_condition,,target
sub-2244,ses-4,run-02,anode,target,-17.81244902,-72.04844905,52.06773207,-18.826554680527835,-70.58343560257619,55.00048302049333,active,1.0141056605278358,-1.4650134474238143,-2.932750950493329,3.4315743951525706,P2,P2,a_baseline,102.73,0.0203,66.56,69.77,True,ambiguous_condition,,target
sub-2245,ses-1,run-01,anode,control,75.43245276,-36.83104309,-0.09989243,76.03198539304596,-34.79020310226583,8.310721157532553,active,-0.5995326330459534,-2.0408399877341736,-8.410613587532554,8.675418615398858,P2,P2,a_baseline,110.3,0.031,43.13,46.52,True,rigid_offset?+high_residual,40.75,control
sub-2245,ses-1,run-02,anode,control,74.91676794,-37.89181748,-0.20855589,76.03198539304596,-34.79020310226583,8.310721157532553,active,-1.1152174530459575,-3.1016143777341725,-8.519277047532553,9.134648495063212,P2,P2,a_baseline,109.42,0.0266,42.92,45.81,True,rigid_offset?+high_residual,40.79,control
sub-2245,ses-2,run-01,anode,control,75.22061182,-39.61318774,-0.34706531,76.03198539304596,-34.79020310226583,8.310721157532553,active,-0.8113735730459553,-4.822984637734173,-8.657786467532553,9.943680123990664,P2,P2,a_baseline,104.18,0.0808,41.58,49.78,True,,,control
sub-2245,ses-2,run-02,anode,control,75.05548786,-39.8459189,-0.31604022,76.03198539304596,-34.79020310226583,8.310721157532553,active,-0.9764975330459578,-5.055715797734173,-8.626761377532553,10.04663234742822,P2,P2,a_baseline,104.03,0.077,42.09,49.62,True,,,control
sub-2245,ses-3,run-01,anode,control,75.54562776,-39.50476027,-0.14188857,76.03198539304596,-34.79020310226583,8.310721157532553,active,-0.48635763304595514,-4.714557167734171,-8.452609727532554,9.690727745687301,P2,P2,a_baseline,99.67,0.0772,41.85,49.71,True,,,control
sub-2245,ses-3,run-02,anode,control,75.54723871,-39.76363889,-0.80812182,76.03198539304596,-34.79020310226583,8.310721157532553,active,-0.48474668304595525,-4.973435787734175,-9.118842977532553,10.398237356895343,P2,P2,a_baseline,100.23,0.0697,41.57,48.82,True,,,control
sub-2245,ses-4,run-01,anode,control,77.47640953,-33.62993525,12.79936887,76.03198539304596,-34.79020310226583,8.310721157532553,active,1.4444241369540407,1.1602678522658252,4.488647712467447,4.8559799076042545,P2,P2,a_baseline,114.18,0.0405,41.33,45.64,True,,,control
sub-2245,ses-4,run-02,anode,control,75.26887286,-33.19435383,12.65226206,76.03198539304596,-34.79020310226583,8.310721157532553,active,-0.7631125330459554,1.5958492722658306,4.341540902467447,4.688075622862866,P2,P2,a_baseline,113.64,0.0274,42.66,45.48,True,,,control
sub-2246,ses-1,run-01,anode,target,-8.45128161,-57.24612102,94.40836809,-14.8284255555414,-57.9654209770319,90.79539990281332,active,6.3771439455414,0.7192999570319003,3.612968187186681,7.36470613480025,P2,P2,a_baseline,105.55,0.0472,62.75,70.14,True,ambiguous_condition,,target
sub-2246,ses-1,run-02,anode,target,-8.62416519,-59.23877507,94.45455915,-14.8284255555414,-57.9654209770319,90.79539990281332,active,6.204260365541401,-1.2733540929681055,3.659159247186679,7.314623963388571,P2,P2,a_baseline,103.94,0.0435,63.41,70.18,True,ambiguous_condition,,target
sub-2246,ses-2,run-01,anode,target,-10.00333975,-66.72042958,79.40070952,-14.8284255555414,-57.9654209770319,90.79539990281332,active,4.8250858055414,-8.755008602968104,-11.394690382813309,15.158185827765166,P2,P2,a_baseline,101.55,0.0133,66.67,68.83,True,ambiguous_condition,,target
sub-2246,ses-2,run-02,anode,target,-10.14295155,-66.56317827,79.98038627,-14.8284255555414,-57.9654209770319,90.79539990281332,active,4.685474005541401,-8.597757292968097,-10.815013632813319,14.589023853682885,P2,P2,a_baseline,102.99,0.0164,66.71,69.17,True,ambiguous_condition,,target
sub-2246,ses-3,run-01,anode,target,-15.29860694,-57.65095956,91.35579316,-14.8284255555414,-57.9654209770319,90.79539990281332,active,-0.47018138445860025,0.3144614170319002,0.5603932571866892,0.796239360866708,P2,P2,a_baseline,104.37,0.0337,66.03,71.27,True,ambiguous_condition,,target
sub-2246,ses-3,run-02,anode,target,-14.53041385,-59.57620189,91.40185761,-14.8284255555414,-57.9654209770319,90.79539990281332,active,0.2980117055414002,-1.610780912968103,0.6064577071866779,1.7467733329851851,P2,P2,a_baseline,103.94,0.0197,65.84,69.09,True,ambiguous_condition,,target
sub-2246,ses-4,run-01,anode,target,-12.83284959,-56.76134908,93.18698293,-14.8284255555414,-57.9654209770319,90.79539990281332,active,1.9955759655414003,1.2040718970318949,2.391583027186684,3.3394283857265004,P2,P2,a_baseline,104.88,0.0281,65.91,70.55,True,ambiguous_condition,,target
sub-2246,ses-4,run-02,anode,target,-11.95685032,-58.16956151,91.47337279,-14.8284255555414,-57.9654209770319,90.79539990281332,active,2.8715752355414015,-0.20414053296810408,0.6779728871866837,2.9575775435878944,P2,P2,a_baseline,105.63,0.0247,65.54,69.27,True,ambiguous_condition,,target
sub-2247,ses-1,run-01,anode,target,-25.42621763,-73.76690606,47.0681563,-22.921968958925067,-74.37083514484684,46.29696553259447,active,-2.504248671074933,0.6039290848468397,0.7711907674055283,2.6890011055847554,P2,P2,a_baseline,104.0,0.0321,65.91,70.68,True,,,target
sub-2247,ses-1,run-02,anode,target,-24.54920245,-75.52707827,46.37666303,-22.921968958925067,-74.37083514484684,46.29696553259447,active,-1.6272334910749322,-1.1562431251531677,0.07969749740553311,1.9977834442282727,P2,P2,a_baseline,104.17,0.0318,65.52,70.79,True,,,target
sub-2247,ses-2,run-01,anode,target,-30.25010581,-78.45836286,33.39131723,-22.921968958925067,-74.37083514484684,46.29696553259447,active,-7.328136851074934,-4.087527715153158,-12.905648302594471,15.39367502062088,P2,P2,a_baseline,104.65,0.0508,63.46,71.89,True,,,target
sub-2247,ses-2,run-02,anode,target,-30.02738662,-79.23716419,32.83093127,-22.921968958925067,-74.37083514484684,46.29696553259447,active,-7.105417661074934,-4.866329045153165,-13.46603426259447,15.984436095007702,P2,P2,a_baseline,104.53,0.0386,64.29,70.45,True,,,target
sub-2247,ses-3,run-01,anode,target,-27.63195396,-80.41248752,31.23216677,-22.921968958925067,-74.37083514484684,46.29696553259447,active,-4.709985001074934,-6.041652375153163,-15.06479876259447,16.900700692279376,P2,P2,a_baseline,99.14,0.0496,63.68,71.74,True,,,target
sub-2247,ses-3,run-02,anode,target,-24.83317543,-79.94810729,33.14679025,-22.921968958925067,-74.37083514484684,46.29696553259447,active,-1.9112064710749337,-5.5772721451531595,-13.150175282594468,14.411307529823189,P2,P2,a_baseline,103.9,0.0287,64.77,69.28,True,,,target
sub-2247,ses-4,run-01,anode,target,-16.43689097,-84.54356855,27.45506973,-22.921968958925067,-74.37083514484684,46.29696553259447,active,6.485077988925067,-10.172733405153167,-18.84189580259447,22.373148613697325,P2,P2,a_baseline,101.85,0.0385,65.61,71.4,True,ambiguous_condition,,target
sub-2247,ses-4,run-02,anode,target,-17.82902456,-87.08413924,27.0272027,-22.921968958925067,-74.37083514484684,46.29696553259447,active,5.0929443989250665,-12.713304095153163,-19.26976283259447,23.64085326909373,P2,P2,a_baseline,101.53,0.0445,65.74,72.92,True,ambiguous_condition,,target
sub-2248,ses-1,run-01,anode,target,-31.73499584,-63.99835853,60.53657416,-31.455226870254236,-62.15731090238403,62.1087025720388,active,-0.2797689697457635,-1.8410476276159642,-1.5721284120388006,2.4370709442941165,P2,P2,a_baseline,106.63,0.0369,63.48,68.66,True,,,target
sub-2248,ses-1,run-02,anode,target,-32.19437128,-64.48792429,59.73727649,-31.455226870254236,-62.15731090238403,62.1087025720388,active,-0.7391444097457622,-2.330613387615962,-2.371426082038802,3.4061348892207812,P2,P2,a_baseline,106.15,0.0376,63.81,69.28,True,,,target
sub-2248,ses-2,run-01,anode,target,-30.82139168,-70.13320208,51.15197759,-31.455226870254236,-62.15731090238403,62.1087025720388,active,0.633835190254235,-7.975891177615971,-10.9567249820388,13.567107630501427,P2,P2,a_baseline,103.63,0.0333,63.06,67.92,True,,,target
sub-2248,ses-2,run-02,anode,target,-32.031288,-72.00986689,52.0922025,-31.455226870254236,-62.15731090238403,62.1087025720388,active,-0.5760611297457672,-9.852555987615965,-10.016500072038802,14.061827036607458,P2,P2,a_baseline,103.53,0.0159,66.05,68.64,True,,,target
sub-2248,ses-3,run-01,anode,target,-28.80160942,-67.50848053,58.48710722,-31.455226870254236,-62.15731090238403,62.1087025720388,active,2.653617450254238,-5.351169627615967,-3.6215953520388027,6.9851739312434065,P2,P2,a_baseline,106.3,0.0556,63.65,72.78,True,,,target
sub-2248,ses-3,run-02,anode,target,-28.16225596,-69.20923396,57.5478268,-31.455226870254236,-62.15731090238403,62.1087025720388,active,3.292970910254237,-7.051923057615973,-4.5608757720387985,9.020801740105307,P2,P2,a_baseline,106.41,0.0683,62.33,72.34,True,,,target
sub-2248,ses-4,run-01,anode,target,-24.08468642,-64.71034191,64.48583353,-31.455226870254236,-62.15731090238403,62.1087025720388,active,7.370540450254236,-2.5530310076159637,2.3771309579611923,8.154359904123682,P2,P2,a_baseline,99.95,0.159,59.65,87.85,True,,,target
sub-2248,ses-4,run-02,anode,target,-23.64659687,-65.52584636,65.05428148,-31.455226870254236,-62.15731090238403,62.1087025720388,active,7.808630000254237,-3.3685354576159696,2.945578907961199,8.999898261264535,P2,P2,a_baseline,98.83,0.1778,59.11,90.94,False,different_montage?+high_residual,41.24,target
sub-2250,ses-1,run-01,anode,control,62.96880604,-45.2158288,-52.47154028,66.60982675368197,-38.53896100383087,-36.1309892991629,active,-3.641020713681975,-6.676867796169127,-16.3405509808371,18.023628984261688,P2,P2,a_baseline,99.57,0.0726,41.33,48.13,True,,,control
sub-2250,ses-1,run-02,anode,control,63.21613596,-46.72678478,-51.46387346,66.60982675368197,-38.53896100383087,-36.1309892991629,active,-3.3936907936819694,-8.187823776169132,-15.332884160837104,17.71030581560837,P2,P2,a_baseline,98.81,0.0821,40.68,48.63,True,,,control
sub-2250,ses-2,run-01,anode,control,67.44079275,-36.90405576,-49.10587745,66.60982675368197,-38.53896100383087,-36.1309892991629,active,0.830965996318028,1.6349052438308718,-12.974888150837103,13.103859819536973,P2,P2,a_baseline,103.32,0.1066,38.08,49.44,True,,,control
sub-2250,ses-2,run-02,anode,control,67.58466161,-37.28755766,-48.4318605,66.60982675368197,-38.53896100383087,-36.1309892991629,active,0.9748348563180258,1.251403343830873,-12.3008712008371,12.402731377629173,P2,P2,a_baseline,102.24,0.1028,38.39,49.24,True,,,control
sub-2250,ses-3,run-01,anode,control,69.10168427,-33.48866482,-32.36005832,66.60982675368197,-38.53896100383087,-36.1309892991629,active,2.491857516318035,5.0502961838308735,3.770930979162898,6.777519153470378,P2,P2,a_baseline,98.44,0.0523,41.56,46.54,True,,,control
sub-2250,ses-3,run-02,anode,control,69.23888808,-34.38332289,-31.38038218,66.60982675368197,-38.53896100383087,-36.1309892991629,active,2.6290613263180234,4.155638113830868,4.750607119162897,6.837364959639499,P2,P2,a_baseline,96.16,0.0603,41.33,47.2,True,,,control
sub-2250,ses-4,run-01,anode,control,68.06063513,-36.23206658,-44.49740598,66.60982675368197,-38.53896100383087,-36.1309892991629,active,1.4508083763180224,2.306894423830869,-8.366416680837105,8.799064433500067,P2,P2,a_baseline,101.65,0.0549,42.7,47.9,True,,,control
sub-2250,ses-4,run-02,anode,control,68.77237084,-37.67475247,-42.48410727,66.60982675368197,-38.53896100383087,-36.1309892991629,active,2.1625440863180216,0.8642085338308689,-6.353117970837104,6.766502883069548,P2,P2,a_baseline,100.91,0.0579,42.48,48.29,True,,,control
sub-2252,ses-1,run-01,anode,target,-14.15161151,-71.44070262,21.45168131,-28.193031036495032,-67.86503771808756,19.6111178125466,active,14.041419526495032,-3.5756649019124325,1.8405634974534024,14.60597534565776,P2,P2,a_baseline,102.6,0.0505,66.47,74.47,True,ambiguous_condition,,target
sub-2252,ses-1,run-02,anode,target,-13.79189942,-71.78707567,21.33378875,-28.193031036495032,-67.86503771808756,19.6111178125466,active,14.401131616495032,-3.9220379519124293,1.722670937453401,15.024731900789472,P2,P2,a_baseline,103.11,0.045,67.33,74.16,True,ambiguous_condition,,target
sub-2252,ses-2,run-01,anode,target,-17.20871119,-71.66983167,20.32487828,-28.193031036495032,-67.86503771808756,19.6111178125466,active,10.984319846495033,-3.80479395191243,0.713760467453401,11.646509928365381,P2,P2,a_baseline,103.29,0.0404,64.86,71.5,True,ambiguous_condition,,target
sub-2252,ses-2,run-02,anode,target,-17.26590578,-72.53665219,20.25652453,-28.193031036495032,-67.86503771808756,19.6111178125466,active,10.927125256495032,-4.671614471912434,0.6454067174534011,11.901369584054068,P2,P2,a_baseline,104.22,0.026,65.7,70.01,True,ambiguous_condition,,target
sub-2252,ses-3,run-01,anode,target,-20.22810209,-70.23385892,21.32337723,-28.193031036495032,-67.86503771808756,19.6111178125466,active,7.964928946495032,-2.3688212019124393,1.7122594174533994,8.484293684332375,P2,P2,a_baseline,101.08,0.0421,64.13,71.1,True,ambiguous_condition,,target
sub-2252,ses-3,run-02,anode,target,-20.42546156,-70.97055368,21.0180915,-28.193031036495032,-67.86503771808756,19.6111178125466,active,7.767569476495034,-3.105515961912431,1.4069736874534016,8.482861540721764,P2,P2,a_baseline,101.19,0.0329,64.62,70.0,True,ambiguous_condition,,target
sub-2252,ses-4,run-01,anode,target,-22.89293825,-72.81838209,17.08908382,-28.193031036495032,-67.86503771808756,19.6111178125466,active,5.300092786495032,-4.953344371912436,-2.5220339925466,7.680316365344193,P2,P2,a_baseline,100.49,0.0304,63.42,68.16,True,ambiguous_condition,,target
sub-2252,ses-4,run-02,anode,target,-23.22975989,-72.94506844,16.24318347,-28.193031036495032,-67.86503771808756,19.6111178125466,active,4.963271146495032,-5.080030721912436,-3.3679343425465973,7.860264266862093,P2,P2,a_baseline,100.8,0.027,64.21,68.53,True,,,target
sub-2253,ses-1,run-01,anode,target,-24.79114788,-62.51968719,92.10392947,-32.21363652671673,-58.975338253575366,90.4981279846359,active,7.422488646716733,-3.5443489364246332,1.605801485364097,8.380593386161316,P2,P2,a_baseline,100.32,0.0919,64.11,78.57,True,,,target
sub-2253,ses-1,run-02,anode,target,-24.40968194,-62.22624559,91.0148749,-32.21363652671673,-58.975338253575366,90.4981279846359,active,7.803954586716735,-3.250907336424632,0.5167469153640951,8.469777628491492,P2,P2,a_baseline,98.03,0.1233,63.65,83.79,True,,,target
sub-2253,ses-2,run-01,anode,target,-28.11005034,-68.62172261,81.03175826,-32.21363652671673,-58.975338253575366,90.4981279846359,active,4.103586186716733,-9.64638435642464,-9.466369724635896,14.124599339704808,P2,P2,a_baseline,104.25,0.0426,66.03,73.08,True,,,target
sub-2253,ses-2,run-02,anode,target,-30.0658148,-70.19691107,76.39204134,-32.21363652671673,-58.975338253575366,90.4981279846359,active,2.147821726716735,-11.221572816424633,-14.106086644635894,18.152644850545936,P2,P2,a_baseline,104.32,0.0597,64.7,74.92,True,,,target
sub-2253,ses-3,run-01,anode,target,-34.70916084,-58.06817043,89.36551708,-32.21363652671673,-58.975338253575366,90.4981279846359,active,-2.495524313283269,0.9071678235753637,-1.1326109046358965,2.8867633293393724,P2,P2,a_baseline,105.68,0.0784,66.42,79.76,True,,,target
sub-2253,ses-3,run-02,anode,target,-33.40033494,-59.32677984,93.47500722,-32.21363652671673,-58.975338253575366,90.4981279846359,active,-1.186698413283267,-0.3514415864246345,2.9768792353640947,3.2239066820706217,P2,P2,a_baseline,105.23,0.0388,66.05,72.61,True,different_montage?+high_residual,55.62,target
sub-2253,ses-4,run-01,anode,target,-30.22545808,-60.14725027,91.32243428,-32.21363652671673,-58.975338253575366,90.4981279846359,active,1.9881784467167343,-1.1719120164246348,0.8243062953640958,2.4506554590162812,P2,P2,a_baseline,103.42,0.0406,63.55,69.58,True,different_montage?+high_residual,52.68,target
sub-2254,ses-1,run-01,anode,control,73.28991289,-42.86216565,4.13494855,76.81635061620233,-36.477169123913534,7.478757606899023,active,-3.5264377262023316,-6.384996526086468,-3.3438090568990235,8.024026587936962,P2,P2,a_baseline,110.59,0.0537,38.8,43.7,True,,,control
sub-2254,ses-1,run-02,anode,control,73.76760016,-43.2671025,4.50521398,76.81635061620233,-36.477169123913534,7.478757606899023,active,-3.0487504562023275,-6.789933376086466,-2.9735436268990236,8.014988228123524,P2,P2,a_baseline,110.46,0.0458,39.78,44.27,True,,,control
sub-2254,ses-3,run-01,anode,control,73.76257164,-41.46177306,-1.07866271,76.81635061620233,-36.477169123913534,7.478757606899023,active,-3.0537789762023237,-4.984603936086465,-8.557420316899023,10.363459119194719,P2,P2,a_baseline,108.9,0.0533,41.9,47.55,True,,,control
sub-2254,ses-3,run-02,anode,control,74.76994976,-41.37321564,-0.79762407,76.81635061620233,-36.477169123913534,7.478757606899023,active,-2.0464008562023253,-4.896046516086464,-8.276381676899023,9.831455722000578,P2,P2,a_baseline,105.88,0.0572,43.01,48.68,True,,,control
sub-2254,ses-4,run-01,anode,control,74.86585098,-40.80056659,3.24875774,76.81635061620233,-36.477169123913534,7.478757606899023,active,-1.9504996362023235,-4.323397466086469,-4.229999866899023,6.355242981551063,P2,P2,a_baseline,100.27,0.0742,39.08,46.84,True,,,control
sub-2254,ses-4,run-02,anode,control,75.1388688,-42.89267686,3.74866812,76.81635061620233,-36.477169123913534,7.478757606899023,active,-1.6774818162023308,-6.415507736086468,-3.7300894868990233,7.608301540800641,P2,P2,a_baseline,99.14,0.0711,40.33,47.74,True,,,control
sub-2255,ses-1,run-01,anode,target,-25.96589272,-62.50851506,76.3017014,-27.998368401097533,-59.95735762463144,80.1277578246804,active,2.0324756810975337,-2.551157435368559,-3.8260564246804023,5.027730046365591,P2,P2,a_baseline,103.57,0.0585,63.59,72.91,True,,,target
sub-2255,ses-1,run-02,anode,target,-25.46713559,-63.35378447,76.70214685,-27.998368401097533,-59.95735762463144,80.1277578246804,active,2.5312328110975315,-3.396426845368559,-3.4256109746803958,5.447721120777724,P2,P2,a_baseline,103.06,0.0505,64.25,72.43,True,,,target
sub-2255,ses-2,run-01,anode,target,-29.50582996,-58.04769593,79.33287785,-27.998368401097533,-59.95735762463144,80.1277578246804,active,-1.5074615589024667,1.9096616946314384,-0.7948799746803985,2.5595082171501584,P2,P2,a_baseline,102.77,0.0397,65.69,72.11,True,,,target
sub-2255,ses-2,run-02,anode,target,-30.29274271,-58.92842791,78.3670822,-27.998368401097533,-59.95735762463144,80.1277578246804,active,-2.2943743089024657,1.0289297146314382,-1.7606756246804025,3.0696626007343095,P2,P2,a_baseline,101.96,0.0299,65.49,70.38,True,,,target
sub-2255,ses-3,run-01,anode,target,-27.28208124,-69.82578694,63.31378521,-27.998368401097533,-59.95735762463144,80.1277578246804,active,0.716287161097533,-9.868429315368559,-16.813972614680402,19.509193718265276,P2,P2,a_baseline,104.26,0.0158,66.96,69.6,True,,,target
sub-2255,ses-3,run-02,anode,target,-27.82220714,-69.99900726,62.82451768,-27.998368401097533,-59.95735762463144,80.1277578246804,active,0.17616126109753338,-10.041649635368557,-17.3032401446804,20.006695871479838,P2,P2,a_baseline,104.4,0.0144,66.93,69.32,True,,,target
sub-2255,ses-4,run-01,anode,target,-9.44873876,-54.56108439,97.26467441,-27.998368401097533,-59.95735762463144,80.1277578246804,active,18.549629641097532,5.396273234631444,17.136916585319597,25.824066966627964,P2,P2,a_baseline,100.79,0.0909,57.22,70.98,True,ambiguous_condition,,target
sub-2255,ses-4,run-02,anode,target,-5.73303125,-61.03585029,95.10270904,-27.998368401097533,-59.95735762463144,80.1277578246804,active,22.265337151097533,-1.0784926653685574,14.974951215319592,26.85437671558399,P2,P2,a_baseline,98.6,0.133,56.1,77.12,True,ambiguous_condition,,target
sub-2256,ses-1,run-01,anode,control,69.91998477,-37.19505529,1.99226391,72.93319189676637,-29.2252954509604,5.257176478717184,active,-3.0132071267663747,-7.9697598390396,-3.2649125687171843,9.124480432448284,P2,P2,a_baseline,94.97,0.0245,42.86,45.38,True,,,control
sub-2256,ses-1,run-02,anode,control,70.19119271,-37.9968461,1.35334533,72.93319189676637,-29.2252954509604,5.257176478717184,active,-2.741999186766378,-8.7715506490396,-3.9038311487171846,9.984916522765177,P2,P2,a_baseline,95.67,0.0136,42.99,44.39,True,,,control
sub-2256,ses-2,run-01,anode,control,73.02815749,-30.7432466,5.47729221,72.93319189676637,-29.2252954509604,5.257176478717184,active,0.09496559323362419,-1.5179511490396003,0.22011573128281547,1.5367644874628725,P2,P2,a_baseline,114.95,0.0204,43.23,45.45,True,,,control
sub-2256,ses-2,run-02,anode,control,73.01854085,-31.19439512,4.74429182,72.93319189676637,-29.2252954509604,5.257176478717184,active,0.0853489532336198,-1.9690996690396005,-0.5128846587171845,2.0365874947021996,P2,P2,a_baseline,116.01,0.0252,43.2,45.88,True,,,control
sub-2256,ses-3,run-01,anode,control,74.85607601,-25.28750739,11.04770933,72.93319189676637,-29.2252954509604,5.257176478717184,active,1.9228841132336214,3.9377880609604006,5.790532851282816,7.2618130537596475,P2,P2,a_baseline,97.13,0.1475,38.84,55.17,True,,,control
sub-2256,ses-3,run-02,anode,control,75.1869486,-26.84905077,9.33877428,72.93319189676637,-29.2252954509604,5.257176478717184,active,2.25375670323362,2.376244680960397,4.0815978012828165,5.233106025354329,P2,P2,a_baseline,97.05,0.1379,39.39,55.15,True,,,control
sub-2256,ses-4,run-01,anode,control,73.86745922,-27.88650411,4.32139579,72.93319189676637,-29.2252954509604,5.257176478717184,active,0.9342673232336267,1.3387913409603982,-0.935780688717184,1.8817287751609355,P2,P2,a_baseline,102.57,0.086,41.39,49.67,True,,,control
sub-2256,ses-4,run-02,anode,control,74.00517321,-29.07588726,3.34411761,72.93319189676637,-29.2252954509604,5.257176478717184,active,1.0719813132336213,0.1494081909604006,-1.9130588687171843,2.1980129614325783,P2,P2,a_baseline,103.98,0.0881,41.11,49.7,True,,,control
sub-2257,ses-1,run-01,anode,target,-16.94561251,-80.7945847,44.45318415,-21.92559565503533,-77.34800192781853,46.2969880996394,active,4.97998314503533,-3.446582772181472,-1.8438039496394012,6.330780199552023,P2,P2,a_baseline,108.43,0.0806,62.53,75.63,True,ambiguous_condition,,target
sub-2257,ses-1,run-02,anode,target,-16.90766879,-82.68266785,43.30674238,-21.92559565503533,-77.34800192781853,46.2969880996394,active,5.0179268650353315,-5.334665922181472,-2.990245719639397,7.9107407989359215,P2,P2,a_baseline,105.3,0.0598,63.77,73.76,True,ambiguous_condition,,target
sub-2257,ses-2,run-01,anode,target,-19.49521277,-80.21573456,43.74666658,-21.92559565503533,-77.34800192781853,46.2969880996394,active,2.430382885035332,-2.867732632181472,-2.5503215196393967,4.542553386707407,P2,P2,a_baseline,104.77,0.0158,68.01,70.68,True,ambiguous_condition,,target
sub-2257,ses-2,run-02,anode,target,-19.7950719,-80.61435121,44.01495202,-21.92559565503533,-77.34800192781853,46.2969880996394,active,2.1305237550353304,-3.2663492821814657,-2.282036079639397,4.518391060184274,P2,P2,a_baseline,104.62,0.0192,68.31,71.55,True,ambiguous_condition,,target
sub-2257,ses-4,run-01,anode,target,-22.25528447,-85.98670387,23.85967198,-21.92559565503533,-77.34800192781853,46.2969880996394,active,-0.32968881496466906,-8.63870194218147,-22.437316119639398,24.045145468746757,P2,P2,a_baseline,104.84,0.0107,66.69,68.42,True,,,target
sub-2257,ses-4,run-02,anode,target,-22.71191253,-85.7848945,25.89769463,-21.92559565503533,-77.34800192781853,46.2969880996394,active,-0.786316874964669,-8.436892572181463,-20.3992934696394,22.08915173932348,P2,P2,a_baseline,104.01,0.0086,67.78,69.19,True,,,target
sub-2258,ses-1,run-01,anode,control,76.16028677,-26.85639756,-14.68871754,74.44192626034953,-24.481797163733432,-20.182950196382404,active,1.7183605096504664,-2.374600396266569,5.494232656382403,6.227205020354989,P2,P2,a_baseline,98.59,0.0239,42.55,45.05,True,,,control
sub-2258,ses-1,run-02,anode,control,76.26636771,-28.74710681,-16.20751149,74.44192626034953,-24.481797163733432,-20.182950196382404,active,1.8244414496504646,-4.265309646266566,3.975438706382402,6.109465270376835,P2,P2,a_baseline,97.69,0.0314,42.9,46.34,True,,,control
sub-2259,ses-1,run-01,anode,control,64.76478437,-41.4534171,-3.45467982,65.94317677156467,-39.37028382380071,6.2332530526359164,active,-1.1783924015646647,-2.083133276199291,-9.687932872635916,9.97918314508626,P2,P2,a_baseline,101.04,0.0397,42.0,46.1,True,,,control
sub-2259,ses-1,run-02,anode,control,65.06189163,-41.33153832,-2.72081572,65.94317677156467,-39.37028382380071,6.2332530526359164,active,-0.8812851415646605,-1.9612544961992882,-8.954068772635917,9.20861174578982,P2,P2,a_baseline,101.21,0.0464,41.73,46.62,True,,,control
sub-2259,ses-2,run-01,anode,control,59.91539362,-49.89518961,-4.06474034,65.94317677156467,-39.37028382380071,6.2332530526359164,active,-6.0277831515646625,-10.524905786199291,-10.297993392635917,15.910891849466864,P2,P2,a_baseline,105.03,0.0809,40.24,48.81,True,,,control
sub-2259,ses-2,run-02,anode,control,60.43776441,-52.69256891,-3.1961053,65.94317677156467,-39.37028382380071,6.2332530526359164,active,-5.505412361564666,-13.322285086199287,-9.429358352635916,17.225145692598993,P2,P2,a_baseline,104.15,0.0953,40.02,49.93,True,,,control
sub-2259,ses-3,run-01,anode,control,67.48685181,-36.40543161,1.77610796,65.94317677156467,-39.37028382380071,6.2332530526359164,active,1.5436750384353388,2.964852213800711,-4.457145092635916,5.5713035863050715,P2,P2,a_baseline,110.01,0.0502,41.73,47.07,True,,,control
sub-2259,ses-3,run-02,anode,control,67.47522745,-37.87533709,3.52512063,65.94317677156467,-39.37028382380071,6.2332530526359164,active,1.5320506784353398,1.4949467338007096,-2.7081324226359165,3.451959767541834,P2,P2,a_baseline,109.98,0.0375,42.5,46.59,True,,,control
sub-2259,ses-4,run-01,anode,control,61.99142227,-48.95728132,6.40504383,65.94317677156467,-39.37028382380071,6.2332530526359164,active,-3.9517545015646647,-9.586997496199288,0.17179077736408388,10.370940010623693,P2,P2,a_baseline,106.88,0.0764,39.3,47.39,True,,,control
sub-2259,ses-4,run-02,anode,control,61.85955361,-49.45151385,7.78072477,65.94317677156467,-39.37028382380071,6.2332530526359164,active,-4.083623161564667,-10.081230026199286,1.5474717173640835,10.98643917212721,P2,P2,a_baseline,106.17,0.0832,38.82,47.63,True,,,control
sub-2260,ses-1,run-01,anode,target,-12.39541617,-75.73223168,43.67045907,-21.714312869487667,-71.46041497015263,47.774361698163936,active,9.318896699487667,-4.271816709847371,-4.103902628163937,11.0422946202184,P2,P2,a_baseline,105.84,0.029,63.65,67.98,True,ambiguous_condition,,target
sub-2260,ses-1,run-02,anode,target,-11.98383876,-76.52765002,43.39182864,-21.714312869487667,-71.46041497015263,47.774361698163936,active,9.730474109487668,-5.067235049847369,-4.382533058163936,11.813788276912332,P2,P2,a_baseline,107.0,0.0472,64.05,71.45,True,ambiguous_condition,,target
sub-2260,ses-2,run-01,anode,target,-15.67985427,-77.15175126,37.61250599,-21.714312869487667,-71.46041497015263,47.774361698163936,active,6.034458599487667,-5.691336289847371,-10.161855708163934,13.117519231417509,P2,P2,a_baseline,105.03,0.0313,65.27,70.42,True,ambiguous_condition,,target
sub-2260,ses-2,run-02,anode,target,-14.2804028,-81.47416137,31.6090255,-21.714312869487667,-71.46041497015263,47.774361698163936,active,7.433910069487668,-10.013746399847378,-16.165336198163935,20.41705733648597,P2,P2,a_baseline,107.49,0.022,66.95,70.65,True,ambiguous_condition,,target
sub-2260,ses-3,run-01,anode,target,-28.04654196,-73.11061302,40.5907748,-21.714312869487667,-71.46041497015263,47.774361698163936,active,-6.332229090512332,-1.6501980498473756,-7.183586898163938,9.717211512667783,P2,P2,a_baseline,103.15,0.034,64.79,69.99,True,,,target
sub-2260,ses-3,run-02,anode,target,-26.61931417,-77.82862249,36.36023327,-21.714312869487667,-71.46041497015263,47.774361698163936,active,-4.905001300512332,-6.368207519847374,-11.414128428163934,13.96049542632669,P2,P2,a_baseline,101.51,0.0462,64.07,71.75,True,,,target
sub-2260,ses-4,run-01,anode,target,-12.57398191,-80.27263204,24.01594611,-21.714312869487667,-71.46041497015263,47.774361698163936,active,9.140330959487667,-8.812217069847378,-23.758415588163935,26.938135254597512,P2,P2,a_baseline,107.05,0.0174,66.76,69.4,True,ambiguous_condition,,target
sub-2260,ses-4,run-02,anode,target,-15.32362062,-81.86377075,30.13759299,-21.714312869487667,-71.46041497015263,47.774361698163936,active,6.3906922494876675,-10.403355779847374,-17.636768708163935,21.45055638847198,P2,P2,a_baseline,104.51,0.0453,66.08,72.69,True,ambiguous_condition+different_montage?+high_residual,61.43,target
sub-2261,ses-1,run-01,anode,target,-33.95241105,-63.49546112,40.61112787,-31.275274162551767,-65.66524781538699,40.30977221793783,active,-2.677136887448235,2.169786695386989,0.3013556520621705,3.459169184449386,P2,P2,a_baseline,106.78,0.0454,61.9,69.06,True,,,target
sub-2261,ses-1,run-02,anode,target,-34.23460426,-64.29378805,39.27830226,-31.275274162551767,-65.66524781538699,40.30977221793783,active,-2.9593300974482304,1.3714597653869873,-1.03146995793783,3.420886842306619,P2,P2,a_baseline,105.87,0.0487,61.56,69.0,True,,,target
sub-2261,ses-2,run-01,anode,target,-27.55933023,-75.27838908,25.37040102,-31.275274162551767,-65.66524781538699,40.30977221793783,active,3.7159439325517667,-9.613141264613006,-14.939371197937827,18.149532668172146,P2,P2,a_baseline,105.34,0.0373,65.46,71.56,True,,,target
sub-2261,ses-2,run-02,anode,target,-27.60537572,-76.63438648,26.53953291,-31.275274162551767,-65.66524781538699,40.30977221793783,active,3.669898442551766,-10.969138664613013,-13.770239307937828,17.983593862741344,P2,P2,a_baseline,104.88,0.0384,65.82,72.08,True,,,target
sub-2262,ses-1,run-01,anode,control,77.97572954,-24.17578404,-9.1023807,76.5062994769697,-26.794190456819432,-7.109047010185853,active,1.4694300630303019,2.6184064168194325,-1.993333689814146,3.6039778124631257,P2,P2,a_baseline,110.52,0.0786,41.76,49.19,True,,,control
sub-2262,ses-1,run-02,anode,control,78.98975098,-26.40196318,-9.82342507,76.5062994769697,-26.794190456819432,-7.109047010185853,active,2.4834515030302953,0.39222727681943326,-2.7143780598141474,3.699894843936113,P2,P2,a_baseline,112.99,0.089,41.01,49.67,True,,,control
sub-2262,ses-2,run-01,anode,control,79.59313276,-13.68770305,-4.07439089,76.5062994769697,-26.794190456819432,-7.109047010185853,active,3.086833283030302,13.106487406819433,3.0346561201858533,13.802814554652304,P2,P2,a_baseline,111.87,0.0209,43.35,45.6,True,,,control
sub-2262,ses-2,run-02,anode,control,79.77208911,-14.82812446,-4.72163856,76.5062994769697,-26.794190456819432,-7.109047010185853,active,3.2657896330302947,11.966065996819433,2.3874084501858537,12.631382999318214,P2,P2,a_baseline,110.49,0.0172,43.02,44.75,True,,,control
sub-2262,ses-3,run-01,anode,control,77.75265729,-23.59504907,-10.86469694,76.5062994769697,-26.794190456819432,-7.109047010185853,active,1.2463578130303006,3.1991413868194307,-3.7556499298141466,5.088498777269739,P2,P2,a_baseline,108.2,0.055,42.99,48.52,True,,,control
sub-2262,ses-3,run-02,anode,control,77.97753093,-23.91503754,-11.23870269,76.5062994769697,-26.794190456819432,-7.109047010185853,active,1.471231453030299,2.8791529168194323,-4.129655679814147,5.244816444894591,P2,P2,a_baseline,108.39,0.0609,43.15,49.21,True,,,control
sub-2262,ses-4,run-01,anode,control,78.89852817,-19.17443433,-12.94326542,76.5062994769697,-26.794190456819432,-7.109047010185853,active,2.3922286930303045,7.619756126819432,-5.834218409814146,9.890477541826485,P2,P2,a_baseline,113.49,0.0574,42.35,48.37,True,,,control
sub-2262,ses-4,run-02,anode,control,79.30025506,-19.69757943,-13.01169256,76.5062994769697,-26.794190456819432,-7.109047010185853,active,2.7939555830302965,7.096611026819431,-5.902645549814147,9.644132949760806,P2,P2,a_baseline,112.29,0.0568,42.8,48.75,True,,,control
sub-2263,ses-1,run-01,anode,target,-8.2851383,-77.70810773,30.4622186,-18.792970503153366,-68.96158741808426,46.66129180052993,active,10.507832203153367,-8.74652031191573,-16.19907320052993,21.197314163178984,P2,P2,a_baseline,107.35,0.0371,64.48,70.34,True,ambiguous_condition,,target
sub-2263,ses-1,run-02,anode,target,-8.51124966,-79.98409119,30.01960448,-18.792970503153366,-68.96158741808426,46.66129180052993,active,10.281720843153366,-11.022503771915737,-16.64168732052993,22.453399069466467,P2,P2,a_baseline,106.17,0.0288,65.89,70.57,True,ambiguous_condition,,target
sub-2263,ses-2,run-01,anode,target,-23.69900367,-69.12868337,45.47839444,-18.792970503153366,-68.96158741808426,46.66129180052993,active,-4.906033166846633,-0.16709595191574067,-1.1828973605299282,5.049388938960289,P2,P2,a_baseline,105.16,0.0529,63.15,71.88,True,,,target
sub-2263,ses-2,run-02,anode,target,-23.96533671,-70.23354547,45.04461547,-18.792970503153366,-68.96158741808426,46.66129180052993,active,-5.1723662068466325,-1.2719580519157319,-1.616676330529934,5.566407442979539,P2,P2,a_baseline,105.06,0.0484,63.48,70.93,True,,,target
sub-2263,ses-4,run-01,anode,target,-19.89422661,-70.26133691,44.40120594,-18.792970503153366,-68.96158741808426,46.66129180052993,active,-1.101256106846634,-1.2997494919157333,-2.2600858605299337,2.83021233330108,P2,P2,a_baseline,99.4,0.0971,61.71,77.23,True,ambiguous_condition,,target
sub-2263,ses-4,run-02,anode,target,-20.7092928,-71.69654259,42.35454834,-18.792970503153366,-68.96158741808426,46.66129180052993,active,-1.9163222968466336,-2.734955171915743,-4.30674346052993,5.449799094700422,P2,P2,a_baseline,99.69,0.0841,62.09,76.16,True,ambiguous_condition,,target
sub-2264,ses-2,run-01,anode,control,75.89435773,-24.82561505,-12.27825778,75.77219277438364,-23.325719833053466,-1.4850890962315395,active,0.12216495561635554,-1.499895216946534,-10.79316868376846,10.89757313232997,P2,P2,a_baseline,113.58,0.0171,42.75,44.41,True,,,control
sub-2264,ses-2,run-02,anode,control,76.50424332,-26.75288062,-14.65877091,75.77219277438364,-23.325719833053466,-1.4850890962315395,active,0.7320505456163602,-3.4271607869465335,-13.17368181376846,13.631845861486811,P2,P2,a_baseline,115.2,0.0304,42.72,46.02,True,,,control
sub-2264,ses-3,run-01,anode,control,77.98767185,-18.8991918,-6.70708027,75.77219277438364,-23.325719833053466,-1.4850890962315395,active,2.215479075616358,4.426528033053465,-5.22199117376846,7.195254671018795,P2,P2,a_baseline,110.24,0.0536,41.48,46.82,True,,,control
sub-2264,ses-3,run-02,anode,control,78.48859593,-21.2533681,-8.16228226,75.77219277438364,-23.325719833053466,-1.4850890962315395,active,2.716403155616362,2.072351733053466,-6.67719316376846,7.500559736153596,P2,P2,a_baseline,111.15,0.0479,40.29,45.21,True,,,control
sub-2264,ses-4,run-01,anode,control,76.5047507,-23.83355828,-6.02403508,75.77219277438364,-23.325719833053466,-1.4850890962315395,active,0.7325579256163621,-0.5078384469465327,-4.5389459837684605,4.625642835990285,P2,P2,a_baseline,110.48,0.0433,42.79,46.9,True,,,control
sub-2264,ses-4,run-02,anode,control,76.93046339,-25.51471179,-6.74367986,75.77219277438364,-23.325719833053466,-1.4850890962315395,active,1.1582706156163596,-2.188991956946534,-5.258590763768461,5.812577176035418,P2,P2,a_baseline,110.38,0.0561,41.81,47.75,True,,,control
sub-2266,ses-1,run-01,anode,control,79.30824686,-23.87639837,-2.87233207,75.47432176428033,-32.6186143823386,-0.9724960917365308,active,3.833925095719664,8.742216012338599,-1.8998359782634693,9.733175185430639,P2,P2,a_baseline,108.56,0.0442,42.46,47.28,True,,,control
sub-2266,ses-1,run-02,anode,control,79.40257459,-25.41065327,-2.9807906,75.47432176428033,-32.6186143823386,-0.9724960917365308,active,3.9282528257196674,7.207961112338598,-2.0082945082634693,8.450983403822377,P2,P2,a_baseline,106.6,0.0287,43.31,46.47,True,,,control
sub-2266,ses-3,run-01,anode,control,78.58517374,-25.05078698,-8.28889332,75.47432176428033,-32.6186143823386,-0.9724960917365308,active,3.110851975719669,7.567827402338597,-7.316397228263469,10.9762962791721,P2,P2,a_baseline,102.49,0.0697,42.7,49.93,True,,,control
sub-2266,ses-3,run-02,anode,control,80.79728614,-22.65897809,-10.82436451,75.47432176428033,-32.6186143823386,-0.9724960917365308,active,5.322964375719664,9.959636292338597,-9.85186841826347,14.986247567407457,P2,P2,a_baseline,105.38,0.0943,41.37,51.64,True,,,control
sub-2266,ses-4,run-01,anode,control,75.85414911,-35.36657181,-4.82271913,75.47432176428033,-32.6186143823386,-0.9724960917365308,active,0.3798273457196615,-2.7479574276614045,-3.8502230382634695,4.745498528202354,P2,P2,a_baseline,104.62,0.0632,41.56,48.0,True,,,control
sub-2267,ses-1,run-01,anode,control,79.05282778,-27.69749597,-9.73507676,78.67358915250436,-32.45314071469763,1.578892342347947,active,0.3792386274956385,4.7556447446976335,-11.313969102347947,12.278675650217291,P2,P2,a_baseline,112.1,0.0772,39.49,47.33,True,,,control
sub-2267,ses-1,run-02,anode,control,78.90065937,-29.18900613,-10.17850218,78.67358915250436,-32.45314071469763,1.578892342347947,active,0.22707021749563694,3.264134584697633,-11.757394522347948,12.204198516282428,P2,P2,a_baseline,111.05,0.059,40.6,46.5,True,,,control
sub-2267,ses-3,run-01,anode,control,79.70894757,-22.42050451,-13.31226093,78.67358915250436,-32.45314071469763,1.578892342347947,active,1.0353584174956438,10.032636204697631,-14.891153272347948,17.985332970202354,P2,P2,a_baseline,106.86,0.0618,40.98,47.39,True,rigid_offset?+high_residual,45.16,control
sub-2267,ses-3,run-02,anode,control,79.80702489,-23.34114852,-13.85111669,78.67358915250436,-32.45314071469763,1.578892342347947,active,1.1334357374956312,9.111992194697631,-15.430009032347947,17.955452015073362,P2,P2,a_baseline,105.94,0.0518,41.44,46.87,True,rigid_offset?+high_residual,45.11,control
sub-2267,ses-4,run-01,anode,control,80.2723291,-20.99402188,-8.81026124,78.67358915250436,-32.45314071469763,1.578892342347947,active,1.5987399474956305,11.459118834697634,-10.389153582347948,15.549980258670864,P2,P2,a_baseline,103.15,0.0642,39.83,46.06,True,rigid_offset?+high_residual,43.38,control
sub-2267,ses-4,run-02,anode,control,80.40279054,-22.05764264,-9.22865428,78.67358915250436,-32.45314071469763,1.578892342347947,active,1.7292013874956353,10.395498074697631,-10.807546622347948,15.09501843833864,P2,P2,a_baseline,102.24,0.0441,41.29,45.42,True,rigid_offset?+high_residual,43.39,control
sub-2268,ses-1,run-01,anode,target,-29.43882227,-72.6322181,52.64531656,-23.7378018261904,-71.08118076033942,58.9026111660412,active,-5.7010204438096,-1.5510373396605814,-6.257294606041199,8.605875127873322,P2,P2,a_baseline,100.14,0.051,62.65,70.99,True,,,target
sub-2268,ses-1,run-02,anode,target,-30.07930049,-73.06145232,52.78931649,-23.7378018261904,-71.08118076033942,58.9026111660412,active,-6.3414986638096025,-1.9802715596605793,-6.1132946760412,9.028203173899731,P2,P2,a_baseline,99.13,0.051,62.84,71.13,True,,,target
sub-2268,ses-2,run-01,anode,target,-14.18578851,-73.4528318,61.17792074,-23.7378018261904,-71.08118076033942,58.9026111660412,active,9.552013316190399,-2.371651039660577,2.2753095739588005,10.101619706955434,P2,P2,a_baseline,104.57,0.0349,64.89,70.33,True,ambiguous_condition,,target
sub-2268,ses-2,run-02,anode,target,-15.30998698,-74.65609325,62.43952185,-23.7378018261904,-71.08118076033942,58.9026111660412,active,8.4278148461904,-3.5749124896605764,3.5369106839588014,9.81416321326991,P2,P2,a_baseline,103.32,0.0359,64.37,70.28,True,ambiguous_condition,,target
sub-2268,ses-3,run-01,anode,target,-21.10730395,-76.3038702,52.53439332,-23.7378018261904,-71.08118076033942,58.9026111660412,active,2.6304978761904003,-5.222689439660584,-6.368217846041198,8.645819949225288,P2,P2,a_baseline,102.5,0.0289,65.76,70.53,True,,,target
sub-2268,ses-3,run-02,anode,target,-20.53019083,-77.11800328,52.4029658,-23.7378018261904,-71.08118076033942,58.9026111660412,active,3.2076109961904002,-6.036822519660575,-6.4996453660412,9.432782427315043,P2,P2,a_baseline,102.93,0.033,65.29,70.78,True,ambiguous_condition,,target
sub-2268,ses-4,run-01,anode,target,-20.2239239,-73.40170876,58.59042345,-23.7378018261904,-71.08118076033942,58.9026111660412,active,3.5138779261904,-2.320527999660584,-0.3121877160411941,4.22251695644007,P2,P2,a_baseline,105.27,0.0217,64.65,68.19,True,ambiguous_condition,,target
sub-2268,ses-4,run-02,anode,target,-19.67292387,-74.10269027,58.78617521,-23.7378018261904,-71.08118076033942,58.9026111660412,active,4.064877956190397,-3.021509509660575,-0.11643595604119383,5.06619283560655,P2,P2,a_baseline,104.63,0.0178,65.28,68.14,True,ambiguous_condition,,target
sub-2269,ses-1,run-01,anode,control,79.49547806,-28.5224627,11.32781882,78.02654216198636,-30.33883106590493,17.380641166362167,active,1.4689358980136404,1.816368365904932,-6.052822346362168,6.487960008335017,P2,P2,a_baseline,105.38,0.0469,42.9,47.84,True,,,control
sub-2269,ses-1,run-02,anode,control,80.07812412,-28.34339094,11.76696245,78.02654216198636,-30.33883106590493,17.380641166362167,active,2.0515819580136423,1.9954401259049313,-5.613678716362168,6.3011235948088,P2,P2,a_baseline,105.93,0.0365,42.77,46.73,True,,,control
sub-2269,ses-2,run-01,anode,control,79.82523894,-27.29348435,14.72839575,78.02654216198636,-30.33883106590493,17.380641166362167,active,1.7986967780136496,3.0453467159049303,-2.6522454163621667,4.420842958975556,P2,P2,a_baseline,108.8,0.0512,41.46,46.72,True,,,control
sub-2269,ses-2,run-02,anode,control,79.43304122,-29.48843477,13.51755274,78.02654216198636,-30.33883106590493,17.380641166362167,active,1.406499058013651,0.8503962959049289,-3.863088426362168,4.198197905074919,P2,P2,a_baseline,109.57,0.0454,41.21,46.04,True,,,control
sub-2269,ses-3,run-01,anode,control,79.35885185,-27.83861125,24.46504592,78.02654216198636,-30.33883106590493,17.380641166362167,active,1.3323096880136376,2.5002198159049307,7.084404753637834,7.629871489480345,P2,P2,a_baseline,109.48,0.0281,42.12,44.94,True,,,control
sub-2269,ses-3,run-02,anode,control,78.46619979,-32.42202978,8.79751616,78.02654216198636,-30.33883106590493,17.380641166362167,active,0.4396576280136486,-2.0831987140950723,-8.583125006362167,8.843248870585827,P2,P2,a_baseline,108.0,0.0326,42.66,46.21,True,,,control
sub-2269,ses-4,run-01,anode,control,80.91198731,-23.54512187,22.60355649,78.02654216198636,-30.33883106590493,17.380641166362167,active,2.8854451480136447,6.793709195904931,5.222915323637832,9.042075138960612,P2,P2,a_baseline,108.52,0.0297,44.01,47.16,True,,,control
sub-2269,ses-4,run-02,anode,control,80.23675956,-29.07926532,20.59152067,78.02654216198636,-30.33883106590493,17.380641166362167,active,2.21021739801364,1.2595657459049292,3.210879503637834,4.096500213794791,P2,P2,a_baseline,105.44,0.0345,43.2,47.02,True,,,control
sub-2270,ses-1,run-01,anode,target,-11.06662737,-69.34839455,71.81044884,-17.785052520240033,-76.16475485221494,58.44767881090644,active,6.718425150240032,6.816360302214946,13.362770029093568,16.436654985715037,P2,P2,a_baseline,97.66,0.0303,64.54,69.11,True,ambiguous_condition,,target
sub-2270,ses-1,run-02,anode,target,-11.28449667,-69.80430476,71.87307705,-17.785052520240033,-76.16475485221494,58.44767881090644,active,6.500555850240033,6.360450092214947,13.425398239093568,16.215852417184355,P2,P2,a_baseline,97.1,0.0339,65.12,70.1,True,ambiguous_condition,,target
sub-2270,ses-2,run-01,anode,target,-20.80306642,-69.35979347,67.09232709,-17.785052520240033,-76.16475485221494,58.44767881090644,active,-3.0180138997599677,6.804961382214941,8.644648279093559,11.408148455460083,P2,P2,a_baseline,101.34,0.0831,64.31,77.51,True,ambiguous_condition,,target
sub-2270,ses-2,run-02,anode,target,-20.6641919,-69.9653803,67.31531981,-17.785052520240033,-76.16475485221494,58.44767881090644,active,-2.879139379759966,6.199374552214934,8.867640999093567,11.196282655218198,P2,P2,a_baseline,101.79,0.0864,65.06,78.69,True,ambiguous_condition,,target
sub-3102,ses-1,run-01,anode,control,40.08388353,-12.70724577,82.15584331,45.65429244152043,-19.271990409721862,78.46196256048917,active,-5.570408911520431,6.564744639721862,3.693880749510825,9.36856886711678,P3,P3,a_baseline,109.07,0.0291,56.72,60.73,True,rigid_offset?+high_residual,70.5,control
sub-3102,ses-1,run-02,anode,control,44.75621994,-15.0499537,80.97572585,45.65429244152043,-19.271990409721862,78.46196256048917,active,-0.8980725015204314,4.222036709721863,2.513763289510834,4.99511101697635,P3,P3,a_baseline,106.26,0.0242,58.65,61.78,True,rigid_offset?+high_residual,71.21,control
sub-3102,ses-2,run-01,anode,control,46.56176976,-17.682309,76.67960576,45.65429244152043,-19.271990409721862,78.46196256048917,active,0.9074773184795646,1.5896814097218623,-1.7823568004891683,2.554877263631295,P3,P3,a_baseline,111.28,0.0225,55.35,58.48,True,rigid_offset?+high_residual,67.76,control
sub-3102,ses-2,run-02,anode,control,47.08647427,-18.3293378,77.02648977,45.65429244152043,-19.271990409721862,78.46196256048917,active,1.432181828479564,0.9426526097218613,-1.4354727904891718,2.2361397238717604,P3,P3,a_baseline,110.24,0.0269,54.88,58.6,True,rigid_offset?+high_residual,67.65,control
sub-3102,ses-3,run-01,anode,control,47.68353413,-25.11528125,76.45001251,45.65429244152043,-19.271990409721862,78.46196256048917,active,2.0292416884795657,-5.8432908402781365,-2.011950050489176,6.504599348153979,P3,P3,a_baseline,105.82,0.01,57.76,59.2,True,rigid_offset?+high_residual,70.58,control
sub-3102,ses-3,run-02,anode,control,47.4336135,-25.69382987,76.32138403,45.65429244152043,-19.271990409721862,78.46196256048917,active,1.7793210584795673,-6.421839460278136,-2.140578530489165,6.999148657367221,P3,P3,a_baseline,105.87,0.0116,57.59,59.25,True,rigid_offset?+high_residual,70.53,control
sub-3102,ses-4,run-01,anode,control,49.39699111,-6.7404945,73.10753386,45.65429244152043,-19.271990409721862,78.46196256048917,active,3.7426986684795693,12.531495909721862,-5.354428700489166,14.132094316379176,P3,P3,a_baseline,98.86,0.0058,57.56,58.34,True,rigid_offset?+high_residual,73.05,control
sub-3102,ses-4,run-02,anode,control,48.88304858,-6.66289015,73.38112312,45.65429244152043,-19.271990409721862,78.46196256048917,active,3.228756138479568,12.609100259721863,-5.0808394404891715,13.972444488403516,P3,P3,a_baseline,100.01,0.0045,58.12,58.76,True,rigid_offset?+high_residual,73.11,control
sub-3103,ses-1,run-01,anode,target,-65.27211037,14.50098122,-4.17062654,-64.88150544463326,14.851198726589432,2.1472065414663746,active,-0.3906049253667305,-0.3502175065894324,-6.317833081466374,6.339577222095601,P3,P3,a_baseline,102.14,0.0095,53.05,54.28,True,rigid_offset?+high_residual,64.58,target
sub-3103,ses-1,run-02,anode,target,-64.71977861,13.90221475,-2.42063418,-64.88150544463326,14.851198726589432,2.1472065414663746,active,0.16172683463325654,-0.9489839765894317,-4.567840721466375,4.668178982595937,P3,P3,a_baseline,100.48,0.0077,52.83,53.8,True,different_montage?+high_residual,42.25,target
sub-3103,ses-2,run-01,anode,target,-65.37256335,11.23921419,-5.32766512,-64.88150544463326,14.851198726589432,2.1472065414663746,active,-0.49105790536673055,-3.611984536589432,-7.474871661466374,8.316325902366826,P3,P3,a_baseline,114.28,0.0326,52.78,57.12,True,rigid_offset?+high_residual,46.3,target
sub-3103,ses-2,run-02,anode,target,-64.91723361,9.76478459,-4.63252403,-64.88150544463326,14.851198726589432,2.1472065414663746,active,-0.03572816536673429,-5.086414136589433,-6.7797305714663745,8.475708341629806,P3,P3,a_baseline,112.24,0.0216,53.65,56.49,True,rigid_offset?+high_residual,45.94,target
sub-3103,ses-3,run-01,anode,target,-63.6291259,13.49590695,-3.88811119,-64.88150544463326,14.851198726589432,2.1472065414663746,active,1.2523795446332642,-1.3552917765894321,-6.035317731466375,6.311127509665701,P3,P3,a_baseline,106.89,0.0309,52.36,56.37,True,rigid_offset?+high_residual,47.69,target
sub-3103,ses-3,run-02,anode,target,-62.40643008,13.12077587,-3.5003061,-64.88150544463326,14.851198726589432,2.1472065414663746,active,2.4750753646332626,-1.730422856589433,-5.647512641466374,6.404276724091809,P3,P3,a_baseline,108.27,0.0266,52.79,56.3,True,rigid_offset?+high_residual,47.69,target
sub-3103,ses-4,run-01,anode,target,-64.42497828,11.40481859,-4.87320361,-64.88150544463326,14.851198726589432,2.1472065414663746,active,0.4565271646332576,-3.4463801365894327,-7.020410151466375,7.834035473032937,P3,P3,a_baseline,112.48,0.0191,53.65,56.13,True,rigid_offset?+high_residual,47.24,target
sub-3103,ses-4,run-02,anode,target,-64.09171461,10.92835647,-4.85294553,-64.88150544463326,14.851198726589432,2.1472065414663746,active,0.7897908346332656,-3.9228422565894316,-7.000152071466375,8.063162528202527,P3,P3,a_baseline,114.1,0.0178,53.93,56.32,True,rigid_offset?+high_residual,47.12,target
sub-3104,ses-1,run-01,anode,target,-70.87916132,13.37625414,11.39555609,-70.79068595753405,22.063930161055936,13.764393541991767,active,-0.08847536246594245,-8.687676021055935,-2.3688374519917677,9.005272533941024,P3,P3,a_baseline,114.81,0.0129,53.04,54.55,True,rigid_offset?+high_residual,65.29,target
sub-3104,ses-1,run-02,anode,target,-70.49922441,14.15974292,11.66298184,-70.79068595753405,22.063930161055936,13.764393541991767,active,0.2914615475340554,-7.904187241055936,-2.1014117019917666,8.183951180000426,P3,P3,a_baseline,114.5,0.0137,52.33,54.08,True,rigid_offset?+high_residual,64.38,target
sub-3104,ses-2,run-01,anode,target,-70.26222864,18.27423867,15.02618229,-70.79068595753405,22.063930161055936,13.764393541991767,active,0.5284573175340483,-3.7896914910559367,1.2617887480082324,4.029037053495194,P3,P3,a_baseline,116.25,0.0259,52.59,55.84,True,rigid_offset?+high_residual,61.87,target
sub-3104,ses-2,run-02,anode,target,-70.17387932,18.07408253,15.80387581,-70.79068595753405,22.063930161055936,13.764393541991767,active,0.6168066375340544,-3.9898476310559374,2.039482268008232,4.523142985653752,P3,P3,a_baseline,115.21,0.0296,52.24,55.96,True,different_montage?+high_residual,42.93,target
sub-3104,ses-3,run-01,anode,target,-71.34590753,12.89992205,0.92247022,-70.79068595753405,22.063930161055936,13.764393541991767,active,-0.5552215724659533,-9.164008111055935,-12.841923321991768,15.786142982437052,P3,P3,a_baseline,116.33,0.0106,53.0,54.38,True,rigid_offset?+high_residual,67.8,target
sub-3104,ses-3,run-02,anode,target,-71.14375392,12.48580703,1.68985248,-70.79068595753405,22.063930161055936,13.764393541991767,active,-0.35306796246594274,-9.578123131055936,-12.074541061991766,15.416213593405933,P3,P3,a_baseline,115.95,0.0148,52.63,54.52,True,rigid_offset?+high_residual,67.36,target
sub-3104,ses-4,run-01,anode,target,-71.48646242,14.75894593,9.69643751,-70.79068595753405,22.063930161055936,13.764393541991767,active,-0.6957764624659433,-7.304984231055936,-4.067956031991766,8.390182702415705,P3,P3,a_baseline,110.71,0.0083,53.55,54.62,True,rigid_offset?+high_residual,64.21,target
sub-3104,ses-4,run-02,anode,target,-70.27506497,14.73362734,10.69149754,-70.79068595753405,22.063930161055936,13.764393541991767,active,0.5156209875340494,-7.330302821055936,-3.072896001991767,7.965042014341368,P3,P3,a_baseline,109.42,0.0126,53.19,54.86,True,rigid_offset?+high_residual,63.54,target
sub-3105,ses-1,run-01,anode,target,-63.62117814,16.44252777,11.19887521,-65.6963528190977,14.100964337674768,10.856960547678035,active,2.0751746790976995,2.341563432325234,0.3419146623219653,3.147407646410251,P3,P3,a_baseline,111.49,0.0336,53.48,57.73,True,rigid_offset?+high_residual,62.38,target
sub-3105,ses-1,run-02,anode,target,-63.24101677,15.51302814,11.65219077,-65.6963528190977,14.100964337674768,10.856960547678035,active,2.4553360490976956,1.4120638023252319,0.7952302223219654,2.9419365054892186,P3,P3,a_baseline,112.03,0.0387,53.15,57.96,True,different_montage?+high_residual,43.42,target
sub-3105,ses-2,run-01,anode,target,-64.7435516,19.4936723,2.20139553,-65.6963528190977,14.100964337674768,10.856960547678035,active,0.9528012190976938,5.3927079623252325,-8.655565017678036,10.242457473931331,P3,P3,a_baseline,115.19,0.048,50.93,56.68,True,different_montage?+high_residual,47.94,target
sub-3105,ses-2,run-02,anode,target,-64.45291314,19.02857065,2.87933254,-65.6963528190977,14.100964337674768,10.856960547678035,active,1.2434396790976905,4.927606312325231,-7.977628007678035,9.458858008962341,P3,P3,a_baseline,116.85,0.0456,50.99,56.53,True,different_montage?+high_residual,47.37,target
sub-3105,ses-3,run-01,anode,target,-66.36081743,10.54551837,7.59897546,-65.6963528190977,14.100964337674768,10.856960547678035,active,-0.6644646109023,-3.5554459676747676,-3.257985087678035,4.8679745356491715,P3,P3,a_baseline,112.14,0.0447,51.05,56.97,True,different_montage?+high_residual,44.25,target
sub-3105,ses-3,run-02,anode,target,-66.26553764,9.96027062,7.99581965,-65.6963528190977,14.100964337674768,10.856960547678035,active,-0.5691848209023078,-4.140693717674768,-2.8611408976780357,5.0651202414456815,P3,P3,a_baseline,111.48,0.0477,50.9,57.22,True,different_montage?+high_residual,44.21,target
sub-3105,ses-4,run-01,anode,target,-67.30055696,8.00928302,6.8252977,-65.6963528190977,14.100964337674768,10.856960547678035,active,-1.6042041409022971,-6.091681317674768,-4.031662847678035,7.479061272589176,P3,P3,a_baseline,109.64,0.0462,51.71,57.84,True,different_montage?+high_residual,47.38,target
sub-3105,ses-4,run-02,anode,target,-67.36669837,7.68568296,7.38307361,-65.6963528190977,14.100964337674768,10.856960547678035,active,-1.6703455509022973,-6.415281377674767,-3.473886937678035,7.484235423203216,P3,P3,a_baseline,110.76,0.0451,51.91,57.95,True,different_montage?+high_residual,47.18,target
sub-3106,ses-1,run-01,anode,target,-64.29553684,12.98979471,34.93307044,-60.403997768102165,17.31443903686947,40.09432408591047,active,-3.8915390718978315,-4.324644326869469,-5.16125364591047,7.777220846771412,P3,P3,a_baseline,115.08,0.0245,53.11,56.35,True,rigid_offset?+high_residual,63.97,target
sub-3106,ses-1,run-02,anode,target,-63.68051287,10.15467249,38.617824,-60.403997768102165,17.31443903686947,40.09432408591047,active,-3.276515101897836,-7.15976654686947,-1.476500085910473,8.011108582607616,P3,P3,a_baseline,114.97,0.0245,53.32,56.37,True,rigid_offset?+high_residual,63.16,target
sub-3106,ses-2,run-01,anode,target,-62.65881709,23.89369591,29.94730836,-60.403997768102165,17.31443903686947,40.09432408591047,active,-2.254819321897834,6.579256873130532,-10.147015725910471,12.301738060896662,P3,P3,a_baseline,111.7,0.014,52.26,54.08,True,rigid_offset?+high_residual,66.75,target
sub-3106,ses-2,run-02,anode,target,-67.97719219,6.9811934,39.77186791,-60.403997768102165,17.31443903686947,40.09432408591047,active,-7.573194421897831,-10.333245636869469,-0.3224561759104745,12.815350839096414,P3,P3,a_baseline,111.06,0.0184,52.37,54.57,True,rigid_offset?+high_residual,66.4,target
sub-3106,ses-3,run-01,anode,target,-65.42895598,17.43462999,30.57495818,-60.403997768102165,17.31443903686947,40.09432408591047,active,-5.024958211897832,0.12019095313053185,-9.519365905910472,10.76489564032762,P3,P3,a_baseline,113.08,0.0239,52.1,54.88,True,rigid_offset?+high_residual,66.53,target
sub-3106,ses-3,run-02,anode,target,-65.49601602,14.34515165,38.50892191,-60.403997768102165,17.31443903686947,40.09432408591047,active,-5.092018251897834,-2.9692873868694694,-1.585402175910474,6.1040001247431555,P3,P3,a_baseline,112.0,0.0229,51.84,54.72,True,rigid_offset?+high_residual,64.0,target
sub-3106,ses-4,run-01,anode,target,-63.36773503,14.02206273,33.43929819,-60.403997768102165,17.31443903686947,40.09432408591047,active,-2.9637372618978333,-3.2923763068694694,-6.65502589591047,7.99455126813482,P3,P3,a_baseline,113.23,0.0197,52.88,55.15,True,rigid_offset?+high_residual,64.88,target
sub-3106,ses-4,run-02,anode,target,-63.63321092,12.52454201,30.73963827,-60.403997768102165,17.31443903686947,40.09432408591047,active,-3.229213151897838,-4.78989702686947,-9.354685815910472,10.994593117655583,P3,P3,a_baseline,113.74,0.0143,52.61,54.46,True,rigid_offset?+high_residual,65.64,target
sub-3107,ses-1,run-01,anode,target,-62.02376263,17.84799559,42.47528889,-62.5931554214155,19.022133649079965,42.79946216323497,active,0.5693927914155026,-1.174138059079965,-0.3241732732349689,1.3445804712905358,P3,P3,a_baseline,111.78,0.0306,50.47,54.11,True,rigid_offset?+high_residual,60.62,target
sub-3107,ses-1,run-02,anode,target,-61.74532129,17.324239,43.31861464,-62.5931554214155,19.022133649079965,42.79946216323497,active,0.8478341314155031,-1.6978946490799665,0.5191524767650293,1.967533544288058,P3,P3,a_baseline,111.02,0.026,51.05,54.1,True,rigid_offset?+high_residual,61.08,target
sub-3107,ses-2,run-01,anode,target,-63.47533491,18.91555318,38.20818585,-62.5931554214155,19.022133649079965,42.79946216323497,active,-0.882179488584498,-0.10658046907996521,-4.591276313234971,4.676474979184751,P3,P3,a_baseline,111.14,0.0186,52.6,54.71,True,rigid_offset?+high_residual,61.13,target
sub-3107,ses-2,run-02,anode,target,-63.10584477,18.27657421,38.70880938,-62.5931554214155,19.022133649079965,42.79946216323497,active,-0.5126893485844946,-0.7455594390799654,-4.090652783234972,4.189528546070697,P3,P3,a_baseline,111.97,0.0204,52.58,54.96,True,rigid_offset?+high_residual,61.11,target
sub-3107,ses-3,run-01,anode,target,-64.59268608,14.86942796,38.11967367,-62.5931554214155,19.022133649079965,42.79946216323497,active,-1.99953065858449,-4.152705689079966,-4.679788493234973,6.568371772071895,P3,P3,a_baseline,111.63,0.0414,50.04,55.05,True,different_montage?+high_residual,44.97,target
sub-3107,ses-3,run-02,anode,target,-64.19253635,14.56214904,38.32460726,-62.5931554214155,19.022133649079965,42.79946216323497,active,-1.5993809285844947,-4.4599846090799655,-4.47485490323497,6.517193297191363,P3,P3,a_baseline,111.61,0.042,50.01,55.22,True,rigid_offset?+high_residual,57.91,target
sub-3107,ses-4,run-01,anode,target,-65.67188249,5.95907724,39.71337439,-62.5931554214155,19.022133649079965,42.79946216323497,active,-3.0787270685844987,-13.063056409079966,-3.086087773234972,13.771199688253397,P3,P3,a_baseline,113.31,0.0474,51.89,57.92,True,rigid_offset?+high_residual,62.85,target
sub-3107,ses-4,run-02,anode,target,-64.07257809,5.82099347,39.58793106,-62.5931554214155,19.022133649079965,42.79946216323497,active,-1.4794226685844905,-13.201140179079964,-3.211531103234968,13.666481825513348,P3,P3,a_baseline,113.56,0.0355,52.54,56.78,True,rigid_offset?+high_residual,62.67,target
sub-3111,ses-1,run-01,anode,control,49.44638881,-20.53102272,46.25109665,45.5896861984617,-17.955348423777597,47.9221534563641,active,3.856702611538303,-2.5756742962224024,-1.6710568063640991,4.929572391613995,P3,P3,a_baseline,107.09,0.0209,55.11,57.7,True,rigid_offset?+high_residual,66.83,control
sub-3111,ses-1,run-02,anode,control,48.5300804,-20.56362271,46.63424816,45.5896861984617,-17.955348423777597,47.9221534563641,active,2.9403942015383038,-2.6082742862224038,-1.2879052963641016,4.136147103889291,P3,P3,a_baseline,107.85,0.0196,55.34,57.73,True,rigid_offset?+high_residual,66.53,control
sub-3111,ses-2,run-01,anode,control,51.02265975,-18.50227334,44.64786069,45.5896861984617,-17.955348423777597,47.9221534563641,active,5.4329735515383035,-0.5469249162224017,-3.2742927663640984,6.366892616933622,P3,P3,a_baseline,109.46,0.0191,54.07,56.42,True,rigid_offset?+high_residual,65.28,control
sub-3111,ses-2,run-02,anode,control,50.39300574,-19.56131499,44.63449758,45.5896861984617,-17.955348423777597,47.9221534563641,active,4.8033195415383005,-1.6059665662224027,-3.2876558763640986,6.038185852666285,P3,P3,a_baseline,105.72,0.0256,53.61,56.97,True,rigid_offset?+high_residual,65.59,control
sub-3111,ses-3,run-01,anode,control,49.10964511,-15.11860299,45.58963163,45.5896861984617,-17.955348423777597,47.9221534563641,active,3.5199589115383034,2.8367454337775975,-2.3325218263641005,5.087031891529763,P3,P3,a_baseline,107.26,0.0141,55.33,57.03,True,rigid_offset?+high_residual,67.12,control
sub-3111,ses-3,run-02,anode,control,48.45064553,-15.2864687,46.54353177,45.5896861984617,-17.955348423777597,47.9221534563641,active,2.8609593315383037,2.6688797237775965,-1.3786216863640988,4.148325569530515,P3,P3,a_baseline,105.22,0.0258,54.45,57.61,True,rigid_offset?+high_residual,67.0,control
sub-3111,ses-4,run-01,anode,control,39.11144577,1.54843056,48.4225462,45.5896861984617,-17.955348423777597,47.9221534563641,active,-6.478240428461696,19.503778983777597,0.5003927436358993,20.55761140295447,P3,P3,a_baseline,115.28,0.0461,55.33,60.99,True,rigid_offset?+high_residual,74.04,control
sub-3111,ses-4,run-02,anode,control,38.5255307,0.89591,49.97791436,45.5896861984617,-17.955348423777597,47.9221534563641,active,-7.064155498461702,18.851258423777598,2.0557609036358997,20.236066563426064,P3,P3,a_baseline,111.28,0.0472,55.54,61.79,True,rigid_offset?+high_residual,74.64,control
sub-3113,ses-1,run-01,anode,target,-66.36264021,18.10289677,19.92152478,-67.91864445563823,19.881568808281035,17.851125154087764,active,1.5560042456382348,-1.7786720382810337,2.070399625912234,3.1418749248155216,P3,P3,a_baseline,113.11,0.0357,52.21,56.98,True,rigid_offset?+high_residual,61.99,target
sub-3113,ses-1,run-02,anode,target,-64.6848794,17.01398826,22.12347075,-67.91864445563823,19.881568808281035,17.851125154087764,active,3.23376505563823,-2.8675805482810333,4.272345595912235,6.077268426427891,P3,P3,a_baseline,114.38,0.0602,52.02,59.85,True,rigid_offset?+high_residual,63.23,target
sub-3113,ses-2,run-01,anode,target,-67.95861867,12.32001476,19.45216422,-67.91864445563823,19.881568808281035,17.851125154087764,active,-0.03997421436177717,-7.561554048281035,1.6010390659122358,7.729296452683535,P3,P3,a_baseline,112.73,0.0194,52.24,54.45,True,rigid_offset?+high_residual,62.93,target
sub-3113,ses-2,run-02,anode,target,-67.08056997,13.3199469,18.03519887,-67.91864445563823,19.881568808281035,17.851125154087764,active,0.8380744856382307,-6.561621908281035,0.1840737159122341,6.617486988547932,P3,P3,a_baseline,112.82,0.0061,53.54,54.33,True,rigid_offset?+high_residual,63.14,target
sub-3113,ses-3,run-01,anode,target,-67.61198028,17.47640573,14.80971952,-67.91864445563823,19.881568808281035,17.851125154087764,active,0.30666417563823245,-2.405163078281035,-3.0414056340877647,3.8896015966686073,P3,P3,a_baseline,112.68,0.0389,50.64,55.26,True,different_montage?+high_residual,43.46,target
sub-3113,ses-3,run-02,anode,target,-67.3503482,15.32415945,14.79071258,-67.91864445563823,19.881568808281035,17.851125154087764,active,0.5682962556382307,-4.557409358281035,-3.0604125740877652,5.518973257477743,P3,P3,a_baseline,115.07,0.0236,51.48,54.26,True,rigid_offset?+high_residual,62.6,target
sub-3113,ses-4,run-01,anode,target,-67.40862134,18.11603676,15.64409639,-67.91864445563823,19.881568808281035,17.851125154087764,active,0.5100231156382335,-1.7655320482810346,-2.207028764087765,2.8719684812865762,P3,P3,a_baseline,115.15,0.0084,53.45,54.54,True,rigid_offset?+high_residual,64.25,target
sub-3113,ses-4,run-02,anode,target,-66.58231566,17.45533872,16.42205702,-67.91864445563823,19.881568808281035,17.851125154087764,active,1.3363287956382237,-2.4262300882810344,-1.429068134087764,3.116825760801714,P3,P3,a_baseline,114.98,0.0081,53.31,54.25,True,rigid_offset?+high_residual,64.41,target
sub-3114,ses-1,run-01,anode,target,-69.82919978,13.92010484,15.6745928,-64.95650754951153,26.708797600831332,20.868846202171536,active,-4.872692230488468,-12.788692760831331,-5.194253402171537,14.63810303659504,P3,P3,a_baseline,112.93,0.0235,52.74,55.49,True,rigid_offset?+high_residual,67.17,target
sub-3114,ses-1,run-02,anode,target,-70.04703748,13.51335503,16.63236354,-64.95650754951153,26.708797600831332,20.868846202171536,active,-5.090529930488472,-13.195442570831332,-4.236482662171536,14.76417911569034,P3,P3,a_baseline,112.93,0.0312,52.45,56.34,True,rigid_offset?+high_residual,67.25,target
sub-3114,ses-2,run-01,anode,target,-70.10372339,17.20523709,4.40299669,-64.95650754951153,26.708797600831332,20.868846202171536,active,-5.147215840488471,-9.503560510831331,-16.465849512171538,19.696083200704848,P3,P3,a_baseline,112.79,0.0127,53.11,54.67,True,rigid_offset?+high_residual,51.75,target
sub-3114,ses-2,run-02,anode,target,-69.91929414,16.89571624,4.6537919,-64.95650754951153,26.708797600831332,20.868846202171536,active,-4.962786590488477,-9.813081360831333,-16.215054302171538,19.59218728369549,P3,P3,a_baseline,112.65,0.0098,53.32,54.59,True,rigid_offset?+high_residual,51.58,target
sub-3114,ses-3,run-01,anode,target,-69.90786614,21.30447832,7.94911678,-64.95650754951153,26.708797600831332,20.868846202171536,active,-4.951358590488468,-5.404319280831331,-12.919729422171535,14.854023937064799,P3,P3,a_baseline,113.2,0.0063,53.48,54.21,True,different_montage?+high_residual,49.54,target
sub-3114,ses-3,run-02,anode,target,-69.59656207,20.93861929,8.61135566,-64.95650754951153,26.708797600831332,20.868846202171536,active,-4.640054520488476,-5.770178310831334,-12.257490542171537,14.320305097424376,P3,P3,a_baseline,115.01,0.0018,53.81,54.04,True,different_montage?+high_residual,49.31,target
sub-3114,ses-4,run-01,anode,target,-66.31915522,25.64576331,15.97054381,-64.95650754951153,26.708797600831332,20.868846202171536,active,-1.362647670488471,-1.0630342908313324,-4.898302392171535,5.194248444435856,P3,P3,a_baseline,113.97,0.0112,53.41,54.86,True,rigid_offset?+high_residual,65.51,target
sub-3114,ses-4,run-02,anode,target,-66.07079958,25.27272942,16.39054901,-64.95650754951153,26.708797600831332,20.868846202171536,active,-1.1142920304884711,-1.436068180831331,-4.478297192171535,4.83312365769983,P3,P3,a_baseline,113.68,0.0039,54.34,54.82,True,rigid_offset?+high_residual,65.55,target
sub-3115,ses-1,run-01,anode,target,-66.51984547,27.91306229,24.20850393,-65.88184026046487,19.362626438291667,34.73672557853197,active,-0.6380052095351374,8.550435851708333,-10.528221648531968,13.5779400124684,P3,P3,a_baseline,111.38,0.0358,51.8,56.14,True,rigid_offset?+high_residual,66.16,target
sub-3115,ses-1,run-02,anode,target,-66.42904723,27.26249568,24.87673854,-65.88184026046487,19.362626438291667,34.73672557853197,active,-0.5472069695351252,7.899869241708334,-9.859987038531965,12.646213421558864,P3,P3,a_baseline,111.73,0.0331,51.58,55.72,True,rigid_offset?+high_residual,65.69,target
sub-3115,ses-2,run-01,anode,target,-67.37444124,27.13326298,15.96913766,-65.88184026046487,19.362626438291667,34.73672557853197,active,-1.4926009795351263,7.770636541708335,-18.767587918531966,20.367449674106698,P3,P3,a_baseline,114.68,0.0402,50.95,56.13,True,rigid_offset?+high_residual,70.11,target
sub-3115,ses-2,run-02,anode,target,-67.14380407,26.79396885,16.19233797,-65.88184026046487,19.362626438291667,34.73672557853197,active,-1.261963809535132,7.431342411708332,-18.544387608531967,20.01778495418775,P3,P3,a_baseline,115.58,0.0412,50.89,56.24,True,rigid_offset?+high_residual,70.07,target
sub-3115,ses-3,run-01,anode,target,-71.38736356,6.12072851,26.25338688,-65.88184026046487,19.362626438291667,34.73672557853197,active,-5.5055232995351275,-13.241897928291667,-8.483338698531966,16.66210319914714,P3,P3,a_baseline,114.15,0.0252,52.0,55.11,True,different_montage?+high_residual,48.72,target
sub-3115,ses-3,run-02,anode,target,-70.46522501,5.78972748,24.90473144,-65.88184026046487,19.362626438291667,34.73672557853197,active,-4.583384749535128,-13.572898958291667,-9.831994138531968,17.375244189201865,P3,P3,a_baseline,114.25,0.0255,51.6,54.52,True,different_montage?+high_residual,49.13,target
sub-3115,ses-4,run-01,anode,target,-69.5169872,19.98974992,22.08598848,-65.88184026046487,19.362626438291667,34.73672557853197,active,-3.635146939535133,0.6271234817083347,-12.650737098531966,13.177584234961072,P3,P3,a_baseline,101.94,0.0313,51.02,54.77,True,rigid_offset?+high_residual,68.12,target
sub-3115,ses-4,run-02,anode,target,-69.24934877,19.50435058,22.33910754,-65.88184026046487,19.362626438291667,34.73672557853197,active,-3.367508509535128,0.14172414170833392,-12.397618038531967,12.847611930762374,P3,P3,a_baseline,101.87,0.0331,50.84,55.11,True,rigid_offset?+high_residual,67.95,target
sub-3116,ses-1,run-01,anode,control,62.92263643,-0.32054667,59.65469213,56.19131681141369,-15.2004928444382,69.71923282636634,active,6.731319618586305,14.8799461744382,-10.064540696366336,19.18380674919754,P3,P3,a_baseline,107.42,0.027,56.68,60.48,True,rigid_offset?+high_residual,71.92,control
sub-3116,ses-1,run-02,anode,control,62.59211433,-1.18243799,59.66176655,56.19131681141369,-15.2004928444382,69.71923282636634,active,6.400797518586309,14.0180548544382,-10.057466276366334,18.40186671716283,P3,P3,a_baseline,107.6,0.0275,56.38,60.31,True,rigid_offset?+high_residual,71.55,control
sub-3116,ses-3,run-01,anode,control,69.1591872,-18.43963557,58.01831946,56.19131681141369,-15.2004928444382,69.71923282636634,active,12.967870388586313,-3.2391427255618,-11.700913366366336,17.764264173304337,P3,P3,a_baseline,110.08,0.0046,56.59,57.19,True,rigid_offset?+high_residual,67.97,control
sub-3116,ses-3,run-02,anode,control,69.04579089,-19.14520733,58.56254608,56.19131681141369,-15.2004928444382,69.71923282636634,active,12.854474078586314,-3.9447144855618017,-11.15668674636634,17.471975714446117,P3,P3,a_baseline,111.02,0.0034,56.64,57.12,True,rigid_offset?+high_residual,67.8,control
sub-3116,ses-4,run-01,anode,control,63.0993076,-12.26002629,63.79039292,56.19131681141369,-15.2004928444382,69.71923282636634,active,6.907990788586311,2.940466554438199,-5.928839906366335,9.566494808877751,P3,P3,a_baseline,105.47,0.0556,53.29,60.8,True,rigid_offset?+high_residual,67.6,control
sub-3116,ses-4,run-02,anode,control,62.86607723,-13.83325251,64.64213465,56.19131681141369,-15.2004928444382,69.71923282636634,active,6.67476041858631,1.3672403344382005,-5.077098176366334,8.496981738835476,P3,P3,a_baseline,106.11,0.0593,52.75,60.93,True,rigid_offset?+high_residual,67.07,control
sub-3117,ses-1,run-01,anode,control,57.85924108,-14.28775031,63.96968569,50.9234267495638,-11.988400373898068,69.53604492253493,active,6.9358143304361946,-2.2993499361019314,-5.5663592325349285,9.185689177223605,P3,P3,a_baseline,110.06,0.0286,56.34,60.31,True,rigid_offset?+high_residual,68.75,control
sub-3117,ses-1,run-02,anode,control,57.44530428,-14.23170903,63.14075222,50.9234267495638,-11.988400373898068,69.53604492253493,active,6.5218775304362,-2.243308656101931,-6.395292702534924,9.405694498528373,P3,P3,a_baseline,109.17,0.0291,56.62,60.61,True,rigid_offset?+high_residual,69.05,control
sub-3117,ses-2,run-01,anode,control,54.15967611,-19.93027694,68.73502241,50.9234267495638,-11.988400373898068,69.53604492253493,active,3.2362493604361973,-7.94187656610193,-0.801022512534928,8.613265953151014,P3,P3,a_baseline,107.88,0.0353,55.97,60.88,True,rigid_offset?+high_residual,69.4,control
sub-3117,ses-2,run-02,anode,control,54.29675509,-20.10297999,68.31596879,50.9234267495638,-11.988400373898068,69.53604492253493,active,3.3733283404361956,-8.114579616101933,-1.2200761325349276,8.872109794610772,P3,P3,a_baseline,108.74,0.0361,55.93,60.94,True,rigid_offset?+high_residual,69.47,control
sub-3117,ses-4,run-01,anode,control,55.60285201,-19.24500706,66.4214799,50.9234267495638,-11.988400373898068,69.53604492253493,active,4.679425260436197,-7.2566066861019305,-3.114565022534933,9.179099990978726,P3,P3,a_baseline,107.57,0.0075,55.8,56.84,True,rigid_offset?+high_residual,67.23,control
sub-3117,ses-4,run-02,anode,control,55.63256254,-19.65097307,66.98874757,50.9234267495638,-11.988400373898068,69.53604492253493,active,4.7091357904362,-7.662572696101931,-2.547297352534926,9.347711164667286,P3,P3,a_baseline,107.33,0.01,55.95,57.16,True,rigid_offset?+high_residual,67.24,control
sub-3118,ses-1,run-01,anode,control,59.06126774,-32.70769764,70.51090072,57.7315398594964,-32.33219422143683,70.41779064781309,active,1.3297278805035972,-0.37550341856317004,0.09311007218690293,1.3848640868633524,P3,P3,a_baseline,105.75,0.0198,54.18,56.59,True,rigid_offset?+high_residual,67.04,control
sub-3118,ses-1,run-02,anode,control,59.89019694,-34.10491924,71.53294799,57.7315398594964,-32.33219422143683,70.41779064781309,active,2.158657080503602,-1.7727250185631718,1.1151573421869045,3.007645304965579,P3,P3,a_baseline,107.53,0.015,54.56,56.57,True,rigid_offset?+high_residual,67.31,control
sub-3118,ses-2,run-01,anode,control,65.51094803,-44.63650183,62.35007934,57.7315398594964,-32.33219422143683,70.41779064781309,active,7.779408170503594,-12.304307608563171,-8.067711307813092,16.643411397777164,P3,P3,a_baseline,102.3,0.0219,53.79,56.46,True,rigid_offset?+high_residual,68.75,control
sub-3118,ses-2,run-02,anode,control,64.86135344,-44.89194218,62.58304786,57.7315398594964,-32.33219422143683,70.41779064781309,active,7.129813580503601,-12.559747958563172,-7.8347427878130915,16.43060269821392,P3,P3,a_baseline,102.49,0.0239,53.83,56.82,True,rigid_offset?+high_residual,68.76,control
sub-3118,ses-3,run-01,anode,control,69.24216557,-43.89438341,58.55485936,57.7315398594964,-32.33219422143683,70.41779064781309,active,11.510625710503597,-11.562189188563174,-11.86293128781309,20.171957312536836,P3,P3,a_baseline,107.81,0.0386,55.16,60.47,True,rigid_offset?+high_residual,68.52,control
sub-3118,ses-3,run-02,anode,control,69.41534862,-44.20887826,59.40321605,57.7315398594964,-32.33219422143683,70.41779064781309,active,11.683808760503602,-11.87668403856317,-11.014574597813095,19.972177259244205,P3,P3,a_baseline,108.27,0.0288,55.73,59.74,True,rigid_offset?+high_residual,68.48,control
sub-3118,ses-4,run-01,anode,control,61.85304806,-27.28464365,67.70013205,57.7315398594964,-32.33219422143683,70.41779064781309,active,4.121508200503598,5.04755057143683,-2.7176585978130987,7.06047200067376,P3,P3,a_baseline,104.61,0.0594,52.72,60.46,True,rigid_offset?+high_residual,67.82,control
sub-3118,ses-4,run-02,anode,control,62.12888795,-27.93768977,67.88275001,57.7315398594964,-32.33219422143683,70.41779064781309,active,4.397348090503598,4.3945044514368305,-2.535040637813097,6.713774693726146,P3,P3,a_baseline,104.91,0.051,53.65,60.38,True,rigid_offset?+high_residual,67.79,control
sub-3119,ses-1,run-01,anode,control,53.80213351,-27.39064406,69.53948583,44.89199476465413,-25.8643820184698,76.27624818327514,active,8.910138745345868,-1.5262620415301988,-6.7367623532751395,11.274041657064904,P3,P3,a_baseline,104.81,0.0054,56.83,57.57,True,rigid_offset?+high_residual,69.14,control
sub-3119,ses-1,run-02,anode,control,53.41799787,-28.31569723,69.9835936,44.89199476465413,-25.8643820184698,76.27624818327514,active,8.526003105345872,-2.4513152115302006,-6.292654583275137,10.87654250775771,P3,P3,a_baseline,104.53,0.01,56.61,58.01,True,rigid_offset?+high_residual,69.03,control
sub-3119,ses-2,run-01,anode,control,56.0024056,-24.54415308,68.30868401,44.89199476465413,-25.8643820184698,76.27624818327514,active,11.110410835345874,1.3202289384697998,-7.96756417327515,13.7355856167621,P3,P3,a_baseline,106.35,0.0075,56.73,57.73,True,rigid_offset?+high_residual,71.24,control
sub-3119,ses-2,run-02,anode,control,55.24892431,-24.83210682,66.00945054,44.89199476465413,-25.8643820184698,76.27624818327514,active,10.35692954534587,1.0322751984698009,-10.26679764327514,14.619805591751009,P3,P3,a_baseline,107.31,0.0008,57.03,57.14,True,rigid_offset?+high_residual,71.12,control
sub-3119,ses-3,run-01,anode,control,52.51291208,-34.85789541,70.11604533,44.89199476465413,-25.8643820184698,76.27624818327514,active,7.620917315345871,-8.993513391530197,-6.160202853275138,13.300742950845665,P3,P3,a_baseline,108.74,0.037,54.89,59.97,True,rigid_offset?+high_residual,67.23,control
sub-3119,ses-3,run-02,anode,control,51.75329909,-34.64816282,68.22399003,44.89199476465413,-25.8643820184698,76.27624818327514,active,6.86130432534587,-8.783780801530202,-8.052258153275147,13.750315035711965,P3,P3,a_baseline,109.92,0.0523,54.3,61.74,True,rigid_offset?+high_residual,67.93,control
sub-3119,ses-4,run-01,anode,control,52.84187837,-25.50873485,71.3984929,44.89199476465413,-25.8643820184698,76.27624818327514,active,7.949883605345875,0.35564716846980104,-4.87775528327515,9.333789736784643,P3,P3,a_baseline,105.55,0.0567,53.12,60.12,True,rigid_offset?+high_residual,69.02,control
sub-3119,ses-4,run-02,anode,control,52.8283744,-25.71018966,71.45229869,44.89199476465413,-25.8643820184698,76.27624818327514,active,7.936379635345872,0.15419235846979973,-4.823949493275137,9.28872357826481,P3,P3,a_baseline,105.61,0.0581,53.01,60.18,True,rigid_offset?+high_residual,69.04,control
sub-3120,ses-1,run-01,anode,target,-68.70943625,20.4962842,2.39281702,-67.37683649937257,27.808982520036533,11.8969965562276,active,-1.3325997506274234,-7.312698320036532,-9.5041795362276,12.065687194357595,P3,P3,a_baseline,114.19,0.0477,50.3,56.5,True,rigid_offset?+high_residual,49.59,target
sub-3120,ses-1,run-02,anode,target,-65.76352627,21.06248199,6.5723334,-67.37683649937257,27.808982520036533,11.8969965562276,active,1.6133102293725727,-6.746500530036535,-5.324663156227601,8.744717092351765,P3,P3,a_baseline,115.77,0.0185,53.52,55.96,True,rigid_offset?+high_residual,69.02,target
sub-3121,ses-1,run-01,anode,control,54.49031522,-18.99026005,51.1465539,46.46131600378976,-15.4845697678048,57.8343727560813,active,8.028999216210238,-3.5056902821952,-6.6878188560813,11.021869796923708,P3,P3,a_baseline,110.05,0.0172,55.9,58.29,True,rigid_offset?+high_residual,67.26,control
sub-3121,ses-1,run-02,anode,control,53.25818208,-19.35048838,52.347336,46.46131600378976,-15.4845697678048,57.8343727560813,active,6.796866076210236,-3.865918612195202,-5.487036756081302,9.552501637615249,P3,P3,a_baseline,110.75,0.0203,56.08,58.91,True,rigid_offset?+high_residual,66.85,control
sub-3121,ses-2,run-01,anode,control,47.52560626,-18.6288875,56.82162012,46.46131600378976,-15.4845697678048,57.8343727560813,active,1.064290256210242,-3.1443177321952014,-1.0127526360813022,3.470607389543056,P3,P3,a_baseline,112.65,0.0212,56.46,59.31,True,rigid_offset?+high_residual,66.84,control
sub-3121,ses-2,run-02,anode,control,47.98334775,-16.23783811,55.04694351,46.46131600378976,-15.4845697678048,57.8343727560813,active,1.5220317462102386,-0.7532683421951987,-2.7874292460813024,3.264009135056866,P3,P3,a_baseline,113.9,0.035,54.77,59.63,True,rigid_offset?+high_residual,66.99,control
sub-3121,ses-3,run-01,anode,control,45.10923909,-32.17530157,56.61356375,46.46131600378976,-15.4845697678048,57.8343727560813,active,-1.3520769137897588,-16.690731802195202,-1.2208090060813035,16.78984856104851,P3,P3,a_baseline,103.84,0.0385,53.89,59.15,True,rigid_offset?+high_residual,72.67,control
sub-3121,ses-3,run-02,anode,control,42.64458192,-31.6340839,55.65858879,46.46131600378976,-15.4845697678048,57.8343727560813,active,-3.816734083789761,-16.1495141321952,-2.1757839660812976,16.736436348260984,P3,P3,a_baseline,103.13,0.0444,53.8,59.97,True,rigid_offset?+high_residual,72.88,control
sub-3121,ses-4,run-01,anode,control,58.04268445,-18.46696527,47.09178441,46.46131600378976,-15.4845697678048,57.8343727560813,active,11.581368446210242,-2.9823955021951996,-10.742588346081298,16.075633187894965,P3,P3,a_baseline,108.43,0.005,57.7,58.39,True,rigid_offset?+high_residual,67.05,control
sub-3121,ses-4,run-02,anode,control,56.9915882,-17.91280471,47.27255621,46.46131600378976,-15.4845697678048,57.8343727560813,active,10.530272196210241,-2.4282349421952,-10.561816546081303,15.110755315795863,P3,P3,a_baseline,107.35,0.0028,57.99,58.37,True,rigid_offset?+high_residual,66.93,control
sub-3122,ses-1,run-01,anode,control,54.79721556,2.38526975,63.09814407,47.338242201514994,4.310556111258964,66.86550988004497,active,7.458973358485004,-1.925286361258964,-3.7673658100449714,8.575316686987987,P3,P3,a_baseline,111.96,0.0118,58.58,60.13,True,rigid_offset?+high_residual,68.96,control
sub-3122,ses-1,run-02,anode,control,54.40291985,1.53205485,64.46054447,47.338242201514994,4.310556111258964,66.86550988004497,active,7.064677648485009,-2.778501261258964,-2.404965410044966,7.9632655462023925,P3,P3,a_baseline,111.5,0.0041,58.49,59.07,True,rigid_offset?+high_residual,68.6,control
sub-3122,ses-2,run-01,anode,control,48.50924928,-2.5929874,69.30686504,47.338242201514994,4.310556111258964,66.86550988004497,active,1.1710070784850046,-6.903543511258964,2.4413551599550374,7.415550256504694,P3,P3,a_baseline,107.37,0.0174,58.07,60.61,True,rigid_offset?+high_residual,70.11,control
sub-3122,ses-2,run-02,anode,control,48.36164475,-3.62066267,70.06002255,47.338242201514994,4.310556111258964,66.86550988004497,active,1.0234025484850093,-7.9312187812589645,3.1945126699550315,8.61141656935395,P3,P3,a_baseline,107.42,0.014,58.2,60.18,True,rigid_offset?+high_residual,70.4,control
sub-3122,ses-3,run-01,anode,control,49.9388453,1.77843772,66.98537511,47.338242201514994,4.310556111258964,66.86550988004497,active,2.600603098485003,-2.5321183912589635,0.1198652299550389,3.6316838651724423,P3,P3,a_baseline,104.76,0.0239,56.86,60.27,True,rigid_offset?+high_residual,68.41,control
sub-3122,ses-3,run-02,anode,control,50.4388607,1.28453292,68.14990395,47.338242201514994,4.310556111258964,66.86550988004497,active,3.100618498485005,-3.0260231912589637,1.2843940699550274,4.518884768847301,P3,P3,a_baseline,104.61,0.0221,56.48,59.41,True,rigid_offset?+high_residual,68.4,control
sub-3122,ses-4,run-01,anode,control,57.66739813,-1.93734675,61.63614917,47.338242201514994,4.310556111258964,66.86550988004497,active,10.329155928485008,-6.2479028612589635,-5.229360710044965,13.155757895098516,P3,P3,a_baseline,105.97,0.0174,57.15,59.64,True,rigid_offset?+high_residual,70.9,control
sub-3122,ses-4,run-02,anode,control,57.27255308,-2.16807101,62.75498579,47.338242201514994,4.310556111258964,66.86550988004497,active,9.934310878485007,-6.478627121258963,-4.110524090044969,12.55227271459387,P3,P3,a_baseline,106.9,0.0148,57.63,59.51,True,rigid_offset?+high_residual,70.55,control
sub-3123,ses-1,run-01,anode,target,-64.01108218,11.89042058,31.3779427,-61.15319851552736,18.61802764176657,38.52363822455593,active,-2.857883664472645,-6.7276070617665695,-7.145695524555933,10.221993951614808,P3,P3,a_baseline,110.51,0.0457,52.56,58.24,True,rigid_offset?+high_residual,62.45,target
sub-3123,ses-1,run-02,anode,target,-64.31608775,11.24361178,32.29078206,-61.15319851552736,18.61802764176657,38.52363822455593,active,-3.1628892344726367,-7.37441586176657,-6.232856164555933,10.160431761488297,P3,P3,a_baseline,111.69,0.0392,52.27,57.32,True,rigid_offset?+high_residual,62.31,target
sub-3123,ses-2,run-01,anode,target,-56.05334083,25.47661915,41.20030119,-61.15319851552736,18.61802764176657,38.52363822455593,active,5.099857685527354,6.858591508233431,2.6766629654440663,8.95619062548492,P3,P3,a_baseline,110.55,0.0342,49.02,53.27,True,rigid_offset?+high_residual,66.17,target
sub-3123,ses-2,run-02,anode,target,-55.84986216,24.54101236,41.26362916,-61.15319851552736,18.61802764176657,38.52363822455593,active,5.303336355527357,5.92298471823343,2.7399909354440695,8.409201793190636,P3,P3,a_baseline,111.14,0.0327,49.49,53.62,True,rigid_offset?+high_residual,66.15,target
sub-3123,ses-3,run-01,anode,target,-64.46361489,20.09167713,9.41631457,-61.15319851552736,18.61802764176657,38.52363822455593,active,-3.310416374472645,1.4736494882334306,-29.10732365455593,29.332009643350702,P3,P3,a_baseline,102.05,0.0251,52.97,56.3,True,different_montage?+high_residual,57.02,target
sub-3123,ses-3,run-02,anode,target,-64.37323938,19.97251043,10.08923016,-61.15319851552736,18.61802764176657,38.52363822455593,active,-3.2200408644726437,1.3544827882334296,-28.43440806455593,28.648191020973343,P3,P3,a_baseline,101.21,0.0319,52.9,56.96,True,different_montage?+high_residual,56.48,target
sub-3123,ses-4,run-01,anode,target,-61.31293641,21.73401103,32.35877657,-61.15319851552736,18.61802764176657,38.52363822455593,active,-0.15973789447264153,3.115983388233431,-6.164861654555928,6.909441937703168,P3,P3,a_baseline,113.09,0.0408,50.61,55.87,True,rigid_offset?+high_residual,63.62,target
sub-3123,ses-4,run-02,anode,target,-61.05762843,21.68896683,33.81950733,-61.15319851552736,18.61802764176657,38.52363822455593,active,0.09557008552735624,3.070939188233428,-4.704130894555931,5.618598456215844,P3,P3,a_baseline,112.26,0.041,50.77,56.08,True,rigid_offset?+high_residual,63.12,target
sub-3124,ses-1,run-01,anode,control,52.78813085,-26.54479098,70.65996774,47.13895141594986,-31.418854202556968,72.74090100801915,active,5.64917943405014,4.87406322255697,-2.0809332680191517,7.745966940384291,P3,P3,a_baseline,104.95,0.0154,55.66,57.6,True,rigid_offset?+high_residual,67.5,control
sub-3124,ses-1,run-02,anode,control,52.29833351,-27.19074187,70.91041136,47.13895141594986,-31.418854202556968,72.74090100801915,active,5.159382094050137,4.228112332556968,-1.830489648019153,6.917141739232383,P3,P3,a_baseline,104.98,0.0143,55.73,57.51,True,rigid_offset?+high_residual,67.19,control
sub-3124,ses-2,run-01,anode,control,50.8321064,-32.91401253,71.12569058,47.13895141594986,-31.418854202556968,72.74090100801915,active,3.693154984050139,-1.4951583274430327,-1.6152104280191537,4.299278647298689,P3,P3,a_baseline,107.51,0.0261,56.22,59.66,True,rigid_offset?+high_residual,66.65,control
sub-3124,ses-2,run-02,anode,control,50.57946607,-32.94397114,70.42085565,47.13895141594986,-31.418854202556968,72.74090100801915,active,3.4405146540501406,-1.525116937443034,-2.320045358019158,4.421055668149364,P3,P3,a_baseline,104.7,0.0258,55.92,59.46,True,rigid_offset?+high_residual,67.1,control
sub-3124,ses-3,run-01,anode,control,55.64026206,-28.51801302,66.792002,47.13895141594986,-31.418854202556968,72.74090100801915,active,8.501310644050136,2.9008411825569667,-5.948899008019154,10.773883312931783,P3,P3,a_baseline,104.35,0.0281,57.27,61.12,True,rigid_offset?+high_residual,66.88,control
sub-3124,ses-3,run-02,anode,control,53.68538703,-28.90717086,66.89129937,47.13895141594986,-31.418854202556968,72.74090100801915,active,6.546435614050139,2.5116833425569673,-5.849601638019152,9.13138608239179,P3,P3,a_baseline,103.9,0.0208,57.48,60.1,True,rigid_offset?+high_residual,65.68,control
sub-3124,ses-4,run-01,anode,control,59.50188982,-40.8045165,62.4661045,47.13895141594986,-31.418854202556968,72.74090100801915,active,12.36293840405014,-9.38566229744303,-10.27479650801915,18.61462720618342,P3,P3,a_baseline,99.66,0.012,57.94,59.43,True,rigid_offset?+high_residual,68.83,control
sub-3124,ses-4,run-02,anode,control,59.19027786,-41.22284735,61.97235221,47.13895141594986,-31.418854202556968,72.74090100801915,active,12.05132644405014,-9.803993147443034,-10.768548798019154,18.902761541941217,P3,P3,a_baseline,99.94,0.012,57.79,59.37,True,rigid_offset?+high_residual,68.98,control
sub-3127,ses-1,run-01,anode,control,51.33843605,-44.00948939,68.67487179,46.65348564012003,-45.07478484200607,71.15793507590608,active,4.684950409879967,1.065295452006069,-2.483063285906084,5.408254619090526,P3,P3,a_baseline,106.02,0.0117,57.48,59.04,True,rigid_offset?+high_residual,68.15,control
sub-3127,ses-1,run-02,anode,control,50.06007886,-45.15477321,68.85096742,46.65348564012003,-45.07478484200607,71.15793507590608,active,3.4065932198799658,-0.07998836799393416,-2.306967655906078,4.115018258786135,P3,P3,a_baseline,106.54,0.0116,57.36,58.91,True,rigid_offset?+high_residual,67.7,control
sub-3127,ses-2,run-01,anode,control,45.48564866,-44.96443681,73.76367341,46.65348564012003,-45.07478484200607,71.15793507590608,active,-1.167836980120029,0.11034803200606547,2.605738334093914,2.857602520657834,P3,P3,a_baseline,104.53,0.0307,55.68,59.97,True,rigid_offset?+high_residual,67.09,control
sub-3127,ses-2,run-02,anode,control,45.58906532,-45.92646502,74.29964749,46.65348564012003,-45.07478484200607,71.15793507590608,active,-1.0644203201200284,-0.8516801779939343,3.1417124140939165,3.4247199354610047,P3,P3,a_baseline,104.13,0.0357,55.41,60.29,True,rigid_offset?+high_residual,67.08,control
sub-3128,ses-1,run-01,anode,target,-67.68684369,17.37171424,12.44292686,-68.86976145765048,17.5002798560823,12.719400390892131,active,1.1829177676504798,-0.12856561608230166,-0.27647353089213134,1.2215814241980674,P3,P3,a_baseline,110.21,0.0088,53.5,54.65,True,rigid_offset?+high_residual,62.75,target
sub-3128,ses-1,run-02,anode,target,-65.58531413,16.83697697,12.62212445,-68.86976145765048,17.5002798560823,12.719400390892131,active,3.284447327650483,-0.6633028860823025,-0.09727594089213198,3.3521675935835846,P3,P3,a_baseline,110.09,0.0064,54.12,54.96,True,rigid_offset?+high_residual,63.47,target
sub-3128,ses-2,run-01,anode,target,-67.37490332,15.3669652,12.15156287,-68.86976145765048,17.5002798560823,12.719400390892131,active,1.494858137650482,-2.1333146560823018,-0.567837520892132,2.6660967206176784,P3,P3,a_baseline,111.64,0.027,52.89,56.37,True,rigid_offset?+high_residual,65.68,target
sub-3128,ses-2,run-02,anode,target,-66.39278589,14.39089743,9.69334592,-68.86976145765048,17.5002798560823,12.719400390892131,active,2.4769755676504843,-3.1093824260823,-3.026054470892131,4.996065721662711,P3,P3,a_baseline,112.69,0.0265,53.14,56.68,True,rigid_offset?+high_residual,65.48,target
sub-3128,ses-3,run-01,anode,target,-67.16505643,15.85821622,-3.41252951,-68.86976145765048,17.5002798560823,12.719400390892131,active,1.7047050276504763,-1.6420636360823018,-16.131929900892132,16.304648249610853,P3,P3,a_baseline,111.1,0.0564,51.73,59.41,True,different_montage?+high_residual,51.01,target
sub-3128,ses-3,run-02,anode,target,-66.02821419,15.76247253,-2.76366028,-68.86976145765048,17.5002798560823,12.719400390892131,active,2.8415472676504834,-1.7378073260823008,-15.483060670892131,15.837283002946052,P3,P3,a_baseline,111.06,0.0619,51.88,60.29,True,different_montage?+high_residual,51.02,target
sub-3128,ses-4,run-01,anode,target,-68.12802036,13.45487127,9.22583818,-68.86976145765048,17.5002798560823,12.719400390892131,active,0.7417410976504897,-4.045408586082301,-3.493562210892131,5.39634018624342,P3,P3,a_baseline,108.18,0.0223,54.67,57.44,True,rigid_offset?+high_residual,65.12,target
sub-3128,ses-4,run-02,anode,target,-67.20200695,13.52995781,4.09973859,-68.86976145765048,17.5002798560823,12.719400390892131,active,1.6677545076504856,-3.9703220460823,-8.619661800892132,9.635529658983707,P3,P3,a_baseline,109.23,0.0153,55.03,57.03,True,rigid_offset?+high_residual,66.28,target
sub-3129,ses-1,run-01,anode,control,55.98026876,-33.31812875,69.11103188,49.9781033629453,-31.837105312910666,75.11474147734721,active,6.0021653970547035,-1.481023437089334,-6.0037095973472105,8.617653323503317,P3,P3,a_baseline,100.49,0.0204,56.96,59.79,True,rigid_offset?+high_residual,68.61,control
sub-3129,ses-1,run-02,anode,control,55.59076922,-33.97090175,69.34814468,49.9781033629453,-31.837105312910666,75.11474147734721,active,5.612665857054701,-2.1337964370893374,-5.766596797347205,8.32518731807626,P3,P3,a_baseline,100.05,0.0177,57.44,59.79,True,rigid_offset?+high_residual,68.55,control
sub-3129,ses-2,run-01,anode,control,50.65258995,-34.12437435,74.46726327,49.9781033629453,-31.837105312910666,75.11474147734721,active,0.6744865870547017,-2.287269037089331,-0.6474782073472056,2.4709835760550507,P3,P3,a_baseline,103.39,0.0049,56.83,57.51,True,rigid_offset?+high_residual,67.23,control
sub-3129,ses-2,run-02,anode,control,50.0281552,-34.58525291,75.08778188,49.9781033629453,-31.837105312910666,75.11474147734721,active,0.05005183705470273,-2.7481475970893356,-0.02695959734721498,2.748735567796503,P3,P3,a_baseline,103.55,0.0113,56.08,57.65,True,rigid_offset?+high_residual,67.03,control
sub-3129,ses-3,run-01,anode,control,53.95070735,-35.72615666,71.05832015,49.9781033629453,-31.837105312910666,75.11474147734721,active,3.972603987054704,-3.8890513470893353,-4.056421327347209,6.881922464196876,P3,P3,a_baseline,101.44,0.0066,57.71,58.66,True,rigid_offset?+high_residual,67.93,control
sub-3129,ses-3,run-02,anode,control,53.46764654,-35.58423441,70.10854453,49.9781033629453,-31.837105312910666,75.11474147734721,active,3.489543177054699,-3.747129097089335,-5.006196947347206,7.160998249574638,P3,P3,a_baseline,102.87,0.0069,57.62,58.56,True,rigid_offset?+high_residual,67.88,control
sub-3129,ses-4,run-01,anode,control,56.40155251,-33.21608398,69.07878548,49.9781033629453,-31.837105312910666,75.11474147734721,active,6.423449147054704,-1.378978667089335,-6.035955997347216,8.921605568001597,P3,P3,a_baseline,102.63,0.0086,56.68,57.82,True,rigid_offset?+high_residual,69.2,control
sub-3129,ses-4,run-02,anode,control,55.98269245,-32.82156559,68.52456358,49.9781033629453,-31.837105312910666,75.11474147734721,active,6.004589087054704,-0.9844602770893331,-6.590177897347203,8.969654221887644,P3,P3,a_baseline,102.67,0.0162,56.21,58.48,True,rigid_offset?+high_residual,69.4,control
sub-3130,ses-1,run-01,anode,control,58.22694892,-19.12129295,60.68429936,51.426793945643965,-25.722159316868037,67.63414923270513,active,6.800154974356033,6.600866366868036,-6.94984987270513,11.752189486289279,P3,P3,a_baseline,107.47,0.0406,56.44,62.29,True,rigid_offset?+high_residual,69.54,control
sub-3130,ses-1,run-02,anode,control,58.19838633,-20.1639846,59.60536443,51.426793945643965,-25.722159316868037,67.63414923270513,active,6.771592384356033,5.558174716868038,-8.028784802705125,11.883145838171327,P3,P3,a_baseline,108.45,0.0335,56.6,61.41,True,rigid_offset?+high_residual,69.39,control
sub-3130,ses-2,run-01,anode,control,54.5048487,-23.48254322,64.44426528,51.426793945643965,-25.722159316868037,67.63414923270513,active,3.0780547543560317,2.239616096868037,-3.189883952705131,4.966453560025493,P3,P3,a_baseline,102.23,0.0314,56.67,61.2,True,rigid_offset?+high_residual,67.91,control
sub-3130,ses-2,run-02,anode,control,54.47617712,-23.83408523,63.17972577,51.426793945643965,-25.722159316868037,67.63414923270513,active,3.049383174356038,1.8880740868680377,-4.45442346270513,5.718867885049123,P3,P3,a_baseline,103.87,0.018,56.63,59.02,True,rigid_offset?+high_residual,67.47,control
sub-3130,ses-3,run-01,anode,control,57.64942795,-24.95907754,63.49071853,51.426793945643965,-25.722159316868037,67.63414923270513,active,6.222634004356038,0.763081776868038,-4.143430702705125,7.514751209353217,P3,P3,a_baseline,110.75,0.0169,55.16,57.36,True,rigid_offset?+high_residual,65.69,control
sub-3130,ses-3,run-02,anode,control,57.3937298,-25.68056744,63.15891635,51.426793945643965,-25.722159316868037,67.63414923270513,active,5.966935854356038,0.04159187686803634,-4.475232882705129,7.4588043766187,P3,P3,a_baseline,111.54,0.0178,55.22,57.57,True,rigid_offset?+high_residual,65.83,control
sub-3130,ses-4,run-01,anode,control,63.03401998,-34.89050823,57.07428623,51.426793945643965,-25.722159316868037,67.63414923270513,active,11.607226034356032,-9.168348913131965,-10.559863002705129,18.174075619999524,P3,P3,a_baseline,107.2,0.0412,49.64,54.9,True,different_montage?+high_residual,65.3,control
sub-3130,ses-4,run-02,anode,control,61.02611292,-34.33380246,54.7205234,51.426793945643965,-25.722159316868037,67.63414923270513,active,9.599318974356038,-8.611643143131964,-12.91362583270513,18.250179575642342,P3,P3,a_baseline,108.98,0.0394,50.21,55.29,True,different_montage?+high_residual,65.53,control
sub-3133,ses-1,run-01,anode,control,51.88245022,-48.20500833,67.62407118,45.42822455807846,-48.90323994735597,72.44833210315153,active,6.454225661921541,0.6982316173559724,-4.824260923151527,8.088142539614948,P3,P3,a_baseline,104.6,0.061,53.9,62.26,True,rigid_offset?+high_residual,68.38,control
sub-3133,ses-1,run-02,anode,control,51.59874464,-47.5335828,68.16607203,45.42822455807846,-48.90323994735597,72.44833210315153,active,6.170520081921538,1.3696571473559729,-4.282260073151534,7.634725281030619,P3,P3,a_baseline,104.63,0.0636,53.84,62.34,True,rigid_offset?+high_residual,68.45,control
sub-3133,ses-2,run-01,anode,control,51.36698435,-45.83738071,67.17799135,45.42822455807846,-48.90323994735597,72.44833210315153,active,5.938759791921541,3.0658592373559728,-5.27034075315153,8.511454187373317,P3,P3,a_baseline,107.92,0.0032,56.47,56.9,True,rigid_offset?+high_residual,68.63,control
sub-3133,ses-2,run-02,anode,control,51.28975219,-46.73704852,67.79956162,45.42822455807846,-48.90323994735597,72.44833210315153,active,5.86152763192154,2.166191427355969,-4.648770483151523,7.788514523627151,P3,P3,a_baseline,108.47,0.0062,56.3,57.05,True,rigid_offset?+high_residual,68.35,control
sub-3133,ses-3,run-01,anode,control,50.2047247,-34.89731368,69.58944035,45.42822455807846,-48.90323994735597,72.44833210315153,active,4.776500141921538,14.005926267355967,-2.858891753151525,15.071635155769467,P3,P3,a_baseline,107.87,0.0151,55.51,57.6,True,rigid_offset?+high_residual,71.11,control
sub-3133,ses-3,run-02,anode,control,52.69450712,-35.25330138,61.30059126,45.42822455807846,-48.90323994735597,72.44833210315153,active,7.266282561921535,13.649938567355967,-11.147740843151531,19.062838484033424,P3,P3,a_baseline,110.67,0.0261,55.5,58.75,True,rigid_offset?+high_residual,71.11,control
sub-3133,ses-4,run-01,anode,control,52.88073213,-40.45470145,67.40896658,45.42822455807846,-48.90323994735597,72.44833210315153,active,7.452507571921537,8.448538497355969,-5.039365523151531,12.341510309795233,P3,P3,a_baseline,103.78,0.0268,55.9,59.33,True,rigid_offset?+high_residual,70.4,control
sub-3133,ses-4,run-02,anode,control,53.29995168,-38.12256554,63.57433691,45.42822455807846,-48.90323994735597,72.44833210315153,active,7.871727121921538,10.780674407355974,-8.87399519315153,16.029186481150305,P3,P3,a_baseline,103.31,0.032,54.39,58.66,True,rigid_offset?+high_residual,71.22,control
sub-3134,ses-1,run-01,anode,control,53.66577172,-22.40425733,63.3540325,52.50014098794793,-25.408744883199265,63.188428299546864,active,1.1656307320520725,3.004487553199265,0.16560420045313862,3.226928138654668,P3,P3,a_baseline,109.78,0.0336,53.02,57.34,True,rigid_offset?+high_residual,65.77,control
sub-3134,ses-1,run-02,anode,control,52.66290611,-23.35425551,63.25802427,52.50014098794793,-25.408744883199265,63.188428299546864,active,0.16276512205207183,2.0544893731992637,0.06959597045313615,2.0621015175419086,P3,P3,a_baseline,108.77,0.0415,52.16,57.52,True,rigid_offset?+high_residual,65.07,control
sub-3134,ses-2,run-01,anode,control,52.58416465,-22.82801487,62.73269328,52.50014098794793,-25.408744883199265,63.188428299546864,active,0.08402366205206846,2.5807300131992648,-0.45573501954686435,2.622007205339737,P3,P3,a_baseline,110.47,0.0153,54.2,56.28,True,rigid_offset?+high_residual,67.26,control
sub-3134,ses-2,run-02,anode,control,52.45225985,-22.99491881,62.23824286,52.50014098794793,-25.408744883199265,63.188428299546864,active,-0.04788113794793247,2.413826073199264,-0.9501854395468641,2.5945522319958476,P3,P3,a_baseline,110.35,0.0125,54.25,55.93,True,rigid_offset?+high_residual,67.2,control
sub-3134,ses-3,run-01,anode,control,55.76153018,-14.44862699,59.81062342,52.50014098794793,-25.408744883199265,63.188428299546864,active,3.2613891920520715,10.960117893199266,-3.377804879546865,11.923523367660728,P3,P3,a_baseline,106.91,0.0051,56.32,57.03,True,rigid_offset?+high_residual,70.59,control
sub-3134,ses-3,run-02,anode,control,55.42273421,-15.28977791,59.50262996,52.50014098794793,-25.408744883199265,63.188428299546864,active,2.922593222052072,10.118966973199266,-3.6857983395468636,11.158859849737723,P3,P3,a_baseline,107.17,0.0055,56.44,57.12,True,rigid_offset?+high_residual,70.27,control
sub-3134,ses-4,run-01,anode,control,57.26787864,-24.28098342,57.80452255,52.50014098794793,-25.408744883199265,63.188428299546864,active,4.76773765205207,1.127761463199267,-5.383905749546862,7.279396221986827,P3,P3,a_baseline,97.46,0.0727,57.87,67.47,True,rigid_offset?+high_residual,68.45,control
sub-3134,ses-4,run-02,anode,control,56.96184225,-24.96647045,58.22044618,52.50014098794793,-25.408744883199265,63.188428299546864,active,4.461701262052067,0.44227443319926607,-4.9679821195468605,6.692027433162244,P3,P3,a_baseline,96.38,0.0688,57.84,66.82,True,rigid_offset?+high_residual,67.87,control
sub-3135,ses-1,run-01,anode,control,65.83273068,-46.96308349,71.69393735,58.408984545332295,-48.69486634650977,80.2765927371137,active,7.423746134667702,1.731782856509767,-8.582655387113704,11.479244401442399,P3,P3,a_baseline,108.17,0.0074,57.34,58.31,True,rigid_offset?+high_residual,66.27,control
sub-3135,ses-1,run-02,anode,control,65.15767251,-47.44998491,71.90701379,58.408984545332295,-48.69486634650977,80.2765927371137,active,6.7486879646677025,1.2448814365097718,-8.369578947113709,10.823325310983975,P3,P3,a_baseline,108.15,0.0097,57.65,58.99,True,rigid_offset?+high_residual,66.01,control
sub-3135,ses-2,run-01,anode,control,60.76410279,-63.24409321,71.8186045,58.408984545332295,-48.69486634650977,80.2765927371137,active,2.3551182446677075,-14.549226863490233,-8.457988237113696,16.993061798593747,P3,P3,a_baseline,105.73,0.0171,56.47,58.73,True,rigid_offset?+high_residual,70.32,control
sub-3135,ses-2,run-02,anode,control,60.40796483,-63.55516995,72.08227884,58.408984545332295,-48.69486634650977,80.2765927371137,active,1.9989802846677023,-14.86030360349023,-8.194313897113702,17.087168449185068,P3,P3,a_baseline,105.45,0.0204,56.44,59.29,True,rigid_offset?+high_residual,70.22,control
sub-3135,ses-4,run-01,anode,control,55.22670054,-41.77353152,84.21437871,58.408984545332295,-48.69486634650977,80.2765927371137,active,-3.182284005332292,6.921334826509771,3.937785972886303,8.575428014945429,P3,P3,a_baseline,107.01,0.0628,52.9,61.72,True,rigid_offset?+high_residual,69.5,control
sub-3135,ses-4,run-02,anode,control,55.02342954,-41.94254505,84.52258665,58.408984545332295,-48.69486634650977,80.2765927371137,active,-3.385555005332293,6.75232129650977,4.245993912886291,8.665119150577063,P3,P3,a_baseline,107.86,0.0545,54.34,62.07,True,rigid_offset?+high_residual,69.78,control
sub-3136,ses-1,run-01,anode,control,56.10576894,-12.73178474,54.76591813,46.01216974557056,-20.698957739236437,62.76896860444813,active,10.093599194429437,7.967172999236437,-8.00305047444813,15.14613505796489,P3,P3,a_baseline,108.06,0.0414,53.67,59.18,True,rigid_offset?+high_residual,71.09,control
sub-3136,ses-1,run-02,anode,control,55.90061367,-13.10451087,55.39098769,46.01216974557056,-20.698957739236437,62.76896860444813,active,9.888443924429438,7.594446869236437,-7.3779809144481305,14.487634343473799,P3,P3,a_baseline,107.75,0.0405,54.02,59.54,True,rigid_offset?+high_residual,71.14,control
sub-3136,ses-2,run-01,anode,control,40.38225285,-15.94636298,65.16340577,46.01216974557056,-20.698957739236437,62.76896860444813,active,-5.62991689557056,4.7525947592364375,2.3944371655518637,7.747028497193523,P3,P3,a_baseline,112.49,0.0583,52.78,60.8,True,rigid_offset?+high_residual,67.62,control
sub-3136,ses-2,run-02,anode,control,40.58706476,-16.48221339,65.87268421,46.01216974557056,-20.698957739236437,62.76896860444813,active,-5.425104985570563,4.216744349236439,3.1037156055518693,7.539611897931234,P3,P3,a_baseline,112.12,0.0537,53.44,60.87,True,rigid_offset?+high_residual,67.74,control
sub-3136,ses-3,run-01,anode,control,50.77491762,-8.2523298,57.89191342,46.01216974557056,-20.698957739236437,62.76896860444813,active,4.7627478744294365,12.446627939236437,-4.877055184448132,14.191123339796453,P3,P3,a_baseline,109.55,0.0398,55.63,61.1,True,rigid_offset?+high_residual,71.17,control
sub-3136,ses-3,run-02,anode,control,50.62085075,-8.86237625,58.47881159,46.01216974557056,-20.698957739236437,62.76896860444813,active,4.608681004429442,11.836581489236437,-4.290157014448134,13.407089511170646,P3,P3,a_baseline,107.96,0.0394,55.12,60.69,True,rigid_offset?+high_residual,70.96,control
sub-3136,ses-4,run-01,anode,control,50.96356857,-16.632026,57.31669887,46.01216974557056,-20.698957739236437,62.76896860444813,active,4.95139882442944,4.066931739236438,-5.45226973444813,8.413294797363815,P3,P3,a_baseline,109.55,0.0236,54.93,58.02,True,rigid_offset?+high_residual,67.8,control
sub-3136,ses-4,run-02,anode,control,51.1961378,-16.69627346,58.31883516,46.01216974557056,-20.698957739236437,62.76896860444813,active,5.183968054429442,4.002684279236437,-4.450133444448134,7.918250684462277,P3,P3,a_baseline,109.92,0.0172,55.75,58.02,True,rigid_offset?+high_residual,67.59,control
sub-3137,ses-1,run-01,anode,target,-70.71045922,41.42928707,-7.54387562,-71.45410547649676,43.67601323736893,-8.25286981877727,active,0.7436462564967599,-2.2467261673689265,0.7089941987772708,2.4705183666270796,P3,P3,a_baseline,113.04,0.0319,54.03,57.94,True,rigid_offset?+high_residual,44.99,target
sub-3137,ses-1,run-02,anode,target,-70.80236125,41.35299236,-7.47828001,-71.45410547649676,43.67601323736893,-8.25286981877727,active,0.6517442264967599,-2.3230208773689256,0.7745898087772707,2.5340059008071316,P3,P3,a_baseline,113.05,0.0301,54.38,57.97,True,rigid_offset?+high_residual,45.11,target
sub-3137,ses-2,run-01,anode,target,-67.87037491,49.60378904,-4.18193375,-71.45410547649676,43.67601323736893,-8.25286981877727,active,3.5837305664967687,5.927775802631075,4.070936068777271,8.034561046850877,P3,P3,a_baseline,111.97,0.0073,53.37,54.28,True,rigid_offset?+high_residual,65.92,target
sub-3137,ses-2,run-02,anode,target,-67.91345636,49.58275822,-4.05219918,-71.45410547649676,43.67601323736893,-8.25286981877727,active,3.540649116496766,5.906744982631075,4.200670638777271,8.066688680708593,P3,P3,a_baseline,112.57,0.0051,53.47,54.14,True,rigid_offset?+high_residual,65.95,target
sub-3137,ses-3,run-01,anode,target,-67.79200868,47.97680344,-2.99463566,-71.45410547649676,43.67601323736893,-8.25286981877727,active,3.662096796496769,4.30079020263107,5.25823415877727,7.7173036601193425,P3,P3,a_baseline,110.21,0.0227,51.28,53.91,True,rigid_offset?+high_residual,65.41,target
sub-3137,ses-3,run-02,anode,target,-66.80508226,48.34041166,-2.71323595,-71.45410547649676,43.67601323736893,-8.25286981877727,active,4.649023216496758,4.6643984226310735,5.539633868777271,8.605670973995771,P3,P3,a_baseline,111.65,0.0251,51.0,54.23,True,rigid_offset?+high_residual,65.35,target
sub-3137,ses-4,run-01,anode,target,-69.39422341,44.94025273,-7.4428047,-71.45410547649676,43.67601323736893,-8.25286981877727,active,2.059882066496769,1.26423949263107,0.8100651187772705,2.5490431772064395,P3,P3,a_baseline,111.32,0.0622,50.61,58.86,True,rigid_offset?+high_residual,64.45,target
sub-3137,ses-4,run-02,anode,target,-69.12857261,44.41533,-7.31562874,-71.45410547649676,43.67601323736893,-8.25286981877727,active,2.325532866496758,0.7393167626310699,0.9372410787772703,2.6140224230888864,P3,P3,a_baseline,113.15,0.0512,50.99,57.77,True,rigid_offset?+high_residual,64.27,target
sub-3138,ses-1,run-01,anode,control,54.07531377,-49.5760376,69.62229396,47.96726454978096,-48.83850284897894,74.23780884746152,active,6.108049220219044,-0.7375347510210588,-4.615514887461529,7.691241802333429,P3,P3,a_baseline,102.81,0.0163,56.14,58.15,True,rigid_offset?+high_residual,67.87,control
sub-3138,ses-1,run-02,anode,control,54.06756407,-50.55232221,70.26241805,47.96726454978096,-48.83850284897894,74.23780884746152,active,6.100299520219046,-1.7138193610210593,-3.975390797461529,7.480278272306263,P3,P3,a_baseline,104.1,0.0168,55.91,58.24,True,rigid_offset?+high_residual,67.72,control
sub-3138,ses-2,run-01,anode,control,51.15578086,-33.28453502,73.14332386,47.96726454978096,-48.83850284897894,74.23780884746152,active,3.1885163102190432,15.55396782897894,-1.0944849874615272,15.915101283787779,P3,P3,a_baseline,105.98,0.0389,53.91,59.29,True,rigid_offset?+high_residual,71.31,control
sub-3138,ses-2,run-02,anode,control,51.04966164,-33.8598754,72.86729296,47.96726454978096,-48.83850284897894,74.23780884746152,active,3.0823970902190396,14.97862744897894,-1.3705158874615222,15.353786694977908,P3,P3,a_baseline,106.13,0.0426,53.63,59.48,True,rigid_offset?+high_residual,71.18,control
sub-3138,ses-3,run-01,anode,control,59.0143723,-51.65947965,63.47066105,47.96726454978096,-48.83850284897894,74.23780884746152,active,11.047107750219041,-2.820976801021061,-10.767147797461526,15.682090786920895,P3,P3,a_baseline,103.75,0.0081,56.86,57.93,True,rigid_offset?+high_residual,67.85,control
sub-3138,ses-3,run-02,anode,control,58.5882277,-51.77904398,63.0174059,47.96726454978096,-48.83850284897894,74.23780884746152,active,10.62096315021904,-2.9405411310210567,-11.220402947461523,15.727335524014887,P3,P3,a_baseline,103.44,0.0076,56.99,58.02,True,rigid_offset?+high_residual,67.77,control
sub-3138,ses-4,run-01,anode,control,53.36789838,-45.47628364,69.872003,47.96726454978096,-48.83850284897894,74.23780884746152,active,5.400633830219043,3.362219208978942,-4.365805847461516,7.715673948208449,P3,P3,a_baseline,107.18,0.0239,55.55,58.5,True,rigid_offset?+high_residual,67.96,control
sub-3138,ses-4,run-02,anode,control,53.36076138,-45.74789991,69.29149421,47.96726454978096,-48.83850284897894,74.23780884746152,active,5.393496830219043,3.0906029389789396,-4.946314637461526,7.944033174450763,P3,P3,a_baseline,108.62,0.035,55.41,59.78,True,rigid_offset?+high_residual,68.04,control
sub-3139,ses-1,run-01,anode,target,-73.3193545,4.95982687,29.29857303,-72.50379995864904,12.3100564276471,30.51589915360527,active,-0.8155545413509628,-7.3502295576471,-1.2173261236052717,7.494857346957252,P3,P3,a_baseline,113.17,0.0301,52.94,56.92,True,rigid_offset?+high_residual,64.97,target
sub-3139,ses-1,run-02,anode,target,-73.61587959,4.55663988,29.89999172,-72.50379995864904,12.3100564276471,30.51589915360527,active,-1.1120796313509658,-7.7534165476471,-0.6159074336052726,7.856941595465999,P3,P3,a_baseline,112.94,0.0272,53.18,56.74,True,rigid_offset?+high_residual,65.01,target
sub-3139,ses-2,run-01,anode,target,-71.26318559,13.41675238,28.60281142,-72.50379995864904,12.3100564276471,30.51589915360527,active,1.2406143686490338,1.1066959523529007,-1.9130877336052734,2.5345225623623273,P3,P3,a_baseline,112.63,0.0585,51.57,59.37,True,rigid_offset?+high_residual,63.79,target
sub-3139,ses-2,run-02,anode,target,-71.74462345,13.01814629,28.57714657,-72.50379995864904,12.3100564276471,30.51589915360527,active,0.7591765086490341,0.7080898623529013,-1.9387525836052717,2.1992048119462644,P3,P3,a_baseline,113.17,0.0509,51.95,58.76,True,rigid_offset?+high_residual,63.72,target
sub-3139,ses-3,run-01,anode,target,-72.60048715,9.94637014,28.08574913,-72.50379995864904,12.3100564276471,30.51589915360527,active,-0.09668719135096637,-2.3636862876470985,-2.4301500236052718,3.3914584497839515,P3,P3,a_baseline,113.97,0.0357,51.79,56.45,True,rigid_offset?+high_residual,65.73,target
sub-3139,ses-3,run-02,anode,target,-72.38847403,8.72829625,29.68440647,-72.50379995864904,12.3100564276471,30.51589915360527,active,0.11532592864904245,-3.5817601776470998,-0.8314926836052727,3.678815858790223,P3,P3,a_baseline,113.54,0.0437,51.74,57.6,True,rigid_offset?+high_residual,65.74,target
sub-3139,ses-4,run-01,anode,target,-69.66145301,17.42461382,33.57331638,-72.50379995864904,12.3100564276471,30.51589915360527,active,2.8423469486490376,5.114557392352902,3.0574172263947297,6.601926506136027,P3,P3,a_baseline,113.03,0.0176,52.4,54.69,True,rigid_offset?+high_residual,66.64,target
sub-3139,ses-4,run-02,anode,target,-69.22389572,16.9153704,34.01199505,-72.50379995864904,12.3100564276471,30.51589915360527,active,3.2799042386490385,4.605313972352901,3.4960958963947313,6.647508940606614,P3,P3,a_baseline,113.76,0.0193,52.24,54.71,True,rigid_offset?+high_residual,66.57,target
sub-3141,ses-1,run-01,anode,target,-62.72848338,32.56259574,38.5424454,-67.63319315758928,34.56690676602043,30.775056302423,active,4.904709777589275,-2.0043110260204315,7.767389097576999,9.402434476483467,P3,P3,a_baseline,107.84,0.0265,52.09,55.48,True,rigid_offset?+high_residual,65.93,target
sub-3141,ses-1,run-02,anode,target,-62.77443337,32.06702881,39.2114856,-67.63319315758928,34.56690676602043,30.775056302423,active,4.858759787589278,-2.499877956020434,8.436429297577003,10.051381783690594,P3,P3,a_baseline,107.25,0.0362,51.32,55.64,True,rigid_offset?+high_residual,66.01,target
sub-3141,ses-2,run-01,anode,target,-63.74545312,42.3290708,30.21261551,-67.63319315758928,34.56690676602043,30.775056302423,active,3.8877400375892748,7.762164033979566,-0.5624407924230006,8.699543248657484,P3,P3,a_baseline,111.77,0.0402,51.05,55.57,True,rigid_offset?+high_residual,65.81,target
sub-3141,ses-2,run-02,anode,target,-63.56529418,41.62476725,30.94802878,-67.63319315758928,34.56690676602043,30.775056302423,active,4.067898977589273,7.057860483979567,0.17297247757700163,8.148074384858749,P3,P3,a_baseline,112.19,0.0395,50.87,55.32,True,rigid_offset?+high_residual,65.35,target
sub-3141,ses-3,run-01,anode,target,-63.99331742,33.33024067,33.74739988,-67.63319315758928,34.56690676602043,30.775056302423,active,3.6398757375892785,-1.2366660960204285,2.9723435775770035,4.859307024803101,P3,P3,a_baseline,107.61,0.0411,50.27,55.51,True,rigid_offset?+high_residual,65.14,target
sub-3141,ses-3,run-02,anode,target,-63.72282021,32.87524601,33.28371955,-67.63319315758928,34.56690676602043,30.775056302423,active,3.9103729475892735,-1.6916607560204326,2.508663247577001,4.944302174467215,P3,P3,a_baseline,107.81,0.037,50.58,55.17,True,rigid_offset?+high_residual,65.13,target
sub-3141,ses-4,run-01,anode,target,-62.94838874,37.23161856,31.01851403,-67.63319315758928,34.56690676602043,30.775056302423,active,4.684804417589277,2.6647117939795706,0.2434577275769989,5.395123079333295,P3,P3,a_baseline,112.3,0.0283,53.07,56.82,True,rigid_offset?+high_residual,65.48,target
sub-3141,ses-4,run-02,anode,target,-62.73237558,36.56194039,31.05318017,-67.63319315758928,34.56690676602043,30.775056302423,active,4.900817577589272,1.995033623979566,0.27812386757700125,5.298634255667493,P3,P3,a_baseline,111.88,0.0294,53.15,56.91,True,rigid_offset?+high_residual,65.42,target
sub-3142,ses-1,run-01,anode,target,-67.88674717,2.02993146,9.60316005,-65.14620316274016,9.13414254667386,17.903200004267465,active,-2.7405440072598424,-7.10421108667386,-8.300039954267465,11.263705423269196,P3,P3,a_baseline,113.91,0.0357,52.45,56.66,True,rigid_offset?+high_residual,64.61,target
sub-3142,ses-1,run-02,anode,target,-67.83598528,1.80833594,9.72292648,-65.14620316274016,9.13414254667386,17.903200004267465,active,-2.6897821172598384,-7.3258066066738605,-8.180273524267465,11.305717368152647,P3,P3,a_baseline,113.04,0.0317,52.43,56.31,True,rigid_offset?+high_residual,64.7,target
sub-3142,ses-2,run-01,anode,target,-67.58807134,1.87447846,12.17105788,-65.14620316274016,9.13414254667386,17.903200004267465,active,-2.4418681772598347,-7.259664086673861,-5.732142124267465,9.56675996245636,P3,P3,a_baseline,110.34,0.0196,52.25,54.75,True,rigid_offset?+high_residual,64.81,target
sub-3142,ses-2,run-02,anode,target,-67.26653368,1.31318918,13.04992168,-65.14620316274016,9.13414254667386,17.903200004267465,active,-2.1203305172598306,-7.82095336667386,-4.853278324267464,9.44549752839494,P3,P3,a_baseline,111.02,0.0131,52.5,54.04,True,rigid_offset?+high_residual,64.45,target
sub-3142,ses-3,run-01,anode,target,-67.0038168,6.97267235,9.70929873,-65.14620316274016,9.13414254667386,17.903200004267465,active,-1.8576136372598313,-2.1614701966738608,-8.193901274267464,8.675407767297456,P3,P3,a_baseline,110.67,0.0415,54.28,59.33,True,rigid_offset?+high_residual,63.91,target
sub-3142,ses-3,run-02,anode,target,-66.35955541,6.22950738,10.1328347,-65.14620316274016,9.13414254667386,17.903200004267465,active,-1.2133522472598344,-2.9046351666738603,-7.7703653042674645,8.383776362068145,P3,P3,a_baseline,111.43,0.0437,53.92,59.45,True,rigid_offset?+high_residual,63.72,target
sub-3142,ses-4,run-01,anode,target,-65.33869261,4.35333593,15.72743831,-65.14620316274016,9.13414254667386,17.903200004267465,active,-0.19248944725983108,-4.7808066166738605,-2.1757616942674645,5.256149069763964,P3,P3,a_baseline,115.47,0.0249,52.96,56.24,True,rigid_offset?+high_residual,62.58,target
sub-3142,ses-4,run-02,anode,target,-65.54289073,4.26246322,16.31749982,-65.14620316274016,9.13414254667386,17.903200004267465,active,-0.396687567259832,-4.871679326673861,-1.5857001842674663,5.138585949689455,P3,P3,a_baseline,115.43,0.0244,53.16,56.39,True,rigid_offset?+high_residual,62.73,target
sub-3143,ses-1,run-01,anode,control,58.88662445,-12.00828547,49.05980865,52.16714553621031,-14.9417501983662,55.813028554044735,active,6.719478913789686,2.9334647283662,-6.753219904044734,9.9680786141472,P3,P3,a_baseline,107.57,0.0173,56.94,59.4,True,rigid_offset?+high_residual,69.12,control
sub-3143,ses-1,run-02,anode,control,58.73817407,-12.91549822,48.51379037,52.16714553621031,-14.9417501983662,55.813028554044735,active,6.571028533789686,2.0262519783662007,-7.299238184044732,10.028110048215856,P3,P3,a_baseline,106.81,0.0119,57.27,58.92,True,rigid_offset?+high_residual,69.14,control
sub-3143,ses-2,run-01,anode,control,60.066,-12.74088833,47.78715041,52.16714553621031,-14.9417501983662,55.813028554044735,active,7.898854463789689,2.2008618683662,-8.025878144044732,11.473901463182154,P3,P3,a_baseline,108.7,0.0067,57.88,58.75,True,rigid_offset?+high_residual,70.66,control
sub-3143,ses-2,run-02,anode,control,60.18133512,-13.9351338,46.74913766,52.16714553621031,-14.9417501983662,55.813028554044735,active,8.014189583789687,1.0066163983662015,-9.063890894044732,12.14061898741287,P3,P3,a_baseline,108.2,0.0059,57.98,58.81,True,rigid_offset?+high_residual,70.91,control
sub-3143,ses-3,run-01,anode,control,59.47606767,-16.15464542,48.91779763,52.16714553621031,-14.9417501983662,55.813028554044735,active,7.308922133789686,-1.2128952216338007,-6.895230924044732,10.121050690139125,P3,P3,a_baseline,107.63,0.0237,55.8,59.07,True,rigid_offset?+high_residual,69.23,control
sub-3143,ses-3,run-02,anode,control,60.2185741,-17.30553829,49.0412337,52.16714553621031,-14.9417501983662,55.813028554044735,active,8.051428563789685,-2.3637880916338005,-6.771794854044735,10.782866112737603,P3,P3,a_baseline,108.11,0.0263,55.41,58.8,True,rigid_offset?+high_residual,69.41,control
sub-3143,ses-4,run-01,anode,control,55.24493465,-12.27124406,52.64530657,52.16714553621031,-14.9417501983662,55.813028554044735,active,3.0777891137896844,2.6705061383662,-3.167721984044732,5.1612838937820635,P3,P3,a_baseline,107.25,0.0171,55.18,57.26,True,rigid_offset?+high_residual,69.11,control
sub-3143,ses-4,run-02,anode,control,54.82650671,-13.60125221,50.50893939,52.16714553621031,-14.9417501983662,55.813028554044735,active,2.6593611737896836,1.3404979883662005,-5.304089164044733,6.082967907987895,P3,P3,a_baseline,105.86,0.0193,54.33,56.94,True,rigid_offset?+high_residual,69.22,control
sub-3144,ses-1,run-01,anode,target,-65.44465408,11.58427514,25.61101549,-63.88154693185543,10.44133227615008,33.0390927780342,active,-1.5631071481445744,1.142942863849921,-7.428077288034203,7.676324285985818,P3,P3,a_baseline,111.14,0.0024,54.01,54.3,True,rigid_offset?+high_residual,65.39,target
sub-3144,ses-1,run-02,anode,target,-65.03893067,11.19291748,26.64759704,-63.88154693185543,10.44133227615008,33.0390927780342,active,-1.157383738144567,0.7515852038499204,-6.391495738034202,6.538779336028781,P3,P3,a_baseline,111.14,0.0035,54.11,54.57,True,rigid_offset?+high_residual,65.02,target
sub-3144,ses-2,run-01,anode,target,-68.86713303,5.97925103,21.0309757,-63.88154693185543,10.44133227615008,33.0390927780342,active,-4.985586098144573,-4.462081246150079,-12.008117078034203,13.746312725565113,P3,P3,a_baseline,111.51,0.0521,51.62,58.34,True,rigid_offset?+high_residual,64.54,target
sub-3144,ses-2,run-02,anode,target,-68.62597613,5.4906914,21.33207408,-63.88154693185543,10.44133227615008,33.0390927780342,active,-4.744429198144566,-4.9506408761500795,-11.7070186980342,13.567340944228429,P3,P3,a_baseline,110.98,0.0348,51.54,56.12,True,rigid_offset?+high_residual,63.87,target
sub-3144,ses-3,run-01,anode,target,-60.96770199,17.50400027,33.0812879,-63.88154693185543,10.44133227615008,33.0390927780342,active,2.91384494185543,7.062667993849919,0.042195121965797,7.640258632065162,P3,P3,a_baseline,110.86,0.0362,49.57,54.0,True,rigid_offset?+high_residual,64.27,target
sub-3144,ses-3,run-02,anode,target,-61.0662947,16.772783,33.40803961,-63.88154693185543,10.44133227615008,33.0390927780342,active,2.815252231855432,6.331450723849921,0.36894683196580047,6.938950580766827,P3,P3,a_baseline,111.88,0.035,49.68,53.84,True,rigid_offset?+high_residual,64.08,target
sub-3144,ses-4,run-01,anode,target,-66.87510514,10.22898027,24.61761026,-63.88154693185543,10.44133227615008,33.0390927780342,active,-2.99355820814457,-0.21235200615008054,-8.421482518034203,8.940237800059984,P3,P3,a_baseline,111.07,0.039,50.22,55.11,True,rigid_offset?+high_residual,64.87,target
sub-3144,ses-4,run-02,anode,target,-66.95248606,10.12063122,25.17698642,-63.88154693185543,10.44133227615008,33.0390927780342,active,-3.070939128144566,-0.3207010561500798,-7.862106358034204,8.446669916672898,P3,P3,a_baseline,110.94,0.0355,50.39,54.69,True,rigid_offset?+high_residual,64.7,target
sub-3145,ses-1,run-01,anode,control,56.24292751,-40.72389426,70.7570778,50.72088526499684,-42.352641775686834,73.97929985351914,active,5.522042245003163,1.6287475156868325,-3.2222220535191326,6.597611991292051,P3,P3,a_baseline,107.96,0.0417,55.57,61.33,True,rigid_offset?+high_residual,68.62,control
sub-3145,ses-1,run-02,anode,control,56.07196084,-41.59123504,71.24001014,50.72088526499684,-42.352641775686834,73.97929985351914,active,5.351075575003165,0.7614067356868333,-2.739289713519142,6.0594932264288,P3,P3,a_baseline,107.78,0.0428,55.62,61.5,True,rigid_offset?+high_residual,68.43,control
sub-3145,ses-2,run-01,anode,control,56.47439446,-41.15950673,70.25082493,50.72088526499684,-42.352641775686834,73.97929985351914,active,5.753509195003161,1.1931350456868373,-3.728474923519144,6.9590203728357585,P3,P3,a_baseline,107.93,0.0283,54.57,58.39,True,rigid_offset?+high_residual,66.8,control
sub-3145,ses-2,run-02,anode,control,56.70096431,-42.08934014,70.8856105,50.72088526499684,-42.352641775686834,73.97929985351914,active,5.980079045003166,0.26330163568683673,-3.0936893535191388,6.738069972322861,P3,P3,a_baseline,107.52,0.0309,54.48,58.74,True,rigid_offset?+high_residual,66.78,control
sub-3145,ses-3,run-01,anode,control,56.95308962,-43.25461691,69.95974691,50.72088526499684,-42.352641775686834,73.97929985351914,active,6.232204355003162,-0.9019751343131688,-4.01955294351913,7.470658346571134,P3,P3,a_baseline,108.94,0.0051,58.16,58.86,True,rigid_offset?+high_residual,68.64,control
sub-3145,ses-3,run-02,anode,control,56.09156451,-43.51365843,69.54600014,50.72088526499684,-42.352641775686834,73.97929985351914,active,5.37067924500316,-1.1610166543131655,-4.433299713519133,7.060191327024295,P3,P3,a_baseline,109.66,0.0063,57.94,58.84,True,rigid_offset?+high_residual,68.37,control
sub-3145,ses-4,run-01,anode,control,55.69664543,-36.02022873,72.07126012,50.72088526499684,-42.352641775686834,73.97929985351914,active,4.975760165003159,6.332413045686835,-1.9080397335191321,8.276367550169871,P3,P3,a_baseline,107.35,0.0279,55.67,59.6,True,rigid_offset?+high_residual,69.14,control
sub-3145,ses-4,run-02,anode,control,55.35885665,-36.40671286,71.81642696,50.72088526499684,-42.352641775686834,73.97929985351914,active,4.637971385003162,5.945928915686835,-2.162872893519136,7.844926283403103,P3,P3,a_baseline,106.74,0.0236,55.85,59.16,True,rigid_offset?+high_residual,69.09,control
sub-3146,ses-1,run-01,anode,control,55.24703355,-29.91293972,60.79810517,50.21185534650427,-29.57810407355913,63.1076203453297,active,5.035178203495725,-0.3348356464408724,-2.3095151753297003,5.549684206886378,P3,P3,a_baseline,106.72,0.0269,54.93,58.67,True,rigid_offset?+high_residual,66.79,control
sub-3146,ses-1,run-02,anode,control,54.53511257,-27.82287534,62.59749235,50.21185534650427,-29.57810407355913,63.1076203453297,active,4.32325722349573,1.7552287335591288,-0.5101279953296967,4.6937843473298475,P3,P3,a_baseline,105.55,0.0238,55.7,59.04,True,rigid_offset?+high_residual,67.37,control
sub-3146,ses-2,run-01,anode,control,54.31216455,-36.57786571,60.89004205,50.21185534650427,-29.57810407355913,63.1076203453297,active,4.100309203495726,-6.999761636440869,-2.2175782953297016,8.409925803904486,P3,P3,a_baseline,107.76,0.0133,55.58,57.27,True,rigid_offset?+high_residual,66.72,control
sub-3146,ses-2,run-02,anode,control,54.42354081,-36.75217111,62.60064042,50.21185534650427,-29.57810407355913,63.1076203453297,active,4.211685463495726,-7.174067036440871,-0.506979925329702,8.33442025167054,P3,P3,a_baseline,109.43,0.0181,55.62,57.86,True,rigid_offset?+high_residual,66.84,control
sub-3146,ses-3,run-01,anode,control,52.77538984,-31.02725481,62.56164882,50.21185534650427,-29.57810407355913,63.1076203453297,active,2.5635344934957303,-1.4491507364408704,-0.5459715253296977,2.9949677565443613,P3,P3,a_baseline,106.72,0.0287,53.41,57.16,True,rigid_offset?+high_residual,65.84,control
sub-3146,ses-3,run-02,anode,control,52.70816065,-30.54495186,64.29310239,50.21185534650427,-29.57810407355913,63.1076203453297,active,2.496305303495731,-0.9668477864408729,1.1854820446703016,2.927746998741901,P3,P3,a_baseline,107.43,0.0309,53.36,57.54,True,rigid_offset?+high_residual,65.92,control
sub-3146,ses-4,run-01,anode,control,50.01208391,-32.99399615,65.71837798,50.21185534650427,-29.57810407355913,63.1076203453297,active,-0.1997714365042711,-3.4158920764408727,2.6107576346703,4.303984518062742,P3,P3,a_baseline,99.1,0.0255,54.77,58.27,True,rigid_offset?+high_residual,68.09,control
sub-3146,ses-4,run-02,anode,control,50.12543462,-33.68376829,65.36962801,50.21185534650427,-29.57810407355913,63.1076203453297,active,-0.08642072650427224,-4.105664216440875,2.2620076646703,4.688350016280757,P3,P3,a_baseline,100.83,0.0313,53.87,58.09,True,,,control
sub-3147,ses-1,run-01,anode,target,-69.92517066,7.39157087,-3.75755574,-70.6669225480842,7.848151788519413,19.8522427627148,active,0.7417518880841953,-0.4565809185194132,-23.6097985027148,23.62585971636644,P3,P3,a_baseline,111.85,0.039,53.27,58.47,True,different_montage?+high_residual,55.28,target
sub-3147,ses-1,run-02,anode,target,-69.11476622,6.88723147,-3.62682127,-70.6669225480842,7.848151788519413,19.8522427627148,active,1.5521563280841946,-0.9609203185194133,-23.4790640327148,23.549925795587487,P3,P3,a_baseline,111.59,0.0316,53.91,57.86,True,different_montage?+high_residual,55.08,target
sub-3147,ses-2,run-01,anode,target,-70.89737367,6.96382309,10.58550918,-70.6669225480842,7.848151788519413,19.8522427627148,active,-0.23045112191579165,-0.884328698519413,-9.266733582714798,9.311686005210417,P3,P3,a_baseline,114.51,0.0203,53.0,55.31,True,different_montage?+high_residual,47.03,target
sub-3147,ses-2,run-02,anode,target,-70.92163686,6.60889082,10.64601109,-70.6669225480842,7.848151788519413,19.8522427627148,active,-0.25471431191580507,-1.239260968519413,-9.206231672714798,9.292757865159704,P3,P3,a_baseline,114.31,0.0278,52.25,55.77,True,different_montage?+high_residual,46.9,target
sub-3147,ses-3,run-01,anode,target,-69.87037795,6.10298171,3.57741624,-70.6669225480842,7.848151788519413,19.8522427627148,active,0.7965445980841963,-1.745170078519413,-16.274826522714797,16.387497680981,P3,P3,a_baseline,113.74,0.0106,55.25,56.69,True,rigid_offset?+high_residual,51.49,target
sub-3147,ses-3,run-02,anode,target,-69.59740303,5.48220444,3.91109185,-70.6669225480842,7.848151788519413,19.8522427627148,active,1.0695195180842063,-2.3659473485194127,-15.941150912714798,16.151218879003434,P3,P3,a_baseline,115.0,0.0073,55.87,56.86,True,rigid_offset?+high_residual,51.43,target
sub-3147,ses-4,run-01,anode,target,-70.667835,1.57482097,9.22176192,-70.6669225480842,7.848151788519413,19.8522427627148,active,-0.0009124519157950317,-6.273330818519413,-10.630480842714798,12.343492347730454,P3,P3,a_baseline,116.36,0.0176,53.94,56.31,True,different_montage?+high_residual,48.37,target
sub-3147,ses-4,run-02,anode,target,-70.70582848,1.30726844,9.52552145,-70.6669225480842,7.848151788519413,19.8522427627148,active,-0.03890593191579228,-6.540883348519413,-10.326721312714799,12.223986326929314,P3,P3,a_baseline,115.25,0.0252,53.72,57.13,True,different_montage?+high_residual,48.52,target
sub-3149,ses-1,run-01,anode,target,-58.81098946,21.61247064,43.02554616,-60.86101259689207,20.67798807125013,41.4276069301452,active,2.050023136892065,0.9344825687498712,1.597939229854795,2.762111930280718,P3,P3,a_baseline,115.25,0.0133,52.55,54.16,True,rigid_offset?+high_residual,63.5,target
sub-3149,ses-1,run-02,anode,target,-58.58273651,21.26964483,43.44612065,-60.86101259689207,20.67798807125013,41.4276069301452,active,2.2782760868920704,0.5916567587498704,2.018513719854795,3.1008059090373083,P3,P3,a_baseline,114.81,0.0151,52.46,54.33,True,rigid_offset?+high_residual,63.35,target
sub-3149,ses-2,run-01,anode,target,-64.01845337,12.06083165,40.76940146,-60.86101259689207,20.67798807125013,41.4276069301452,active,-3.157440773107936,-8.61715642125013,-0.6582054701452051,9.200981005572494,P3,P3,a_baseline,113.2,0.0268,53.53,57.16,True,rigid_offset?+high_residual,64.14,target
sub-3149,ses-2,run-02,anode,target,-63.96750881,11.82452071,41.79096208,-60.86101259689207,20.67798807125013,41.4276069301452,active,-3.1064962131079312,-8.85346736125013,0.36335514985479733,9.38968742843452,P3,P3,a_baseline,113.67,0.0288,53.62,57.52,True,rigid_offset?+high_residual,64.08,target
sub-3149,ses-3,run-01,anode,target,-62.39188425,20.43074922,40.59143483,-60.86101259689207,20.67798807125013,41.4276069301452,active,-1.5308716531079298,-0.24723885125013112,-0.8361721001452054,1.7617828608878374,P3,P3,a_baseline,108.2,0.0316,52.27,56.48,True,rigid_offset?+high_residual,59.07,target
sub-3149,ses-3,run-02,anode,target,-62.4217405,20.04125124,41.07310177,-60.86101259689207,20.67798807125013,41.4276069301452,active,-1.5607279031079315,-0.6367368312501291,-0.3545051601452016,1.7224921736773469,P3,P3,a_baseline,107.56,0.0338,52.15,56.65,True,rigid_offset?+high_residual,58.89,target
sub-3149,ses-4,run-01,anode,target,-64.42928622,22.75997812,31.87594194,-60.86101259689207,20.67798807125013,41.4276069301452,active,-3.5682736231079275,2.0819900487498693,-9.551664990145202,10.406803702214566,P3,P3,a_baseline,113.22,0.0294,52.35,56.23,True,rigid_offset?+high_residual,64.2,target
sub-3149,ses-4,run-02,anode,target,-64.38172048,22.44709151,32.39916538,-60.86101259689207,20.67798807125013,41.4276069301452,active,-3.5207078831079315,1.7691034387498696,-9.028441550145203,9.850780060460352,P3,P3,a_baseline,112.67,0.0314,52.33,56.51,True,rigid_offset?+high_residual,63.87,target
sub-3151,ses-1,run-01,anode,target,-64.77147149,-1.28100684,24.00378425,-64.18193085569527,6.524402870524409,22.276920707974263,active,-0.5895406343047256,-7.805409710524409,1.726863542025736,8.015861563264602,P3,P3,a_baseline,115.6,0.0306,51.84,55.83,True,rigid_offset?+high_residual,43.85,target
sub-3151,ses-1,run-02,anode,target,-64.54238578,-1.98857491,24.32274332,-64.18193085569527,6.524402870524409,22.276920707974263,active,-0.360454924304733,-8.512977780524409,2.045822612025738,8.762768318518619,P3,P3,a_baseline,115.25,0.0291,52.1,55.96,True,rigid_offset?+high_residual,44.22,target
sub-3151,ses-2,run-01,anode,target,-67.41172699,-7.44015374,17.65866285,-64.18193085569527,6.524402870524409,22.276920707974263,active,-3.229796134304735,-13.96455661052441,-4.618257857974264,15.058842254318618,P3,P3,a_baseline,110.16,0.019,53.39,55.58,True,rigid_offset?+high_residual,47.46,target
sub-3151,ses-2,run-02,anode,target,-67.04351814,-8.34646448,18.1321075,-64.18193085569527,6.524402870524409,22.276920707974263,active,-2.8615872843047327,-14.87086735052441,-4.144813207974263,15.700664128360472,P3,P3,a_baseline,108.96,0.0116,53.44,54.94,True,rigid_offset?+high_residual,47.5,target
sub-3151,ses-3,run-01,anode,target,-66.25676918,-4.34131075,16.83553525,-64.18193085569527,6.524402870524409,22.276920707974263,active,-2.0748383243047357,-10.86571362052441,-5.441385457974263,12.327909890062758,P3,P3,a_baseline,113.92,0.0824,51.22,61.63,True,rigid_offset?+high_residual,48.33,target
sub-3151,ses-3,run-02,anode,target,-65.33775602,-4.26317103,16.75602939,-64.18193085569527,6.524402870524409,22.276920707974263,active,-1.15582516430473,-10.787573900524409,-5.5208913179742645,12.173246215147342,P3,P3,a_baseline,114.86,0.0762,50.85,60.89,True,rigid_offset?+high_residual,48.06,target
sub-3151,ses-4,run-01,anode,target,-65.92771976,-6.96749738,21.14708991,-64.18193085569527,6.524402870524409,22.276920707974263,active,-1.7457889043047317,-13.49190025052441,-1.1298307979742646,13.651214923974544,P3,P3,a_baseline,111.95,0.0654,53.25,61.87,True,rigid_offset?+high_residual,47.75,target
sub-3151,ses-4,run-02,anode,target,-65.71224927,-7.21166175,18.95612136,-64.18193085569527,6.524402870524409,22.276920707974263,active,-1.5303184143047304,-13.73606462052441,-3.320799347974262,14.214396013123062,P3,P3,a_baseline,113.83,0.0429,54.47,60.14,True,rigid_offset?+high_residual,48.34,target
sub-3153,ses-1,run-01,anode,target,-73.95641634,18.1694704,22.70744516,-71.24227002399967,21.93922949292077,35.96006833708554,active,-2.7141463160003383,-3.7697590929207685,-13.252623177085539,14.043136932934244,P3,P3,a_baseline,110.2,0.0232,52.71,55.77,True,rigid_offset?+high_residual,65.63,target
sub-3153,ses-1,run-02,anode,target,-73.39911722,16.7081913,22.36529326,-71.24227002399967,21.93922949292077,35.96006833708554,active,-2.156847196000328,-5.231038192920771,-13.594775077085536,14.725272825969519,P3,P3,a_baseline,112.06,0.0293,51.87,55.43,True,rigid_offset?+high_residual,65.53,target
sub-3153,ses-2,run-01,anode,target,-73.9648577,23.13439354,18.68883707,-71.24227002399967,21.93922949292077,35.96006833708554,active,-2.7225876760003302,1.1951640470792313,-17.271231267085536,17.525305424844746,P3,P3,a_baseline,115.59,0.0303,54.37,58.42,True,rigid_offset?+high_residual,66.56,target
sub-3153,ses-2,run-02,anode,target,-73.54955966,22.90951683,18.09757171,-71.24227002399967,21.93922949292077,35.96006833708554,active,-2.307289636000334,0.9702873370792311,-17.862496627085537,18.037012744175048,P3,P3,a_baseline,115.48,0.0223,54.81,57.72,True,rigid_offset?+high_residual,66.58,target
sub-3153,ses-3,run-01,anode,target,-72.77075835,27.72904753,20.71461716,-71.24227002399967,21.93922949292077,35.96006833708554,active,-1.5284883260003284,5.789818037079229,-15.245451177085538,16.379317783659552,P3,P3,a_baseline,114.73,0.049,52.77,59.38,True,rigid_offset?+high_residual,65.93,target
sub-3153,ses-3,run-02,anode,target,-72.67059898,26.78732251,20.83913007,-71.24227002399967,21.93922949292077,35.96006833708554,active,-1.4283289560003283,4.848093017079229,-15.120938267085538,15.943240059216734,P3,P3,a_baseline,114.5,0.0563,52.94,60.44,True,rigid_offset?+high_residual,65.73,target
sub-3153,ses-4,run-01,anode,target,-75.00086591,21.81907655,18.27735226,-71.24227002399967,21.93922949292077,35.96006833708554,active,-3.758595886000336,-0.12015294292077172,-17.682716077085537,18.07816162187877,P3,P3,a_baseline,106.82,0.0361,52.55,57.12,True,rigid_offset?+high_residual,66.35,target
sub-3153,ses-4,run-02,anode,target,-74.85173086,21.40923727,18.08198131,-71.24227002399967,21.93922949292077,35.96006833708554,active,-3.6094608360003377,-0.5299922229207716,-17.878087027085538,18.246509119034823,P3,P3,a_baseline,106.49,0.0369,52.4,57.2,True,rigid_offset?+high_residual,66.42,target
sub-3155,ses-1,run-01,anode,control,53.80744068,-11.57310764,69.46054461,48.28847222553127,-6.941295102673643,71.28531268199737,active,5.518968454468727,-4.631812537326357,-1.8247680719973687,7.432528418979341,P3,P3,a_baseline,99.94,0.0462,52.79,58.54,True,rigid_offset?+high_residual,68.26,control
sub-3155,ses-1,run-02,anode,control,53.69067062,-12.12770403,69.51649175,48.28847222553127,-6.941295102673643,71.28531268199737,active,5.402198394468726,-5.186408927326357,-1.768820931997368,7.694888728508234,P3,P3,a_baseline,100.37,0.0527,52.2,58.84,True,rigid_offset?+high_residual,68.25,control
sub-3155,ses-2,run-01,anode,control,58.81110603,-12.49792981,65.10517627,48.28847222553127,-6.941295102673643,71.28531268199737,active,10.522633804468725,-5.556634707326357,-6.180136411997367,13.408806715159539,P3,P3,a_baseline,108.08,0.0377,55.96,61.38,True,rigid_offset?+high_residual,70.02,control
sub-3155,ses-2,run-02,anode,control,59.10060021,-13.44867632,65.95071465,48.28847222553127,-6.941295102673643,71.28531268199737,active,10.81212798446873,-6.507381217326357,-5.334598031997373,13.700586046703767,P3,P3,a_baseline,107.95,0.0333,56.72,61.5,True,rigid_offset?+high_residual,70.13,control
sub-3155,ses-3,run-01,anode,control,62.36674643,-24.00201801,63.79982592,48.28847222553127,-6.941295102673643,71.28531268199737,active,14.078274204468727,-17.060722907326358,-7.485486761997365,23.351629124342004,P3,P3,a_baseline,102.82,0.0512,51.48,58.12,True,rigid_offset?+high_residual,67.57,control
sub-3155,ses-3,run-02,anode,control,61.78208782,-25.56386775,64.94802472,48.28847222553127,-6.941295102673643,71.28531268199737,active,13.493615594468729,-18.622572647326358,-6.337287961997362,23.85454029172464,P3,P3,a_baseline,103.35,0.0499,51.57,58.24,True,rigid_offset?+high_residual,67.3,control
sub-3155,ses-4,run-01,anode,control,57.46967717,-13.75798532,66.66072853,48.28847222553127,-6.941295102673643,71.28531268199737,active,9.181204944468725,-6.816690217326356,-4.624584151997368,12.334851775770758,P3,P3,a_baseline,106.32,0.0107,57.35,58.86,True,rigid_offset?+high_residual,69.02,control
sub-3155,ses-4,run-02,anode,control,57.16620009,-14.47392561,67.26598889,48.28847222553127,-6.941295102673643,71.28531268199737,active,8.877727864468724,-7.532630507326357,-4.0193237919973654,12.317042589046455,P3,P3,a_baseline,107.25,0.0079,57.89,58.97,True,rigid_offset?+high_residual,69.08,control
sub-3158,ses-1,run-01,anode,control,50.27414434,-11.55915853,70.09120483,44.6706020408752,-12.8873153120664,74.24431666756921,active,5.603542299124797,1.3281567820664009,-4.153111837569213,7.100142581046335,P3,P3,a_baseline,109.11,0.0271,55.33,58.82,True,rigid_offset?+high_residual,69.61,control
sub-3158,ses-1,run-02,anode,control,49.80758103,-12.52246354,69.93044636,44.6706020408752,-12.8873153120664,74.24431666756921,active,5.136978989124799,0.36485177206639996,-4.3138703075692035,6.71797193956754,P3,P3,a_baseline,109.61,0.028,55.24,59.11,True,rigid_offset?+high_residual,69.35,control
sub-3158,ses-2,run-01,anode,control,49.6463448,-12.58582298,71.30776758,44.6706020408752,-12.8873153120664,74.24431666756921,active,4.975742759124799,0.3014923320664007,-2.9365490875692046,5.785519352225972,P3,P3,a_baseline,111.92,0.012,58.01,59.68,True,rigid_offset?+high_residual,67.14,control
sub-3158,ses-2,run-02,anode,control,49.11701337,-13.8927431,71.78419379,44.6706020408752,-12.8873153120664,74.24431666756921,active,4.4464113291248,-1.0054277879336002,-2.460122877569205,5.180121940384976,P3,P3,a_baseline,111.57,0.0191,57.47,60.06,True,rigid_offset?+high_residual,66.57,control
sub-3158,ses-3,run-01,anode,control,44.94524103,-12.40441417,74.31705204,44.6706020408752,-12.8873153120664,74.24431666756921,active,0.2746389891247958,0.48290114206639956,0.07273537243078465,0.5602771829721139,P3,P3,a_baseline,109.78,0.0399,55.48,60.91,True,rigid_offset?+high_residual,67.91,control
sub-3158,ses-3,run-02,anode,control,45.09198505,-12.98202301,74.58205633,44.6706020408752,-12.8873153120664,74.24431666756921,active,0.42138300912479565,-0.09470769793360034,0.337739662430792,0.5482711628435468,P3,P3,a_baseline,110.13,0.0309,56.67,60.99,True,rigid_offset?+high_residual,68.12,control
sub-3158,ses-4,run-01,anode,control,46.23339877,-11.70751742,73.58572947,44.6706020408752,-12.8873153120664,74.24431666756921,active,1.5627967291247984,1.1797978920664,-0.6585871975692044,2.0659123358675093,P3,P3,a_baseline,110.67,0.0397,55.11,60.71,True,rigid_offset?+high_residual,69.39,control
sub-3158,ses-4,run-02,anode,control,46.14611397,-12.63272603,73.48223996,44.6706020408752,-12.8873153120664,74.24431666756921,active,1.4755119291247993,0.25458928206639975,-0.7620767075692072,1.6800928735496126,P3,P3,a_baseline,107.71,0.0404,54.83,60.5,True,rigid_offset?+high_residual,69.33,control
sub-3160,ses-1,run-01,anode,control,58.19459771,-36.48571219,73.13349589,55.22061716325327,-18.90635570764497,78.49697196228094,active,2.9739805467467235,-17.57935648235503,-5.363476072280932,18.61841051765902,P3,P3,a_baseline,102.77,0.0343,53.01,57.24,True,rigid_offset?+high_residual,68.19,control
sub-3160,ses-1,run-02,anode,control,58.19914866,-37.06641062,73.66462024,55.22061716325327,-18.90635570764497,78.49697196228094,active,2.978531496746726,-18.16005491235503,-4.832351722280933,19.026583178928735,P3,P3,a_baseline,101.63,0.0411,52.01,57.11,True,rigid_offset?+high_residual,68.13,control
sub-3160,ses-2,run-01,anode,control,60.92462012,-25.64251379,72.1951581,55.22061716325327,-18.90635570764497,78.49697196228094,active,5.704002956746727,-6.736158082355029,-6.301813862280937,10.845475249885943,P3,P3,a_baseline,109.5,0.0316,55.14,59.51,True,rigid_offset?+high_residual,67.96,control
sub-3160,ses-2,run-02,anode,control,60.98415581,-26.30613719,72.24300583,55.22061716325327,-18.90635570764497,78.49697196228094,active,5.763538646746724,-7.399781482355031,-6.253966132280937,11.273297481343445,P3,P3,a_baseline,106.34,0.0447,53.64,59.7,True,rigid_offset?+high_residual,68.42,control
sub-3160,ses-3,run-01,anode,control,63.79801447,-25.97966032,67.75806056,55.22061716325327,-18.90635570764497,78.49697196228094,active,8.577397306746725,-7.073304612355031,-10.738911402280934,15.457283099011558,P3,P3,a_baseline,105.58,0.0215,57.75,60.49,True,rigid_offset?+high_residual,70.08,control
sub-3160,ses-3,run-02,anode,control,63.44631665,-26.5829306,67.66232151,55.22061716325327,-18.90635570764497,78.49697196228094,active,8.225699486746727,-7.676574892355031,-10.83465045228094,15.619909876414543,P3,P3,a_baseline,105.08,0.0228,57.68,60.7,True,rigid_offset?+high_residual,70.09,control
sub-3160,ses-4,run-01,anode,control,58.12132517,-27.68789243,74.98955387,55.22061716325327,-18.90635570764497,78.49697196228094,active,2.9007080067467257,-8.781536722355032,-3.5074180922809433,9.890979517749201,P3,P3,a_baseline,105.06,0.0361,54.08,59.0,True,rigid_offset?+high_residual,67.44,control
sub-3160,ses-4,run-02,anode,control,58.27128459,-28.16097339,75.15984211,55.22061716325327,-18.90635570764497,78.49697196228094,active,3.0506674267467275,-9.254617682355029,-3.3371298522809383,10.300046400194345,P3,P3,a_baseline,103.09,0.0479,52.92,59.36,True,rigid_offset?+high_residual,67.65,control
sub-3161,ses-1,run-01,anode,target,-63.34979289,-3.0548764,6.82692018,-60.082260030892165,9.196149193854508,16.949395048783163,active,-3.2675328591078383,-12.251025593854507,-10.122474868783163,16.224330388517558,P3,P3,a_baseline,104.57,0.0411,54.08,59.41,True,rigid_offset?+high_residual,65.69,target
sub-3161,ses-1,run-02,anode,target,-63.19682963,-3.1066638,7.33191751,-60.082260030892165,9.196149193854508,16.949395048783163,active,-3.1145695991078384,-12.302812993854507,-9.617477538783163,15.923430081437878,P3,P3,a_baseline,104.82,0.0452,54.05,59.79,True,rigid_offset?+high_residual,65.43,target
sub-3161,ses-2,run-01,anode,target,-61.55399807,1.76978149,15.12923212,-60.082260030892165,9.196149193854508,16.949395048783163,active,-1.4717380391078336,-7.426367703854508,-1.820162928783164,7.786523178924388,P3,P3,a_baseline,111.51,0.0323,53.83,57.93,True,rigid_offset?+high_residual,63.87,target
sub-3161,ses-2,run-02,anode,target,-60.65786134,1.13626283,14.1952418,-60.082260030892165,9.196149193854508,16.949395048783163,active,-0.5756013091078316,-8.059886363854508,-2.7541532487831635,8.536887324023748,P3,P3,a_baseline,113.28,0.0439,53.6,59.06,True,rigid_offset?+high_residual,64.28,target
sub-3161,ses-3,run-01,anode,target,-60.34145134,4.7499884,13.07396893,-60.082260030892165,9.196149193854508,16.949395048783163,active,-0.25919130910783394,-4.446160793854507,-3.875426118783164,5.903766047335608,P3,P3,a_baseline,108.16,0.032,57.97,62.61,True,rigid_offset?+high_residual,67.89,target
sub-3161,ses-3,run-02,anode,target,-60.0428188,4.3846829,13.50083625,-60.082260030892165,9.196149193854508,16.949395048783163,active,0.03944123089216589,-4.811466293854508,-3.4485587987831625,5.919824431202086,P3,P3,a_baseline,108.25,0.0265,58.01,61.9,True,rigid_offset?+high_residual,67.66,target
sub-3161,ses-4,run-01,anode,target,-62.13705144,-0.82787937,11.00694536,-60.082260030892165,9.196149193854508,16.949395048783163,active,-2.0547914091078354,-10.024028563854507,-5.942449688783164,11.832836713469579,P3,P3,a_baseline,113.25,0.0069,54.52,55.32,True,rigid_offset?+high_residual,64.7,target
sub-3161,ses-4,run-02,anode,target,-61.76132069,-1.51648548,11.90312084,-60.082260030892165,9.196149193854508,16.949395048783163,active,-1.679060659107833,-10.712634673854508,-5.046274208783164,11.960128333034877,P3,P3,a_baseline,113.36,0.0055,54.83,55.58,True,rigid_offset?+high_residual,64.59,target
sub-3162,ses-1,run-01,anode,control,57.59757952,-25.24606237,52.89745302,53.33889262471481,-24.81342912656393,57.582477546603535,active,4.258686895285187,-0.43263324343607223,-4.685024526603534,6.346104349148104,P3,P3,a_baseline,107.29,0.0334,55.35,59.96,True,rigid_offset?+high_residual,64.77,control
sub-3162,ses-1,run-02,anode,control,57.48690979,-25.92679607,53.05307475,53.33889262471481,-24.81342912656393,57.582477546603535,active,4.148017165285189,-1.1133669434360733,-4.529402796603534,6.2418844949355385,P3,P3,a_baseline,106.64,0.032,55.27,59.62,True,rigid_offset?+high_residual,64.74,control
sub-3162,ses-3,run-01,anode,control,57.26519621,-17.88829851,53.224092,53.33889262471481,-24.81342912656393,57.582477546603535,active,3.92630358528519,6.92513061656393,-4.358385546603536,9.075726884009734,P3,P3,a_baseline,107.89,0.0395,53.4,58.16,True,different_montage?+high_residual,48.25,control
sub-3162,ses-3,run-02,anode,control,58.22290005,-19.01757846,54.2702377,53.33889262471481,-24.81342912656393,57.582477546603535,active,4.884007425285191,5.795850666563929,-3.312239846603532,8.271417428759028,P3,P3,a_baseline,108.5,0.0373,53.96,58.97,True,different_montage?+high_residual,48.42,control
sub-3164,ses-1,run-01,anode,target,-73.41258406,7.27810199,12.62363315,-73.97443016114067,7.484105398187069,15.198303130613368,active,0.5618461011406737,-0.20600340818706897,-2.5746699806133684,2.643299823066484,P3,P3,a_baseline,115.25,0.0491,53.14,59.94,True,different_montage?+high_residual,45.16,target
sub-3164,ses-1,run-02,anode,target,-73.42828954,6.5822243,12.61946882,-73.97443016114067,7.484105398187069,15.198303130613368,active,0.5461406211406796,-0.9018810981870686,-2.5788343106133684,2.786044776187879,P3,P3,a_baseline,115.4,0.0417,53.61,59.39,True,different_montage?+high_residual,45.14,target
sub-3164,ses-2,run-01,anode,target,-72.3918897,10.69739873,8.20588399,-73.97443016114067,7.484105398187069,15.198303130613368,active,1.582540461140681,3.213293331812931,-6.992419140613368,7.856437728731578,P3,P3,a_baseline,114.0,0.0537,51.64,58.67,True,different_montage?+high_residual,46.09,target
sub-3164,ses-2,run-02,anode,target,-72.4263855,10.27168088,8.21217976,-73.97443016114067,7.484105398187069,15.198303130613368,active,1.548044661140679,2.7875754818129312,-6.9861233706133685,7.679384030579604,P3,P3,a_baseline,113.79,0.0455,52.17,58.17,True,different_montage?+high_residual,46.08,target
sub-3164,ses-3,run-01,anode,target,-72.69966668,9.89105119,11.90109363,-73.97443016114067,7.484105398187069,15.198303130613368,active,1.274763481140667,2.406945791812932,-3.297209500613368,4.276681010843679,P3,P3,a_baseline,112.38,0.042,52.59,58.26,True,different_montage?+high_residual,46.56,target
sub-3164,ses-3,run-02,anode,target,-72.23936321,9.38757939,11.80766465,-73.97443016114067,7.484105398187069,15.198303130613368,active,1.7350669511406807,1.9034739918129322,-3.3906384806133687,4.257945498555026,P3,P3,a_baseline,110.86,0.0305,52.62,56.67,True,different_montage?+high_residual,46.28,target
sub-3164,ses-4,run-01,anode,target,-75.53042271,-1.41737049,7.7318859,-73.97443016114067,7.484105398187069,15.198303130613368,active,-1.5559925488593223,-8.901475888187068,-7.466417230613368,11.721978163334109,P3,P3,a_baseline,114.95,0.0324,53.53,57.75,True,different_montage?+high_residual,48.72,target
sub-3164,ses-4,run-02,anode,target,-75.01143499,-1.38123056,7.42418249,-73.97443016114067,7.484105398187069,15.198303130613368,active,-1.0370048288593239,-8.86533595818707,-7.7741206406133685,11.836659680898704,P3,P3,a_baseline,115.16,0.0332,53.59,57.81,True,different_montage?+high_residual,48.83,target
sub-3165,ses-1,run-01,anode,target,-70.17588204,5.12107239,-0.25041325,-67.1712552496411,15.920822779198131,12.177729945256369,active,-3.0046267903588983,-10.799750389198131,-12.428143195256368,16.7368197068656,P3,P3,a_baseline,115.99,0.0477,52.91,59.47,True,rigid_offset?+high_residual,50.72,target
sub-3165,ses-1,run-02,anode,target,-70.16197867,4.74260854,-0.59233146,-67.1712552496411,15.920822779198131,12.177729945256369,active,-2.99072342035889,-11.17821423919813,-12.770061405256369,17.232857234031545,P3,P3,a_baseline,115.98,0.0475,53.05,59.61,True,rigid_offset?+high_residual,50.96,target
sub-3165,ses-2,run-01,anode,target,-67.32491913,15.41212982,8.24386746,-67.1712552496411,15.920822779198131,12.177729945256369,active,-0.15366388035889145,-0.5086929591981306,-3.933862485256368,3.9695913099174467,P3,P3,a_baseline,112.8,0.018,54.58,57.03,True,rigid_offset?+high_residual,45.13,target
sub-3165,ses-2,run-02,anode,target,-67.53085935,14.36961438,7.14952848,-67.1712552496411,15.920822779198131,12.177729945256369,active,-0.3596041003588937,-1.5512083991981314,-5.028201465256369,5.27431252221027,P3,P3,a_baseline,114.1,0.0233,54.5,57.65,True,rigid_offset?+high_residual,45.89,target
sub-3165,ses-3,run-01,anode,target,-71.28211952,2.31615055,-7.35323509,-67.1712552496411,15.920822779198131,12.177729945256369,active,-4.1108642703588885,-13.604672229198131,-19.53096503525637,24.154604255123598,P3,P3,a_baseline,113.0,0.022,53.03,55.66,True,rigid_offset?+high_residual,54.04,target
sub-3165,ses-3,run-02,anode,target,-71.28470361,2.00939077,-7.94408934,-67.1712552496411,15.920822779198131,12.177729945256369,active,-4.113448360358888,-13.911432009198132,-20.121819285256368,24.805967211709298,P3,P3,a_baseline,112.6,0.0173,53.62,55.8,True,rigid_offset?+high_residual,54.45,target
sub-3165,ses-4,run-01,anode,target,-67.40840727,13.01277609,3.19621067,-67.1712552496411,15.920822779198131,12.177729945256369,active,-0.2371520203588915,-2.908046689198132,-8.981519275256368,9.443551509846186,P3,P3,a_baseline,113.64,0.0308,53.17,56.84,True,rigid_offset?+high_residual,47.26,target
sub-3165,ses-4,run-02,anode,target,-67.25459889,14.67633577,1.00843773,-67.1712552496411,15.920822779198131,12.177729945256369,active,-0.08334364035889053,-1.2444870091981315,-11.169292215256368,11.23871801711555,P3,P3,a_baseline,113.71,0.0397,52.68,57.44,True,rigid_offset?+high_residual,48.18,target
sub-3166,ses-1,run-01,anode,target,-67.52760559,-2.32530403,11.47025072,-65.5070558694394,4.128339894842857,17.5930862746498,active,-2.020549720560595,-6.453643924842857,-6.1228355546498,9.122568515018253,P3,P3,a_baseline,109.36,0.045,52.48,58.6,True,rigid_offset?+high_residual,66.4,target
sub-3166,ses-1,run-02,anode,target,-67.25526495,-2.46262845,11.73760856,-65.5070558694394,4.128339894842857,17.5930862746498,active,-1.7482090805605992,-6.590968344842857,-5.855477714649799,8.98797630052703,P3,P3,a_baseline,108.38,0.044,52.47,58.46,True,rigid_offset?+high_residual,66.33,target
sub-3166,ses-2,run-01,anode,target,-66.86606074,-2.29991514,13.05727737,-65.5070558694394,4.128339894842857,17.5930862746498,active,-1.3590048705605966,-6.4282550348428575,-4.5358089046498,7.983916297825923,P3,P3,a_baseline,111.37,0.0351,53.5,57.81,True,rigid_offset?+high_residual,63.49,target
sub-3166,ses-2,run-02,anode,target,-66.95638015,-3.17956359,13.72007646,-65.5070558694394,4.128339894842857,17.5930862746498,active,-1.449324280560603,-7.307903484842857,-3.8730098146497998,8.396796963031473,P3,P3,a_baseline,111.12,0.0368,53.96,58.46,True,rigid_offset?+high_residual,63.78,target
sub-3166,ses-3,run-01,anode,target,-67.18771946,-1.81855121,11.62867295,-65.5070558694394,4.128339894842857,17.5930862746498,active,-1.6806635905605987,-5.946891104842857,-5.964413324649799,8.588618644738816,P3,P3,a_baseline,112.53,0.0358,53.95,58.76,True,rigid_offset?+high_residual,65.04,target
sub-3166,ses-3,run-02,anode,target,-68.02170203,-3.11423494,12.74055281,-65.5070558694394,4.128339894842857,17.5930862746498,active,-2.514646160560602,-7.242574834842857,-4.852533464649799,9.073335471405619,P3,P3,a_baseline,112.64,0.0465,53.54,59.85,True,rigid_offset?+high_residual,65.24,target
sub-3166,ses-4,run-01,anode,target,-64.24321934,5.32553742,17.56356045,-65.5070558694394,4.128339894842857,17.5930862746498,active,1.263836529439402,1.1971975251571427,-0.029525824649798693,1.7411020825066723,P3,P3,a_baseline,114.54,0.0675,52.24,60.27,True,rigid_offset?+high_residual,63.3,target
sub-3166,ses-4,run-02,anode,target,-64.636631,4.77365125,17.71794643,-65.5070558694394,4.128339894842857,17.5930862746498,active,0.8704248694394039,0.6453113551571432,0.124860155350202,1.0907136456593125,P3,P3,a_baseline,115.06,0.0777,52.36,61.65,True,rigid_offset?+high_residual,63.65,target
sub-3167,ses-1,run-01,anode,control,52.12970475,-29.5293527,64.10645884,49.39034565188277,-32.68061882658937,66.05694660640317,active,2.7393590981172338,3.1512661265893662,-1.950487766403171,4.60857559294796,P3,P3,a_baseline,101.32,0.0397,53.65,58.78,True,rigid_offset?+high_residual,66.26,control
sub-3167,ses-1,run-02,anode,control,51.84022397,-30.30706268,64.93757427,49.39034565188277,-32.68061882658937,66.05694660640317,active,2.4498783181172286,2.3735561465893653,-1.119372336403174,3.590078965997511,P3,P3,a_baseline,101.74,0.0453,52.91,58.47,True,rigid_offset?+high_residual,65.52,control
sub-3167,ses-2,run-01,anode,control,59.92850013,-31.76497729,57.13188588,49.39034565188277,-32.68061882658937,66.05694660640317,active,10.538154478117235,0.9156415365893658,-8.925060726403174,13.840079775715688,P3,P3,a_baseline,107.77,0.017,56.21,58.35,True,rigid_offset?+high_residual,69.21,control
sub-3167,ses-2,run-02,anode,control,59.97704075,-32.48271731,55.60254886,49.39034565188277,-32.68061882658937,66.05694660640317,active,10.586695098117232,0.1979015165893685,-10.454397746403174,14.879909621727128,P3,P3,a_baseline,108.13,0.0158,56.16,58.13,True,rigid_offset?+high_residual,69.45,control
sub-3167,ses-3,run-01,anode,control,51.62270725,-30.57955082,64.16079971,49.39034565188277,-32.68061882658937,66.05694660640317,active,2.2323615981172296,2.101068006589365,-1.8961468964031667,3.60462177291894,P3,P3,a_baseline,102.61,0.0059,55.7,56.42,True,rigid_offset?+high_residual,67.84,control
sub-3167,ses-3,run-02,anode,control,51.95122404,-31.6471469,65.09514362,49.39034565188277,-32.68061882658937,66.05694660640317,active,2.5608783881172315,1.0334719265893675,-0.9618029864031712,2.924248164302802,P3,P3,a_baseline,106.54,0.0082,55.46,56.58,True,rigid_offset?+high_residual,67.3,control
sub-3167,ses-4,run-01,anode,control,53.43498798,-35.8767749,64.21540814,49.39034565188277,-32.68061882658937,66.05694660640317,active,4.044642328117234,-3.1961560734106342,-1.841538466403179,5.47410350023087,P3,P3,a_baseline,100.39,0.0486,57.94,64.74,True,rigid_offset?+high_residual,69.86,control
sub-3167,ses-4,run-02,anode,control,53.33062963,-36.63025098,64.75689305,49.39034565188277,-32.68061882658937,66.05694660640317,active,3.940283978117229,-3.949632153410633,-1.3000535564031708,5.728487690916249,P3,P3,a_baseline,100.51,0.04,58.13,63.74,True,rigid_offset?+high_residual,69.85,control
sub-3168,ses-1,run-01,anode,control,53.21884068,-25.03338395,58.35338847,53.58727669108001,-25.467621067257365,58.60202814629394,active,-0.3684360110800071,0.43423711725736425,-0.24863967629394068,0.6213925143515077,P3,P3,a_baseline,103.86,0.1367,53.58,71.38,True,rigid_offset?+high_residual,68.98,control
sub-3168,ses-1,run-02,anode,control,53.03344459,-25.39320337,58.40579061,53.58727669108001,-25.467621067257365,58.60202814629394,active,-0.5538321010800047,0.07441769725736691,-0.19623753629394258,0.592264434608814,P3,P3,a_baseline,104.2,0.1379,53.28,71.33,True,rigid_offset?+high_residual,69.01,control
sub-3168,ses-2,run-01,anode,control,60.5092335,-19.48083688,49.27847979,53.58727669108001,-25.467621067257365,58.60202814629394,active,6.921956808919994,5.986784187257367,-9.32354835629394,13.064594326709887,P3,P3,a_baseline,103.8,0.0546,53.71,61.31,True,rigid_offset?+high_residual,69.33,control
sub-3168,ses-2,run-02,anode,control,60.1299287,-19.53036225,49.36936996,53.58727669108001,-25.467621067257365,58.60202814629394,active,6.542652008919994,5.937258817257366,-9.23265818629394,12.778862029064468,P3,P3,a_baseline,103.73,0.0596,53.06,61.41,True,rigid_offset?+high_residual,69.15,control
sub-3168,ses-3,run-01,anode,control,55.01214149,-30.44528398,57.07448992,53.58727669108001,-25.467621067257365,58.60202814629394,active,1.424864798919991,-4.977662912742634,-1.5275382262939416,5.398216446279644,P3,P3,a_baseline,104.3,0.0238,56.63,59.63,True,rigid_offset?+high_residual,66.07,control
sub-3168,ses-3,run-02,anode,control,54.9409964,-30.87408189,57.24332177,53.58727669108001,-25.467621067257365,58.60202814629394,active,1.3537197089199964,-5.406460822742634,-1.358706376293938,5.736589465453425,P3,P3,a_baseline,103.98,0.0218,56.65,59.51,True,rigid_offset?+high_residual,66.07,control
sub-3168,ses-4,run-01,anode,control,60.26368559,-32.63487974,50.63783444,53.58727669108001,-25.467621067257365,58.60202814629394,active,6.676408898919995,-7.167258672742637,-7.9641937062939405,12.624278754010254,P3,P3,a_baseline,98.33,0.0609,53.3,61.83,True,rigid_offset?+high_residual,68.13,control
sub-3168,ses-4,run-02,anode,control,60.08138315,-32.28545769,51.72274023,53.58727669108001,-25.467621067257365,58.60202814629394,active,6.494106458919994,-6.817836622742636,-6.87928791629394,11.661085590521362,P3,P3,a_baseline,100.13,0.0661,52.88,62.21,True,rigid_offset?+high_residual,67.84,control
sub-3170,ses-1,run-01,anode,target,-70.79064212,16.45798458,3.65792999,-67.82528809231587,20.4338959814766,14.798321560974868,active,-2.9653540276841284,-3.9759114014765977,-11.140391570974868,12.194651300325974,P3,P3,a_baseline,110.74,0.0365,51.5,56.2,True,different_montage?+high_residual,48.59,target
sub-3170,ses-1,run-02,anode,target,-71.11220402,15.99398624,4.36901577,-67.82528809231587,20.4338959814766,14.798321560974868,active,-3.28691592768412,-4.439909741476599,-10.429305790974869,11.80199280247977,P3,P3,a_baseline,111.6,0.0365,51.61,56.39,True,different_montage?+high_residual,48.47,target
sub-3170,ses-2,run-01,anode,target,-68.965876,17.56750616,9.90866614,-67.82528809231587,20.4338959814766,14.798321560974868,active,-1.1405879076841217,-2.8663898214765986,-4.889655420974869,5.781510314761084,P3,P3,a_baseline,111.54,0.0445,52.01,57.35,True,different_montage?+high_residual,43.99,target
sub-3170,ses-2,run-02,anode,target,-69.13432925,17.15638684,10.1272357,-67.82528809231587,20.4338959814766,14.798321560974868,active,-1.3090411576841205,-3.2775091414765996,-4.671085860974868,5.854459671530156,P3,P3,a_baseline,111.3,0.0442,51.94,57.27,True,different_montage?+high_residual,43.89,target
sub-3170,ses-3,run-01,anode,target,-69.70063052,14.90127313,4.93263472,-67.82528809231587,20.4338959814766,14.798321560974868,active,-1.8753424276841315,-5.532622851476599,-9.865686840974867,11.465539746646815,P3,P3,a_baseline,113.26,0.036,53.13,57.91,True,different_montage?+high_residual,48.57,target
sub-3170,ses-3,run-02,anode,target,-69.83263807,14.5424388,5.27677729,-67.82528809231587,20.4338959814766,14.798321560974868,active,-2.007349977684129,-5.8914571814766,-9.521544270974868,11.375347333519755,P3,P3,a_baseline,111.55,0.0342,53.1,57.73,True,different_montage?+high_residual,48.31,target
sub-3170,ses-4,run-01,anode,target,-70.01444358,12.92003695,11.92955362,-67.82528809231587,20.4338959814766,14.798321560974868,active,-2.1891554876841326,-7.513859031476599,-2.868767940974868,8.33548491650757,P3,P3,a_baseline,112.76,0.0222,52.96,55.92,True,different_montage?+high_residual,44.87,target
sub-3170,ses-4,run-02,anode,target,-69.78114516,12.35419242,12.98468534,-67.82528809231587,20.4338959814766,14.798321560974868,active,-1.9558570676841214,-8.079703561476599,-1.8136362209748675,8.508599347282699,P3,P3,a_baseline,112.99,0.0094,53.5,54.65,True,rigid_offset?+high_residual,60.78,target
sub-3171,ses-1,run-01,anode,target,-67.94668701,4.75781701,16.64880125,-65.93468626342961,9.6025155615918,29.915158449619568,active,-2.0120007465703935,-4.844698551591799,-13.266357199619566,14.265885335579192,P3,P3,a_baseline,115.32,0.0331,53.66,57.8,True,rigid_offset?+high_residual,49.88,target
sub-3171,ses-1,run-02,anode,target,-67.72540461,4.29034706,16.89367567,-65.93468626342961,9.6025155615918,29.915158449619568,active,-1.7907183465703866,-5.312168501591799,-13.021482779619568,14.176911517180912,P3,P3,a_baseline,115.95,0.0367,53.74,58.41,True,rigid_offset?+high_residual,50.01,target
sub-3171,ses-2,run-01,anode,target,-67.52436021,7.91773943,20.59730917,-65.93468626342961,9.6025155615918,29.915158449619568,active,-1.589673946570386,-1.684776131591799,-9.317849279619569,9.601450362715678,P3,P3,a_baseline,110.89,0.0345,52.18,56.25,True,rigid_offset?+high_residual,46.83,target
sub-3171,ses-2,run-02,anode,target,-67.39375908,7.55810861,21.68336358,-65.93468626342961,9.6025155615918,29.915158449619568,active,-1.4590728165703837,-2.0444069515917995,-8.231794869619566,8.606447585575975,P3,P3,a_baseline,111.38,0.0335,52.34,56.33,True,rigid_offset?+high_residual,46.37,target
sub-3171,ses-3,run-01,anode,target,-67.13228223,9.99305111,23.50392643,-65.93468626342961,9.6025155615918,29.915158449619568,active,-1.1975959665703897,0.3905355484082005,-6.411232019619568,6.53380824046064,P3,P3,a_baseline,113.73,0.019,53.28,55.78,True,rigid_offset?+high_residual,46.2,target
sub-3171,ses-3,run-02,anode,target,-67.52153681,9.52397988,23.49068612,-65.93468626342961,9.6025155615918,29.915158449619568,active,-1.586850546570389,-0.07853568159179858,-6.424472329619569,6.618013842874713,P3,P3,a_baseline,114.82,0.0223,53.39,56.39,True,rigid_offset?+high_residual,46.37,target
sub-3171,ses-4,run-01,anode,target,-66.57493477,9.32039568,25.09552654,-65.93468626342961,9.6025155615918,29.915158449619568,active,-0.6402485065703871,-0.28211988159179846,-4.819631909619567,4.870150051279543,P3,P3,a_baseline,113.73,0.0512,52.55,59.27,True,rigid_offset?+high_residual,44.89,target
sub-3171,ses-4,run-02,anode,target,-67.09883619,8.54212255,26.85927233,-65.93468626342961,9.6025155615918,29.915158449619568,active,-1.1641499265703885,-1.060393011591799,-3.0558861196195686,3.437749026128887,P3,P3,a_baseline,113.25,0.055,51.74,59.18,True,rigid_offset?+high_residual,63.64,target
sub-3172,ses-1,run-01,anode,target,-72.43564711,6.19789413,32.05495143,-67.56816290282264,20.66025980195427,44.62876665285824,active,-4.86748420717737,-14.462365671954268,-12.573815222858236,19.772537839008525,P3,P3,a_baseline,112.11,0.0205,55.15,57.69,True,rigid_offset?+high_residual,65.61,target
sub-3172,ses-1,run-02,anode,target,-72.82049727,5.33329928,31.80295411,-67.56816290282264,20.66025980195427,44.62876665285824,active,-5.252334367177369,-15.326960521954268,-12.825812542858237,20.664080006879495,P3,P3,a_baseline,112.1,0.0243,54.75,57.89,True,rigid_offset?+high_residual,65.64,target
sub-3172,ses-2,run-01,anode,target,-63.50803768,22.24400579,53.18327403,-67.56816290282264,20.66025980195427,44.62876665285824,active,4.060125222822634,1.583745988045731,8.55450737714176,9.60064917832249,P3,P3,a_baseline,109.38,0.0416,49.84,55.18,True,rigid_offset?+high_residual,63.72,target
sub-3172,ses-2,run-02,anode,target,-63.55504331,21.17021307,54.11852337,-67.56816290282264,20.66025980195427,44.62876665285824,active,4.013119592822633,0.5099532680457308,9.48975671714176,10.316039150392196,P3,P3,a_baseline,109.04,0.0432,49.89,55.44,True,rigid_offset?+high_residual,63.71,target
sub-3172,ses-3,run-01,anode,target,-71.44842391,13.55685429,36.00325751,-67.56816290282264,20.66025980195427,44.62876665285824,active,-3.880261007177367,-7.103405511954268,-8.625509142858242,11.828533439298996,P3,P3,a_baseline,116.11,0.0174,54.89,57.16,True,rigid_offset?+high_residual,66.16,target
sub-3172,ses-3,run-02,anode,target,-69.48472697,13.89228746,34.28072541,-67.56816290282264,20.66025980195427,44.62876665285824,active,-1.9165640671773616,-6.767972341954268,-10.348041242858237,12.512418831263139,P3,P3,a_baseline,115.57,0.0107,55.08,56.45,True,rigid_offset?+high_residual,66.5,target
sub-3172,ses-4,run-01,anode,target,-68.36762092,17.84862296,33.39765973,-67.56816290282264,20.66025980195427,44.62876665285824,active,-0.7994580171773578,-2.811636841954268,-11.231106922858238,11.605265941155247,P3,P3,a_baseline,115.49,0.0358,52.34,57.08,True,rigid_offset?+high_residual,65.84,target
sub-3172,ses-4,run-02,anode,target,-68.18985657,17.59464636,33.34685447,-67.56816290282264,20.66025980195427,44.62876665285824,active,-0.6216936671773681,-3.0656134419542695,-11.281912182858242,11.707520287961255,P3,P3,a_baseline,115.25,0.0384,52.17,57.25,True,rigid_offset?+high_residual,65.77,target
sub-3173,ses-1,run-01,anode,control,59.11304618,-26.52447229,60.31548416,49.82977556880403,-13.120790402636366,65.12071643919006,active,9.283270611195967,-13.403681887363632,-4.805232279190065,16.997883945812337,P3,P3,a_baseline,100.08,0.0296,56.32,60.55,True,rigid_offset?+high_residual,65.9,control
sub-3173,ses-1,run-02,anode,control,58.91199428,-28.13689016,60.35442494,49.82977556880403,-13.120790402636366,65.12071643919006,active,9.08221871119597,-15.016099757363634,-4.766291499190061,18.184814634643537,P3,P3,a_baseline,101.79,0.0345,56.6,61.16,True,rigid_offset?+high_residual,65.92,control
sub-3173,ses-2,run-01,anode,control,63.76585692,-19.71525996,53.79452478,49.82977556880403,-13.120790402636366,65.12071643919006,active,13.936081351195966,-6.5944695573636345,-11.326191659190059,19.13070855119732,P3,P3,a_baseline,106.75,0.0243,55.97,59.37,True,rigid_offset?+high_residual,71.32,control
sub-3173,ses-2,run-02,anode,control,63.95793108,-20.97310847,54.54045522,49.82977556880403,-13.120790402636366,65.12071643919006,active,14.12815551119597,-7.852318067363633,-10.580261219190064,19.31853008502147,P3,P3,a_baseline,106.49,0.0266,55.42,59.15,True,rigid_offset?+high_residual,71.19,control
sub-3173,ses-3,run-01,anode,control,60.13345994,-15.69478343,56.32631023,49.82977556880403,-13.120790402636366,65.12071643919006,active,10.30368437119597,-2.573993027363633,-8.794406209190065,13.78886987023902,P3,P3,a_baseline,109.28,0.0952,47.95,59.4,True,rigid_offset?+high_residual,69.89,control
sub-3173,ses-3,run-02,anode,control,59.75362598,-16.95175444,56.32572515,49.82977556880403,-13.120790402636366,65.12071643919006,active,9.923850411195971,-3.830964037363632,-8.794991289190065,13.802570927776356,P3,P3,a_baseline,109.77,0.0986,47.36,59.25,True,rigid_offset?+high_residual,69.91,control
sub-3173,ses-4,run-01,anode,control,62.43156729,-22.20893617,55.12686272,49.82977556880403,-13.120790402636366,65.12071643919006,active,12.601791721195966,-9.088145767363635,-9.993853719190064,18.473674789651945,P3,P3,a_baseline,104.7,0.0364,55.11,60.06,True,rigid_offset?+high_residual,69.96,control
sub-3173,ses-4,run-02,anode,control,61.24199989,-24.56059931,56.10420921,49.82977556880403,-13.120790402636366,65.12071643919006,active,11.412224321195971,-11.439808907363634,-9.016507229190061,18.504202074348676,P3,P3,a_baseline,104.04,0.0357,55.46,60.52,True,rigid_offset?+high_residual,69.45,control
sub-3174,ses-1,run-01,anode,control,52.95172566,-52.96058869,61.65003994,49.037640773293965,-42.81334537855893,66.15522382277528,active,3.9140848867060356,-10.147243311441073,-4.505183882775285,11.772140380557156,P3,P3,a_baseline,109.12,0.0144,56.03,58.03,True,rigid_offset?+high_residual,67.65,control
sub-3174,ses-1,run-02,anode,control,52.51400173,-52.92243446,62.14079564,49.037640773293965,-42.81334537855893,66.15522382277528,active,3.4763609567060314,-10.10908908144107,-4.0144281827752835,11.419036789172788,P3,P3,a_baseline,109.13,0.0213,55.79,58.64,True,rigid_offset?+high_residual,67.67,control
sub-3174,ses-2,run-01,anode,control,46.81358408,-42.25176077,68.3184787,49.037640773293965,-42.81334537855893,66.15522382277528,active,-2.224056693293967,0.5615846085589311,2.163254877224716,3.1530108010269333,P3,P3,a_baseline,111.34,0.0037,55.71,56.16,True,rigid_offset?+high_residual,65.34,control
sub-3174,ses-2,run-02,anode,control,46.96437966,-42.06622956,67.4105048,49.037640773293965,-42.81334537855893,66.15522382277528,active,-2.0732611132939667,0.7471158185589317,1.2552809772247144,2.536202677630507,P3,P3,a_baseline,111.71,0.014,54.78,56.68,True,rigid_offset?+high_residual,65.33,control
sub-3174,ses-3,run-01,anode,control,61.04686913,-37.00704139,56.50305191,49.037640773293965,-42.81334537855893,66.15522382277528,active,12.009228356706032,5.8063039885589305,-9.65217191277528,16.465088957088437,P3,P3,a_baseline,110.19,0.0339,54.83,59.57,True,rigid_offset?+high_residual,69.75,control
sub-3174,ses-3,run-02,anode,control,60.03659502,-37.19776662,57.4655857,49.037640773293965,-42.81334537855893,66.15522382277528,active,10.998954246706035,5.615578758558925,-8.689638122775285,15.100381783898728,P3,P3,a_baseline,110.04,0.0315,55.43,59.84,True,rigid_offset?+high_residual,69.33,control
sub-3174,ses-4,run-01,anode,control,62.52379637,-19.41760779,56.998155,49.037640773293965,-42.81334537855893,66.15522382277528,active,13.486155596706034,23.395737588558926,-9.157068822775287,28.514712685144097,P3,P3,a_baseline,105.95,0.0485,53.44,59.87,True,rigid_offset?+high_residual,73.52,control
sub-3174,ses-4,run-02,anode,control,61.28884162,-19.87629543,55.4888862,49.037640773293965,-42.81334537855893,66.15522382277528,active,12.251200846706034,22.93704994855893,-10.66633762277528,28.106421700601615,P3,P3,a_baseline,105.67,0.0525,53.2,60.45,True,rigid_offset?+high_residual,73.48,control
sub-3176,ses-1,run-01,anode,target,-63.90679104,23.7249995,39.08396596,-65.77469813399544,13.7709495480584,44.22289648075133,active,1.8679070939954414,9.954049951941599,-5.13893052075133,11.35697117433414,P3,P3,a_baseline,110.49,0.0265,51.46,54.91,True,rigid_offset?+high_residual,66.19,target
sub-3176,ses-1,run-02,anode,target,-63.92862893,23.34140227,38.68598295,-65.77469813399544,13.7709495480584,44.22289648075133,active,1.846069203995441,9.5704527219416,-5.5369135307513275,11.20977021423173,P3,P3,a_baseline,111.09,0.0265,51.51,54.96,True,rigid_offset?+high_residual,66.18,target
sub-3176,ses-2,run-01,anode,target,-68.36535809,17.37662889,32.24711922,-65.77469813399544,13.7709495480584,44.22289648075133,active,-2.590659956004558,3.605679341941599,-11.975777260751329,12.772301418447599,P3,P3,a_baseline,111.34,0.0263,53.47,56.97,True,rigid_offset?+high_residual,67.64,target
sub-3176,ses-2,run-02,anode,target,-68.19759845,16.82631502,32.84523656,-65.77469813399544,13.7709495480584,44.22289648075133,active,-2.422900316004558,3.055365471941599,-11.377659920751334,12.027337584881334,P3,P3,a_baseline,112.04,0.0334,53.45,57.65,True,rigid_offset?+high_residual,67.41,target
sub-3176,ses-3,run-01,anode,target,-67.86090587,21.09349188,26.47038741,-65.77469813399544,13.7709495480584,44.22289648075133,active,-2.0862077360045532,7.322542331941598,-17.75250907075133,19.316404096724373,P3,P3,a_baseline,112.69,0.0451,53.21,58.84,True,different_montage?+high_residual,52.16,target
sub-3176,ses-3,run-02,anode,target,-68.37115022,20.44331923,26.57540499,-65.77469813399544,13.7709495480584,44.22289648075133,active,-2.596452086004561,6.6723696819416,-17.64749149075133,19.044580240151042,P3,P3,a_baseline,112.31,0.0379,53.6,58.18,True,different_montage?+high_residual,51.82,target
sub-3176,ses-4,run-01,anode,target,-66.89950166,19.52575682,30.84790842,-65.77469813399544,13.7709495480584,44.22289648075133,active,-1.1248035260045555,5.754807271941601,-13.374988060751331,14.603879461791816,P3,P3,a_baseline,109.45,0.0356,50.6,55.06,True,rigid_offset?+high_residual,65.11,target
sub-3176,ses-4,run-02,anode,target,-66.28706846,18.83311871,31.7502826,-65.77469813399544,13.7709495480584,44.22289648075133,active,-0.5123703260045573,5.0621691619416005,-12.472613880751332,13.470492826670943,P3,P3,a_baseline,109.3,0.0368,50.86,55.64,True,rigid_offset?+high_residual,64.65,target
sub-3177,ses-1,run-01,anode,control,52.28365782,-35.27305852,53.52899785,54.643262783809696,-35.27561950745663,49.416869294899634,active,-2.3596049638096943,0.0025609874566328017,4.1121285551003695,4.741027673148929,P3,P3,a_baseline,107.53,0.0523,52.84,59.27,True,rigid_offset?+high_residual,67.9,control
sub-3177,ses-1,run-02,anode,control,51.97287766,-35.65946177,53.37339743,54.643262783809696,-35.27561950745663,49.416869294899634,active,-2.6703851238096945,-0.38384226254336795,3.9565281351003634,4.788779226046998,P3,P3,a_baseline,109.1,0.0589,52.34,59.49,True,rigid_offset?+high_residual,67.6,control
sub-3177,ses-2,run-01,anode,control,56.46144552,-32.97009996,49.61380804,54.643262783809696,-35.27561950745663,49.416869294899634,active,1.8181827361903018,2.3055195474566332,0.19693874510036835,2.942786726082405,P3,P3,a_baseline,112.84,0.0264,53.54,57.0,True,rigid_offset?+high_residual,64.29,control
sub-3177,ses-2,run-02,anode,control,55.80968057,-33.02383845,48.13033348,54.643262783809696,-35.27561950745663,49.416869294899634,active,1.1664177861903013,2.2517810574566326,-1.2865358148996364,2.8436284542255277,P3,P3,a_baseline,110.33,0.0375,52.42,57.21,True,rigid_offset?+high_residual,64.55,control
sub-3177,ses-3,run-01,anode,control,54.83088947,-40.82185748,51.31203196,54.643262783809696,-35.27561950745663,49.416869294899634,active,0.1876266861903062,-5.546237972543366,1.895162665100365,5.864094213827317,P3,P3,a_baseline,106.47,0.0543,53.74,60.95,True,rigid_offset?+high_residual,67.89,control
sub-3177,ses-3,run-02,anode,control,54.400404,-41.28862944,51.46166257,54.643262783809696,-35.27561950745663,49.416869294899634,active,-0.2428587838096945,-6.013009932543369,2.0447932751003677,6.355820039588473,P3,P3,a_baseline,106.52,0.057,53.51,61.08,True,rigid_offset?+high_residual,67.89,control
sub-3177,ses-4,run-01,anode,control,59.55089025,-26.61226287,46.80408283,54.643262783809696,-35.27561950745663,49.416869294899634,active,4.907627466190306,8.663356637456634,-2.612786464899635,10.293940386743655,P3,P3,a_baseline,103.47,0.0167,57.75,60.16,True,rigid_offset?+high_residual,68.13,control
sub-3177,ses-4,run-02,anode,control,59.30843179,-29.88617608,42.64087866,54.643262783809696,-35.27561950745663,49.416869294899634,active,4.665169006190304,5.389443427456634,-6.775990634899635,9.83483357247705,P3,P3,a_baseline,99.45,0.0296,56.03,60.25,True,rigid_offset?+high_residual,67.48,control
sub-3178,ses-1,run-01,anode,target,-68.1851558,18.29248641,15.67341753,-66.75953058735807,23.88891658707864,23.9817347859052,active,-1.4256252126419326,-5.596430177078641,-8.3083172559052,10.118328597086029,P3,P3,a_baseline,115.67,0.0362,52.39,57.23,True,rigid_offset?+high_residual,46.8,target
sub-3178,ses-1,run-02,anode,target,-68.38157153,17.80566998,15.83617795,-66.75953058735807,23.88891658707864,23.9817347859052,active,-1.6220409426419309,-6.083246607078639,-8.1455568359052,10.294998896022399,P3,P3,a_baseline,115.62,0.034,52.89,57.38,True,rigid_offset?+high_residual,46.89,target
sub-3178,ses-3,run-01,anode,target,-64.6946599,22.10676693,26.3593082,-66.75953058735807,23.88891658707864,23.9817347859052,active,2.0648706873580664,-1.7821496570786408,2.377573414094801,3.6183703092893214,P3,P3,a_baseline,114.58,0.0289,53.56,57.49,True,rigid_offset?+high_residual,64.23,target
sub-3178,ses-3,run-02,anode,target,-64.5947403,21.78709469,26.6712255,-66.75953058735807,23.88891658707864,23.9817347859052,active,2.1647902873580733,-2.10182189707864,2.6894907140947986,4.0419466320674315,P3,P3,a_baseline,114.07,0.0269,53.32,56.91,True,rigid_offset?+high_residual,64.12,target
sub-3178,ses-4,run-01,anode,target,-68.14531494,17.85969455,18.00659412,-66.75953058735807,23.88891658707864,23.9817347859052,active,-1.3857843526419344,-6.02922203707864,-5.975140665905201,8.60082685686533,P3,P3,a_baseline,115.34,0.0558,52.62,59.94,True,rigid_offset?+high_residual,47.25,target
sub-3178,ses-4,run-02,anode,target,-68.31206649,17.6165496,17.68029333,-66.75953058735807,23.88891658707864,23.9817347859052,active,-1.5525359026419352,-6.272366987078641,-6.3014414559051986,9.02558140907204,P3,P3,a_baseline,114.36,0.053,52.69,59.76,True,different_montage?+high_residual,47.63,target
sub-3179,ses-1,run-01,anode,control,65.90369009,-31.11349511,49.08677369,55.59564403288683,-27.5201526343364,63.74501919340594,active,10.308046057113167,-3.593342475663597,-14.658245503405936,18.276544665255926,P3,P3,a_baseline,108.9,0.0206,56.53,59.23,True,rigid_offset?+high_residual,67.97,control
sub-3179,ses-1,run-02,anode,control,65.43029842,-31.5165031,49.29666146,55.59564403288683,-27.5201526343364,63.74501919340594,active,9.834654387113169,-3.9963504656635997,-14.448357733405935,17.9289231453215,P3,P3,a_baseline,108.95,0.0227,56.36,59.29,True,rigid_offset?+high_residual,67.81,control
sub-3179,ses-2,run-01,anode,control,64.71302923,-17.0643787,49.19460978,55.59564403288683,-27.5201526343364,63.74501919340594,active,9.117385197113173,10.455773934336403,-14.550409413405937,20.103838824866735,P3,P3,a_baseline,110.18,0.0463,54.5,60.65,True,rigid_offset?+high_residual,70.94,control
sub-3179,ses-2,run-02,anode,control,65.06590139,-17.70564065,48.73154588,55.59564403288683,-27.5201526343364,63.74501919340594,active,9.470257357113162,9.814511984336402,-15.013473313405939,20.28336266088518,P3,P3,a_baseline,109.81,0.0508,54.06,61.02,True,rigid_offset?+high_residual,70.77,control
sub-3179,ses-3,run-01,anode,control,58.41539343,-31.34959434,59.8638923,55.59564403288683,-27.5201526343364,63.74501919340594,active,2.8197493971131706,-3.829441705663598,-3.881126893405934,6.1383024039480665,P3,P3,a_baseline,108.03,0.0268,55.63,59.28,True,rigid_offset?+high_residual,65.28,control
sub-3179,ses-3,run-02,anode,control,58.24317062,-39.07373771,58.0289482,55.59564403288683,-27.5201526343364,63.74501919340594,active,2.6475265871131697,-11.553585075663602,-5.7160709934059355,13.159338613005007,P3,P3,a_baseline,107.45,0.0254,55.46,58.87,True,rigid_offset?+high_residual,65.56,control
sub-3179,ses-4,run-01,anode,control,60.33679968,-33.26214763,58.24246955,55.59564403288683,-27.5201526343364,63.74501919340594,active,4.7411556471131675,-5.7419949956636,-5.502549643405935,9.258893885261115,P3,P3,a_baseline,110.83,0.0153,56.07,57.96,True,rigid_offset?+high_residual,64.55,control
sub-3179,ses-4,run-02,anode,control,59.82817901,-34.32759574,58.52838202,55.59564403288683,-27.5201526343364,63.74501919340594,active,4.232534977113168,-6.807443105663598,-5.216637173405935,9.563939427259767,P3,P3,a_baseline,110.34,0.0194,56.04,58.39,True,rigid_offset?+high_residual,64.5,control
sub-3180,ses-1,run-01,anode,target,-67.09771046,17.23541689,31.77191694,-68.89524189932676,9.469116706811986,37.47309297069537,active,1.797531439326761,7.766300183188013,-5.701176030695368,9.800507432971505,P3,P3,a_baseline,112.8,0.0452,51.5,57.04,True,rigid_offset?+high_residual,68.51,target
sub-3180,ses-1,run-02,anode,target,-66.82968267,16.70643657,30.14794676,-68.89524189932676,9.469116706811986,37.47309297069537,active,2.065559229326766,7.237319863188015,-7.325146210695369,10.502528302271672,P3,P3,a_baseline,111.52,0.0359,52.04,56.54,True,rigid_offset?+high_residual,68.67,target
sub-3180,ses-2,run-01,anode,target,-71.41782177,10.60219623,18.67362037,-68.89524189932676,9.469116706811986,37.47309297069537,active,-2.5225798706732405,1.1330795231880142,-18.79947260069537,19.00177487694478,P3,P3,a_baseline,110.69,0.0437,53.7,59.28,True,different_montage?+high_residual,52.04,target
sub-3180,ses-2,run-02,anode,target,-71.09514162,9.49441955,18.25574332,-68.89524189932676,9.469116706811986,37.47309297069537,active,-2.199899720673244,0.02530284318801357,-19.21734965069537,19.342872760062633,P3,P3,a_baseline,110.78,0.0447,53.56,58.92,True,different_montage?+high_residual,51.92,target
sub-3180,ses-3,run-01,anode,target,-70.24116671,12.82635695,26.88314445,-68.89524189932676,9.469116706811986,37.47309297069537,active,-1.3459248106732389,3.357240243188013,-10.58994852069537,11.190602544878669,P3,P3,a_baseline,105.21,0.0525,51.06,57.71,True,rigid_offset?+high_residual,65.45,target
sub-3180,ses-3,run-02,anode,target,-69.9283298,11.81193011,26.31972427,-68.89524189932676,9.469116706811986,37.47309297069537,active,-1.0330879006732374,2.342813403188014,-11.15336870069537,11.443499404741802,P3,P3,a_baseline,104.09,0.0548,50.85,57.42,True,rigid_offset?+high_residual,65.34,target
sub-3180,ses-4,run-01,anode,target,-66.62206847,17.26420674,37.25050505,-68.89524189932676,9.469116706811986,37.47309297069537,active,2.2731734293267607,7.795090033188012,-0.2225879206953678,8.122825336528157,P3,P3,a_baseline,111.33,0.0163,51.88,54.0,True,rigid_offset?+high_residual,67.07,target
sub-3180,ses-4,run-02,anode,target,-66.93815835,15.70991502,39.05813548,-68.89524189932676,9.469116706811986,37.47309297069537,active,1.957083549326768,6.240798313188014,1.5850425093046283,6.729791925553013,P3,P3,a_baseline,111.27,0.0184,51.78,54.15,True,rigid_offset?+high_residual,66.54,target
sub-3181,ses-1,run-01,anode,target,-60.71550968,12.3848288,32.36347393,-64.40712719414793,6.58110848580564,29.342751024897733,active,3.6916175141479357,5.80372031419436,3.0207229051022644,7.5123881838976825,P3,P3,a_baseline,114.14,0.0063,55.21,56.0,True,rigid_offset?+high_residual,65.87,target
sub-3181,ses-1,run-02,anode,target,-60.33641979,12.12184558,32.29884677,-64.40712719414793,6.58110848580564,29.342751024897733,active,4.070707404147932,5.540737094194361,2.956095745102264,7.483911301677611,P3,P3,a_baseline,114.78,0.003,55.13,55.53,True,rigid_offset?+high_residual,65.57,target
sub-3181,ses-2,run-01,anode,target,-61.57159973,9.82078639,32.6735599,-64.40712719414793,6.58110848580564,29.342751024897733,active,2.8355274641479298,3.2396779041943606,3.3308088751022673,5.443346092737663,P3,P3,a_baseline,113.28,0.0562,51.07,58.32,True,rigid_offset?+high_residual,66.58,target
sub-3181,ses-2,run-02,anode,target,-62.00992399,9.11179338,34.2370755,-64.40712719414793,6.58110848580564,29.342751024897733,active,2.397203204147935,2.5306848941943603,4.89432447510227,6.008773693796909,P3,P3,a_baseline,111.99,0.0514,51.44,57.83,True,rigid_offset?+high_residual,66.56,target
sub-3181,ses-3,run-01,anode,target,-64.17144884,10.81371185,19.49492411,-64.40712719414793,6.58110848580564,29.342751024897733,active,0.23567835414793592,4.232603364194361,-9.847826914897734,10.721481729266133,P3,P3,a_baseline,113.08,0.0303,53.02,57.09,True,rigid_offset?+high_residual,67.83,target
sub-3181,ses-3,run-02,anode,target,-63.56323344,10.58526145,19.80347646,-64.40712719414793,6.58110848580564,29.342751024897733,active,0.8438937541479348,4.004152964194361,-9.539274564897735,10.379940118009412,P3,P3,a_baseline,112.23,0.0273,53.42,57.12,True,rigid_offset?+high_residual,67.89,target
sub-3181,ses-4,run-01,anode,target,-62.94474473,3.93990649,32.03791207,-64.40712719414793,6.58110848580564,29.342751024897733,active,1.462382464147936,-2.64120199580564,2.695161045102264,4.047024031696848,P3,P3,a_baseline,116.01,0.0148,52.24,54.15,True,rigid_offset?+high_residual,64.38,target
sub-3181,ses-4,run-02,anode,target,-63.28428237,3.36522967,31.60956956,-64.40712719414793,6.58110848580564,29.342751024897733,active,1.1228448241479327,-3.2158788158056395,2.266818535102267,4.091591784152773,P3,P3,a_baseline,116.03,0.0161,52.14,53.99,True,rigid_offset?+high_residual,64.34,target
sub-3183,ses-1,run-01,anode,target,-73.19548319,13.19149233,12.2750626,-73.5730204722871,10.616218147834417,17.845887967188535,active,0.3775372822870935,2.5752741821655842,-5.570825367188535,6.1488752454864954,P3,P3,a_baseline,114.91,0.0123,52.79,54.2,True,rigid_offset?+high_residual,62.01,target
sub-3183,ses-1,run-02,anode,target,-72.75182102,12.32557305,12.27038825,-73.5730204722871,10.616218147834417,17.845887967188535,active,0.8211994522871038,1.7093549021655825,-5.575499717188535,5.889181591559526,P3,P3,a_baseline,112.04,0.0259,51.97,55.09,True,rigid_offset?+high_residual,61.91,target
sub-3183,ses-2,run-01,anode,target,-74.71614703,6.59511707,14.38675499,-73.5730204722871,10.616218147834417,17.845887967188535,active,-1.143126557712904,-4.021101077834417,-3.459132977188535,5.426010796062139,P3,P3,a_baseline,114.71,0.032,52.01,56.18,True,rigid_offset?+high_residual,61.26,target
sub-3183,ses-2,run-02,anode,target,-74.03436297,6.90699853,14.60489786,-73.5730204722871,10.616218147834417,17.845887967188535,active,-0.4613424977129057,-3.7092196178344166,-3.2409901071885354,4.9472380121051005,P3,P3,a_baseline,113.96,0.0242,52.32,55.51,True,different_montage?+high_residual,43.32,target
sub-3183,ses-3,run-02,anode,target,-74.0731616,11.15263771,2.98929369,-73.5730204722871,10.616218147834417,17.845887967188535,active,-0.500141127712908,0.5364195621655838,-14.856594277188535,14.874685899584401,P3,P3,a_baseline,114.88,0.0253,53.61,57.04,True,different_montage?+high_residual,49.97,target
sub-3183,ses-4,run-01,anode,target,-75.48795645,1.72683211,-7.08579919,-73.5730204722871,10.616218147834417,17.845887967188535,active,-1.9149359777129007,-8.889386037834416,-24.931687157188534,26.538221274838758,P3,P3,a_baseline,116.88,0.0351,54.44,58.97,True,different_montage?+high_residual,57.71,target
sub-3183,ses-4,run-02,anode,target,-74.76116454,1.55596114,-7.26065785,-73.5730204722871,10.616218147834417,17.845887967188535,active,-1.1881440677128978,-9.060257007834416,-25.106545817188536,26.717757882057416,P3,P3,a_baseline,116.61,0.0263,55.13,58.76,True,different_montage?+high_residual,57.9,target
sub-3184,ses-1,run-01,anode,target,-75.75192728,3.41603341,22.22352164,-76.297864852194,9.169028513693808,16.847250533323766,active,0.5459375721939921,-5.7529951036938085,5.376271106676235,7.89299002332701,P3,P3,a_baseline,113.78,0.0581,51.18,58.57,True,rigid_offset?+high_residual,62.98,target
sub-3184,ses-1,run-02,anode,target,-76.09559013,3.45660246,20.86207794,-76.297864852194,9.169028513693808,16.847250533323766,active,0.2022747221939909,-5.712426053693808,4.014827406676233,6.9850959612275245,P3,P3,a_baseline,112.85,0.0604,51.14,58.97,True,rigid_offset?+high_residual,62.99,target
sub-3184,ses-2,run-01,anode,target,-77.60504575,2.99268166,15.05680375,-76.297864852194,9.169028513693808,16.847250533323766,active,-1.3071808978060062,-6.176346853693808,-1.790446783323766,6.562140050367466,P3,P3,a_baseline,109.98,0.053,54.97,61.74,True,different_montage?+high_residual,45.35,target
sub-3184,ses-2,run-02,anode,target,-78.10938463,2.16883046,14.83824582,-76.297864852194,9.169028513693808,16.847250533323766,active,-1.811519777805998,-7.000198053693808,-2.009004713323767,7.504696971529095,P3,P3,a_baseline,110.55,0.0487,55.03,61.33,True,different_montage?+high_residual,45.51,target
sub-3184,ses-3,run-01,anode,target,-76.97633368,7.33721503,4.0264416,-76.297864852194,9.169028513693808,16.847250533323766,active,-0.6784688278060003,-1.831813483693808,-12.820808933323766,12.968770269155875,P3,P3,a_baseline,111.4,0.0382,52.9,58.04,True,different_montage?+high_residual,48.4,target
sub-3184,ses-3,run-02,anode,target,-77.49067837,7.20562183,3.30012908,-76.297864852194,9.169028513693808,16.847250533323766,active,-1.1928135178060018,-1.9634066836938082,-13.547121453323767,13.740533816593128,P3,P3,a_baseline,110.84,0.0341,52.84,57.44,True,different_montage?+high_residual,48.67,target
sub-3186,ses-1,run-01,anode,control,63.30923069,-28.84214511,56.97356888,56.97693626724976,-25.920543114888,61.96302082277257,active,6.332294422750238,-2.921601995111999,-4.989451942772568,8.574866853979316,P3,P3,a_baseline,112.27,0.0425,53.5,58.79,True,rigid_offset?+high_residual,69.13,control
sub-3186,ses-1,run-02,anode,control,62.96995427,-29.48673749,57.13799643,56.97693626724976,-25.920543114888,61.96302082277257,active,5.99301800275024,-3.5661943751119978,-4.825024392772569,8.480263409424216,P3,P3,a_baseline,111.88,0.0415,53.54,58.68,True,rigid_offset?+high_residual,69.03,control
sub-3186,ses-2,run-01,anode,control,64.07377649,-34.80547565,56.21825807,56.97693626724976,-25.920543114888,61.96302082277257,active,7.096840222750238,-8.884932535111997,-5.744762752772573,12.740073248862442,P3,P3,a_baseline,106.26,0.0313,56.33,60.69,True,rigid_offset?+high_residual,67.62,control
sub-3186,ses-2,run-02,anode,control,63.93418104,-35.01194747,55.99900702,56.97693626724976,-25.920543114888,61.96302082277257,active,6.9572447727502365,-9.091404355112001,-5.96401380277257,12.90838288151431,P3,P3,a_baseline,106.06,0.0319,56.21,60.66,True,rigid_offset?+high_residual,67.52,control
sub-3186,ses-3,run-01,anode,control,59.27998071,-23.79010924,60.93288968,56.97693626724976,-25.920543114888,61.96302082277257,active,2.3030444427502346,2.130433874888002,-1.030131142772568,3.3021102906873,P3,P3,a_baseline,105.09,0.0174,55.05,57.24,True,rigid_offset?+high_residual,68.54,control
sub-3186,ses-3,run-02,anode,control,59.23928912,-24.07611233,61.54075169,56.97693626724976,-25.920543114888,61.96302082277257,active,2.26235285275024,1.8444307848880008,-0.42226913277256983,2.9493179840570285,P3,P3,a_baseline,104.84,0.0141,55.37,57.3,True,rigid_offset?+high_residual,68.37,control
sub-3186,ses-4,run-01,anode,control,65.30953432,-36.16860887,53.47725686,56.97693626724976,-25.920543114888,61.96302082277257,active,8.332598052750235,-10.248065755111998,-8.485763962772573,15.6991474947427,P3,P3,a_baseline,106.69,0.0261,55.04,58.18,True,rigid_offset?+high_residual,68.75,control
sub-3186,ses-4,run-02,anode,control,64.97253677,-36.70229371,54.19421667,56.97693626724976,-25.920543114888,61.96302082277257,active,7.995600502750243,-10.781750595111998,-7.768804152772567,15.509032570051367,P3,P3,a_baseline,107.19,0.0262,54.95,58.07,True,rigid_offset?+high_residual,68.57,control
sub-3187,ses-1,run-01,anode,control,62.53742699,-21.37759009,47.72704132,55.50364107805964,-20.520211327417837,54.1931193626192,active,7.033785911940363,-0.8573787625821652,-6.466078042619202,9.592674697433445,P3,P3,a_baseline,107.91,0.0128,57.19,58.97,True,rigid_offset?+high_residual,69.71,control
sub-3187,ses-1,run-02,anode,control,61.62799494,-22.62445478,45.90778598,55.50364107805964,-20.520211327417837,54.1931193626192,active,6.124353861940364,-2.104243452582164,-8.2853333826192,10.515811903754406,P3,P3,a_baseline,107.49,0.0143,57.18,59.18,True,rigid_offset?+high_residual,70.0,control
sub-3187,ses-2,run-01,anode,control,63.85219065,-16.14964774,46.20648588,55.50364107805964,-20.520211327417837,54.1931193626192,active,8.34854957194036,4.370563587417838,-7.986633482619197,12.352587599871628,P3,P3,a_baseline,107.84,0.0139,56.64,58.59,True,rigid_offset?+high_residual,69.28,control
sub-3187,ses-2,run-02,anode,control,63.36057202,-16.20662219,43.85977157,55.50364107805964,-20.520211327417837,54.1931193626192,active,7.856930941940362,4.313589137417836,-10.3333477926192,13.679053025560545,P3,P3,a_baseline,108.84,0.0313,55.07,59.41,True,rigid_offset?+high_residual,69.83,control
sub-3187,ses-3,run-01,anode,control,61.22356272,-8.48171963,47.24444629,55.50364107805964,-20.520211327417837,54.1931193626192,active,5.71992164194036,12.038491697417836,-6.948673072619201,15.030863029409824,P3,P3,a_baseline,111.09,0.0145,56.89,58.9,True,rigid_offset?+high_residual,68.1,control
sub-3187,ses-3,run-02,anode,control,59.90702212,-9.24282233,45.68953346,55.50364107805964,-20.520211327417837,54.1931193626192,active,4.403381041940364,11.277388997417837,-8.5035859026192,14.794601731808283,P3,P3,a_baseline,111.7,0.0213,55.43,58.39,True,rigid_offset?+high_residual,68.06,control
sub-3187,ses-4,run-01,anode,control,67.24182545,-26.59443595,41.3346806,55.50364107805964,-20.520211327417837,54.1931193626192,active,11.738184371940356,-6.074224622582165,-12.858438762619201,18.439648167122826,P3,P3,a_baseline,103.64,0.0393,55.7,61.32,True,rigid_offset?+high_residual,69.03,control
sub-3187,ses-4,run-02,anode,control,65.43195897,-26.12280498,37.98841643,55.50364107805964,-20.520211327417837,54.1931193626192,active,9.92831789194036,-5.602593652582165,-16.2047029326192,19.81294902163265,P3,P3,a_baseline,105.49,0.0427,55.67,61.38,True,rigid_offset?+high_residual,69.62,control
sub-3188,ses-1,run-01,anode,control,59.96965066,-38.0114735,63.40097473,52.87952998351827,-35.0638293582276,70.49042578964637,active,7.090120676481732,-2.9476441417724004,-7.089451059646365,10.450776694615568,P3,P3,a_baseline,109.22,0.0159,58.36,60.43,True,rigid_offset?+high_residual,69.02,control
sub-3188,ses-1,run-02,anode,control,59.85111692,-38.32006092,63.20677771,52.87952998351827,-35.0638293582276,70.49042578964637,active,6.971586936481735,-3.2562315617724025,-7.283648079646369,10.59516860389403,P3,P3,a_baseline,109.26,0.024,57.55,60.59,True,rigid_offset?+high_residual,68.63,control
sub-3188,ses-2,run-01,anode,control,56.5518139,-30.67521691,67.98175091,52.87952998351827,-35.0638293582276,70.49042578964637,active,3.6722839164817316,4.388612448227601,-2.508674879646364,6.248122760938469,P3,P3,a_baseline,106.46,0.0216,56.94,59.79,True,different_montage?+high_residual,49.36,control
sub-3188,ses-2,run-02,anode,control,55.80018655,-31.76188671,68.18644116,52.87952998351827,-35.0638293582276,70.49042578964637,active,2.920656566481732,3.3019426482276018,-2.303984629646365,4.974073301145035,P3,P3,a_baseline,106.85,0.0217,56.74,59.65,True,different_montage?+high_residual,48.92,control
sub-3188,ses-3,run-01,anode,control,66.60664543,-29.73399114,53.32090457,52.87952998351827,-35.0638293582276,70.49042578964637,active,13.727115446481733,5.3298382182276,-17.169521219646363,22.61931327042012,P3,P3,a_baseline,97.87,0.0587,53.75,61.81,True,rigid_offset?+high_residual,69.85,control
sub-3188,ses-3,run-02,anode,control,65.77098791,-31.49658132,54.13349063,52.87952998351827,-35.0638293582276,70.49042578964637,active,12.891457926481735,3.5672480382276,-16.35693515964637,21.129701224895797,P3,P3,a_baseline,98.32,0.057,53.3,61.28,True,rigid_offset?+high_residual,69.03,control
sub-3188,ses-4,run-01,anode,control,60.35581028,-28.58864504,63.32210022,52.87952998351827,-35.0638293582276,70.49042578964637,active,7.4762802964817325,6.475184318227601,-7.168325569646363,12.215059168871328,P3,P3,a_baseline,105.4,0.0251,57.38,60.98,True,rigid_offset?+high_residual,71.69,control
sub-3188,ses-4,run-02,anode,control,60.27248237,-29.61097166,64.02099162,52.87952998351827,-35.0638293582276,70.49042578964637,active,7.392952386481731,5.4528576982276,-6.469434169646362,11.23579016096749,P3,P3,a_baseline,107.25,0.035,56.28,61.32,True,rigid_offset?+high_residual,71.35,control
sub-3189,ses-1,run-01,anode,control,55.779968,-19.76966771,81.38597872,48.9685874468949,-15.747144919482563,85.53092816127933,active,6.811380553105096,-4.022522790517437,-4.144949441279337,8.930632704921436,P3,P3,a_baseline,110.16,0.0011,59.52,59.66,True,rigid_offset?+high_residual,68.86,control
sub-3189,ses-1,run-02,anode,control,55.28616764,-20.25964869,82.17416299,48.9685874468949,-15.747144919482563,85.53092816127933,active,6.317580193105101,-4.512503770517435,-3.356765171279335,8.458273002827584,P3,P3,a_baseline,110.2,0.0019,59.72,59.99,True,rigid_offset?+high_residual,68.6,control
sub-3189,ses-2,run-01,anode,control,56.09792987,-15.561443,82.01366265,48.9685874468949,-15.747144919482563,85.53092816127933,active,7.129342423105101,0.18570191948256287,-3.5172655112793336,7.951928399175931,P3,P3,a_baseline,111.15,0.0427,56.03,61.97,True,rigid_offset?+high_residual,65.93,control
sub-3189,ses-2,run-02,anode,control,56.09276113,-15.9416992,82.43316271,48.9685874468949,-15.747144919482563,85.53092816127933,active,7.124173683105099,-0.19455428051743695,-3.0977654512793293,7.770962155760041,P3,P3,a_baseline,110.72,0.0445,56.2,62.07,True,rigid_offset?+high_residual,65.68,control
sub-3189,ses-3,run-01,anode,control,57.06718892,-14.28526574,80.30309202,48.9685874468949,-15.747144919482563,85.53092816127933,active,8.098601473105099,1.4618791794825636,-5.22783614127934,9.749600364920152,P3,P3,a_baseline,107.41,0.0503,51.0,57.69,True,rigid_offset?+high_residual,68.18,control
sub-3189,ses-3,run-02,anode,control,55.65082204,-14.13684988,79.76251972,48.9685874468949,-15.747144919482563,85.53092816127933,active,6.6822345931051,1.6102950394825637,-5.768408441279334,8.973285085011804,P3,P3,a_baseline,108.18,0.0574,50.68,58.35,True,rigid_offset?+high_residual,67.99,control
sub-3189,ses-4,run-01,anode,control,51.76264423,-23.20921457,84.51977102,48.9685874468949,-15.747144919482563,85.53092816127933,active,2.7940567831050984,-7.462069650517437,-1.011157141279341,8.031916056629901,P3,P3,a_baseline,106.68,0.0303,55.65,59.82,True,rigid_offset?+high_residual,68.35,control
sub-3189,ses-4,run-02,anode,control,51.87617393,-24.23732253,85.0400764,48.9685874468949,-15.747144919482563,85.53092816127933,active,2.9075864831050993,-8.490177610517437,-0.4908517612793304,8.98766434989748,P3,P3,a_baseline,107.74,0.0352,55.87,60.23,True,rigid_offset?+high_residual,68.46,control
sub-3190,ses-1,run-01,anode,target,-70.58732644,5.99803823,17.45182616,-69.17216551401289,9.430550858901226,26.9317598775928,active,-1.4151609259871094,-3.432512628901226,-9.4799337175928,10.181059212280417,P3,P3,a_baseline,106.27,0.064,49.69,58.11,True,different_montage?+high_residual,45.91,target
sub-3190,ses-1,run-02,anode,target,-70.58569147,5.51056339,17.67765937,-69.17216551401289,9.430550858901226,26.9317598775928,active,-1.4135259559871116,-3.919987468901226,-9.2541005075928,10.149026238473384,P3,P3,a_baseline,104.86,0.0539,50.46,57.6,True,different_montage?+high_residual,45.92,target
sub-3190,ses-2,run-01,anode,target,-70.44551363,4.44431392,9.42188997,-69.17216551401289,9.430550858901226,26.9317598775928,active,-1.2733481159871047,-4.986236938901226,-17.5098699075928,18.25046625202148,P3,P3,a_baseline,112.21,0.0252,54.26,57.69,True,rigid_offset?+high_residual,51.58,target
sub-3190,ses-2,run-02,anode,target,-70.63846951,4.02850549,9.77226134,-69.17216551401289,9.430550858901226,26.9317598775928,active,-1.4663039959871043,-5.402045368901226,-17.1594985375928,18.04939144785675,P3,P3,a_baseline,111.8,0.0231,54.69,57.87,True,rigid_offset?+high_residual,51.38,target
sub-3190,ses-3,run-01,anode,target,-69.04318313,8.66316771,24.14229757,-69.17216551401289,9.430550858901226,26.9317598775928,active,0.1289823840128861,-0.7673831489012262,-2.7894623075927996,2.8959650063638813,P3,P3,a_baseline,108.58,0.0422,53.38,58.81,True,rigid_offset?+high_residual,63.2,target
sub-3190,ses-3,run-02,anode,target,-68.79456654,9.25601877,22.83369583,-69.17216551401289,9.430550858901226,26.9317598775928,active,0.37759897401288356,-0.17453208890122518,-4.0980640475928,4.119122646074585,P3,P3,a_baseline,109.37,0.0332,53.86,58.19,True,rigid_offset?+high_residual,64.14,target
sub-3190,ses-4,run-01,anode,target,-71.74818269,6.2613818,11.31333397,-69.17216551401289,9.430550858901226,26.9317598775928,active,-2.5760171759871042,-3.1691690589012262,-15.6184259075928,16.143566051088076,P3,P3,a_baseline,117.13,0.0481,52.74,59.34,True,rigid_offset?+high_residual,51.28,target
sub-3190,ses-4,run-02,anode,target,-69.36783798,5.06523857,11.48701019,-69.17216551401289,9.430550858901226,26.9317598775928,active,-0.19567246598711563,-4.365312288901226,-15.4447496875928,16.050997850787205,P3,P3,a_baseline,117.2,0.0414,53.33,59.03,True,rigid_offset?+high_residual,51.23,target
sub-3191,ses-1,run-01,anode,control,57.77522239,-65.43022584,58.97687422,47.94758947130763,-58.42525600829381,68.39030568170121,active,9.827632918692373,-7.004969831706198,-9.413431461701208,15.305706877234586,P3,P3,a_baseline,105.43,0.0299,55.2,59.33,True,rigid_offset?+high_residual,68.91,control
sub-3191,ses-1,run-02,anode,control,56.11356922,-64.98894067,56.42460653,47.94758947130763,-58.42525600829381,68.39030568170121,active,8.165979748692372,-6.563684661706198,-11.965699151701209,15.904186171678015,P3,P3,a_baseline,105.18,0.0453,53.94,60.19,True,rigid_offset?+high_residual,69.14,control
sub-3191,ses-2,run-01,anode,control,55.1458401,-56.67037685,64.24298199,47.94758947130763,-58.42525600829381,68.39030568170121,active,7.198250628692371,1.7548791582938108,-4.147323691701203,8.49086019066562,P3,P3,a_baseline,112.05,0.0492,53.23,60.04,True,rigid_offset?+high_residual,68.93,control
sub-3191,ses-2,run-02,anode,control,53.88887287,-57.22821348,63.38502527,47.94758947130763,-58.42525600829381,68.39030568170121,active,5.94128339869237,1.1970425282938066,-5.005280411701207,7.860317502358375,P3,P3,a_baseline,112.2,0.0586,52.31,60.4,True,rigid_offset?+high_residual,68.51,control
sub-3191,ses-3,run-01,anode,control,57.72390315,-45.7043949,64.16078485,47.94758947130763,-58.42525600829381,68.39030568170121,active,9.776313678692368,12.72086110829381,-4.229520831701208,16.59172875099168,P3,P3,a_baseline,108.38,0.023,56.26,59.06,True,rigid_offset?+high_residual,72.32,control
sub-3191,ses-3,run-02,anode,control,57.38225844,-46.45505878,63.06289257,47.94758947130763,-58.42525600829381,68.39030568170121,active,9.434668968692371,11.970197228293806,-5.327413111701205,16.14558548631128,P3,P3,a_baseline,107.94,0.0279,55.79,59.33,True,rigid_offset?+high_residual,71.92,control
sub-3193,ses-1,run-01,anode,control,65.4164787,-31.98748755,55.35262702,55.14910769661477,-29.9564531043614,63.88721495963217,active,10.267371003385229,-2.0310344456386,-8.534587939632168,13.50493241522671,P3,P3,a_baseline,107.76,0.0225,56.44,59.27,True,rigid_offset?+high_residual,72.38,control
sub-3193,ses-1,run-02,anode,control,64.1261133,-32.53217312,55.97283542,55.14910769661477,-29.9564531043614,63.88721495963217,active,8.97700560338523,-2.575720015638602,-7.914379539632165,12.241665193082163,P3,P3,a_baseline,108.32,0.0316,55.68,59.8,True,rigid_offset?+high_residual,72.02,control
sub-3193,ses-2,run-01,anode,control,62.87124222,-28.30657499,58.59179545,55.14910769661477,-29.9564531043614,63.88721495963217,active,7.722134523385229,1.6498781143613996,-5.295419509632168,9.507624686140053,P3,P3,a_baseline,110.71,0.0113,57.67,59.19,True,rigid_offset?+high_residual,67.24,control
sub-3193,ses-2,run-02,anode,control,62.46337363,-29.47226317,59.67208091,55.14910769661477,-29.9564531043614,63.88721495963217,active,7.314265933385229,0.48418993436139957,-4.215134049632169,8.455783884016023,P3,P3,a_baseline,110.2,0.0101,57.55,58.88,True,rigid_offset?+high_residual,66.76,control
sub-3193,ses-3,run-01,anode,control,62.74882802,-29.41100884,57.61679962,55.14910769661477,-29.9564531043614,63.88721495963217,active,7.5997203233852275,0.5454442643614001,-6.270415339632166,9.867693092648027,P3,P3,a_baseline,110.99,0.0053,57.77,58.47,True,rigid_offset?+high_residual,69.8,control
sub-3193,ses-3,run-02,anode,control,62.03479219,-32.23337534,58.87433693,55.14910769661477,-29.9564531043614,63.88721495963217,active,6.885684493385227,-2.276922235638601,-5.012878029632169,8.816233433250288,P3,P3,a_baseline,112.29,0.0093,57.31,58.54,True,rigid_offset?+high_residual,69.47,control
sub-3193,ses-4,run-01,anode,control,66.72155051,-25.72204861,54.61569375,55.14910769661477,-29.9564531043614,63.88721495963217,active,11.57244281338523,4.234404494361399,-9.27152120963217,15.421177634396106,P3,P3,a_baseline,107.37,0.012,56.67,58.31,True,rigid_offset?+high_residual,68.03,control
sub-3193,ses-4,run-02,anode,control,66.32892462,-27.38808148,54.3215724,55.14910769661477,-29.9564531043614,63.88721495963217,active,11.179816923385225,2.5683716243614008,-9.565642559632167,14.936075683387578,P3,P3,a_baseline,109.22,0.0224,55.3,58.11,True,rigid_offset?+high_residual,68.12,control
sub-3195,ses-1,run-01,anode,control,58.52181036,-2.30326596,69.57272023,57.265993999155,-9.833598119443373,73.4057859508283,active,1.255816360845003,7.530332159443373,-3.8330657208283014,8.542562261049202,P3,P3,a_baseline,112.07,0.0258,56.7,60.4,True,rigid_offset?+high_residual,69.16,control
sub-3195,ses-1,run-02,anode,control,57.23707905,-2.14845385,68.6595403,57.265993999155,-9.833598119443373,73.4057859508283,active,-0.028914949155002034,7.685144269443373,-4.7462456508283,9.032669942738387,P3,P3,a_baseline,112.85,0.0325,56.35,60.98,True,rigid_offset?+high_residual,69.46,control
sub-3195,ses-2,run-01,anode,control,58.21927444,-0.12696526,70.80240966,57.265993999155,-9.833598119443373,73.4057859508283,active,0.9532804408449991,9.706632859443372,-2.603376290828308,10.094802285263956,P3,P3,a_baseline,111.96,0.0346,57.04,61.75,True,rigid_offset?+high_residual,68.87,control
sub-3195,ses-2,run-02,anode,control,57.36771276,-0.20843783,70.39068746,57.265993999155,-9.833598119443373,73.4057859508283,active,0.10171876084500298,9.625160289443373,-3.015098490828308,10.086866521035194,P3,P3,a_baseline,112.75,0.055,54.88,62.26,True,rigid_offset?+high_residual,68.51,control
sub-3196,ses-1,run-01,anode,control,57.06772847,-28.22924719,60.96700792,49.22069451404229,-24.829591797728167,64.40753540175133,active,7.847033955957706,-3.399655392271832,-3.4405274817513316,9.217962250131118,P3,P3,a_baseline,103.49,0.0146,58.18,60.28,True,rigid_offset?+high_residual,67.4,control
sub-3196,ses-1,run-02,anode,control,56.25781376,-28.49502037,60.69409239,49.22069451404229,-24.829591797728167,64.40753540175133,active,7.0371192459577045,-3.665428572271832,-3.7134430117513304,8.760483599766616,P3,P3,a_baseline,103.72,0.0183,58.26,60.56,True,rigid_offset?+high_residual,67.14,control
sub-3196,ses-2,run-01,anode,control,57.75159999,-25.29434832,59.74333025,49.22069451404229,-24.829591797728167,64.40753540175133,active,8.53090547595771,-0.46475652227183417,-4.664205151751332,9.733815108288379,P3,P3,a_baseline,102.44,0.0221,57.27,60.1,True,rigid_offset?+high_residual,67.92,control
sub-3196,ses-2,run-02,anode,control,57.94204079,-25.20203957,60.39987784,49.22069451404229,-24.829591797728167,64.40753540175133,active,8.721346275957707,-0.37244777227183334,-4.00765756175133,9.605306728079757,P3,P3,a_baseline,103.69,0.0254,56.98,60.48,True,rigid_offset?+high_residual,67.9,control
sub-3196,ses-3,run-01,anode,control,52.43945921,-19.51706361,63.94239663,49.22069451404229,-24.829591797728167,64.40753540175133,active,3.2187646959577094,5.312528187728166,-0.46513877175133445,6.228945014232858,P3,P3,a_baseline,109.36,0.0483,56.42,63.46,True,rigid_offset?+high_residual,70.95,control
sub-3196,ses-3,run-02,anode,control,51.47028581,-19.68150978,63.6264424,49.22069451404229,-24.829591797728167,64.40753540175133,active,2.249591295957707,5.148082017728168,-0.78109300175133,5.672170284599159,P3,P3,a_baseline,110.12,0.0618,54.23,63.11,True,rigid_offset?+high_residual,70.47,control
sub-3196,ses-4,run-01,anode,control,38.05827849,-22.54849367,73.52094005,49.22069451404229,-24.829591797728167,64.40753540175133,active,-11.162416024042294,2.2810981277281677,9.113404648248661,14.589622491512296,P3,P3,a_baseline,112.33,0.0573,52.04,59.34,True,rigid_offset?+high_residual,70.92,control
sub-3196,ses-4,run-02,anode,control,38.55658737,-22.92575555,74.15133133,49.22069451404229,-24.829591797728167,64.40753540175133,active,-10.66410714404229,1.9038362477281652,9.743795928248673,14.570152117570114,P3,P3,a_baseline,111.84,0.0497,52.75,59.28,True,rigid_offset?+high_residual,71.12,control
sub-3197,ses-1,run-01,anode,control,69.45311026,-28.75321312,82.1954659,54.111267612892966,-29.4449088016102,94.9648039332636,active,15.341842647107036,0.6916956816101987,-12.769338033263594,19.972645606736794,P3,P3,a_baseline,103.32,0.0099,57.52,58.82,True,rigid_offset?+high_residual,70.02,control
sub-3197,ses-1,run-02,anode,control,68.77617413,-30.10252055,82.7170107,54.111267612892966,-29.4449088016102,94.9648039332636,active,14.664906517107035,-0.657611748389801,-12.247793233263593,19.11806411360434,P3,P3,a_baseline,101.99,0.0146,56.95,59.0,True,rigid_offset?+high_residual,69.84,control
sub-3197,ses-2,run-01,anode,control,63.55886326,-46.52356653,86.5480117,54.111267612892966,-29.4449088016102,94.9648039332636,active,9.447595647107036,-17.078657728389796,-8.416792233263592,21.255117144176143,P3,P3,a_baseline,104.18,0.0247,56.79,60.15,True,rigid_offset?+high_residual,72.22,control
sub-3197,ses-2,run-02,anode,control,63.25850609,-46.82757976,86.86789239,54.111267612892966,-29.4449088016102,94.9648039332636,active,9.147238477107031,-17.3826709583898,-8.096911543263602,21.245921913255515,P3,P3,a_baseline,104.62,0.0187,57.21,59.7,True,rigid_offset?+high_residual,72.18,control
sub-3197,ses-3,run-01,anode,control,60.74861932,-40.46980996,90.51132756,54.111267612892966,-29.4449088016102,94.9648039332636,active,6.637351707107037,-11.024901158389799,-4.453476373263598,13.617501057217456,P3,P3,a_baseline,107.69,0.0292,55.64,59.26,True,rigid_offset?+high_residual,68.78,control
sub-3197,ses-3,run-02,anode,control,60.28923584,-40.86267881,88.97265357,54.111267612892966,-29.4449088016102,94.9648039332636,active,6.177968227107037,-11.417770008389798,-5.99215036326359,14.298203710801914,P3,P3,a_baseline,108.45,0.0252,55.81,59.22,True,rigid_offset?+high_residual,69.53,control
sub-3199,ses-1,run-01,anode,control,56.99347221,-28.44023563,66.04064638,53.357578698259736,-25.701992623670733,68.2489214426754,active,3.6358935117402638,-2.7382430063292666,-2.2082750626753977,5.059068604284796,P3,P3,a_baseline,108.01,0.0028,58.72,59.11,True,rigid_offset?+high_residual,68.94,control
sub-3199,ses-1,run-02,anode,control,57.01441972,-28.6359819,66.30180239,53.357578698259736,-25.701992623670733,68.2489214426754,active,3.656841021740263,-2.9339892763292674,-1.94711905267539,5.076618159482651,P3,P3,a_baseline,107.86,0.0061,58.62,59.4,True,rigid_offset?+high_residual,68.86,control
sub-3199,ses-2,run-01,anode,control,56.05071678,-19.93743655,66.74993887,53.357578698259736,-25.701992623670733,68.2489214426754,active,2.6931380817402655,5.764556073670732,-1.498982572675402,6.536822485504585,P3,P3,a_baseline,108.63,0.0106,56.27,57.75,True,rigid_offset?+high_residual,69.14,control
sub-3199,ses-2,run-02,anode,control,55.7549346,-20.46635043,66.3485989,53.357578698259736,-25.701992623670733,68.2489214426754,active,2.397355901740262,5.235642193670735,-1.9003225426753971,6.063867599639232,P3,P3,a_baseline,109.64,0.0074,56.6,57.63,True,rigid_offset?+high_residual,68.8,control
sub-3199,ses-3,run-01,anode,control,48.95494926,-32.45035789,72.66241592,53.357578698259736,-25.701992623670733,68.2489214426754,active,-4.402629438259737,-6.748365266329266,4.413494477324605,9.187084044450954,P3,P3,a_baseline,103.9,0.0219,56.15,58.94,True,rigid_offset?+high_residual,67.79,control
sub-3199,ses-3,run-02,anode,control,48.62752931,-33.1290848,72.87391385,53.357578698259736,-25.701992623670733,68.2489214426754,active,-4.7300493882597365,-7.427092176329268,4.624992407324598,9.946135942107261,P3,P3,a_baseline,104.15,0.0341,54.84,59.09,True,rigid_offset?+high_residual,67.7,control
sub-3199,ses-4,run-01,anode,control,48.26740037,-25.68316759,73.73705239,53.357578698259736,-25.701992623670733,68.2489214426754,active,-5.090178328259739,0.018825033670733404,5.488130947324606,7.48530901769325,P3,P3,a_baseline,109.71,0.0368,55.32,60.34,True,rigid_offset?+high_residual,70.69,control
sub-3199,ses-4,run-02,anode,control,48.33101742,-26.34007517,73.65652496,53.357578698259736,-25.701992623670733,68.2489214426754,active,-5.026561278259734,-0.6380825463292652,5.407603517324603,7.4105089852594865,P3,P3,a_baseline,109.77,0.0392,55.17,60.54,True,rigid_offset?+high_residual,70.69,control
sub-3201,ses-1,run-01,anode,target,-69.28871944,9.92787807,21.52480595,-64.406865230135,15.425236064325633,32.6925882786853,active,-4.881854209864997,-5.4973579943256325,-11.167782328685298,13.370594885234096,P3,P3,a_baseline,110.39,0.0554,50.8,58.08,True,rigid_offset?+high_residual,66.08,target
sub-3201,ses-1,run-02,anode,target,-68.47568115,8.81201358,22.63992835,-64.406865230135,15.425236064325633,32.6925882786853,active,-4.068815919865003,-6.613222484325632,-10.052659928685298,12.702202417641283,P3,P3,a_baseline,110.27,0.0535,50.75,57.7,True,rigid_offset?+high_residual,65.6,target
sub-3201,ses-2,run-01,anode,target,-65.67700336,18.33034416,23.9049122,-64.406865230135,15.425236064325633,32.6925882786853,active,-1.2701381298650034,2.9051080956743665,-8.787676078685301,9.342170774524922,P3,P3,a_baseline,112.88,0.0229,53.27,56.19,True,rigid_offset?+high_residual,66.25,target
sub-3201,ses-2,run-02,anode,target,-65.60244634,15.97109446,25.95909344,-64.406865230135,15.425236064325633,32.6925882786853,active,-1.195581109865003,0.545858395674367,-6.733494838685299,6.860563265577819,P3,P3,a_baseline,111.81,0.0202,53.04,55.66,True,rigid_offset?+high_residual,65.56,target
sub-3202,ses-1,run-01,anode,target,-71.61884202,2.55965623,-5.63427167,-69.10857014931584,15.0717025118759,19.45460104904253,active,-2.5102718706841642,-12.5120462818759,-25.08887271904253,28.147900478310444,P3,P3,a_baseline,112.19,0.0139,52.68,54.33,True,different_montage?+high_residual,56.16,target
sub-3202,ses-1,run-02,anode,target,-71.4553788,1.7791728,-4.96201109,-69.10857014931584,15.0717025118759,19.45460104904253,active,-2.346808650684167,-13.2925297118759,-24.41661213904253,27.899279656157233,P3,P3,a_baseline,111.36,0.0088,52.61,53.62,True,different_montage?+high_residual,55.33,target
sub-3202,ses-2,run-01,anode,target,-70.36465587,8.62600282,9.13577432,-69.10857014931584,15.0717025118759,19.45460104904253,active,-1.256085720684169,-6.4456996918759,-10.31882672904253,12.23122973864682,P3,P3,a_baseline,110.78,0.0235,51.5,54.33,True,rigid_offset?+high_residual,65.46,target
sub-3202,ses-2,run-02,anode,target,-69.50724631,9.37228298,10.11724595,-69.10857014931584,15.0717025118759,19.45460104904253,active,-0.3986761606841611,-5.6994195318759004,-9.337355099042531,10.946621667301832,P3,P3,a_baseline,113.11,0.021,52.19,54.67,True,rigid_offset?+high_residual,65.38,target
sub-3202,ses-3,run-01,anode,target,-70.51594808,7.1346756,15.41374891,-69.10857014931584,15.0717025118759,19.45460104904253,active,-1.407377930684163,-7.9370269118759005,-4.04085213904253,9.01696150869148,P3,P3,a_baseline,112.64,0.016,53.33,55.4,True,rigid_offset?+high_residual,62.57,target
sub-3202,ses-3,run-02,anode,target,-70.37010386,6.54503153,16.90289422,-69.10857014931584,15.0717025118759,19.45460104904253,active,-1.2615337106841622,-8.526670981875899,-2.55170682904253,8.989259873745965,P3,P3,a_baseline,112.26,0.0195,53.24,55.82,True,rigid_offset?+high_residual,62.57,target
sub-3202,ses-4,run-01,anode,target,-70.53708125,11.48231088,10.78151085,-69.10857014931584,15.0717025118759,19.45460104904253,active,-1.4285111006841618,-3.5893916318759,-8.67309019904253,9.494570545974485,P3,P3,a_baseline,111.75,0.0183,53.14,55.58,True,different_montage?+high_residual,46.24,target
sub-3202,ses-4,run-02,anode,target,-68.28637716,8.82356692,13.4312363,-69.10857014931584,15.0717025118759,19.45460104904253,active,0.8221929893158375,-6.248135591875901,-6.02336474904253,8.717575499309124,P3,P3,a_baseline,110.51,0.0163,53.33,55.5,True,rigid_offset?+high_residual,63.98,target
sub-3203,ses-1,run-01,anode,target,-65.4690631,25.50634903,11.09310444,-63.81131451427766,25.7392399028104,21.79589031904337,active,-1.657748585722338,-0.2328908728104011,-10.70278587904337,10.832912540252181,P3,P3,a_baseline,114.41,0.0345,53.63,57.88,True,rigid_offset?+high_residual,48.55,target
sub-3203,ses-1,run-02,anode,target,-65.68636249,24.98451172,11.26623747,-63.81131451427766,25.7392399028104,21.79589031904337,active,-1.8750479757223317,-0.7547281828103998,-10.52965284904337,10.72189389345725,P3,P3,a_baseline,114.18,0.0383,53.13,58.07,True,rigid_offset?+high_residual,48.3,target
sub-3203,ses-2,run-01,anode,target,-68.16804882,17.4341914,13.08522619,-63.81131451427766,25.7392399028104,21.79589031904337,active,-4.356734305722334,-8.3050485028104,-8.71066412904337,12.799634135931152,P3,P3,a_baseline,114.62,0.0385,52.33,57.5,True,rigid_offset?+high_residual,65.98,target
sub-3203,ses-2,run-02,anode,target,-67.96594384,17.0517525,13.30581858,-63.81131451427766,25.7392399028104,21.79589031904337,active,-4.154629325722333,-8.687487402810401,-8.490071739043369,12.838017773092709,P3,P3,a_baseline,114.26,0.0396,52.45,57.8,True,rigid_offset?+high_residual,66.08,target
sub-3203,ses-3,run-01,anode,target,-65.04799972,22.66231429,23.69831081,-63.81131451427766,25.7392399028104,21.79589031904337,active,-1.2366852057223454,-3.076925612810399,1.9024204909566294,3.82309629086593,P3,P3,a_baseline,111.68,0.0449,50.48,56.01,True,rigid_offset?+high_residual,63.19,target
sub-3203,ses-3,run-02,anode,target,-64.78431446,21.96235079,23.55972204,-63.81131451427766,25.7392399028104,21.79589031904337,active,-0.9729999457223428,-3.7768891128104016,1.763831720956631,4.280504947397474,P3,P3,a_baseline,111.03,0.0481,50.61,56.45,True,rigid_offset?+high_residual,63.45,target
sub-3203,ses-4,run-01,anode,target,-67.57687534,15.85138717,13.7812193,-63.81131451427766,25.7392399028104,21.79589031904337,active,-3.765560825722339,-9.8878527328104,-8.01467101904337,13.273433298941706,P3,P3,a_baseline,117.6,0.0353,53.23,57.52,True,rigid_offset?+high_residual,48.19,target
sub-3203,ses-4,run-02,anode,target,-67.21611277,15.31416927,14.39821864,-63.81131451427766,25.7392399028104,21.79589031904337,active,-3.4047982557223335,-10.4250706328104,-7.39767167904337,13.228767710265988,P3,P3,a_baseline,118.05,0.0394,53.25,58.16,True,rigid_offset?+high_residual,48.09,target
sub-3204,ses-1,run-01,anode,target,-76.65507275,15.48880258,17.80744232,-75.87339928476511,16.25793768663337,26.49329561450693,active,-0.7816734652348885,-0.7691351066333691,-8.68585329450693,8.754806089925987,P3,P3,a_baseline,113.42,0.054,54.64,61.32,True,rigid_offset?+high_residual,48.27,target
sub-3204,ses-1,run-02,anode,target,-76.9661904,15.17218117,18.01111911,-75.87339928476511,16.25793768663337,26.49329561450693,active,-1.0927911152348884,-1.085756516633369,-8.482176504506931,8.620926741862359,P3,P3,a_baseline,113.58,0.0494,54.49,60.77,True,rigid_offset?+high_residual,64.98,target
sub-3204,ses-2,run-01,anode,target,-77.42291928,7.82740043,25.0919903,-75.87339928476511,16.25793768663337,26.49329561450693,active,-1.5495199952348884,-8.430537256633368,-1.4013053145069314,8.685541274761256,P3,P3,a_baseline,113.77,0.0605,52.93,60.77,True,rigid_offset?+high_residual,65.05,target
sub-3204,ses-2,run-02,anode,target,-77.6071258,7.09503276,24.682406,-75.87339928476511,16.25793768663337,26.49329561450693,active,-1.733726515234892,-9.16290492663337,-1.8108896145069302,9.499681864151013,P3,P3,a_baseline,113.71,0.0578,53.29,60.7,True,rigid_offset?+high_residual,65.26,target
sub-3204,ses-4,run-01,anode,target,-76.24799121,15.97951996,21.59252671,-75.87339928476511,16.25793768663337,26.49329561450693,active,-0.3745919252348813,-0.2784177266333696,-4.900768904506929,4.922943367167341,P3,P3,a_baseline,110.92,0.0209,53.99,56.82,True,rigid_offset?+high_residual,64.12,target
sub-3204,ses-4,run-02,anode,target,-80.5272053,14.53044971,22.68035443,-75.87339928476511,16.25793768663337,26.49329561450693,active,-4.653806015234892,-1.7274879766333697,-3.812941184506929,6.2594445131623635,P3,P3,a_baseline,113.07,0.0143,55.03,56.92,True,rigid_offset?+high_residual,64.78,target
sub-3205,ses-1,run-01,anode,control,41.25736911,-37.37815941,72.18678307,41.50408064769117,-34.20394285100923,70.79001732017034,active,-0.24671153769116927,-3.1742165589907714,1.3967657498296688,3.476704172934245,P3,P3,a_baseline,106.89,0.0491,54.84,61.86,True,rigid_offset?+high_residual,65.44,control
sub-3205,ses-1,run-02,anode,control,41.3539756,-39.13117478,72.58348224,41.50408064769117,-34.20394285100923,70.79001732017034,active,-0.15010504769117006,-4.927231928990771,1.7934649198296597,5.245632700262962,P3,P3,a_baseline,106.98,0.0551,54.64,62.5,True,rigid_offset?+high_residual,65.71,control
sub-3205,ses-2,run-01,anode,control,48.87528512,-32.8381071,68.23477532,41.50408064769117,-34.20394285100923,70.79001732017034,active,7.371204472308833,1.3658357510092287,-2.555242000170338,7.920190928933165,P3,P3,a_baseline,102.43,0.0324,53.68,57.99,True,rigid_offset?+high_residual,66.87,control
sub-3205,ses-2,run-02,anode,control,47.9594616,-34.53998721,69.13653427,41.50408064769117,-34.20394285100923,70.79001732017034,active,6.455380952308829,-0.3360443589907689,-1.6534830501703368,6.672246641712352,P3,P3,a_baseline,101.55,0.0403,53.07,58.46,True,rigid_offset?+high_residual,66.26,control
sub-3205,ses-3,run-01,anode,control,49.79099663,-36.18779838,66.27067427,41.50408064769117,-34.20394285100923,70.79001732017034,active,8.286915982308834,-1.983855528990766,-4.519343050170335,9.645367844871222,P3,P3,a_baseline,107.54,0.0109,57.74,59.29,True,rigid_offset?+high_residual,68.24,control
sub-3205,ses-3,run-02,anode,control,49.37932541,-36.55575924,65.34643564,41.50408064769117,-34.20394285100923,70.79001732017034,active,7.8752447623088315,-2.3518163889907697,-5.44358168017034,9.858149009955389,P3,P3,a_baseline,106.05,0.0097,57.97,59.33,True,rigid_offset?+high_residual,68.15,control
sub-3205,ses-4,run-01,anode,control,52.31501689,-34.39388097,64.05564358,41.50408064769117,-34.20394285100923,70.79001732017034,active,10.810936242308834,-0.18993811899076718,-6.734373740170341,12.738296926850476,P3,P3,a_baseline,107.14,0.0291,57.6,61.67,True,rigid_offset?+high_residual,69.13,control
sub-3205,ses-4,run-02,anode,control,51.54964269,-34.76742453,64.58109379,41.50408064769117,-34.20394285100923,70.79001732017034,active,10.04556204230883,-0.5634816789907688,-6.208923530170338,11.822925177465054,P3,P3,a_baseline,106.45,0.0479,55.44,62.32,True,rigid_offset?+high_residual,68.96,control
sub-3206,ses-1,run-01,anode,target,-72.64615501,10.49585143,5.12774016,-67.2688617622277,17.5997780862668,22.0646797898452,active,-5.3772932477723,-7.103926656266799,-16.9369396298452,19.137423563143926,P3,P3,a_baseline,111.09,0.0182,54.98,57.43,True,rigid_offset?+high_residual,64.91,target
sub-3206,ses-1,run-02,anode,target,-72.58728705,9.91438463,4.76544672,-67.2688617622277,17.5997780862668,22.0646797898452,active,-5.3184252877723,-7.685393456266798,-17.2992330698452,19.66251217225485,P3,P3,a_baseline,110.76,0.0149,55.2,57.19,True,rigid_offset?+high_residual,65.03,target
sub-3206,ses-2,run-01,anode,target,-67.68092728,4.86501136,26.46847903,-67.2688617622277,17.5997780862668,22.0646797898452,active,-0.41206551777230516,-12.734766726266798,4.4037992401548,13.481006242523476,P3,P3,a_baseline,108.28,0.0577,50.37,57.9,True,rigid_offset?+high_residual,58.62,target
sub-3206,ses-2,run-02,anode,target,-66.9518634,4.77221701,26.28030902,-67.2688617622277,17.5997780862668,22.0646797898452,active,0.3169983622277073,-12.827561076266798,4.2156292301548,13.506233410286736,P3,P3,a_baseline,107.32,0.0549,50.5,57.71,True,rigid_offset?+high_residual,58.55,target
sub-3206,ses-3,run-01,anode,target,-73.2812026,-3.15901525,3.94079253,-67.2688617622277,17.5997780862668,22.0646797898452,active,-6.0123408377722996,-20.7587933362668,-18.1238872598452,28.205514222133203,P3,P3,a_baseline,107.7,0.0495,50.59,57.08,True,rigid_offset?+high_residual,51.73,target
sub-3206,ses-4,run-01,anode,target,-71.28413329,14.46804946,7.43805517,-67.2688617622277,17.5997780862668,22.0646797898452,active,-4.015271527772299,-3.131728626266799,-14.6266246198452,15.487681472711776,P3,P3,a_baseline,112.6,0.0308,55.05,58.95,True,different_montage?+high_residual,51.43,target
sub-3206,ses-4,run-02,anode,target,-70.74435358,12.9694151,6.77059738,-67.2688617622277,17.5997780862668,22.0646797898452,active,-3.475491817772294,-4.630362986266798,-15.2940824098452,16.353233977385884,P3,P3,a_baseline,115.88,0.0366,54.22,59.17,True,different_montage?+high_residual,51.73,target
sub-3210,ses-1,run-01,anode,target,-3.69554435,78.80528851,-19.73627506,-65.60736131572445,11.179418928120777,23.665151157448932,active,61.91181696572445,67.62586958187921,-43.40142621744893,101.43971172283253,P3,P3,a_baseline,50.39,0.7272,31.08,131.52,False,different_montage?+high_residual,69.46,target
sub-3210,ses-1,run-02,anode,target,-65.45777623,11.4059729,11.53307741,-65.60736131572445,11.179418928120777,23.665151157448932,active,0.1495850857244534,0.22655397187922333,-12.132073747448931,12.135110869439348,P3,P3,a_baseline,68.09,0.0208,52.91,55.66,True,different_montage?+high_residual,56.19,target
sub-3210,ses-2,run-02,anode,target,-64.61798916,16.41591561,11.56227484,-65.60736131572445,11.179418928120777,23.665151157448932,active,0.9893721557244533,5.236496681879222,-12.102876317448931,13.224196380775702,P3,P3,a_baseline,111.38,0.0109,55.43,56.89,True,rigid_offset?+high_residual,48.9,target
sub-3210,ses-3,run-01,anode,target,-64.92497851,11.91748825,10.44737899,-65.60736131572445,11.179418928120777,23.665151157448932,active,0.6823828057244441,0.7380693218792231,-13.217772167448931,13.255938053869867,P3,P3,a_baseline,114.06,0.0316,54.55,58.69,True,rigid_offset?+high_residual,50.01,target
sub-3210,ses-3,run-02,anode,target,-64.67193425,11.86259861,10.39428207,-65.60736131572445,11.179418928120777,23.665151157448932,active,0.9354270657244399,0.6831796818792224,-13.270869087448933,13.321325932850307,P3,P3,a_baseline,113.3,0.0334,54.41,58.98,True,rigid_offset?+high_residual,50.15,target
sub-3210,ses-4,run-01,anode,target,-67.74336726,7.29456878,7.87291008,-65.60736131572445,11.179418928120777,23.665151157448932,active,-2.136005944275553,-3.884850148120777,-15.792241077448931,16.402727221885996,P3,P3,a_baseline,112.17,0.0493,51.17,57.62,True,rigid_offset?+high_residual,50.1,target
sub-3210,ses-4,run-02,anode,target,-67.12579544,6.3345705,7.78394637,-65.60736131572445,11.179418928120777,23.665151157448932,active,-1.518434124275558,-4.844848428120777,-15.881204787448933,16.673058027312198,P3,P3,a_baseline,111.96,0.0535,51.78,58.83,True,rigid_offset?+high_residual,50.59,target
sub-3211,ses-1,run-01,anode,target,-71.18323828,7.30810101,27.90088618,-71.84807709628137,11.222619207398452,26.64627046866627,active,0.6648388162813745,-3.9145181973984524,1.2546157113337308,4.164075401877768,P3,P3,a_baseline,112.66,0.0132,55.34,57.08,True,rigid_offset?+high_residual,62.12,target
sub-3211,ses-1,run-02,anode,target,-71.71639969,7.18988791,27.72941,-71.84807709628137,11.222619207398452,26.64627046866627,active,0.13167740628136926,-4.032731297398452,1.0831395313337318,4.177732866122468,P3,P3,a_baseline,112.46,0.012,55.33,56.94,True,rigid_offset?+high_residual,62.2,target
sub-3211,ses-2,run-01,anode,target,-69.93315422,13.26397663,27.97742367,-71.84807709628137,11.222619207398452,26.64627046866627,active,1.9149228762813664,2.041357422601548,1.3311532013337306,3.0993609977440792,P3,P3,a_baseline,113.92,0.047,52.13,58.22,True,rigid_offset?+high_residual,65.46,target
sub-3211,ses-2,run-02,anode,target,-70.50030113,13.17972147,27.74950056,-71.84807709628137,11.222619207398452,26.64627046866627,active,1.3477759662813753,1.9571022626015484,1.1032300913337316,2.619898081221869,P3,P3,a_baseline,114.01,0.0427,52.3,57.65,True,rigid_offset?+high_residual,65.31,target
sub-3211,ses-3,run-01,anode,target,-72.08016366,14.03859695,22.80508441,-71.84807709628137,11.222619207398452,26.64627046866627,active,-0.23208656371862446,2.8159777426015484,-3.8411860586662705,4.768469896851416,P3,P3,a_baseline,112.49,0.06,52.13,59.49,True,rigid_offset?+high_residual,61.02,target
sub-3211,ses-3,run-02,anode,target,-73.2546285,13.46994383,23.23959593,-71.84807709628137,11.222619207398452,26.64627046866627,active,-1.4065514037186233,2.247324622601548,-3.4066745386662696,4.316744864252584,P3,P3,a_baseline,113.19,0.0629,51.86,59.95,True,rigid_offset?+high_residual,60.94,target
sub-3211,ses-4,run-01,anode,target,-72.95981396,10.61754052,22.45152526,-71.84807709628137,11.222619207398452,26.64627046866627,active,-1.1117368637186331,-0.6050786873984517,-4.194745208666269,4.3815484064110715,P3,P3,a_baseline,106.02,0.0227,53.17,56.2,True,rigid_offset?+high_residual,61.72,target
sub-3211,ses-4,run-02,anode,target,-73.31445798,10.21979033,22.76113475,-71.84807709628137,11.222619207398452,26.64627046866627,active,-1.466380883718628,-1.0028288773984517,-3.8851357186662696,4.272027411655517,P3,P3,a_baseline,106.69,0.0236,52.88,56.02,True,rigid_offset?+high_residual,61.5,target
sub-3212,ses-1,run-01,anode,control,39.25190224,-31.02527679,72.17799613,44.84301946547061,-29.740835801776736,67.40921042186513,active,-5.591117225470612,-1.2844409882232632,4.768785708134871,7.460006542309031,P3,P3,a_baseline,105.63,0.0175,56.0,58.45,True,rigid_offset?+high_residual,68.3,control
sub-3212,ses-1,run-02,anode,control,39.01603881,-30.63218001,71.49574767,44.84301946547061,-29.740835801776736,67.40921042186513,active,-5.826980655470614,-0.8913442082232628,4.086537248134874,7.172725056570595,P3,P3,a_baseline,109.15,0.0986,46.63,58.13,True,rigid_offset?+high_residual,66.92,control
sub-3212,ses-2,run-01,anode,control,47.17330699,-38.04440149,66.83540411,44.84301946547061,-29.740835801776736,67.40921042186513,active,2.330287524529389,-8.303565688223262,-0.5738063118651269,8.64341927533035,P3,P3,a_baseline,110.52,0.0311,57.0,61.49,True,rigid_offset?+high_residual,68.25,control
sub-3212,ses-2,run-02,anode,control,47.07324701,-39.18421784,66.86552745,44.84301946547061,-29.740835801776736,67.40921042186513,active,2.2302275445293915,-9.443382038223266,-0.5436829718651239,9.718383116244775,P3,P3,a_baseline,108.52,0.0287,55.48,59.24,True,rigid_offset?+high_residual,67.64,control
sub-3213,ses-1,run-01,anode,control,70.17952502,-40.96828944,52.19607625,61.75837277458617,-33.96664803601754,63.40268144580487,active,8.421152245413829,-7.001641403982461,-11.206605195804876,15.66929441631118,P3,P3,a_baseline,108.54,0.0579,54.26,61.86,True,rigid_offset?+high_residual,70.68,control
sub-3213,ses-1,run-02,anode,control,69.22349916,-41.31077915,51.4634148,61.75837277458617,-33.96664803601754,63.40268144580487,active,7.465126385413832,-7.344131113982463,-11.93926664580487,15.881135406802493,P3,P3,a_baseline,107.4,0.0543,54.73,62.01,True,rigid_offset?+high_residual,70.85,control
sub-3213,ses-2,run-01,anode,control,70.96243089,-35.71136606,53.42504213,61.75837277458617,-33.96664803601754,63.40268144580487,active,9.204058115413822,-1.7447180239824647,-9.977639315804872,13.686197904875533,P3,P3,a_baseline,102.32,0.0376,55.45,60.79,True,rigid_offset?+high_residual,70.12,control
sub-3213,ses-2,run-02,anode,control,70.8638493,-36.06207983,53.66336851,61.75837277458617,-33.96664803601754,63.40268144580487,active,9.105476525413827,-2.0954317939824634,-9.739312935804875,13.496471895263259,P3,P3,a_baseline,102.35,0.032,55.9,60.44,True,rigid_offset?+high_residual,70.03,control
sub-3213,ses-3,run-01,anode,control,62.89309905,-51.634591,58.6873948,61.75837277458617,-33.96664803601754,63.40268144580487,active,1.1347262754138256,-17.667942963982462,-4.7152866458048734,18.321510321225094,P3,P3,a_baseline,107.2,0.0324,56.47,60.76,True,rigid_offset?+high_residual,70.82,control
sub-3213,ses-3,run-02,anode,control,62.03641746,-51.71402566,59.09838006,61.75837277458617,-33.96664803601754,63.40268144580487,active,0.27804468541383187,-17.74737762398246,-4.304301385804877,18.26400097993761,P3,P3,a_baseline,107.4,0.0332,56.7,61.0,True,rigid_offset?+high_residual,70.95,control
sub-3213,ses-4,run-01,anode,control,62.64199202,-52.07905836,58.48446953,61.75837277458617,-33.96664803601754,63.40268144580487,active,0.8836192454138327,-18.11241032398246,-4.918211915804875,18.789065947085742,P3,P3,a_baseline,108.62,0.0019,57.23,57.48,True,rigid_offset?+high_residual,66.67,control
sub-3213,ses-4,run-02,anode,control,62.44980901,-52.52320009,59.27560971,61.75837277458617,-33.96664803601754,63.40268144580487,active,0.6914362354138319,-18.556552053982465,-4.127071735804876,19.022524262365483,P3,P3,a_baseline,107.95,0.0122,56.86,58.58,True,rigid_offset?+high_residual,66.74,control
sub-3214,ses-1,run-01,anode,control,68.51639828,-40.46220175,50.20245246,58.6091307007596,-33.329350333846136,65.88306935140227,active,9.907267579240404,-7.132851416153862,-15.680616891402266,19.872424771691204,P3,P3,a_baseline,104.28,0.0286,56.26,59.94,True,rigid_offset?+high_residual,65.83,control
sub-3214,ses-1,run-02,anode,control,68.44163211,-40.12892372,50.65120703,58.6091307007596,-33.329350333846136,65.88306935140227,active,9.8325014092404,-6.799573386153867,-15.231862321402268,19.362900401917077,P3,P3,a_baseline,104.11,0.0258,56.67,60.15,True,rigid_offset?+high_residual,65.67,control
sub-4101,ses-1,run-01,anode,target,-72.17207706,51.04290194,38.79745301,-74.37184862838237,49.60862823403036,34.571638610951304,active,2.19977156838236,1.4342737059696375,4.225814399048694,4.975303342702487,P4,P4,a_baseline,114.27,0.0247,52.28,55.54,True,rigid_offset?+high_residual,47.15,target
sub-4101,ses-1,run-02,anode,target,-71.8503701,50.57287308,40.66023157,-74.37184862838237,49.60862823403036,34.571638610951304,active,2.52147852838236,0.9642448459696382,6.088592959048697,6.660224193902908,P4,P4,a_baseline,114.9,0.0252,52.47,55.75,True,rigid_offset?+high_residual,47.63,target
sub-4101,ses-2,run-01,anode,target,-74.33732017,52.641281,28.61522333,-74.37184862838237,49.60862823403036,34.571638610951304,active,0.0345284583823684,3.0326527659696367,-5.956415280951305,6.684089916550477,P4,P4,a_baseline,112.18,0.0327,51.66,55.79,True,rigid_offset?+high_residual,47.41,target
sub-4101,ses-2,run-02,anode,target,-74.42332193,52.1594138,31.77002542,-74.37184862838237,49.60862823403036,34.571638610951304,active,-0.05147330161763364,2.5507855659696403,-2.8016131909513042,3.7892206291071027,P4,P4,a_baseline,112.79,0.0328,51.74,56.02,True,rigid_offset?+high_residual,46.56,target
sub-4101,ses-3,run-01,anode,target,-75.51364023,45.09503066,30.36999801,-74.37184862838237,49.60862823403036,34.571638610951304,active,-1.1417916016176264,-4.5135975740303635,-4.201640600951304,6.2713662675193635,P4,P4,a_baseline,112.67,0.0093,54.49,55.73,True,rigid_offset?+high_residual,45.4,target
sub-4101,ses-3,run-02,anode,target,-75.57464052,44.9084798,31.46749726,-74.37184862838237,49.60862823403036,34.571638610951304,active,-1.202791891617636,-4.7001484340303605,-3.1041413509513056,5.759669883174293,P4,P4,a_baseline,112.63,0.0012,54.97,55.12,True,rigid_offset?+high_residual,45.15,target
sub-4101,ses-4,run-01,anode,target,-74.99031707,43.29390838,33.5680854,-74.37184862838237,49.60862823403036,34.571638610951304,active,-0.6184684416176367,-6.314719854030365,-1.0035532109513028,6.423807990232343,P4,P4,a_baseline,108.44,0.0397,52.78,57.5,True,rigid_offset?+high_residual,45.28,target
sub-4101,ses-4,run-02,anode,target,-75.834407,42.59747204,30.07807474,-74.37184862838237,49.60862823403036,34.571638610951304,active,-1.4625583716176322,-7.011156194030363,-4.493563870951302,8.455028351803321,P4,P4,a_baseline,110.38,0.0382,52.22,57.04,True,rigid_offset?+high_residual,46.66,target
sub-4102,ses-1,run-01,anode,target,-73.474335,45.19272613,27.04237206,-74.54172708493418,43.7693455777976,40.9617963406933,active,1.067392084934184,1.4233805522023957,-13.919424280693296,14.032665832454011,P4,P4,a_baseline,109.3,0.0236,51.77,54.63,True,rigid_offset?+high_residual,49.1,target
sub-4102,ses-1,run-02,anode,target,-73.35505012,45.26163189,27.73403309,-74.54172708493418,43.7693455777976,40.9617963406933,active,1.186676964934179,1.4922863122023955,-13.227763250693297,13.364461877422679,P4,P4,a_baseline,110.02,0.0257,51.64,54.76,True,rigid_offset?+high_residual,48.88,target
sub-4102,ses-2,run-01,anode,target,-74.7467113,38.24600438,38.05225645,-74.54172708493418,43.7693455777976,40.9617963406933,active,-0.20498421506582076,-5.523341197797599,-2.9095398906932957,6.246177942650203,P4,P4,a_baseline,112.28,0.0278,51.64,55.26,True,different_montage?+high_residual,44.43,target
sub-4102,ses-2,run-02,anode,target,-75.56072644,37.88414471,38.11020616,-74.54172708493418,43.7693455777976,40.9617963406933,active,-1.0189993550658158,-5.8852008677976,-2.8515901806933,6.618573524451974,P4,P4,a_baseline,112.54,0.033,51.75,56.02,True,different_montage?+high_residual,44.66,target
sub-4102,ses-3,run-01,anode,target,-74.41308256,43.8077736,30.44779963,-74.54172708493418,43.7693455777976,40.9617963406933,active,0.1286445249341739,0.03842802220239605,-10.513996710693299,10.514853920010275,P4,P4,a_baseline,109.67,0.0207,53.73,56.24,True,different_montage?+high_residual,48.75,target
sub-4102,ses-3,run-02,anode,target,-74.54038006,43.52311988,31.70870566,-74.54172708493418,43.7693455777976,40.9617963406933,active,0.0013470249341764884,-0.2462256977975983,-9.253090680693298,9.256366244583521,P4,P4,a_baseline,110.18,0.0217,53.6,56.37,True,different_montage?+high_residual,48.22,target
sub-4102,ses-4,run-01,anode,target,-75.01737572,40.20544807,40.28069724,-74.54172708493418,43.7693455777976,40.9617963406933,active,-0.47564863506582356,-3.5638975077975985,-0.6810991006932952,3.659440265271607,P4,P4,a_baseline,113.8,0.0032,53.1,53.5,True,different_montage?+high_residual,43.14,target
sub-4102,ses-4,run-02,anode,target,-75.33383585,39.53715622,41.10718537,-74.54172708493418,43.7693455777976,40.9617963406933,active,-0.7921087650658194,-4.232189357797601,0.14538902930670616,4.30813196476061,P4,P4,a_baseline,112.91,0.0146,52.41,54.3,True,different_montage?+high_residual,43.38,target
sub-4103,ses-1,run-01,anode,target,-62.13517367,28.5339826,47.2631534,-66.30646158856553,31.301386913980167,42.81647711337043,active,4.171287918565525,-2.7674043139801654,4.446676286629568,6.695603000080013,P4,P4,a_baseline,110.84,0.009,53.04,54.14,True,rigid_offset?+high_residual,60.96,target
sub-4103,ses-1,run-02,anode,target,-61.36027921,28.54815575,47.10888265,-66.30646158856553,31.301386913980167,42.81647711337043,active,4.946182378565524,-2.7532311639801677,4.292405536629566,7.104206307198001,P4,P4,a_baseline,111.06,0.0111,52.78,54.14,True,rigid_offset?+high_residual,60.96,target
sub-4103,ses-2,run-01,anode,target,-71.03633086,18.07515001,29.11831257,-66.30646158856553,31.301386913980167,42.81647711337043,active,-4.729869271434481,-13.226236903980165,-13.698164543370432,19.620008099445776,P4,P4,a_baseline,98.8,0.069,47.85,56.66,True,different_montage?+high_residual,46.88,target
sub-4103,ses-2,run-02,anode,target,-71.06745871,17.87790178,29.07559892,-66.30646158856553,31.301386913980167,42.81647711337043,active,-4.760997121434471,-13.423485133980169,-13.740878193370431,19.79062354392951,P4,P4,a_baseline,98.98,0.0705,47.62,56.55,True,different_montage?+high_residual,46.89,target
sub-4103,ses-3,run-01,anode,target,-67.74401178,25.36243135,38.15093881,-66.30646158856553,31.301386913980167,42.81647711337043,active,-1.4375501914344682,-5.938955563980166,-4.6655383033704325,7.687977068386774,P4,P4,a_baseline,106.52,0.051,49.34,55.92,True,different_montage?+high_residual,44.91,target
sub-4103,ses-3,run-02,anode,target,-67.79723029,25.83632751,38.53172508,-66.30646158856553,31.301386913980167,42.81647711337043,active,-1.490768701434476,-5.465059403980167,-4.284752033370431,7.102701288783073,P4,P4,a_baseline,107.11,0.0475,49.55,55.68,True,different_montage?+high_residual,44.82,target
sub-4103,ses-4,run-01,anode,target,-67.98933298,26.6116299,32.89001916,-66.30646158856553,31.301386913980167,42.81647711337043,active,-1.6828713914344746,-4.6897570139801665,-9.92645795337043,11.106774710523116,P4,P4,a_baseline,110.47,0.0291,51.69,55.43,True,different_montage?+high_residual,47.93,target
sub-4103,ses-4,run-02,anode,target,-67.28769921,27.18572133,32.61669298,-66.30646158856553,31.301386913980167,42.81647711337043,active,-0.9812376214344738,-4.115665583980167,-10.199784133370429,11.042514516007317,P4,P4,a_baseline,110.36,0.0271,51.96,55.49,True,different_montage?+high_residual,48.05,target
sub-4104,ses-1,run-01,anode,target,-74.12266761,49.17151699,24.64145216,-73.9114940576091,48.93054604906194,28.6916305156297,active,-0.21117355239088909,0.24097094093806248,-4.050178355629701,4.062832260384038,P4,P4,a_baseline,113.15,0.0145,52.79,54.47,True,different_montage?+high_residual,44.73,target
sub-4104,ses-1,run-02,anode,target,-74.85974458,48.95373327,25.39526904,-73.9114940576091,48.93054604906194,28.6916305156297,active,-0.948250522390893,0.02318722093806258,-3.296361475629702,3.4301189015025493,P4,P4,a_baseline,112.86,0.0118,52.88,54.37,True,different_montage?+high_residual,44.44,target
sub-4104,ses-2,run-01,anode,target,-73.86997875,47.33410122,29.75632623,-73.9114940576091,48.93054604906194,28.6916305156297,active,0.04151530760910305,-1.5964448290619373,1.0646957143702984,1.9193583764380628,P4,P4,a_baseline,114.0,0.0144,52.51,54.27,True,different_montage?+high_residual,45.49,target
sub-4104,ses-2,run-02,anode,target,-72.549874,47.4072784,29.56182581,-73.9114940576091,48.93054604906194,28.6916305156297,active,1.3616200576091018,-1.5232676490619355,0.8701952943702977,2.22071910927661,P4,P4,a_baseline,115.98,0.0173,52.22,54.34,True,different_montage?+high_residual,45.43,target
sub-4104,ses-3,run-01,anode,target,-73.85123047,50.96430237,18.11319393,-73.9114940576091,48.93054604906194,28.6916305156297,active,0.0602635876091,2.0337563209380605,-10.5784365856297,10.77233108798351,P4,P4,a_baseline,114.42,0.019,54.27,56.64,True,different_montage?+high_residual,48.76,target
sub-4104,ses-3,run-02,anode,target,-72.87278092,50.43494225,18.75308661,-73.9114940576091,48.93054604906194,28.6916305156297,active,1.0387131376091077,1.5043962009380607,-9.9385439056297,10.105285145693212,P4,P4,a_baseline,113.45,0.0139,54.32,56.19,True,rigid_offset?+high_residual,48.43,target
sub-4104,ses-4,run-01,anode,target,-74.91451989,48.19789963,21.37755701,-73.9114940576091,48.93054604906194,28.6916305156297,active,-1.0030258323908896,-0.7326464190619362,-7.3140735056297,7.418793893993959,P4,P4,a_baseline,110.8,0.0171,52.85,55.1,True,different_montage?+high_residual,46.89,target
sub-4104,ses-4,run-02,anode,target,-74.64595011,47.66776782,21.84842618,-73.9114940576091,48.93054604906194,28.6916305156297,active,-0.7344560523908967,-1.2627782290619365,-6.8432043356297,6.997390951480956,P4,P4,a_baseline,110.5,0.0137,53.16,54.97,True,rigid_offset?+high_residual,58.69,target
sub-4105,ses-1,run-01,anode,target,-76.93505337,51.22977187,8.16046981,-77.595334251308,46.73068902387706,20.97765442450037,active,0.6602808813079974,4.499082846122938,-12.817184614500368,13.599924218196346,P4,P4,a_baseline,112.21,0.0138,54.73,56.55,True,rigid_offset?+high_residual,51.66,target
sub-4105,ses-1,run-02,anode,target,-77.4677485,51.03962023,8.89870334,-77.595334251308,46.73068902387706,20.97765442450037,active,0.1275857513080041,4.308931206122935,-12.078951084500368,12.825140372128075,P4,P4,a_baseline,113.06,0.0089,54.66,55.84,True,rigid_offset?+high_residual,51.16,target
sub-4105,ses-2,run-01,anode,target,-76.33732715,49.20800075,19.91955269,-77.595334251308,46.73068902387706,20.97765442450037,active,1.25800710130801,2.4773117261229345,-1.0581017345003687,2.973085019954906,P4,P4,a_baseline,110.43,0.0176,52.88,55.18,True,rigid_offset?+high_residual,61.79,target
sub-4105,ses-2,run-02,anode,target,-75.5434933,49.58783083,20.59252241,-77.595334251308,46.73068902387706,20.97765442450037,active,2.0518409513080087,2.8571418061229394,-0.3851320145003676,3.538592553311714,P4,P4,a_baseline,109.96,0.0159,52.94,55.0,True,rigid_offset?+high_residual,62.08,target
sub-4105,ses-3,run-01,anode,target,-77.20090464,50.09428864,-1.87534062,-77.595334251308,46.73068902387706,20.97765442450037,active,0.3944296113079986,3.36359961612294,-22.852995044500368,23.102570411099656,P4,P4,a_baseline,111.73,0.0176,54.25,56.41,True,rigid_offset?+high_residual,54.87,target
sub-4105,ses-3,run-02,anode,target,-77.60173107,49.65072692,-1.50872495,-77.595334251308,46.73068902387706,20.97765442450037,active,-0.0063968186919964865,2.9200378961229347,-22.48637937450037,22.67518290131392,P4,P4,a_baseline,111.23,0.0194,53.88,56.49,True,rigid_offset?+high_residual,54.54,target
sub-4105,ses-4,run-01,anode,target,-79.74248178,38.68608927,4.47333795,-77.595334251308,46.73068902387706,20.97765442450037,active,-2.1471475286920025,-8.044599753877065,-16.504316474500367,18.485623873716335,P4,P4,a_baseline,109.03,0.0122,55.62,57.21,True,rigid_offset?+high_residual,51.49,target
sub-4105,ses-4,run-02,anode,target,-80.07298344,38.85446304,4.12734602,-77.595334251308,46.73068902387706,20.97765442450037,active,-2.4776491886919985,-7.876225983877063,-16.850308404500367,18.764503046393266,P4,P4,a_baseline,107.09,0.0112,56.13,57.56,True,rigid_offset?+high_residual,51.29,target
sub-4106,ses-1,run-01,anode,control,66.62662762,-19.56926142,-11.24500209,65.33865437328593,-29.110003617755165,-11.688467885213567,active,1.2879732467140599,9.540742197755165,0.44346579521356766,9.637494419183941,P4,P4,a_baseline,106.67,0.041,41.01,45.29,True,,,control
sub-4106,ses-1,run-02,anode,control,66.49726872,-20.25129918,-11.65610717,65.33865437328593,-29.110003617755165,-11.688467885213567,active,1.1586143467140602,8.858704437755165,0.032360715213567204,8.934208344100995,P4,P4,a_baseline,107.73,0.021,42.36,44.59,True,,,control
sub-4106,ses-2,run-01,anode,control,64.82063976,-30.41510665,-12.62523614,65.33865437328593,-29.110003617755165,-11.688467885213567,active,-0.5180146132859278,-1.3051030322448334,-0.9367682547864327,1.6879478154042697,P4,P4,a_baseline,112.65,0.0442,39.61,43.99,True,,,control
sub-4106,ses-2,run-02,anode,control,65.05210423,-31.45353141,-12.55032789,65.33865437328593,-29.110003617755165,-11.688467885213567,active,-0.2865501432859361,-2.343527792244835,-0.8618600047864327,2.513371473835814,P4,P4,a_baseline,111.26,0.044,39.42,43.91,True,,,control
sub-4106,ses-3,run-01,anode,control,65.41805489,-25.32934007,-18.82211679,65.33865437328593,-29.110003617755165,-11.688467885213567,active,0.07940051671405968,3.7806635477551644,-7.1336489047864315,8.073949962697304,P4,P4,a_baseline,113.73,0.0038,42.36,42.73,True,,,control
sub-4106,ses-3,run-02,anode,control,65.56950401,-25.49271057,-18.43059096,65.33865437328593,-29.110003617755165,-11.688467885213567,active,0.2308496367140691,3.6172930477551652,-6.7421230747864325,7.654692946400694,P4,P4,a_baseline,115.13,0.0096,42.24,43.24,True,,,control
sub-4106,ses-4,run-01,anode,control,66.09118388,-25.14464983,-9.50546042,65.33865437328593,-29.110003617755165,-11.688467885213567,active,0.7525295067140689,3.9653537877551663,2.183007465213567,4.588665700802111,P4,P4,a_baseline,108.44,0.0322,40.75,43.76,True,,,control
sub-4106,ses-4,run-02,anode,control,67.06897535,-25.13105228,-10.0051599,65.33865437328593,-29.110003617755165,-11.688467885213567,active,1.7303209767140686,3.9789513377551664,1.6833079852135668,4.653986485129079,P4,P4,a_baseline,109.99,0.0101,42.17,43.21,True,,,control
sub-4109,ses-1,run-01,anode,control,75.70598625,-3.40349191,-12.49119691,74.77981576319327,-9.419806970686937,-11.989785357767069,active,0.9261704868067255,6.016315060686937,-0.5014115522329305,6.107802569238212,P4,P4,a_baseline,116.58,0.0102,43.15,44.24,True,,,control
sub-4109,ses-1,run-02,anode,control,75.59504449,-3.51722629,-11.44678105,74.77981576319327,-9.419806970686937,-11.989785357767069,active,0.8152287268067369,5.9025806806869365,0.5430043077670685,5.983302620399806,P4,P4,a_baseline,114.35,0.0211,42.62,44.8,True,,,control
sub-4109,ses-2,run-01,anode,control,73.85868054,-3.29718292,-20.35127335,74.77981576319327,-9.419806970686937,-11.989785357767069,active,-0.921135223193275,6.1226240506869365,-8.36148799223293,10.404301841532325,P4,P4,a_baseline,116.02,0.0146,42.54,44.07,True,,,control
sub-4109,ses-2,run-02,anode,control,73.62530391,-2.79673054,-18.87505793,74.77981576319327,-9.419806970686937,-11.989785357767069,active,-1.15451185319327,6.623076430686936,-6.885272572232932,9.623150077798208,P4,P4,a_baseline,115.1,0.0139,42.65,43.95,True,,,control
sub-4109,ses-3,run-01,anode,control,73.66665425,-12.14506629,-14.12799566,74.77981576319327,-9.419806970686937,-11.989785357767069,active,-1.1131615131932762,-2.7252593193130643,-2.138210302232931,3.638421389632115,P4,P4,a_baseline,113.05,0.0302,41.16,44.31,True,,,control
sub-4109,ses-3,run-02,anode,control,73.68299821,-12.56494621,-13.53732147,74.77981576319327,-9.419806970686937,-11.989785357767069,active,-1.0968175531932758,-3.145139239313064,-1.5475361122329314,3.6728432580665156,P4,P4,a_baseline,113.02,0.0578,38.91,44.85,True,,,control
sub-4109,ses-4,run-01,anode,control,74.3481164,-14.00993534,-11.71787537,74.77981576319327,-9.419806970686937,-11.989785357767069,active,-0.4316993631932746,-4.590128369313064,0.271909987767069,4.618395590289075,P4,P4,a_baseline,114.52,0.0375,41.56,45.51,True,,,control
sub-4109,ses-4,run-02,anode,control,74.44425178,-14.10930853,-11.66262872,74.77981576319327,-9.419806970686937,-11.989785357767069,active,-0.33556398319326775,-4.689501559313063,0.32715663776706805,4.712861076591505,P4,P4,a_baseline,113.83,0.0266,41.61,44.08,True,,,control
sub-4110,ses-1,run-01,anode,target,-75.05047236,28.76949214,7.00828903,-74.35972245774667,29.8630771375463,18.0904713400662,active,-0.6907499022533301,-1.093584997546298,-11.082182310066198,11.157411363209008,P4,P4,a_baseline,111.47,0.0307,53.15,56.72,True,rigid_offset?+high_residual,63.71,target
sub-4110,ses-1,run-02,anode,target,-74.65551563,29.32419098,8.07421321,-74.35972245774667,29.8630771375463,18.0904713400662,active,-0.295793172253326,-0.5388861575462975,-10.016258130066198,10.035104325300455,P4,P4,a_baseline,111.39,0.031,52.79,56.73,True,rigid_offset?+high_residual,63.1,target
sub-4110,ses-2,run-01,anode,target,-71.61934739,28.558683,26.15215662,-74.35972245774667,29.8630771375463,18.0904713400662,active,2.740375067746669,-1.3043941375463,8.061685279933801,8.614050680759549,P4,P4,a_baseline,111.51,0.0336,51.51,55.79,True,rigid_offset?+high_residual,61.44,target
sub-4110,ses-2,run-02,anode,target,-71.57874127,28.53477381,26.45128205,-74.35972245774667,29.8630771375463,18.0904713400662,active,2.7809811877466757,-1.3283033275462977,8.360810709933801,8.910746423499843,P4,P4,a_baseline,110.72,0.0381,51.17,56.05,True,rigid_offset?+high_residual,61.51,target
sub-4110,ses-3,run-01,anode,target,-71.80128969,31.09960043,19.68593992,-74.35972245774667,29.8630771375463,18.0904713400662,active,2.558432767746666,1.2365232924537004,1.5954685799338009,3.258847659743607,P4,P4,a_baseline,105.81,0.029,51.99,55.56,True,rigid_offset?+high_residual,58.79,target
sub-4110,ses-3,run-02,anode,target,-72.89288685,29.66190365,20.55098482,-74.35972245774667,29.8630771375463,18.0904713400662,active,1.466835607746674,-0.20117348754629916,2.4605134799338018,2.8716204584138625,P4,P4,a_baseline,106.14,0.0399,50.91,56.1,True,rigid_offset?+high_residual,58.53,target
sub-4110,ses-4,run-01,anode,target,-71.27328329,34.42337276,20.17688837,-74.35972245774667,29.8630771375463,18.0904713400662,active,3.0864391677466756,4.560295622453701,2.086417029933802,5.888593968271965,P4,P4,a_baseline,114.63,0.0049,53.96,54.59,True,rigid_offset?+high_residual,63.06,target
sub-4110,ses-4,run-02,anode,target,-71.99671302,33.83481427,20.91266387,-74.35972245774667,29.8630771375463,18.0904713400662,active,2.363009437746669,3.971737132453704,2.822192529933801,5.415097425550675,P4,P4,a_baseline,114.29,0.0095,53.57,54.72,True,rigid_offset?+high_residual,62.84,target
sub-4113,ses-1,run-01,anode,control,71.67446757,-16.89739739,20.38897877,71.81532541489611,-20.967056300946467,21.111650439270097,active,-0.14085784489610376,4.069658910946469,-0.7226716692700954,4.135724715872709,P4,P4,a_baseline,113.8,0.0163,42.64,44.26,True,,,control
sub-4113,ses-1,run-02,anode,control,71.51038571,-16.39445295,20.90552849,71.81532541489611,-20.967056300946467,21.111650439270097,active,-0.304939704896114,4.572603350946466,-0.20612194927009853,4.587393147167559,P4,P4,a_baseline,112.83,0.0202,42.67,44.73,True,,,control
sub-4113,ses-2,run-01,anode,control,70.73413497,-20.70840681,13.32025635,71.81532541489611,-20.967056300946467,21.111650439270097,active,-1.0811904448961087,0.2586494909464676,-7.7913940892700975,7.870304580612781,P4,P4,a_baseline,113.71,0.0289,41.5,44.41,True,,,control
sub-4113,ses-2,run-02,anode,control,70.52851387,-21.76614307,13.58914513,71.81532541489611,-20.967056300946467,21.111650439270097,active,-1.2868115448961106,-0.799086769053531,-7.522505309270096,7.673493972405994,P4,P4,a_baseline,113.94,0.0395,40.58,44.6,True,,,control
sub-4113,ses-3,run-01,anode,target,-74.83733747,30.59002643,51.88563363,-75.36688482549401,40.97434982581787,43.452776999911805,active,0.5295473554940173,-10.384323395817866,8.432856630088196,13.387593649878362,P4,P4,a_baseline,105.72,0.0245,52.42,55.23,True,rigid_offset?+high_residual,59.31,target
sub-4113,ses-3,run-02,anode,target,-75.86637287,29.99517771,53.11313645,-75.36688482549401,40.97434982581787,43.452776999911805,active,-0.4994880445059948,-10.979172115817867,9.660359450088194,14.632643416699024,P4,P4,a_baseline,105.76,0.0401,51.5,56.5,True,rigid_offset?+high_residual,59.48,target
sub-4113,ses-4,run-01,anode,control,71.17689218,-15.65279171,16.03341688,71.81532541489611,-20.967056300946467,21.111650439270097,active,-0.6384332348961124,5.3142645909464665,-5.078233559270096,7.37817465370022,P4,P4,a_baseline,112.49,0.0381,41.46,45.45,True,,,control
sub-4113,ses-4,run-02,anode,control,70.73913479,-15.61136567,16.42482251,71.81532541489611,-20.967056300946467,21.111650439270097,active,-1.076190624896114,5.355690630946468,-4.686827929270098,7.197774964119697,P4,P4,a_baseline,112.39,0.0384,41.61,45.6,True,,,control
sub-4114,ses-1,run-01,anode,control,73.12304158,-2.86455537,1.9951459,72.8653509724043,-12.669258418456566,-0.0498335521832472,active,0.2576906075957055,9.804703048456567,2.0449794521832474,10.019009296208294,P4,P4,a_baseline,112.36,0.0503,39.83,45.04,True,,,control
sub-4114,ses-1,run-02,anode,control,73.29279928,-2.82674143,3.06268766,72.8653509724043,-12.669258418456566,-0.0498335521832472,active,0.4274483075956965,9.842516988456566,3.112521212183247,10.331778211905887,P4,P4,a_baseline,111.6,0.0568,40.0,45.97,True,,,control
sub-4114,ses-2,run-01,anode,control,72.57815688,-9.11692568,2.51008772,72.8653509724043,-12.669258418456566,-0.0498335521832472,active,-0.28719409240430593,3.552332738456567,2.559921272183247,4.388022931936268,P4,P4,a_baseline,114.84,0.0234,41.35,43.79,True,,,control
sub-4114,ses-2,run-02,anode,control,72.30488246,-9.28487415,2.90688508,72.8653509724043,-12.669258418456566,-0.0498335521832472,active,-0.5604685124042987,3.384384268456566,2.956718632183247,4.5288372569427295,P4,P4,a_baseline,114.0,0.0346,41.12,44.26,True,,,control
sub-4114,ses-4,run-01,anode,control,71.69896327,-4.61182009,-2.48013078,72.8653509724043,-12.669258418456566,-0.0498335521832472,active,-1.1663877024043074,8.057438328456566,-2.430297227816753,8.496417910198081,P4,P4,a_baseline,113.04,0.013,43.36,44.76,True,,,control
sub-4114,ses-4,run-02,anode,control,71.75498341,-4.97815621,-2.04342821,72.8653509724043,-12.669258418456566,-0.0498335521832472,active,-1.1103675624043063,7.691102208456567,-1.993594657816753,8.022492690195527,P4,P4,a_baseline,112.38,0.0228,42.78,45.04,True,,,control
sub-4115,ses-1,run-01,anode,control,70.25344949,-30.1972266,4.84558553,67.42354545486496,-36.42957054362257,-0.0626358999807722,active,2.82990403513503,6.232343943622567,4.908221429980772,8.422654301667908,P4,P4,a_baseline,104.3,0.0339,41.18,44.48,True,,,control
sub-4115,ses-1,run-02,anode,control,70.33276279,-29.54612598,5.07239197,67.42354545486496,-36.42957054362257,-0.0626358999807722,active,2.9092173351350397,6.883444563622568,5.135027869980772,9.067186211223113,P4,P4,a_baseline,101.6,0.0249,41.69,44.17,True,,,control
sub-4115,ses-2,run-01,anode,control,69.739496,-29.38310254,7.69072397,67.42354545486496,-36.42957054362257,-0.0626358999807722,active,2.3159505451350384,7.046468003622568,7.7533598699807715,10.72990808567418,P4,P4,a_baseline,100.32,0.0439,41.3,45.92,True,,,control
sub-4115,ses-2,run-02,anode,control,69.93472195,-29.61700588,8.18572157,67.42354545486496,-36.42957054362257,-0.0626358999807722,active,2.5111764951350324,6.812564663622567,8.248357469980773,10.988741767752355,P4,P4,a_baseline,99.69,0.0504,40.87,46.19,True,,,control
sub-4115,ses-3,run-01,anode,control,69.6588383,-29.02624677,5.89710879,67.42354545486496,-36.42957054362257,-0.0626358999807722,active,2.235292845135035,7.403323773622567,5.959744689980772,9.763416091222938,P4,P4,a_baseline,102.4,0.1012,38.08,48.89,True,,,control
sub-4115,ses-3,run-02,anode,control,69.98244849,-28.67813715,5.70984579,67.42354545486496,-36.42957054362257,-0.0626358999807722,active,2.5589030351350317,7.751433393622566,5.772481689980772,9.997712201306538,P4,P4,a_baseline,101.68,0.0817,39.35,48.07,True,,,control
sub-4116,ses-1,run-01,anode,control,66.70746241,-25.92542923,-18.82121849,64.20905817938872,-36.55609429286657,-17.79514757432747,active,2.4984042306112855,10.63066506286657,-1.0260709156725305,10.96840393595975,P4,P4,a_baseline,111.5,0.0211,42.05,44.2,True,,,control
sub-4116,ses-2,run-01,anode,control,66.62985822,-26.4436928,-17.7502639,64.20905817938872,-36.55609429286657,-17.79514757432747,active,2.420800040611283,10.112401492866567,0.04488367432746898,10.398218661567697,P4,P4,a_baseline,113.38,0.01,42.78,43.81,True,,,control
sub-4116,ses-2,run-02,anode,control,66.2090911,-25.76519084,-17.20976577,64.20905817938872,-36.55609429286657,-17.79514757432747,active,2.0000329206112752,10.79090345286657,0.5853818043274686,10.990286660021848,P4,P4,a_baseline,112.68,0.0114,42.97,44.02,True,,,control
sub-4116,ses-3,run-01,anode,control,66.50480297,-29.70938149,-17.60316722,64.20905817938872,-36.55609429286657,-17.79514757432747,active,2.2957447906112805,6.84671280286657,0.19198035432746963,7.2239031558433515,P4,P4,a_baseline,110.0,0.0873,39.49,48.81,True,,,control
sub-4116,ses-3,run-02,anode,control,66.25292925,-29.98324596,-15.79231174,64.20905817938872,-36.55609429286657,-17.79514757432747,active,2.0438710706112744,6.572848332866567,2.0028358343274686,7.168758298297878,P4,P4,a_baseline,107.41,0.0954,37.7,46.96,True,,,control
sub-4116,ses-4,run-01,anode,control,63.55678368,-34.98740717,-17.8356187,64.20905817938872,-36.55609429286657,-17.79514757432747,active,-0.6522744993887173,1.5686871228665709,-0.04047112567253208,1.6993761278814656,P4,P4,a_baseline,102.13,0.099,37.96,48.21,True,,,control
sub-4116,ses-4,run-02,anode,control,62.97208767,-34.42068252,-20.78097694,64.20905817938872,-36.55609429286657,-17.79514757432747,active,-1.236970509388719,2.1354117728665685,-2.9858293656725294,3.873661895636601,P4,P4,a_baseline,112.08,0.0525,40.17,45.68,True,,,control
sub-4117,ses-1,run-01,anode,control,61.01789652,-38.31430648,2.20883192,62.21641967835607,-37.1379334450492,0.507992342071367,active,-1.1985231583560676,-1.1763730349507995,1.7008395779286332,2.3902231168498913,P4,P4,a_baseline,106.46,0.0369,40.67,44.52,True,,,control
sub-4117,ses-1,run-02,anode,control,60.54346745,-38.17380768,2.79756285,62.21641967835607,-37.1379334450492,0.507992342071367,active,-1.672952228356067,-1.0358742349508034,2.289570507928633,3.018929893153039,P4,P4,a_baseline,107.9,0.0392,40.44,44.21,True,,,control
sub-4117,ses-2,run-01,anode,control,62.25202164,-33.57763314,-1.15406526,62.21641967835607,-37.1379334450492,0.507992342071367,active,0.03560196164393403,3.5603003050491964,-1.662057602071367,3.929305439185088,P4,P4,a_baseline,111.75,0.0262,42.06,44.62,True,,,control
sub-4117,ses-2,run-02,anode,control,62.10064432,-34.18683805,-0.66846434,62.21641967835607,-37.1379334450492,0.507992342071367,active,-0.11577535835606767,2.951095395049201,-1.1764566820713669,3.1790593402881684,P4,P4,a_baseline,110.78,0.0157,41.67,43.25,True,,,control
sub-4117,ses-3,run-01,anode,control,60.31140432,-39.87073555,-3.34454488,62.21641967835607,-37.1379334450492,0.507992342071367,active,-1.9050153583560672,-2.7328021049507996,-3.852537222071367,5.093067239674083,P4,P4,a_baseline,111.94,0.0894,37.6,46.86,True,,,control
sub-4117,ses-3,run-02,anode,control,60.59120347,-40.47638474,-3.33124352,62.21641967835607,-37.1379334450492,0.507992342071367,active,-1.6252162083560648,-3.3384512949508007,-3.839235862071367,5.341003349304025,P4,P4,a_baseline,110.4,0.1228,37.31,50.22,True,,,control
sub-4117,ses-4,run-01,anode,control,62.82948775,-28.76546163,-5.44733198,62.21641967835607,-37.1379334450492,0.507992342071367,active,0.6130680716439301,8.372471815049199,-5.955324322071368,10.29271706282249,P4,P4,a_baseline,102.05,0.0266,41.13,43.73,True,,,control
sub-4117,ses-4,run-02,anode,control,62.99910019,-29.03252906,-3.74064075,62.21641967835607,-37.1379334450492,0.507992342071367,active,0.7826805116439317,8.105404385049198,-4.248633092071367,9.184827280876101,P4,P4,a_baseline,99.94,0.0181,41.11,42.96,True,,,control
sub-4118,ses-1,run-01,anode,target,-68.87024209,35.80326124,25.28861178,-67.34852616300525,36.975590996037965,37.06669993253893,active,-1.5217159269947587,-1.1723297560379677,-11.778088152538931,11.93370591846219,P4,P4,a_baseline,108.87,0.0108,54.01,55.45,True,different_montage?+high_residual,47.97,target
sub-4118,ses-1,run-02,anode,target,-69.02480371,35.79503701,24.94926287,-67.34852616300525,36.975590996037965,37.06669993253893,active,-1.6762775469947542,-1.180553986037964,-12.117437062538933,12.289666191280423,P4,P4,a_baseline,109.05,0.0089,54.19,55.28,True,different_montage?+high_residual,48.2,target
sub-4118,ses-2,run-01,anode,target,-68.67025293,31.95864532,31.31234459,-67.34852616300525,36.975590996037965,37.06669993253893,active,-1.3217267669947574,-5.016945676037967,-5.754355342538933,7.747858476450949,P4,P4,a_baseline,112.93,0.0258,52.23,55.41,True,different_montage?+high_residual,45.71,target
sub-4118,ses-2,run-02,anode,target,-68.49444028,32.09980797,30.53359064,-67.34852616300525,36.975590996037965,37.06669993253893,active,-1.14591411699476,-4.875783026037965,-6.533109292538931,8.232125868133112,P4,P4,a_baseline,112.66,0.0219,52.45,55.2,True,different_montage?+high_residual,45.99,target
sub-4118,ses-3,run-01,anode,target,-71.18902442,29.78619721,19.3746083,-67.34852616300525,36.975590996037965,37.06669993253893,active,-3.8404982569947492,-7.189393786037964,-17.692091632538933,19.47939722390955,P4,P4,a_baseline,112.77,0.0175,54.82,56.99,True,different_montage?+high_residual,52.48,target
sub-4118,ses-3,run-02,anode,target,-72.31541898,29.61713722,18.79275477,-67.34852616300525,36.975590996037965,37.06669993253893,active,-4.966892816994758,-7.358453776037965,-18.273945162538933,20.316346571986845,P4,P4,a_baseline,112.61,0.024,53.85,57.05,True,different_montage?+high_residual,52.52,target
sub-4118,ses-4,run-01,anode,target,-68.20540388,36.66658859,32.11748264,-67.34852616300525,36.975590996037965,37.06669993253893,active,-0.8568777169947595,-0.3090024060379619,-4.949217292538933,5.032342766305352,P4,P4,a_baseline,109.76,0.0202,52.57,55.21,True,rigid_offset?+high_residual,61.56,target
sub-4118,ses-4,run-02,anode,target,-67.05206312,37.21379525,31.14827236,-67.34852616300525,36.975590996037965,37.06669993253893,active,0.2964630430052466,0.2382042539620315,-5.918427572538931,5.930633737962799,P4,P4,a_baseline,108.6,0.0208,53.02,55.77,True,rigid_offset?+high_residual,62.02,target
sub-4119,ses-1,run-01,anode,control,65.75747021,-22.74444168,-20.17839226,66.56140386326406,-23.770853157416468,-9.294649230306304,active,-0.8039336532640675,1.0264114774164668,-10.883743029693695,10.96155518967217,P4,P4,a_baseline,110.37,0.0852,38.07,46.85,True,,,control
sub-4119,ses-1,run-02,anode,control,65.94281219,-22.7204843,-19.93386613,66.56140386326406,-23.770853157416468,-9.294649230306304,active,-0.6185916732640635,1.0503688574164691,-10.639216899693695,10.708821906894798,P4,P4,a_baseline,109.94,0.0755,38.58,46.4,True,,,control
sub-4119,ses-2,run-01,anode,control,65.86705223,-24.04557475,-10.08507409,66.56140386326406,-23.770853157416468,-9.294649230306304,active,-0.6943516332640627,-0.274721592583532,-0.7904248596936974,1.0873672805772228,P4,P4,a_baseline,114.32,0.0525,38.89,43.91,True,,,control
sub-4119,ses-2,run-02,anode,control,65.97711439,-24.35955685,-10.43062554,66.56140386326406,-23.770853157416468,-9.294649230306304,active,-0.5842894732640644,-0.5887036925835325,-1.135976309693696,1.4065590646730737,P4,P4,a_baseline,114.61,0.0528,38.9,43.72,True,,,control
sub-4119,ses-3,run-01,anode,control,67.77851718,-13.1429807,-15.00804066,66.56140386326406,-23.770853157416468,-9.294649230306304,active,1.217113316735933,10.627872457416467,-5.713391429693697,12.127484464050443,P4,P4,a_baseline,116.58,0.0447,39.86,44.17,True,,,control
sub-4119,ses-3,run-02,anode,control,67.73206069,-13.31567022,-15.27623941,66.56140386326406,-23.770853157416468,-9.294649230306304,active,1.1706568267359359,10.455182937416469,-5.981590179693697,12.102095221020036,P4,P4,a_baseline,117.62,0.0323,40.68,43.92,True,,,control
sub-4119,ses-4,run-01,anode,control,66.60483134,-25.22315568,-7.55393283,66.56140386326406,-23.770853157416468,-9.294649230306304,active,0.043427476735942605,-1.4523025225835333,1.7407164003063036,2.267413096269288,P4,P4,a_baseline,114.36,0.0503,38.93,43.75,True,,,control
sub-4119,ses-4,run-02,anode,control,66.59698026,-25.27255227,-7.41189736,66.56140386326406,-23.770853157416468,-9.294649230306304,active,0.03557639673593371,-1.5016991125835304,1.8827518703063033,2.408551537725684,P4,P4,a_baseline,113.43,0.046,39.04,43.62,True,,,control
sub-4120,ses-1,run-01,anode,control,72.19619572,-19.36453101,-12.02878264,71.35252351524146,-22.498607352289834,-3.758515411585954,active,0.8436722047585477,3.134076342289834,-8.270267228414045,8.884342256901313,P4,P4,a_baseline,110.81,0.0168,42.32,44.02,True,,,control
sub-4120,ses-1,run-02,anode,control,72.5024226,-19.15345733,-12.2522766,71.35252351524146,-22.498607352289834,-3.758515411585954,active,1.1498990847585446,3.345150022289836,-8.493761188414046,9.200884506533217,P4,P4,a_baseline,110.98,0.0208,42.2,44.33,True,,,control
sub-4120,ses-2,run-01,anode,control,71.4682921,-20.25055185,-6.82250239,71.35252351524146,-22.498607352289834,-3.758515411585954,active,0.11576858475854124,2.2480555022898336,-3.0639869784140465,3.8019958062159183,P4,P4,a_baseline,114.08,0.0251,41.8,44.42,True,,,control
sub-4120,ses-2,run-02,anode,control,72.7862283,-20.57857543,-7.10107206,71.35252351524146,-22.498607352289834,-3.758515411585954,active,1.4337047847585467,1.9200319222898337,-3.342556648414046,4.112750532223963,P4,P4,a_baseline,114.41,0.0101,42.49,43.5,True,,,control
sub-4120,ses-3,run-01,anode,control,71.75570262,-17.49469008,-13.09010131,71.35252351524146,-22.498607352289834,-3.758515411585954,active,0.4031791047585358,5.003917272289833,-9.331585898414046,10.59623691873272,P4,P4,a_baseline,110.73,0.01,42.91,43.95,True,,,control
sub-4120,ses-3,run-02,anode,control,71.85511288,-17.70866592,-12.92258341,71.35252351524146,-22.498607352289834,-3.758515411585954,active,0.5025893647585349,4.789941432289833,-9.164067998414046,10.352597609966862,P4,P4,a_baseline,109.28,0.0046,43.09,43.55,True,,,control
sub-4120,ses-4,run-01,anode,control,72.05858641,-22.53171493,2.77143107,71.35252351524146,-22.498607352289834,-3.758515411585954,active,0.7060628947585457,-0.03310757771016526,6.529946481585954,6.568091197253083,P4,P4,a_baseline,113.11,0.0269,40.88,43.67,True,,,control
sub-4120,ses-4,run-02,anode,control,72.60770407,-22.37547436,2.84946133,71.35252351524146,-22.498607352289834,-3.758515411585954,active,1.2551805547585388,0.1231329922898361,6.607976741585954,6.7272577307678,P4,P4,a_baseline,112.34,0.0351,40.15,43.67,True,,,control
sub-4121,ses-1,run-01,anode,control,70.00148233,-34.4867138,-12.90326446,68.74124242443143,-42.6124723937376,-9.114980410250263,active,1.260239905568568,8.1257585937376,-3.7882840497497376,9.053576828241765,P4,P4,a_baseline,110.4,0.0158,41.64,43.17,True,,,control
sub-4121,ses-1,run-02,anode,control,70.08215679,-34.92690504,-13.04170295,68.74124242443143,-42.6124723937376,-9.114980410250263,active,1.3409143655685654,7.685567353737596,-3.9267225397497363,8.734136865701378,P4,P4,a_baseline,110.65,0.0163,41.56,43.23,True,,,control
sub-4121,ses-2,run-01,anode,control,70.95001006,-33.60814446,-7.03844655,68.74124242443143,-42.6124723937376,-9.114980410250263,active,2.208767635568563,9.0043279337376,2.0765338602502634,9.500977259155409,P4,P4,a_baseline,110.21,0.0135,42.5,43.93,True,,,control
sub-4121,ses-2,run-02,anode,control,71.13868731,-33.25869126,-6.94789842,68.74124242443143,-42.6124723937376,-9.114980410250263,active,2.397444885568561,9.353781133737598,2.1670819902502636,9.896322944895813,P4,P4,a_baseline,109.83,0.0196,42.02,44.08,True,,,control
sub-4121,ses-3,run-01,anode,control,70.50241853,-36.02449569,-7.76986139,68.74124242443143,-42.6124723937376,-9.114980410250263,active,1.7611761055685662,6.587976703737596,1.3451190202502632,6.950721077877745,P4,P4,a_baseline,110.42,0.0878,38.45,47.02,True,,,control
sub-4121,ses-3,run-02,anode,control,70.19291873,-37.06517566,-7.37290271,68.74124242443143,-42.6124723937376,-9.114980410250263,active,1.4516763055685686,5.547296733737596,1.7420777002502632,5.992887439456398,P4,P4,a_baseline,113.49,0.093,37.71,46.8,True,,,control
sub-4121,ses-4,run-01,anode,control,68.06763163,-41.52676885,-7.79474668,68.74124242443143,-42.6124723937376,-9.114980410250263,active,-0.6736107944314398,1.0857035437375941,1.320233730250263,1.8372590426364621,P4,P4,a_baseline,106.77,0.0484,39.98,44.83,True,,,control
sub-4121,ses-4,run-02,anode,control,68.30479327,-41.86543152,-7.55496109,68.74124242443143,-42.6124723937376,-9.114980410250263,active,-0.43644915443142906,0.7470408737375962,1.5600193202502632,1.7838772970674395,P4,P4,a_baseline,105.82,0.047,40.13,44.58,True,,,control
sub-4122,ses-1,run-01,anode,control,67.36084154,-25.56224878,10.48872914,66.87251437514716,-29.93228251901883,14.9557169383673,active,0.48832716485283356,4.3700337390188295,-4.466987798367299,6.26814472478567,P4,P4,a_baseline,111.11,0.0057,43.42,44.02,True,,,control
sub-4122,ses-1,run-02,anode,control,67.63350163,-25.63634427,10.61436445,66.87251437514716,-29.93228251901883,14.9557169383673,active,0.7609872548528358,4.295938249018832,-4.341352488367299,6.154797191596518,P4,P4,a_baseline,110.65,0.0037,43.7,44.1,True,,,control
sub-4122,ses-2,run-01,anode,control,67.36084154,-25.56224878,10.48872914,66.87251437514716,-29.93228251901883,14.9557169383673,active,0.48832716485283356,4.3700337390188295,-4.466987798367299,6.26814472478567,P4,P4,a_baseline,111.11,0.0057,43.42,44.02,True,,,control
sub-4122,ses-2,run-02,anode,control,67.63350163,-25.63634427,10.61436445,66.87251437514716,-29.93228251901883,14.9557169383673,active,0.7609872548528358,4.295938249018832,-4.341352488367299,6.154797191596518,P4,P4,a_baseline,110.65,0.0037,43.7,44.1,True,,,control
sub-4122,ses-3,run-01,anode,control,69.9217846,-17.29241158,13.25091608,66.87251437514716,-29.93228251901883,14.9557169383673,active,3.049270224852833,12.63987093901883,-1.7048008583672996,13.11376117770629,P4,P4,a_baseline,112.92,0.032,41.15,44.23,True,,,control
sub-4122,ses-3,run-02,anode,control,69.85712628,-18.06790145,14.09595265,66.87251437514716,-29.93228251901883,14.9557169383673,active,2.984611904852841,11.86438106901883,-0.8597642883673,12.264201604875606,P4,P4,a_baseline,112.82,0.0461,40.32,44.58,True,,,control
sub-4123,ses-1,run-01,anode,target,-66.86354078,29.73402936,21.93674496,-68.31806413143278,31.737917245399636,24.38541147535153,active,1.4545233514327833,-2.003887885399635,-2.4486665153515297,3.4824090139612376,P4,P4,a_baseline,108.62,0.0296,52.55,56.12,True,rigid_offset?+high_residual,58.12,target
sub-4123,ses-1,run-02,anode,target,-68.82049059,30.16952025,21.72833404,-68.31806413143278,31.737917245399636,24.38541147535153,active,-0.5024264585672285,-1.5683969953996346,-2.6570774353515283,3.1260777307836194,P4,P4,a_baseline,110.92,0.027,52.13,55.68,True,rigid_offset?+high_residual,57.92,target
sub-4123,ses-2,run-01,anode,target,-66.62207798,27.33498419,29.48079109,-68.31806413143278,31.737917245399636,24.38541147535153,active,1.695986151432777,-4.402933055399636,5.095379614648472,6.944428121419196,P4,P4,a_baseline,106.84,0.0131,53.33,54.88,True,rigid_offset?+high_residual,56.99,target
sub-4123,ses-2,run-02,anode,target,-66.29610225,26.89220814,29.80335744,-68.31806413143278,31.737917245399636,24.38541147535153,active,2.021961881432773,-4.845709105399635,5.417945964648471,7.544757455344124,P4,P4,a_baseline,106.46,0.0142,53.05,54.89,True,rigid_offset?+high_residual,56.88,target
sub-4123,ses-3,run-01,anode,target,-67.77695276,30.27036501,22.08834203,-68.31806413143278,31.737917245399636,24.38541147535153,active,0.5411113714327769,-1.467552235399637,-2.2970694453515286,2.7790356450912808,P4,P4,a_baseline,108.05,0.0159,52.59,54.62,True,rigid_offset?+high_residual,55.92,target
sub-4123,ses-3,run-02,anode,target,-70.69062477,28.11050564,22.79260344,-68.31806413143278,31.737917245399636,24.38541147535153,active,-2.372560638567222,-3.6274116053996366,-1.5928080353515277,4.617812942957615,P4,P4,a_baseline,107.86,0.0308,52.22,55.84,True,rigid_offset?+high_residual,56.29,target
sub-4123,ses-4,run-01,anode,target,-67.40575753,35.67339658,17.30937561,-68.31806413143278,31.737917245399636,24.38541147535153,active,0.9123066014327748,3.935479334600366,-7.076035865351528,8.148041758350622,P4,P4,a_baseline,111.02,0.0134,52.97,54.72,True,rigid_offset?+high_residual,62.85,target
sub-4123,ses-4,run-02,anode,target,-67.87660527,35.98807857,16.77156706,-68.31806413143278,31.737917245399636,24.38541147535153,active,0.44145886143277835,4.250161324600363,-7.6138444153515294,8.730944049336584,P4,P4,a_baseline,111.08,0.0058,53.88,54.65,True,rigid_offset?+high_residual,63.2,target
sub-4125,ses-1,run-01,anode,target,-66.54048629,48.7000548,17.25020408,-69.71041529366153,39.53882073324656,24.0001712972504,active,3.1699290036615224,9.161234066753437,-6.749967217250401,11.812650716416421,P4,P4,a_baseline,115.33,0.0118,53.43,54.92,True,rigid_offset?+high_residual,48.69,target
sub-4125,ses-1,run-02,anode,target,-66.42825557,48.37344902,17.49953528,-69.71041529366153,39.53882073324656,24.0001712972504,active,3.282159723661522,8.834628286753443,-6.5006360172504,11.449082847350834,P4,P4,a_baseline,115.7,0.0052,53.86,54.53,True,rigid_offset?+high_residual,48.44,target
sub-4125,ses-2,run-01,anode,target,-69.06361019,42.0423862,14.62713534,-69.71041529366153,39.53882073324656,24.0001712972504,active,0.6468051036615208,2.503565466753443,-9.3730359572504,9.723168205083768,P4,P4,a_baseline,118.63,0.0366,52.92,57.17,True,rigid_offset?+high_residual,49.01,target
sub-4125,ses-2,run-02,anode,target,-68.71513414,41.53385074,16.11770202,-69.71041529366153,39.53882073324656,24.0001712972504,active,0.9952811536615229,1.9950300067534386,-7.882469277250401,8.19170624531159,P4,P4,a_baseline,118.12,0.04,52.59,57.44,True,rigid_offset?+high_residual,48.42,target
sub-4125,ses-3,run-01,anode,target,-70.59654948,37.7984359,16.83955111,-69.71041529366153,39.53882073324656,24.0001712972504,active,-0.8861341863384666,-1.7403848332465586,-7.160620187250402,7.422173174350648,P4,P4,a_baseline,114.67,0.0116,54.85,56.42,True,rigid_offset?+high_residual,47.61,target
sub-4125,ses-3,run-02,anode,target,-70.35371357,37.08799887,18.2575694,-69.71041529366153,39.53882073324656,24.0001712972504,active,-0.64329827633847,-2.45082186324656,-5.742601897250399,6.276769633180054,P4,P4,a_baseline,115.08,0.0134,55.15,56.75,True,rigid_offset?+high_residual,47.03,target
sub-4125,ses-4,run-01,anode,target,-69.90790369,37.57102802,21.43240636,-69.71041529366153,39.53882073324656,24.0001712972504,active,-0.19748839633847126,-1.9677927132465598,-2.5677649372503986,3.2410841707624845,P4,P4,a_baseline,110.15,0.0032,55.17,55.6,True,rigid_offset?+high_residual,46.33,target
sub-4125,ses-4,run-02,anode,target,-69.80407449,37.32775796,22.71771571,-69.71041529366153,39.53882073324656,24.0001712972504,active,-0.09365919633847852,-2.21106277324656,-1.2824555872504,2.5577847770219657,P4,P4,a_baseline,110.43,0.0071,54.93,55.85,True,rigid_offset?+high_residual,46.06,target
sub-4126,ses-1,run-01,anode,control,67.39052582,-30.96161335,-2.19150727,65.93679057706267,-32.57083531447396,-2.53323417411132,active,1.4537352429373271,1.60922196447396,0.34172690411132,2.1953857894449866,P4,P4,a_baseline,99.63,0.0525,39.48,44.38,True,,,control
sub-4126,ses-1,run-02,anode,control,67.35802728,-33.38349653,-1.26400189,65.93679057706267,-32.57083531447396,-2.53323417411132,active,1.4212367029373354,-0.8126612155260418,1.2692322841113197,2.071541119077024,P4,P4,a_baseline,37.25,0.6157,37.83,140.62,False,different_montage?+contralateral_baseline?+high_residual,46.48,control
sub-4126,ses-2,run-01,anode,control,67.81849987,-27.96811057,-7.19254714,65.93679057706267,-32.57083531447396,-2.53323417411132,active,1.8817092929373302,4.60272474447396,-4.659312965888681,6.814330653161612,P4,P4,a_baseline,107.56,0.0184,41.55,43.28,True,,,control
sub-4126,ses-2,run-02,anode,control,68.11624676,-27.96292277,-6.5587302,65.93679057706267,-32.57083531447396,-2.53323417411132,active,2.1794561829373293,4.607912544473962,-4.02549602588868,6.495190953721823,P4,P4,a_baseline,106.81,0.0203,41.58,43.69,True,,,control
sub-4126,ses-3,run-01,anode,control,65.61312101,-33.87419479,-2.7678105,65.93679057706267,-32.57083531447396,-2.53323417411132,active,-0.3236695670626659,-1.3033594755260367,-0.23457632588868016,1.3632805887833477,P4,P4,a_baseline,108.47,0.0222,41.16,43.45,True,,,control
sub-4126,ses-3,run-02,anode,control,65.3949511,-33.69891823,-2.24039406,65.93679057706267,-32.57083531447396,-2.53323417411132,active,-0.5418394770626662,-1.1280829155260363,0.29284011411131994,1.2852690051650655,P4,P4,a_baseline,109.5,0.016,42.14,43.75,True,,,control
sub-4126,ses-4,run-01,anode,control,67.30007638,-29.02254367,8.33366264,65.93679057706267,-32.57083531447396,-2.53323417411132,active,1.3632858029373267,3.5482916444739594,10.86689681411132,11.512530918233267,P4,P4,a_baseline,112.72,0.0149,42.29,43.86,True,,,control
sub-4126,ses-4,run-02,anode,control,68.06446031,-28.62361292,8.31157756,65.93679057706267,-32.57083531447396,-2.53323417411132,active,2.127669732937335,3.947222394473961,10.84481173411132,11.735309313018254,P4,P4,a_baseline,114.17,0.0228,41.31,43.44,True,,,control
sub-4127,ses-1,run-01,anode,target,-72.9405565,51.65191419,33.69429757,-69.5630963780292,52.61020485027984,44.23809145053277,active,-3.377460121970799,-0.9582906602798431,-10.543793880532768,11.112927033875586,P4,P4,a_baseline,107.02,0.0106,53.11,54.49,True,rigid_offset?+high_residual,63.64,target
sub-4127,ses-1,run-02,anode,target,-73.3590925,51.41587174,33.82485454,-69.5630963780292,52.61020485027984,44.23809145053277,active,-3.795996121970802,-1.1943331102798425,-10.413236910532774,11.147713715879604,P4,P4,a_baseline,106.91,0.0136,52.59,54.19,True,rigid_offset?+high_residual,63.49,target
sub-4127,ses-2,run-01,anode,target,-71.65549082,49.91182141,40.0848133,-69.5630963780292,52.61020485027984,44.23809145053277,active,-2.0923944419707965,-2.698383440279841,-4.1532781505327705,5.376718989054539,P4,P4,a_baseline,109.28,0.0178,52.68,54.79,True,rigid_offset?+high_residual,60.39,target
sub-4127,ses-2,run-02,anode,target,-72.68331803,50.17205931,40.8895331,-69.5630963780292,52.61020485027984,44.23809145053277,active,-3.1202216519707946,-2.438145540279841,-3.3485583505327696,5.1858634632948615,P4,P4,a_baseline,109.54,0.0229,52.43,55.45,True,different_montage?+high_residual,44.9,target
sub-4127,ses-3,run-01,anode,target,-72.96742535,50.07813842,36.55529344,-69.5630963780292,52.61020485027984,44.23809145053277,active,-3.4043289719707985,-2.5320664302798406,-7.682798010532771,8.776457225292912,P4,P4,a_baseline,113.2,0.0126,52.28,53.86,True,different_montage?+high_residual,45.74,target
sub-4127,ses-3,run-02,anode,target,-73.0938184,49.88404618,37.52030815,-69.5630963780292,52.61020485027984,44.23809145053277,active,-3.530722021970803,-2.726158670279844,-6.717783300532773,8.063904238325785,P4,P4,a_baseline,113.05,0.0157,52.13,54.16,True,different_montage?+high_residual,45.42,target
sub-4127,ses-4,run-01,anode,target,-72.70676095,45.78369536,38.29972908,-69.5630963780292,52.61020485027984,44.23809145053277,active,-3.1436645719708025,-6.8265094902798396,-5.938362370532772,9.578517964993578,P4,P4,a_baseline,105.88,0.0093,53.29,54.52,True,rigid_offset?+high_residual,63.39,target
sub-4127,ses-4,run-02,anode,target,-72.98913046,45.77769579,39.02656757,-69.5630963780292,52.61020485027984,44.23809145053277,active,-3.4260340819707977,-6.83250906027984,-5.2115238805327735,9.250992960055422,P4,P4,a_baseline,105.45,0.0035,53.79,54.22,True,rigid_offset?+high_residual,63.13,target
sub-4128,ses-1,run-01,anode,control,71.63945842,-21.82280963,7.05126833,69.15694223046783,-28.761685314999767,0.768061155921187,active,2.482516189532163,6.938875684999768,6.283207174078813,9.684501783549102,P4,P4,a_baseline,103.31,0.0682,41.31,48.35,True,,,control
sub-4128,ses-1,run-02,anode,control,71.22238934,-20.64840161,7.34226662,69.15694223046783,-28.761685314999767,0.768061155921187,active,2.0654471095321725,8.113283704999766,6.574205464078814,10.64479317431829,P4,P4,a_baseline,102.83,0.0706,41.08,48.27,True,,,control
sub-4128,ses-2,run-01,anode,control,71.59758593,-19.37707418,-1.74339564,69.15694223046783,-28.761685314999767,0.768061155921187,active,2.44064369953216,9.384611134999766,-2.5114567959211866,10.016740141433555,P4,P4,a_baseline,110.26,0.0429,40.63,45.14,True,,,control
sub-4128,ses-2,run-02,anode,control,72.07510053,-19.03479095,-0.98302124,69.15694223046783,-28.761685314999767,0.768061155921187,active,2.918158299532166,9.726894364999765,-1.751082395921187,10.305067268402363,P4,P4,a_baseline,111.07,0.0483,40.82,45.81,True,,,control
sub-4128,ses-3,run-01,anode,control,71.99556668,-16.78325926,6.18353115,69.15694223046783,-28.761685314999767,0.768061155921187,active,2.838624449532162,11.978426054999765,5.415469994078814,13.448709781140606,P4,P4,a_baseline,112.53,0.0353,41.44,44.86,True,,,control
sub-4128,ses-3,run-02,anode,control,72.54230499,-17.30487959,6.51264925,69.15694223046783,-28.761685314999767,0.768061155921187,active,3.385362759532171,11.456805724999768,5.7445880940788125,13.255918331245361,P4,P4,a_baseline,109.04,0.0399,41.29,45.3,True,,,control
sub-4128,ses-4,run-01,anode,control,70.75886246,-25.73067084,5.31900511,69.15694223046783,-28.761685314999767,0.768061155921187,active,1.601920229532169,3.0310144749997683,4.550943954078813,5.697744118737609,P4,P4,a_baseline,109.72,0.0903,39.2,48.94,True,,,control
sub-4128,ses-4,run-02,anode,control,70.76547031,-24.99937346,5.9676404,69.15694223046783,-28.761685314999767,0.768061155921187,active,1.6085280795321637,3.7623118549997656,5.199579244078812,6.616492831732715,P4,P4,a_baseline,109.15,0.0887,38.46,47.85,True,,,control
sub-4129,ses-1,run-01,anode,target,-67.85995142,57.73438229,38.6392549,-68.71951970399617,59.58064245698736,36.70430131115457,active,0.8595682839961682,-1.8462601669873635,1.9349535888454241,2.809195548558717,P4,P4,a_baseline,111.11,0.0309,51.5,55.52,True,rigid_offset?+high_residual,61.06,target
sub-4129,ses-1,run-02,anode,target,-67.85884956,57.9569043,39.07228987,-68.71951970399617,59.58064245698736,36.70430131115457,active,0.8606701439961739,-1.6237381569873648,2.3679885588454255,2.9974403270200316,P4,P4,a_baseline,110.87,0.0267,52.09,55.6,True,rigid_offset?+high_residual,61.3,target
sub-4129,ses-2,run-01,anode,target,-70.10382643,52.74170708,36.73969876,-68.71951970399617,59.58064245698736,36.70430131115457,active,-1.3843067260038282,-6.838935376987365,0.035397448845429835,6.977721345944786,P4,P4,a_baseline,109.77,0.0117,53.96,55.4,True,rigid_offset?+high_residual,57.8,target
sub-4129,ses-2,run-02,anode,target,-70.45496525,52.52626015,36.47212933,-68.71951970399617,59.58064245698736,36.70430131115457,active,-1.735445546003831,-7.054382306987364,-0.23217198115457194,7.268423818484592,P4,P4,a_baseline,109.22,0.0148,53.52,55.41,True,rigid_offset?+high_residual,57.72,target
sub-4129,ses-3,run-01,anode,target,-70.87656691,55.68611771,28.92004463,-68.71951970399617,59.58064245698736,36.70430131115457,active,-2.157047206003824,-3.894524746987365,-7.784256681154574,8.967431501379062,P4,P4,a_baseline,114.31,0.0234,52.7,55.44,True,rigid_offset?+high_residual,64.94,target
sub-4129,ses-3,run-02,anode,target,-70.6214753,54.66733576,28.16145631,-68.71951970399617,59.58064245698736,36.70430131115457,active,-1.9019555960038304,-4.913306696987362,-8.542845001154575,10.03684305454573,P4,P4,a_baseline,113.6,0.022,52.52,55.19,True,rigid_offset?+high_residual,65.15,target
sub-4129,ses-4,run-01,anode,target,-69.09325469,59.25477915,31.76692544,-68.71951970399617,59.58064245698736,36.70430131115457,active,-0.37373498600382504,-0.3258633069873653,-4.937375871154572,4.962211727411819,P4,P4,a_baseline,111.74,0.0215,53.3,55.92,True,rigid_offset?+high_residual,64.98,target
sub-4129,ses-4,run-02,anode,target,-69.91186816,59.47118048,32.25389329,-68.71951970399617,59.58064245698736,36.70430131115457,active,-1.1923484560038276,-0.10946197698736171,-4.450408021154573,4.608666653132731,P4,P4,a_baseline,111.98,0.0195,53.52,55.84,True,rigid_offset?+high_residual,64.8,target
sub-4130,ses-1,run-01,anode,target,-73.02313141,34.07703066,1.28716753,-73.08798768893716,39.81219031857224,16.514110944435267,active,0.06485627893715673,-5.735159658572243,-15.226943414435267,16.27132657138457,P4,P4,a_baseline,109.54,0.0152,53.44,55.38,True,rigid_offset?+high_residual,49.46,target
sub-4130,ses-1,run-02,anode,target,-73.77166792,33.14130764,1.99245909,-73.08798768893716,39.81219031857224,16.514110944435267,active,-0.6836802310628372,-6.670882678572241,-14.521651854435266,15.995201372631872,P4,P4,a_baseline,110.79,0.0162,54.04,56.02,True,rigid_offset?+high_residual,49.41,target
sub-4130,ses-2,run-01,anode,target,-71.81077854,39.32313849,7.05211869,-73.08798768893716,39.81219031857224,16.514110944435267,active,1.2772091489371604,-0.4890518285722436,-9.461992254435266,9.560320722870735,P4,P4,a_baseline,111.05,0.0215,53.59,56.28,True,rigid_offset?+high_residual,48.5,target
sub-4130,ses-2,run-02,anode,target,-71.99921838,39.33676219,7.08082163,-73.08798768893716,39.81219031857224,16.514110944435267,active,1.0887693089371595,-0.4754281285722399,-9.433289314435267,9.507807202681374,P4,P4,a_baseline,111.17,0.0248,53.48,56.36,True,rigid_offset?+high_residual,48.43,target
sub-4130,ses-3,run-01,anode,target,-73.95470869,27.29359843,11.15917172,-73.08798768893716,39.81219031857224,16.514110944435267,active,-0.8667210010628423,-12.518591888572242,-5.354939224435267,13.64337649790936,P4,P4,a_baseline,111.35,0.0195,53.99,56.59,True,rigid_offset?+high_residual,46.45,target
sub-4130,ses-3,run-02,anode,target,-74.22566244,27.27202839,11.1646204,-73.08798768893716,39.81219031857224,16.514110944435267,active,-1.137674751062832,-12.540161928572243,-5.349490544435266,13.68089960927354,P4,P4,a_baseline,111.74,0.0082,54.75,55.8,True,rigid_offset?+high_residual,46.59,target
sub-4130,ses-4,run-01,anode,target,-71.03603748,43.67131958,16.49759333,-73.08798768893716,39.81219031857224,16.514110944435267,active,2.051950208937157,3.8591292614277606,-0.01651761443526567,4.370772374300891,P4,P4,a_baseline,114.57,0.0101,53.2,54.46,True,rigid_offset?+high_residual,46.1,target
sub-4130,ses-4,run-02,anode,target,-71.10652585,43.7501663,15.89915738,-73.08798768893716,39.81219031857224,16.514110944435267,active,1.9814618389371645,3.937975981427755,-0.6149535644352664,4.451068830727938,P4,P4,a_baseline,114.58,0.0076,53.25,54.15,True,rigid_offset?+high_residual,46.18,target
sub-4131,ses-1,run-01,anode,control,73.3506868,-30.81028685,3.63125629,73.61463615559647,-33.33587782761136,9.608142844456514,active,-0.26394935559646626,2.525590977611362,-5.976886554456515,6.493955030130311,P4,P4,a_baseline,108.49,0.0583,39.65,45.72,True,,,control
sub-4131,ses-1,run-02,anode,control,73.73878416,-30.90361438,3.55987566,73.61463615559647,-33.33587782761136,9.608142844456514,active,0.1241480044035228,2.432263447611362,-6.048267184456515,6.520188198216155,P4,P4,a_baseline,110.29,0.0461,40.16,44.95,True,,,control
sub-4131,ses-2,run-01,anode,control,74.30257718,-26.21042152,7.89318217,73.61463615559647,-33.33587782761136,9.608142844456514,active,0.6879410244035284,7.125456307611362,-1.7149606744565142,7.361146687824409,P4,P4,a_baseline,114.69,0.0483,40.42,45.46,True,,,control
sub-4131,ses-2,run-02,anode,control,74.40852738,-26.72304376,9.31515908,73.61463615559647,-33.33587782761136,9.608142844456514,active,0.7938912244035237,6.612834067611363,-0.29298376445651364,6.666759120305869,P4,P4,a_baseline,113.15,0.058,39.64,44.97,True,,,control
sub-4131,ses-3,run-01,anode,control,70.50866384,-36.20097073,8.71825847,73.61463615559647,-33.33587782761136,9.608142844456514,active,-3.1059723155964747,-2.865092902388639,-0.8898843744565141,4.318300078094544,P4,P4,a_baseline,111.29,0.0295,41.84,44.81,True,,,control
sub-4131,ses-3,run-02,anode,control,70.947863,-36.05730149,9.25122676,73.61463615559647,-33.33587782761136,9.608142844456514,active,-2.6667731555964735,-2.721423662388638,-0.3569160844565147,3.826906701888946,P4,P4,a_baseline,111.6,0.0147,42.53,44.05,True,,,control
sub-4131,ses-4,run-01,anode,control,72.44663779,-32.83317657,0.34401306,73.61463615559647,-33.33587782761136,9.608142844456514,active,-1.1679983655964747,0.5027012576113634,-9.264129784456514,9.350990824489905,P4,P4,a_baseline,111.96,0.0545,41.0,46.71,True,,,control
sub-4131,ses-4,run-02,anode,control,72.77594348,-32.53495989,0.69180692,73.61463615559647,-33.33587782761136,9.608142844456514,active,-0.8386926755964765,0.8009179376113593,-8.916335924456515,8.991435995692825,P4,P4,a_baseline,112.31,0.0428,41.47,45.99,True,,,control
sub-4133,ses-1,run-01,anode,target,-70.35314885,26.3874206,22.90351321,-68.10402072640323,30.855015025063437,31.5817107906238,active,-2.249128123596762,-4.467594425063439,-8.678197580623799,10.016441010236948,P4,P4,a_baseline,108.24,0.0119,54.6,56.03,True,rigid_offset?+high_residual,63.2,target
sub-4133,ses-1,run-02,anode,target,-70.33688083,26.36411005,22.99983063,-68.10402072640323,30.855015025063437,31.5817107906238,active,-2.2328601035967637,-4.490904975063437,-8.581880160623797,9.939947627054782,P4,P4,a_baseline,108.91,0.0124,54.7,56.37,True,rigid_offset?+high_residual,63.31,target
sub-4133,ses-2,run-01,anode,target,-68.60539187,31.03026293,25.77586771,-68.10402072640323,30.855015025063437,31.5817107906238,active,-0.5013711435967707,0.17524790493656184,-5.805843080623799,5.830085653628378,P4,P4,a_baseline,112.5,0.0221,52.05,54.94,True,rigid_offset?+high_residual,63.13,target
sub-4133,ses-2,run-02,anode,target,-68.41128285,31.05609932,26.8649102,-68.10402072640323,30.855015025063437,31.5817107906238,active,-0.30726212359677163,0.20108429493656388,-4.716800590623798,4.731073104273103,P4,P4,a_baseline,112.24,0.0232,51.85,54.87,True,rigid_offset?+high_residual,62.77,target
sub-4133,ses-3,run-01,anode,target,-69.49904882,26.86703224,27.9869252,-68.10402072640323,30.855015025063437,31.5817107906238,active,-1.395028093596764,-3.987982785063437,-3.594785590623797,5.547305068088741,P4,P4,a_baseline,108.81,0.0227,51.92,54.83,True,rigid_offset?+high_residual,45.57,target
sub-4133,ses-3,run-02,anode,target,-69.31827443,26.83798122,28.50728948,-68.10402072640323,30.855015025063437,31.5817107906238,active,-1.2142537035967678,-4.017033805063438,-3.074421310623798,5.202214820914132,P4,P4,a_baseline,108.8,0.0193,52.33,54.82,True,rigid_offset?+high_residual,45.52,target
sub-4133,ses-4,run-01,anode,target,-68.65586134,25.83263974,31.72177927,-68.10402072640323,30.855015025063437,31.5817107906238,active,-0.5518406135967666,-5.022375285063436,0.14006847937620037,5.054542585214379,P4,P4,a_baseline,112.85,0.0194,52.47,54.95,True,rigid_offset?+high_residual,62.04,target
sub-4133,ses-4,run-02,anode,target,-68.66480982,26.00064605,31.87982721,-68.10402072640323,30.855015025063437,31.5817107906238,active,-0.5607890935967674,-4.854368975063437,0.2981164193761998,4.8957385503167155,P4,P4,a_baseline,112.8,0.021,52.45,55.09,True,rigid_offset?+high_residual,62.01,target
sub-4135,ses-1,run-01,anode,target,-65.96238743,44.39746037,23.02113335,-63.104859087933136,41.95112195191827,28.19050516067917,active,-2.857528342066871,2.44633841808173,-5.16937181067917,6.393156090581749,P4,P4,a_baseline,111.22,0.0114,52.7,54.15,True,rigid_offset?+high_residual,61.5,target
sub-4135,ses-1,run-02,anode,target,-66.10811233,44.96075024,20.34858511,-63.104859087933136,41.95112195191827,28.19050516067917,active,-3.0032532420668616,3.0096282880817355,-7.841920050679171,8.920375695543934,P4,P4,a_baseline,110.56,0.0092,52.88,54.08,True,rigid_offset?+high_residual,62.32,target
sub-4135,ses-2,run-01,anode,target,-65.45979897,41.24683047,25.74923869,-63.104859087933136,41.95112195191827,28.19050516067917,active,-2.3549398820668586,-0.7042914819182684,-2.441266470679171,3.4643253774023646,P4,P4,a_baseline,111.01,0.0072,52.81,53.75,True,rigid_offset?+high_residual,60.73,target
sub-4135,ses-2,run-02,anode,target,-64.45914101,41.4861881,25.11371224,-63.104859087933136,41.95112195191827,28.19050516067917,active,-1.3542819220668605,-0.46493385191826775,-3.0767929206791678,3.3936555051799395,P4,P4,a_baseline,110.46,0.0112,52.6,54.06,True,rigid_offset?+high_residual,60.54,target
sub-4135,ses-3,run-01,anode,target,-63.83423581,44.74865691,24.66071875,-63.104859087933136,41.95112195191827,28.19050516067917,active,-0.729376722066867,2.7975349580817337,-3.5297864106791685,4.562629104956669,P4,P4,a_baseline,108.28,0.0038,53.56,54.07,True,rigid_offset?+high_residual,61.35,target
sub-4135,ses-3,run-02,anode,target,-64.3057712,44.70047919,23.78982213,-63.104859087933136,41.95112195191827,28.19050516067917,active,-1.2009121120668595,2.7493572380817355,-4.400683030679168,5.326083576138184,P4,P4,a_baseline,108.15,0.0088,53.33,54.49,True,rigid_offset?+high_residual,61.55,target
sub-4135,ses-4,run-01,anode,target,-65.95717036,45.84530795,17.80578559,-63.104859087933136,41.95112195191827,28.19050516067917,active,-2.8523112720668706,3.8941859980817313,-10.38471957067917,11.45175815069732,P4,P4,a_baseline,109.03,0.0236,53.42,56.59,True,rigid_offset?+high_residual,67.97,target
sub-4135,ses-4,run-02,anode,target,-65.97233803,45.92985726,18.01620007,-63.104859087933136,41.95112195191827,28.19050516067917,active,-2.8674789420668674,3.978735308081731,-10.17430509067917,11.294656002428459,P4,P4,a_baseline,108.45,0.0235,52.98,55.93,True,rigid_offset?+high_residual,67.75,target
sub-4136,ses-1,run-01,anode,target,-76.2413094,49.32848615,43.41863557,-78.37085083647713,41.355739373676464,47.3088846543846,active,2.129541436477126,7.97274677632354,-3.8902490843845996,9.123249192453622,P4,P4,a_baseline,113.25,0.0065,54.12,54.95,True,rigid_offset?+high_residual,46.88,target
sub-4136,ses-1,run-02,anode,target,-76.29158642,49.10973054,43.65465414,-78.37085083647713,41.355739373676464,47.3088846543846,active,2.0792644164771303,7.753991166323537,-3.654230514384601,8.820494327038082,P4,P4,a_baseline,113.03,0.0026,54.36,54.67,True,rigid_offset?+high_residual,46.73,target
sub-4136,ses-2,run-01,anode,target,-79.00200119,38.31648161,37.87181584,-78.37085083647713,41.355739373676464,47.3088846543846,active,-0.6311503535228695,-3.039257763676467,-9.437068814384602,9.934470611474481,P4,P4,a_baseline,113.14,0.0207,53.78,56.57,True,rigid_offset?+high_residual,47.15,target
sub-4136,ses-2,run-02,anode,target,-79.25350611,37.89117585,37.83672044,-78.37085083647713,41.355739373676464,47.3088846543846,active,-0.8826552735228717,-3.4645635236764605,-9.472164214384598,10.124434584001982,P4,P4,a_baseline,112.76,0.0232,53.98,57.01,True,rigid_offset?+high_residual,47.22,target
sub-4136,ses-3,run-01,anode,target,-77.90107805,41.9180025,42.87899185,-78.37085083647713,41.355739373676464,47.3088846543846,active,0.4697727864771366,0.5622631263235363,-4.4298928043846,4.490075339287312,P4,P4,a_baseline,109.78,0.0279,52.21,55.84,True,rigid_offset?+high_residual,60.34,target
sub-4136,ses-3,run-02,anode,target,-77.9402051,41.89790946,43.47884672,-78.37085083647713,41.355739373676464,47.3088846543846,active,0.4306457364771319,0.5421700863235372,-3.830037934384599,3.8921195680085483,P4,P4,a_baseline,109.58,0.0287,52.52,56.16,True,rigid_offset?+high_residual,60.38,target
sub-4136,ses-4,run-01,anode,target,-78.11889545,44.43612331,38.30459671,-78.37085083647713,41.355739373676464,47.3088846543846,active,0.25195538647713533,3.0803839363235355,-9.0042879443846,9.51995000498032,P4,P4,a_baseline,113.51,0.0151,53.94,55.95,True,rigid_offset?+high_residual,48.67,target
sub-4136,ses-4,run-02,anode,target,-78.16929846,44.2644175,39.09428287,-78.37085083647713,41.355739373676464,47.3088846543846,active,0.20155237647713875,2.9086781263235366,-8.214601784384598,8.716691704943523,P4,P4,a_baseline,114.52,0.0126,53.95,55.62,True,rigid_offset?+high_residual,48.14,target
sub-4137,ses-1,run-01,anode,control,67.95505685,-20.49923681,12.28735782,66.09878399406813,-26.1936629317821,12.6622499111304,active,1.856272855931877,5.694426121782101,-0.3748920911304001,6.001065059811963,P4,P4,a_baseline,109.56,0.0472,40.67,45.47,True,,,control
sub-4137,ses-1,run-02,anode,control,67.93818409,-20.92475365,12.79487767,66.09878399406813,-26.1936629317821,12.6622499111304,active,1.8394000959318646,5.268909281782101,0.13262775886959943,5.582328175142205,P4,P4,a_baseline,109.77,0.0461,40.76,45.45,True,,,control
sub-4137,ses-2,run-01,anode,control,67.2859688,-21.37569964,12.12007309,66.09878399406813,-26.1936629317821,12.6622499111304,active,1.187184805931878,4.8179632917821,-0.5421768211304006,4.991606329606371,P4,P4,a_baseline,114.55,0.0602,41.39,46.98,True,,,control
sub-4137,ses-2,run-02,anode,control,67.29591861,-21.02213888,11.79501746,66.09878399406813,-26.1936629317821,12.6622499111304,active,1.1971346159318728,5.1715240517821,-0.8672324511304002,5.378650800258067,P4,P4,a_baseline,114.21,0.0519,41.54,46.42,True,,,control
sub-4137,ses-3,run-01,anode,control,65.03175145,-27.06690094,18.02788644,66.09878399406813,-26.1936629317821,12.6622499111304,active,-1.0670325440681268,-0.8732380082178999,5.365636528869599,5.539960146881624,P4,P4,a_baseline,115.8,0.0327,42.66,46.16,True,,,control
sub-4137,ses-3,run-02,anode,control,64.94249972,-27.07799295,18.13229739,66.09878399406813,-26.1936629317821,12.6622499111304,active,-1.1562842740681276,-0.8843300182178986,5.470047478869601,5.66042863435855,P4,P4,a_baseline,115.95,0.0339,42.55,46.12,True,,,control
sub-4137,ses-4,run-01,anode,control,68.88267142,-12.43352858,13.13676142,66.09878399406813,-26.1936629317821,12.6622499111304,active,2.7838874259318658,13.7601343517821,0.4745115088695986,14.046938732385964,P4,P4,a_baseline,112.83,0.0249,42.95,45.51,True,,,control
sub-4137,ses-4,run-02,anode,control,68.81140669,-12.49289969,13.80932758,66.09878399406813,-26.1936629317821,12.6622499111304,active,2.71262269593187,13.7007632417821,1.1470776688695992,14.013744056328116,P4,P4,a_baseline,112.31,0.0205,43.23,45.41,True,,,control
sub-4138,ses-1,run-01,anode,target,-75.50132062,32.49553146,15.47882258,-73.1055491816046,34.0983565138222,26.3344827004618,active,-2.3957714383954,-1.602825053822201,-10.855660120461799,11.231835361559392,P4,P4,a_baseline,105.9,0.0315,51.44,55.09,True,rigid_offset?+high_residual,49.19,target
sub-4138,ses-1,run-02,anode,target,-75.68799104,32.1376639,15.6053049,-73.1055491816046,34.0983565138222,26.3344827004618,active,-2.5824418583953985,-1.9606926138222036,-10.729177800461798,11.208415488007745,P4,P4,a_baseline,105.79,0.0336,51.16,55.02,True,rigid_offset?+high_residual,49.04,target
sub-4138,ses-2,run-01,anode,target,-73.77844909,37.03325125,19.36474625,-73.1055491816046,34.0983565138222,26.3344827004618,active,-0.6728999083953937,2.934894736177796,-6.969736450461799,7.59234006009073,P4,P4,a_baseline,108.21,0.0174,53.83,56.17,True,different_montage?+high_residual,48.77,target
sub-4138,ses-2,run-02,anode,target,-73.80436698,37.03750518,19.47564593,-73.1055491816046,34.0983565138222,26.3344827004618,active,-0.698817798395396,2.9391486661777932,-6.858836770461799,7.494703665995591,P4,P4,a_baseline,108.02,0.0185,53.83,56.31,True,different_montage?+high_residual,48.83,target
sub-4138,ses-3,run-01,anode,target,-71.0443276,41.20316416,23.00540528,-73.1055491816046,34.0983565138222,26.3344827004618,active,2.061221581604599,7.104807646177797,-3.3290774204617968,8.112316720215478,P4,P4,a_baseline,111.8,0.0173,52.78,54.88,True,rigid_offset?+high_residual,62.82,target
sub-4138,ses-3,run-02,anode,target,-71.07262683,41.21729914,23.15212242,-73.1055491816046,34.0983565138222,26.3344827004618,active,2.032922351604597,7.118942626177798,-3.182360280461797,8.058506955827841,P4,P4,a_baseline,111.96,0.019,52.78,55.07,True,rigid_offset?+high_residual,62.84,target
sub-4138,ses-4,run-01,anode,target,-73.74984632,29.38208494,24.39923305,-73.1055491816046,34.0983565138222,26.3344827004618,active,-0.6442971383954017,-4.716271573822205,-1.9352496504617989,5.1384362962092265,P4,P4,a_baseline,110.15,0.0183,54.23,56.51,True,rigid_offset?+high_residual,63.07,target
sub-4138,ses-4,run-02,anode,target,-73.49653093,29.70364198,24.35361138,-73.1055491816046,34.0983565138222,26.3344827004618,active,-0.39098174839540434,-4.394714533822203,-1.980871320461798,4.836345081732123,P4,P4,a_baseline,109.78,0.0087,55.02,56.18,True,rigid_offset?+high_residual,63.0,target
sub-4139,ses-1,run-01,anode,target,-73.71946309,29.53371021,35.70332984,-70.11179015905525,37.622275884150405,42.88224442542747,active,-3.6076729309447586,-8.088565674150406,-7.178914585427471,11.40074617148277,P4,P4,a_baseline,111.82,0.0051,53.24,53.88,True,different_montage?+high_residual,45.62,target
sub-4139,ses-1,run-02,anode,target,-73.83915902,29.54575118,36.1765694,-70.11179015905525,37.622275884150405,42.88224442542747,active,-3.7273688609447504,-8.076524704150405,-6.705675025427475,11.139551493167671,P4,P4,a_baseline,111.72,0.005,53.48,54.12,True,different_montage?+high_residual,45.61,target
sub-4139,ses-2,run-01,anode,target,-72.7725034,32.158441,39.01254455,-70.11179015905525,37.622275884150405,42.88224442542747,active,-2.6607132409447587,-5.463834884150401,-3.8696998754274716,7.204683457146538,P4,P4,a_baseline,104.75,0.0228,52.19,54.75,True,different_montage?+high_residual,44.39,target
sub-4139,ses-2,run-02,anode,target,-72.96253994,31.92657889,39.30616988,-70.11179015905525,37.622275884150405,42.88224442542747,active,-2.850749780944753,-5.695696994150406,-3.576074545427474,7.304522415407105,P4,P4,a_baseline,104.5,0.0256,52.17,55.07,True,different_montage?+high_residual,44.49,target
sub-4139,ses-3,run-01,anode,target,-72.127287,31.51043945,37.17490708,-70.11179015905525,37.622275884150405,42.88224442542747,active,-2.015496840944749,-6.111836434150405,-5.707337345427476,8.601771427338543,P4,P4,a_baseline,110.1,0.0209,52.71,55.47,True,different_montage?+high_residual,45.68,target
sub-4139,ses-3,run-02,anode,target,-72.41789954,31.52126578,37.77957663,-70.11179015905525,37.622275884150405,42.88224442542747,active,-2.306109380944747,-6.101010104150404,-5.102667795427472,8.281164374550197,P4,P4,a_baseline,112.0,0.0175,53.4,55.74,True,different_montage?+high_residual,45.64,target
sub-4139,ses-4,run-01,anode,target,-70.26810816,30.00147,45.21894182,-70.11179015905525,37.622275884150405,42.88224442542747,active,-0.15631800094475068,-7.620805884150403,2.336697394572525,7.972532367768901,P4,P4,a_baseline,108.0,0.0146,52.4,54.23,True,rigid_offset?+high_residual,62.28,target
sub-4139,ses-4,run-02,anode,target,-70.27131071,29.69204793,45.2568609,-70.11179015905525,37.622275884150405,42.88224442542747,active,-0.15952055094474815,-7.9302279541504035,2.3746164745725267,8.279659752204402,P4,P4,a_baseline,108.07,0.0102,52.84,54.12,True,rigid_offset?+high_residual,62.4,target
sub-4141,ses-1,run-01,anode,control,73.1417083,-16.37664177,1.01558567,72.00071643535152,-23.817225060117067,6.170876141344091,active,1.140991864648484,7.440583290117068,-5.155290471344091,9.123659461876827,P4,P4,a_baseline,110.45,0.0215,42.02,44.05,True,,,control
sub-4141,ses-1,run-02,anode,control,72.86653284,-16.38397429,0.98121982,72.00071643535152,-23.817225060117067,6.170876141344091,active,0.8658164046484842,7.433250770117066,-5.189656321344091,9.106886833142875,P4,P4,a_baseline,111.2,0.0222,41.9,44.1,True,,,control
sub-4142,ses-1,run-01,anode,control,76.90882394,-19.21479611,-5.41893333,75.60312720422654,-25.7220472890466,-1.968241583362516,active,1.3056967357734663,6.507251179046598,-3.450691746637484,7.480403425171993,P4,P4,a_baseline,108.24,0.0997,37.99,48.42,True,,,control
sub-4142,ses-1,run-02,anode,control,75.88409282,-18.19706308,-6.53141993,75.60312720422654,-25.7220472890466,-1.968241583362516,active,0.2809656157734679,7.5249842090466,-4.563178346637484,8.804937572002931,P4,P4,a_baseline,109.95,0.0788,39.19,47.58,True,,,control
sub-4142,ses-2,run-01,anode,control,75.72488576,-26.41498708,-1.4698571,75.60312720422654,-25.7220472890466,-1.968241583362516,active,0.12175855577346795,-0.6929397909533996,0.49838448336251595,0.8621935937172718,P4,P4,a_baseline,107.17,0.0664,40.01,47.1,True,,,control
sub-4142,ses-2,run-02,anode,control,75.36354048,-24.3395949,-1.47139814,75.60312720422654,-25.7220472890466,-1.968241583362516,active,-0.23958672422654104,1.3824523890465983,0.49684344336251596,1.4884319983185572,P4,P4,a_baseline,114.77,0.0312,42.64,45.69,True,,,control
sub-4142,ses-3,run-01,anode,control,76.41673772,-23.59434168,1.86134342,75.60312720422654,-25.7220472890466,-1.968241583362516,active,0.8136105157734619,2.1277056090466004,3.8295850033625163,4.455874159816972,P4,P4,a_baseline,111.19,0.0654,39.68,45.75,True,,,control
sub-4142,ses-3,run-02,anode,control,76.16353321,-24.31393591,1.42776856,75.60312720422654,-25.7220472890466,-1.968241583362516,active,0.5604060057734586,1.4081113790465984,3.396010143362516,3.7188328062617404,P4,P4,a_baseline,108.34,0.071,39.37,46.38,True,,,control
sub-4142,ses-4,run-01,anode,control,76.25589522,-20.35363491,-1.58223545,75.60312720422654,-25.7220472890466,-1.968241583362516,active,0.6527680157734608,5.3684123790466,0.386006133362516,5.421711748969238,P4,P4,a_baseline,110.16,0.049,41.4,46.5,True,,,control
sub-4142,ses-4,run-02,anode,control,76.32702274,-20.28468957,-0.53018931,75.60312720422654,-25.7220472890466,-1.968241583362516,active,0.7238955357734653,5.437357719046599,1.438052273362516,5.670703488325896,P4,P4,a_baseline,109.67,0.0439,41.26,45.95,True,,,control
sub-4143,ses-1,run-01,anode,control,70.27908968,-31.43885179,-21.28008665,68.49498022175557,-37.8015487831415,-24.691242040114,active,1.78410945824443,6.362696993141498,3.411155390113997,7.436594696568642,P4,P4,a_baseline,112.56,0.0166,41.85,43.39,True,,,control
sub-4143,ses-1,run-02,anode,control,70.22380169,-30.84493496,-21.74464034,68.49498022175557,-37.8015487831415,-24.691242040114,active,1.7288214682444334,6.956613823141499,2.946601700113998,7.750210392789406,P4,P4,a_baseline,114.02,0.0083,42.01,42.86,True,,,control
sub-4143,ses-2,run-01,anode,control,70.62226224,-25.83781404,-27.76547502,68.49498022175557,-37.8015487831415,-24.691242040114,active,2.127282018244429,11.963734743141497,-3.074232979886002,12.534240551545825,P4,P4,a_baseline,105.4,0.0198,43.22,45.1,True,,,control
sub-4143,ses-2,run-02,anode,control,70.24799159,-26.4945695,-28.25663974,68.49498022175557,-37.8015487831415,-24.691242040114,active,1.7530113682444295,11.306979283141498,-3.5653976998860024,11.984693993796322,P4,P4,a_baseline,105.09,0.0289,42.79,45.48,True,,,control
sub-4143,ses-3,run-01,anode,control,70.80995588,-30.54213263,-21.36898219,68.49498022175557,-37.8015487831415,-24.691242040114,active,2.3149756582444354,7.259416153141498,3.3222598501139977,8.312379063447205,P4,P4,a_baseline,100.39,0.0605,39.92,46.06,True,,,control
sub-4143,ses-3,run-02,anode,control,70.84941906,-30.4196282,-21.97237157,68.49498022175557,-37.8015487831415,-24.691242040114,active,2.354438838244434,7.3819205831415005,2.7188704701139983,8.21147918295479,P4,P4,a_baseline,101.23,0.0489,40.56,45.62,True,,,control
sub-4143,ses-4,run-01,anode,control,70.9251726,-32.12317546,-18.53766534,68.49498022175557,-37.8015487831415,-24.691242040114,active,2.4301923782444277,5.6783733231415,6.153576700113998,8.718730687228975,P4,P4,a_baseline,111.0,0.0679,40.56,47.91,True,,,control
sub-4143,ses-4,run-02,anode,control,70.65511548,-31.82064706,-18.54437466,68.49498022175557,-37.8015487831415,-24.691242040114,active,2.1601352582444378,5.9809017231415,6.146867380113999,8.844283370884114,P4,P4,a_baseline,111.03,0.0528,41.14,46.84,True,,,control
sub-4144,ses-1,run-01,anode,target,-68.64337042,43.46217637,37.64261989,-68.40304351498305,47.8986304832805,36.856156450376666,active,-0.24032690501694276,-4.436454113280497,0.7864634396233328,4.512029129159366,P4,P4,a_baseline,106.42,0.0347,51.69,56.28,True,rigid_offset?+high_residual,61.74,target
sub-4144,ses-1,run-02,anode,target,-68.30575776,43.57194504,37.66061141,-68.40304351498305,47.8986304832805,36.856156450376666,active,0.09728575498304792,-4.326685443280496,0.8044549596233352,4.401910860669552,P4,P4,a_baseline,106.79,0.0428,50.87,56.37,True,rigid_offset?+high_residual,61.69,target
sub-4144,ses-2,run-01,anode,target,-69.08458048,40.96928173,38.80665221,-68.40304351498305,47.8986304832805,36.856156450376666,active,-0.6815369650169458,-6.9293487532805,1.9504957596233368,7.230822946773289,P4,P4,a_baseline,110.07,0.0194,50.72,53.07,True,rigid_offset?+high_residual,61.44,target
sub-4144,ses-2,run-02,anode,target,-69.26927516,40.85339489,38.87423633,-68.40304351498305,47.8986304832805,36.856156450376666,active,-0.8662316450169527,-7.045235593280502,2.018079879623336,7.37958997696998,P4,P4,a_baseline,109.9,0.0191,50.57,52.99,True,rigid_offset?+high_residual,61.49,target
sub-4144,ses-3,run-01,anode,target,-62.02512659,49.34029876,47.35446622,-68.40304351498305,47.8986304832805,36.856156450376666,active,6.3779169249830545,1.4416682767195041,10.498309769623333,12.36813404443263,P4,P4,a_baseline,107.24,0.0133,51.24,52.81,True,rigid_offset?+high_residual,63.67,target
sub-4144,ses-3,run-02,anode,target,-62.42243019,48.83428845,47.61873721,-68.40304351498305,47.8986304832805,36.856156450376666,active,5.980613324983054,0.9356579667195035,10.762580759623333,12.34813087803433,P4,P4,a_baseline,107.07,0.0144,51.6,53.35,True,rigid_offset?+high_residual,63.8,target
sub-4144,ses-4,run-01,anode,target,-70.6395939,47.52830073,28.5319796,-68.40304351498305,47.8986304832805,36.856156450376666,active,-2.2365503850169404,-0.370329753280501,-8.324176850376666,8.627353127537496,P4,P4,a_baseline,110.23,0.0185,53.57,55.8,True,different_montage?+high_residual,48.06,target
sub-4144,ses-4,run-02,anode,target,-70.87453802,47.43258774,27.950513,-68.40304351498305,47.8986304832805,36.856156450376666,active,-2.471494505016949,-0.46604274328049655,-8.905643450376665,9.253970293454058,P4,P4,a_baseline,109.77,0.0196,53.57,55.96,True,rigid_offset?+high_residual,62.32,target
sub-4145,ses-1,run-01,anode,target,-74.46912895,31.52828139,21.37523421,-70.26286424638594,37.37206634340476,31.49427041293337,active,-4.206264703614053,-5.843784953404761,-10.119036202933373,12.419234236247643,P4,P4,a_baseline,106.3,0.0121,53.35,54.94,True,different_montage?+high_residual,47.62,target
sub-4145,ses-1,run-02,anode,target,-74.64588137,31.2454948,21.98614147,-70.26286424638594,37.37206634340476,31.49427041293337,active,-4.383017123614053,-6.126571543404761,-9.508128942933372,12.13054961565214,P4,P4,a_baseline,105.94,0.0128,53.38,54.97,True,different_montage?+high_residual,47.28,target
sub-4145,ses-2,run-01,anode,target,-73.41944797,33.99191802,22.85184848,-70.26286424638594,37.37206634340476,31.49427041293337,active,-3.156583723614048,-3.380148323404761,-8.64242193293337,9.802085510708878,P4,P4,a_baseline,111.43,0.0226,52.42,55.18,True,different_montage?+high_residual,46.18,target
sub-4145,ses-2,run-02,anode,target,-73.88691614,33.5085579,23.98158132,-70.26286424638594,37.37206634340476,31.49427041293337,active,-3.624051893614052,-3.8635084434047613,-7.512689092933371,9.192439666755911,P4,P4,a_baseline,110.68,0.0262,52.41,55.54,True,different_montage?+high_residual,45.85,target
sub-4145,ses-3,run-01,anode,target,-74.36828435,35.51949204,15.41899313,-70.26286424638594,37.37206634340476,31.49427041293337,active,-4.105420103614051,-1.852574303404758,-16.07527728293337,16.694341721073872,P4,P4,a_baseline,112.07,0.0008,53.94,54.05,True,different_montage?+high_residual,49.87,target
sub-4145,ses-3,run-02,anode,target,-74.45680276,35.36220282,16.18070652,-70.26286424638594,37.37206634340476,31.49427041293337,active,-4.193938513614057,-2.0098635234047606,-15.31356389293337,16.004184163575502,P4,P4,a_baseline,112.08,0.0084,53.5,54.49,True,different_montage?+high_residual,49.58,target
sub-4145,ses-4,run-01,anode,target,-73.108733,34.61841726,22.34130388,-70.26286424638594,37.37206634340476,31.49427041293337,active,-2.845868753614056,-2.75364908340476,-9.15296653293337,9.972880656577166,P4,P4,a_baseline,111.49,0.0243,52.45,55.65,True,rigid_offset?+high_residual,64.68,target
sub-4145,ses-4,run-02,anode,target,-73.02981467,34.80542477,22.83387944,-70.26286424638594,37.37206634340476,31.49427041293337,active,-2.7669504236140483,-2.566641573404759,-8.66039097293337,9.44701198353921,P4,P4,a_baseline,111.89,0.0208,52.84,55.59,True,different_montage?+high_residual,46.34,target
sub-4146,ses-1,run-01,anode,control,61.68308262,-32.02933001,-6.80200019,59.70189414037244,-36.425957761009606,-13.3918004968221,active,1.981188479627562,4.3966277510096035,6.5898003068221,8.165838074352772,P4,P4,a_baseline,111.61,0.0206,42.6,44.6,True,,,control
sub-4146,ses-1,run-02,anode,control,61.64533003,-32.43528406,-6.53970121,59.70189414037244,-36.425957761009606,-13.3918004968221,active,1.9434358896275583,3.990673701009605,6.8520992868221,8.164170765086316,P4,P4,a_baseline,111.08,0.0214,42.65,44.64,True,,,control
sub-4146,ses-2,run-01,anode,control,61.09596441,-32.90816422,-17.40680303,59.70189414037244,-36.425957761009606,-13.3918004968221,active,1.3940702696275622,3.5177935410096026,-4.015002533177899,5.5171141600707605,P4,P4,a_baseline,110.69,0.0894,37.77,47.06,True,,,control
sub-4146,ses-2,run-02,anode,control,56.74773739,-33.36266279,-25.6863305,59.70189414037244,-36.425957761009606,-13.3918004968221,active,-2.954156750372441,3.0632949710096042,-12.2945300031779,13.01023774510771,P4,P4,a_baseline,112.93,0.109,38.14,49.59,True,,,control
sub-4146,ses-3,run-01,anode,control,62.87097091,-27.51082007,-14.9162882,59.70189414037244,-36.425957761009606,-13.3918004968221,active,3.1690767696275586,8.915137691009605,-1.5244877031779005,9.583673115178424,P4,P4,a_baseline,108.69,0.0316,42.16,45.27,True,rigid_offset?+high_residual,40.04,control
sub-4146,ses-3,run-02,anode,control,63.06716352,-28.22960182,-15.84469835,59.70189414037244,-36.425957761009606,-13.3918004968221,active,3.365269379627563,8.196355941009607,-2.4528978531779,9.193584534190519,P4,P4,a_baseline,110.44,0.0374,41.06,44.86,True,,,control
sub-4146,ses-4,run-01,anode,control,62.8757243,-29.53229888,-10.99607884,59.70189414037244,-36.425957761009606,-13.3918004968221,active,3.1738301596275633,6.893658881009607,2.3957216568221007,7.958342346673117,P4,P4,a_baseline,110.75,0.0081,42.85,43.71,True,,,control
sub-4146,ses-4,run-02,anode,control,62.95327565,-30.14068133,-11.67242176,59.70189414037244,-36.425957761009606,-13.3918004968221,active,3.2513815096275636,6.285276431009606,1.7193787368220992,7.28233786472372,P4,P4,a_baseline,111.22,0.0111,42.75,43.93,True,,,control
sub-4147,ses-1,run-01,anode,control,65.4447903,-40.43166313,-33.03016771,66.3019556970268,-38.5896473995703,-20.9361892857134,active,-0.8571653970268045,-1.8420157304296936,-12.0939784242866,12.263444401803287,P4,P4,a_baseline,110.01,0.051,39.26,43.85,True,,,control
sub-4147,ses-1,run-02,anode,control,65.54482821,-40.1597849,-32.92940392,66.3019556970268,-38.5896473995703,-20.9361892857134,active,-0.7571274870267928,-1.570137500429695,-11.993214634286598,12.119231455250508,P4,P4,a_baseline,110.85,0.0494,39.28,43.86,True,,,control
sub-4147,ses-2,run-01,anode,control,66.93838143,-36.36522447,-27.73616529,66.3019556970268,-38.5896473995703,-20.9361892857134,active,0.6364257329732084,2.224422929570302,-6.799976004286599,7.182810643617312,P4,P4,a_baseline,110.58,0.0151,41.73,43.3,True,,,control
sub-4147,ses-2,run-02,anode,control,66.66418607,-35.9022311,-28.25329623,66.3019556970268,-38.5896473995703,-20.9361892857134,active,0.36223037297320104,2.6874162995703017,-7.3171069442866,7.803426891079817,P4,P4,a_baseline,112.14,0.0128,42.1,43.33,True,,,control
sub-4147,ses-3,run-01,anode,control,68.6497173,-29.97342969,-18.27984707,66.3019556970268,-38.5896473995703,-20.9361892857134,active,2.3477616029732076,8.616217709570304,2.6563422157134013,9.31704599806663,P4,P4,a_baseline,110.52,0.0386,40.94,44.53,True,,,control
sub-4147,ses-3,run-02,anode,control,68.69637979,-30.11324707,-17.87241114,66.3019556970268,-38.5896473995703,-20.9361892857134,active,2.394424092973196,8.476400329570303,3.0637781457133997,9.325736743566221,P4,P4,a_baseline,110.61,0.037,41.3,45.02,True,,,control
sub-4147,ses-4,run-01,anode,control,65.50166632,-38.96903672,-23.03523645,66.3019556970268,-38.5896473995703,-20.9361892857134,active,-0.8002893770268003,-0.379389320429695,-2.099047164286599,2.278244574521722,P4,P4,a_baseline,109.09,0.0325,41.28,44.6,True,,,control
sub-4147,ses-4,run-02,anode,control,65.42359905,-39.54854536,-23.52640718,66.3019556970268,-38.5896473995703,-20.9361892857134,active,-0.8783566470267914,-0.9588979604296952,-2.5902178942865994,2.898314068173924,P4,P4,a_baseline,110.46,0.0251,41.4,44.01,True,,,control
sub-4148,ses-1,run-01,anode,control,68.67072268,-24.45260514,-14.60406505,70.29184132398856,-21.91230037447673,-6.470872875137992,active,-1.6211186439885665,-2.5403047655232704,-8.133192174862009,8.673522289869565,P4,P4,a_baseline,111.23,0.0603,39.44,45.67,True,,,control
sub-4148,ses-1,run-02,anode,control,68.61451213,-24.18749115,-14.83588177,70.29184132398856,-21.91230037447673,-6.470872875137992,active,-1.6773291939885695,-2.2751907755232708,-8.365008894862008,8.82968289924123,P4,P4,a_baseline,110.72,0.0506,39.86,45.09,True,,,control
sub-4148,ses-2,run-01,anode,control,71.55356549,-22.03631805,-8.36863931,70.29184132398856,-21.91230037447673,-6.470872875137992,active,1.2617241660114331,-0.12401767552326959,-1.8977664348620085,2.2822895732637214,P4,P4,a_baseline,111.61,0.1267,36.13,49.46,True,,,control
sub-4148,ses-2,run-02,anode,control,71.96074687,-21.53557182,-7.26764825,70.29184132398856,-21.91230037447673,-6.470872875137992,active,1.6689055460114304,0.3767285544767276,-0.7967753748620074,1.8873317470048365,P4,P4,a_baseline,110.72,0.1249,35.85,48.74,True,,,control
sub-4148,ses-3,run-01,anode,control,70.76594522,-18.39220964,-20.5645157,70.29184132398856,-21.91230037447673,-6.470872875137992,active,0.4741038960114423,3.520090734476728,-14.093642824862009,14.53432424841095,P4,P4,a_baseline,115.61,0.0192,42.55,44.38,True,,,control
sub-4148,ses-3,run-02,anode,control,70.78964195,-19.50898037,-20.03391876,70.29184132398856,-21.91230037447673,-6.470872875137992,active,0.4978006260114398,2.403320004476729,-13.563045884862007,13.783322029976938,P4,P4,a_baseline,113.38,0.0265,42.78,45.5,True,,,control
sub-4148,ses-4,run-01,anode,control,71.67963108,-16.50070406,0.55589252,70.29184132398856,-21.91230037447673,-6.470872875137992,active,1.3877897560114292,5.4115963144767285,7.026765395137993,8.977013255869524,P4,P4,a_baseline,108.33,0.0689,40.04,47.41,True,,,control
sub-4148,ses-4,run-02,anode,control,71.6388245,-16.9803104,-0.0476639861,70.29184132398856,-21.91230037447673,-6.470872875137992,active,1.3469831760114346,4.931989974476728,6.423208889037992,8.209537210891579,P4,P4,a_baseline,109.03,0.0729,40.15,47.82,True,,,control
sub-4149,ses-1,run-01,anode,control,63.39634307,-27.95102091,-0.98702017,62.966188214579866,-35.6021090505906,-8.698073597339848,active,0.43015485542013465,7.651088140590598,7.711053427339848,10.87127075801248,P4,P4,a_baseline,107.95,0.0497,40.53,45.58,True,,,control
sub-4149,ses-1,run-02,anode,control,63.51117545,-28.49279727,-1.49137442,62.966188214579866,-35.6021090505906,-8.698073597339848,active,0.5449872354201375,7.109311780590598,7.206699177339848,10.137841886372366,P4,P4,a_baseline,109.11,0.0531,40.23,45.67,True,,,control
sub-4149,ses-2,run-01,anode,control,62.50715913,-30.34680297,-2.06569503,62.966188214579866,-35.6021090505906,-8.698073597339848,active,-0.4590290845798677,5.2553060805906,6.632378567339847,8.474514449907542,P4,P4,a_baseline,106.72,0.0523,41.04,46.1,True,,,control
sub-4149,ses-2,run-02,anode,control,62.50235056,-28.54321607,-1.60029993,62.966188214579866,-35.6021090505906,-8.698073597339848,active,-0.46383765457986925,7.058892980590599,7.0977736673398475,10.021053163915473,P4,P4,a_baseline,108.33,0.0425,42.37,46.59,True,,,control
sub-4149,ses-3,run-01,anode,control,62.91158653,-25.45321874,-7.12169434,62.966188214579866,-35.6021090505906,-8.698073597339848,active,-0.054601684579864695,10.148890310590598,1.5763792573398474,10.270731592410057,P4,P4,a_baseline,112.65,0.0134,43.11,44.51,True,,,control
sub-4149,ses-3,run-02,anode,control,62.69704269,-25.4836507,-7.67215887,62.966188214579866,-35.6021090505906,-8.698073597339848,active,-0.2691455245798622,10.1184583505906,1.0259147273398481,10.173895012914711,P4,P4,a_baseline,113.6,0.0055,43.4,44.0,True,,,control
sub-4149,ses-4,run-01,anode,control,62.34767864,-31.23589101,-4.39862962,62.966188214579866,-35.6021090505906,-8.698073597339848,active,-0.6185095745798677,4.366218040590599,4.299443977339847,6.158866176993105,P4,P4,a_baseline,106.24,0.0886,38.09,46.87,True,,,control
sub-4149,ses-4,run-02,anode,control,62.38257644,-30.50601255,-4.41572802,62.966188214579866,-35.6021090505906,-8.698073597339848,active,-0.5836117745798646,5.096096500590598,4.282345577339847,6.682012113916148,P4,P4,a_baseline,107.11,0.0812,38.57,46.95,True,,,control
sub-4150,ses-1,run-01,anode,target,-69.63385449,47.10193242,17.82852773,-68.51976589051446,47.270917322456135,23.620265862362032,active,-1.114088599485541,-0.1689849024561383,-5.791738132362031,5.900337269904,P4,P4,a_baseline,108.94,0.0066,54.37,55.18,True,rigid_offset?+high_residual,62.98,target
sub-4150,ses-1,run-02,anode,target,-69.29228428,46.75630008,17.64645629,-68.51976589051446,47.270917322456135,23.620265862362032,active,-0.7725183894855405,-0.5146172424561328,-5.973809572362033,6.045495544218913,P4,P4,a_baseline,109.3,0.0169,53.24,55.19,True,rigid_offset?+high_residual,62.87,target
sub-4150,ses-2,run-01,anode,target,-68.59057838,48.0265503,19.64357102,-68.51976589051446,47.270917322456135,23.620265862362032,active,-0.07081248948553309,0.7556329775438613,-3.9766948423620327,4.048468534481617,P4,P4,a_baseline,111.4,0.013,53.84,55.53,True,rigid_offset?+high_residual,63.92,target
sub-4150,ses-2,run-02,anode,target,-68.55767609,47.74274885,19.96699497,-68.51976589051446,47.270917322456135,23.620265862362032,active,-0.03791019948553753,0.4718315275438627,-3.653270892362034,3.683809222338896,P4,P4,a_baseline,111.35,0.0095,53.58,54.8,True,rigid_offset?+high_residual,63.36,target
sub-4150,ses-3,run-01,anode,target,-70.53309511,39.0665965,21.99967962,-68.51976589051446,47.270917322456135,23.620265862362032,active,-2.0133292194855414,-8.204320822456133,-1.6205862423620339,8.601783214703485,P4,P4,a_baseline,110.23,0.0073,52.75,53.7,True,rigid_offset?+high_residual,60.96,target
sub-4150,ses-3,run-02,anode,target,-71.08221345,38.8652307,22.20154825,-68.51976589051446,47.270917322456135,23.620265862362032,active,-2.562447559485534,-8.405686622456138,-1.418717612362034,8.901374318254325,P4,P4,a_baseline,110.77,0.0107,52.73,54.12,True,rigid_offset?+high_residual,61.15,target
sub-4150,ses-4,run-01,anode,target,-68.89048431,43.64606636,22.55327442,-68.51976589051446,47.270917322456135,23.620265862362032,active,-0.3707184194855415,-3.6248509624561365,-1.0669914423620313,3.7967680182806594,P4,P4,a_baseline,109.46,0.0082,53.87,54.97,True,rigid_offset?+high_residual,61.07,target
sub-4150,ses-4,run-02,anode,target,-69.0700628,44.10010953,22.35523251,-68.51976589051446,47.270917322456135,23.620265862362032,active,-0.5502969094855388,-3.170807792456138,-1.2650333523620318,3.4579123944770815,P4,P4,a_baseline,110.65,0.0056,54.45,55.1,True,rigid_offset?+high_residual,61.22,target
sub-4151,ses-1,run-01,anode,target,-65.45680782,25.93333716,41.08348249,-70.1656214698897,28.00119493775777,32.8282618961367,active,4.708813649889706,-2.0678577777577694,8.2552205938633,9.72613123661025,P4,P4,a_baseline,99.98,0.0294,51.64,55.47,True,rigid_offset?+high_residual,62.86,target
sub-4151,ses-1,run-02,anode,target,-65.24153841,25.85500621,41.38456845,-70.1656214698897,28.00119493775777,32.8282618961367,active,4.924083059889696,-2.146188727757771,8.556306553863301,10.102628463896476,P4,P4,a_baseline,99.6,0.0313,51.59,55.5,True,rigid_offset?+high_residual,63.11,target
sub-4151,ses-2,run-01,anode,target,-71.77143031,21.00115997,27.83679108,-70.1656214698897,28.00119493775777,32.8282618961367,active,-1.6058088401102992,-7.00003496775777,-4.991470816136701,8.746078692142685,P4,P4,a_baseline,109.0,0.0089,52.96,54.1,True,rigid_offset?+high_residual,61.68,target
sub-4151,ses-2,run-02,anode,target,-71.52778351,20.9128315,28.18857191,-70.1656214698897,28.00119493775777,32.8282618961367,active,-1.3621620401103058,-7.088363437757771,-4.639689986136702,8.580623801141488,P4,P4,a_baseline,107.88,0.0095,53.36,54.59,True,rigid_offset?+high_residual,61.93,target
sub-4151,ses-3,run-01,anode,target,-68.64725674,25.56439539,35.5179537,-70.1656214698897,28.00119493775777,32.8282618961367,active,1.5183647298896972,-2.4367995477577686,2.6896918038632975,3.93419184696106,P4,P4,a_baseline,108.08,0.0122,51.67,53.24,True,rigid_offset?+high_residual,61.33,target
sub-4151,ses-3,run-02,anode,target,-68.3526146,25.42009173,35.15523583,-70.1656214698897,28.00119493775777,32.8282618961367,active,1.8130068698897048,-2.5811032077577707,2.3269739338633,3.9196805186448502,P4,P4,a_baseline,107.1,0.0166,51.78,53.82,True,rigid_offset?+high_residual,61.48,target
sub-4151,ses-4,run-01,anode,target,-72.13317822,19.36517596,29.68820836,-70.1656214698897,28.00119493775777,32.8282618961367,active,-1.9675567501103046,-8.636018977757772,-3.1400535361367012,9.397448566440874,P4,P4,a_baseline,110.21,0.0143,53.06,54.94,True,rigid_offset?+high_residual,62.22,target
sub-4151,ses-4,run-02,anode,target,-72.68503322,18.67852879,30.437122,-70.1656214698897,28.00119493775777,32.8282618961367,active,-2.5194117501102937,-9.322666147757769,-2.3911398961367034,9.948723017153464,P4,P4,a_baseline,110.03,0.0144,52.67,54.56,True,rigid_offset?+high_residual,62.04,target
sub-4152,ses-1,run-01,anode,control,76.68802906,-29.74098093,-17.1706828,74.8250490100799,-35.51875232897013,-26.390217322894568,active,1.862980049920111,5.777771398970131,9.219534522894566,11.038711601631883,P4,P4,a_baseline,101.48,0.051,40.77,45.65,True,,,control
sub-4152,ses-1,run-02,anode,control,76.81671891,-30.22629541,-17.52024719,74.8250490100799,-35.51875232897013,-26.390217322894568,active,1.9916698999201117,5.292456918970132,8.869970132894569,10.519183399287432,P4,P4,a_baseline,109.07,0.0601,39.91,46.23,True,,,control
sub-4152,ses-2,run-01,anode,control,75.98809462,-26.7219106,-32.8832224,74.8250490100799,-35.51875232897013,-26.390217322894568,active,1.163045609920104,8.79684172897013,-6.493005077105433,10.995281461909993,P4,P4,a_baseline,111.71,0.0557,40.0,45.86,True,,,control
sub-4152,ses-2,run-02,anode,control,75.77193416,-26.76252521,-34.86965592,74.8250490100799,-35.51875232897013,-26.390217322894568,active,0.9468851499201065,8.75622711897013,-8.479438597105432,12.225750846807262,P4,P4,a_baseline,113.14,0.0532,40.86,46.44,True,rigid_offset?+high_residual,40.71,control
sub-4152,ses-3,run-01,anode,control,75.19831319,-31.72625436,-27.40708287,74.8250490100799,-35.51875232897013,-26.390217322894568,active,0.3732641799200991,3.7924979689701317,-1.0168655471054322,3.9441580259345628,P4,P4,a_baseline,112.88,0.0197,42.23,44.17,True,,,control
sub-4152,ses-3,run-02,anode,control,75.34266345,-31.13648277,-28.77784148,74.8250490100799,-35.51875232897013,-26.390217322894568,active,0.5176144399201092,4.38226955897013,-2.3876241571054315,5.01726621891678,P4,P4,a_baseline,107.43,0.037,40.64,44.49,True,,,control
sub-4157,ses-1,run-01,anode,control,74.4980857,-24.37346611,-9.22577877,74.72150757979944,-25.93974661166523,-8.559268172166137,active,-0.22342187979943162,1.5662805016652328,-0.666510597833863,1.7167959469006964,P4,P4,a_baseline,107.1,0.059,42.04,48.41,True,,,control
sub-4157,ses-1,run-02,anode,control,74.54375499,-24.79527963,-9.48074573,74.72150757979944,-25.93974661166523,-8.559268172166137,active,-0.17775258979943942,1.1444669816652322,-0.9214775578338639,1.4800410618944992,P4,P4,a_baseline,107.54,0.0623,41.35,48.09,True,,,control
sub-4157,ses-2,run-01,anode,control,75.69732033,-19.59058134,-14.53869441,74.72150757979944,-25.93974661166523,-8.559268172166137,active,0.9758127502005607,6.349165271665232,-5.979426237833863,8.775969935230512,P4,P4,a_baseline,112.17,0.0752,40.64,48.01,True,,,control
sub-4157,ses-2,run-02,anode,control,75.8158763,-19.60068746,-14.73843286,74.72150757979944,-25.93974661166523,-8.559268172166137,active,1.0943687202005634,6.339059151665232,-6.179164687833863,8.919831279987145,P4,P4,a_baseline,113.45,0.0694,40.29,47.34,True,,,control
sub-4157,ses-3,run-01,anode,control,74.89280541,-21.76735076,-14.97502274,74.72150757979944,-25.93974661166523,-8.559268172166137,active,0.1712978302005581,4.172395851665232,-6.415754567833863,7.655072616527275,P4,P4,a_baseline,113.96,0.0393,42.09,46.09,True,,,control
sub-4157,ses-3,run-02,anode,control,75.04049253,-22.05754774,-15.27322332,74.72150757979944,-25.93974661166523,-8.559268172166137,active,0.3189849502005586,3.8821988716652314,-6.713955147833863,7.762113964941386,P4,P4,a_baseline,115.06,0.0367,41.76,45.53,True,,,control
sub-4157,ses-4,run-01,anode,control,75.2802223,-21.45439479,-16.9505734,74.72150757979944,-25.93974661166523,-8.559268172166137,active,0.5587147202005696,4.485351821665233,-8.391305227833863,9.531240555633685,P4,P4,a_baseline,115.85,0.0335,41.9,45.27,True,,,control
sub-4157,ses-4,run-02,anode,control,75.27292044,-22.13138835,-17.39309814,74.72150757979944,-25.93974661166523,-8.559268172166137,active,0.551412860200557,3.80835826166523,-8.833829967833863,9.635569557228466,P4,P4,a_baseline,116.09,0.0393,41.53,45.66,True,,,control
sub-4158,ses-1,run-01,anode,control,72.16912987,-21.63348945,-12.24028801,69.8283593000675,-27.515657442471035,-15.944967345894431,active,2.340770569932502,5.882167992471036,3.704679335894431,7.335104371071762,P4,P4,a_baseline,64.65,0.5766,40.68,131.37,False,different_montage?+high_residual,58.08,control
sub-4158,ses-1,run-02,anode,control,72.22473712,-21.22543915,-11.90444718,69.8283593000675,-27.515657442471035,-15.944967345894431,active,2.3963778199324963,6.290218292471035,4.040520165894431,7.850813717940404,P4,P4,a_baseline,64.17,0.5721,41.18,130.65,False,different_montage?+high_residual,57.98,control
sub-4158,ses-2,run-01,anode,control,70.94937727,-25.37620409,-8.54192087,69.8283593000675,-27.515657442471035,-15.944967345894431,active,1.1210179699324954,2.1394533524710333,7.403046475894431,7.787107233149167,P4,P4,a_baseline,111.38,0.0084,42.63,43.51,True,,,control
sub-4158,ses-2,run-02,anode,control,70.93108198,-25.62828594,-8.29861012,69.8283593000675,-27.515657442471035,-15.944967345894431,active,1.1027226799324978,1.8873715024710336,7.646357225894432,7.952669194878237,P4,P4,a_baseline,111.65,0.0056,42.27,42.8,True,,,control
sub-4158,ses-3,run-01,anode,control,72.25080564,-16.92341832,-15.85132683,69.8283593000675,-27.515657442471035,-15.944967345894431,active,2.422446339932492,10.592239122471035,0.09364051589443179,10.866119106823524,P4,P4,a_baseline,108.82,0.038,40.52,44.33,True,,,control
sub-4158,ses-3,run-02,anode,control,72.27640272,-17.09260092,-15.0337849,69.8283593000675,-27.515657442471035,-15.944967345894431,active,2.448043419932489,10.423056522471036,0.9111824458944309,10.745383999941879,P4,P4,a_baseline,108.7,0.042,40.64,44.83,True,,,control
sub-4158,ses-4,run-01,anode,control,72.95999826,-16.61920633,-13.11517253,69.8283593000675,-27.515657442471035,-15.944967345894431,active,3.131638959932502,10.896451112471034,2.829794815894431,11.685356140139731,P4,P4,a_baseline,109.56,0.0287,41.31,43.94,True,,,control
sub-4158,ses-4,run-02,anode,control,72.95969936,-16.38145485,-12.09260989,69.8283593000675,-27.515657442471035,-15.944967345894431,active,3.131340059932498,11.134202592471034,3.852357455894431,12.190833273780434,P4,P4,a_baseline,108.15,0.012,42.49,43.73,True,,,control
sub-4159,ses-1,run-01,anode,target,-71.0529961,28.72106984,16.35561465,-71.85174439336646,29.212961686374506,19.028309095889732,active,0.798748293366458,-0.4918918463745072,-2.672694445889732,2.832534558619784,P4,P4,a_baseline,104.51,0.0333,52.96,57.46,True,rigid_offset?+high_residual,65.0,target
sub-4159,ses-1,run-02,anode,target,-71.18748568,28.67767227,16.96698613,-71.85174439336646,29.212961686374506,19.028309095889732,active,0.6642587133664648,-0.535289416374507,-2.061322965889733,2.2308802673541845,P4,P4,a_baseline,105.76,0.0333,52.92,57.4,True,rigid_offset?+high_residual,64.65,target
sub-4159,ses-2,run-01,anode,target,-71.80291573,33.34897826,6.47635049,-71.85174439336646,29.212961686374506,19.028309095889732,active,0.0488286633664643,4.136016573625497,-12.551958605889732,13.215925324381955,P4,P4,a_baseline,108.13,0.0287,53.55,57.36,True,rigid_offset?+high_residual,66.13,target
sub-4159,ses-2,run-02,anode,target,-72.3559196,33.43517938,6.99804384,-71.85174439336646,29.212961686374506,19.028309095889732,active,-0.5041752066335334,4.222217693625495,-12.03026525588973,12.759647213713073,P4,P4,a_baseline,107.94,0.0256,53.59,57.02,True,rigid_offset?+high_residual,65.7,target
sub-4159,ses-3,run-01,anode,target,-68.54742462,34.38016257,20.84003138,-71.85174439336646,29.212961686374506,19.028309095889732,active,3.3043197733664584,5.1672008836254975,1.8117222841102674,6.395375811564353,P4,P4,a_baseline,107.91,0.0121,52.3,53.87,True,rigid_offset?+high_residual,63.51,target
sub-4159,ses-3,run-02,anode,target,-68.86388007,34.3172009,21.03343894,-71.85174439336646,29.212961686374506,19.028309095889732,active,2.987864323366466,5.1042392136254975,2.005129844110268,6.245089019101333,P4,P4,a_baseline,108.67,0.0092,52.64,53.84,True,rigid_offset?+high_residual,63.35,target
sub-4159,ses-4,run-01,anode,target,-74.09706815,23.58642284,13.29681729,-71.85174439336646,29.212961686374506,19.028309095889732,active,-2.245323756633539,-5.626538846374505,-5.731491805889732,8.339629277302764,P4,P4,a_baseline,109.64,0.0127,52.61,54.18,True,rigid_offset?+high_residual,64.73,target
sub-4159,ses-4,run-02,anode,target,-74.1568374,23.39708043,13.72108979,-71.85174439336646,29.212961686374506,19.028309095889732,active,-2.305093006633541,-5.815881256374507,-5.307219305889731,8.203932308246324,P4,P4,a_baseline,110.03,0.0122,52.77,54.34,True,rigid_offset?+high_residual,64.63,target
sub-4161,ses-1,run-01,anode,target,-63.88417012,31.24874599,30.95526985,-64.90591662708489,32.80552425255663,28.8350556342056,active,1.0217465070848917,-1.5567782625566302,2.1202142157944017,2.8218491817185565,P4,P4,a_baseline,109.62,0.0208,52.25,54.98,True,rigid_offset?+high_residual,61.71,target
sub-4161,ses-1,run-02,anode,target,-64.03944527,30.88536779,31.57305672,-64.90591662708489,32.80552425255663,28.8350556342056,active,0.8664713570848903,-1.9201564625566299,2.7380010857944015,3.454623481532806,P4,P4,a_baseline,109.89,0.0156,52.48,54.51,True,rigid_offset?+high_residual,61.62,target
sub-4161,ses-2,run-01,anode,target,-64.38696865,33.65971886,27.5342651,-64.90591662708489,32.80552425255663,28.8350556342056,active,0.5189479770848919,0.8541946074433682,-1.3007905342055999,1.6404302619083573,P4,P4,a_baseline,109.84,0.0174,52.54,54.73,True,different_montage?+high_residual,44.91,target
sub-4161,ses-2,run-02,anode,target,-64.62286115,33.25767507,28.33824664,-64.90591662708489,32.80552425255663,28.8350556342056,active,0.2830554770848863,0.4521508174433677,-0.49680899420559754,0.7289581205707469,P4,P4,a_baseline,109.7,0.0187,52.72,55.13,True,different_montage?+high_residual,44.77,target
sub-4161,ses-3,run-01,anode,target,-65.78748265,21.87845017,30.67085127,-64.90591662708489,32.80552425255663,28.8350556342056,active,-0.8815660229151092,-10.92707408255663,1.8357956357944012,11.115226145915383,P4,P4,a_baseline,109.43,0.0283,51.71,55.34,True,rigid_offset?+high_residual,62.4,target
sub-4161,ses-3,run-02,anode,target,-65.0760346,22.29719926,30.19105641,-64.90591662708489,32.80552425255663,28.8350556342056,active,-0.17011797291510788,-10.50832499255663,1.3560007757944028,10.596818974477863,P4,P4,a_baseline,109.2,0.0246,51.95,55.18,True,rigid_offset?+high_residual,62.24,target
sub-4161,ses-4,run-01,anode,target,-66.46915993,28.05819051,25.62868267,-64.90591662708489,32.80552425255663,28.8350556342056,active,-1.5632433029151116,-4.747333742556631,-3.206372964205599,5.938159215860947,P4,P4,a_baseline,108.53,0.0098,53.49,54.75,True,rigid_offset?+high_residual,61.08,target
sub-4161,ses-4,run-02,anode,target,-65.92018711,28.06881543,26.05713571,-64.90591662708489,32.80552425255663,28.8350556342056,active,-1.0142704829151086,-4.736708822556629,-2.777919924205598,5.584084006128229,P4,P4,a_baseline,108.73,0.0061,53.86,54.62,True,rigid_offset?+high_residual,61.1,target
sub-4162,ses-1,run-01,anode,control,66.88506558,-43.62812897,-21.57166286,68.72923567567393,-42.32573141895876,-24.969135250306767,active,-1.844170095673931,-1.3023975510412384,3.397472390306767,4.079218229714241,P4,P4,a_baseline,117.08,0.0432,40.86,45.37,True,,,control
sub-4162,ses-1,run-02,anode,control,66.95655237,-43.88498102,-21.42647317,68.72923567567393,-42.32573141895876,-24.969135250306767,active,-1.7726833056739366,-1.5592496010412376,3.5426620803067657,4.25724324367375,P4,P4,a_baseline,116.29,0.0463,40.45,45.22,True,,,control
sub-4162,ses-2,run-01,anode,control,71.18878156,-30.05618787,-29.06357237,68.72923567567393,-42.32573141895876,-24.969135250306767,active,2.4595458843260616,12.269543548958762,-4.094437119693232,13.166452832256022,P4,P4,a_baseline,112.2,0.0398,41.89,45.98,True,,,control
sub-4162,ses-2,run-02,anode,control,71.18629182,-30.57527706,-29.02340246,68.72923567567393,-42.32573141895876,-24.969135250306767,active,2.45705614432606,11.75045435895876,-4.054267209693233,12.670729463844498,P4,P4,a_baseline,111.45,0.0518,41.78,46.84,True,,,control
sub-4162,ses-3,run-01,anode,control,69.19035898,-37.81531427,-16.86080739,68.72923567567393,-42.32573141895876,-24.969135250306767,active,0.4611233043260654,4.510417148958759,8.108327860306765,9.289858892881028,P4,P4,a_baseline,114.15,0.0143,42.66,44.18,True,,,control
sub-4162,ses-3,run-02,anode,control,69.33720966,-38.0555966,-16.72446466,68.72923567567393,-42.32573141895876,-24.969135250306767,active,0.6079739843260654,4.270134818958759,8.244670590306768,9.304744858424147,P4,P4,a_baseline,114.07,0.0131,42.78,44.17,True,,,control
sub-4162,ses-4,run-01,anode,control,67.54113698,-37.27025867,-36.06337004,68.72923567567393,-42.32573141895876,-24.969135250306767,active,-1.1880986956739292,5.055472748958763,-11.094234789693235,12.249548105745227,P4,P4,a_baseline,115.27,0.0063,42.78,43.4,True,,,control
sub-4162,ses-4,run-02,anode,control,67.55818519,-37.27724556,-36.09060682,68.72923567567393,-42.32573141895876,-24.969135250306767,active,-1.1710504856739306,5.048485858958763,-11.121471569693231,12.269706540239605,P4,P4,a_baseline,115.79,0.0076,42.75,43.5,True,,,control
sub-4163,ses-1,run-01,anode,control,65.40793589,-25.22090242,-20.19748382,63.27730142481,-31.06477504066873,-25.173358833451164,active,2.130634465190006,5.84387262066873,4.975875013451166,7.965537180902789,P4,P4,a_baseline,111.64,0.0414,41.51,45.94,True,,,control
sub-4163,ses-1,run-02,anode,control,65.39652332,-25.31700287,-20.04437601,63.27730142481,-31.06477504066873,-25.173358833451164,active,2.1192218951900017,5.747772170668732,5.128982823451164,7.989646498451838,P4,P4,a_baseline,110.8,0.0349,41.55,45.2,True,,,control
sub-4163,ses-2,run-01,anode,control,64.11866032,-26.63034047,-29.00067144,63.27730142481,-31.06477504066873,-25.173358833451164,active,0.8413588951900053,4.434434570668731,-3.827312606548837,5.917805044127846,P4,P4,a_baseline,113.53,0.0305,41.86,44.95,True,,,control
sub-4163,ses-2,run-02,anode,control,64.11538867,-27.03854651,-28.29979619,63.27730142481,-31.06477504066873,-25.173358833451164,active,0.8380872451900032,4.026228530668732,-3.126437356548834,5.165996221073446,P4,P4,a_baseline,112.46,0.0369,41.59,45.5,True,,,control
sub-4163,ses-3,run-01,anode,control,63.4638574,-21.70198473,-37.1401073,63.27730142481,-31.06477504066873,-25.173358833451164,active,0.18655597519000366,9.362790310668732,-11.966748466548832,15.19538464123499,P4,P4,a_baseline,116.15,0.0098,43.73,44.67,True,rigid_offset?+high_residual,40.83,control
sub-4163,ses-3,run-02,anode,control,63.63705991,-25.00044955,-17.87001922,63.27730142481,-31.06477504066873,-25.173358833451164,active,0.35975848518999953,6.0643254906687325,7.303339613451165,9.49969680220615,P4,P4,a_baseline,114.51,0.004,44.79,45.22,True,,,control
sub-4163,ses-4,run-01,anode,control,64.15383344,-24.87892716,-29.09117852,63.27730142481,-31.06477504066873,-25.173358833451164,active,0.8765320151900013,6.185847880668732,-3.9178196865488353,7.374437841133146,P4,P4,a_baseline,111.19,0.0125,43.32,44.62,True,,,control
sub-4163,ses-4,run-02,anode,control,64.10716433,-25.11142723,-28.91481927,63.27730142481,-31.06477504066873,-25.173358833451164,active,0.829862905190005,5.953347810668731,-3.7414604365488344,7.080222368998362,P4,P4,a_baseline,110.37,0.0068,43.71,44.44,True,,,control
sub-4165,ses-1,run-01,anode,target,-69.74699678,46.52852812,10.13597292,-72.12357097123274,45.68797743480852,13.729100206054532,active,2.3765741912327343,0.8405506851914737,-3.593127286054532,4.389213373099898,P4,P4,a_baseline,112.93,0.0253,52.93,56.32,True,rigid_offset?+high_residual,63.2,target
sub-4165,ses-1,run-02,anode,target,-69.91764745,46.11152931,10.85385307,-72.12357097123274,45.68797743480852,13.729100206054532,active,2.2059235212327337,0.4235518751914782,-2.875247136054533,3.648635479997397,P4,P4,a_baseline,112.29,0.0339,52.33,56.87,True,rigid_offset?+high_residual,62.92,target
sub-4165,ses-2,run-01,anode,target,-71.315893,45.62066911,5.98402402,-72.12357097123274,45.68797743480852,13.729100206054532,active,0.8076779712327351,-0.067308324808522,-7.745076186054533,7.787366643711607,P4,P4,a_baseline,109.97,0.0266,53.38,56.58,True,rigid_offset?+high_residual,65.4,target
sub-4165,ses-2,run-02,anode,target,-71.5370192,45.38603402,6.48316913,-72.12357097123274,45.68797743480852,13.729100206054532,active,0.5865517712327346,-0.3019434148085267,-7.245931076054532,7.275900629132814,P4,P4,a_baseline,109.14,0.034,52.99,57.28,True,rigid_offset?+high_residual,65.35,target
sub-4165,ses-3,run-01,anode,target,-71.94904323,42.24759258,9.22365636,-72.12357097123274,45.68797743480852,13.729100206054532,active,0.17452774123273684,-3.4403848548085207,-4.505443846054533,5.671484120722397,P4,P4,a_baseline,111.66,0.0192,52.49,55.0,True,rigid_offset?+high_residual,62.65,target
sub-4165,ses-3,run-02,anode,target,-71.9044446,42.01565066,9.48843098,-72.12357097123274,45.68797743480852,13.729100206054532,active,0.2191263712327327,-3.672326774808525,-4.240669226054532,5.614024919106714,P4,P4,a_baseline,111.51,0.0207,52.51,55.23,True,rigid_offset?+high_residual,62.61,target
sub-4165,ses-4,run-01,anode,target,-71.8537416,42.5462607,9.67139252,-72.12357097123274,45.68797743480852,13.729100206054532,active,0.2698293712327313,-3.1417167348085258,-4.057707686054533,5.138889334946008,P4,P4,a_baseline,108.37,0.0302,52.58,56.47,True,rigid_offset?+high_residual,65.6,target
sub-4165,ses-4,run-02,anode,target,-72.00048696,42.55478152,10.07441256,-72.12357097123274,45.68797743480852,13.729100206054532,active,0.12308401123273427,-3.1331959148085247,-3.6546876460545317,4.815475895964758,P4,P4,a_baseline,108.25,0.0336,52.25,56.58,True,rigid_offset?+high_residual,65.39,target
sub-4166,ses-1,run-01,anode,target,-73.69704877,29.06796066,25.68882065,-71.6476595662734,37.04828620684243,30.435197445618467,active,-2.049389203726591,-7.980325546842426,-4.746376795618467,9.508611077750652,P4,P4,a_baseline,105.93,0.0087,52.96,54.08,True,different_montage?+high_residual,46.1,target
sub-4166,ses-1,run-02,anode,target,-73.79906593,28.95030863,26.15773017,-71.6476595662734,37.04828620684243,30.435197445618467,active,-2.1514063637265934,-8.097977576842428,-4.277467275618466,9.407577609082633,P4,P4,a_baseline,105.95,0.0097,53.15,54.42,True,different_montage?+high_residual,46.15,target
sub-4166,ses-2,run-01,anode,target,-73.88971117,23.37611828,26.67645585,-71.6476595662734,37.04828620684243,30.435197445618467,active,-2.242051603726594,-13.672167926842427,-3.758741595618467,14.355595062420235,P4,P4,a_baseline,106.73,0.0277,52.09,55.54,True,different_montage?+high_residual,47.23,target
sub-4166,ses-2,run-02,anode,target,-74.11352918,23.2463721,27.41895648,-71.6476595662734,37.04828620684243,30.435197445618467,active,-2.4658696137265963,-13.801914106842428,-3.0162409656184686,14.341236192435826,P4,P4,a_baseline,106.4,0.0283,52.48,56.19,True,different_montage?+high_residual,47.39,target
sub-4166,ses-3,run-01,anode,target,-73.44276098,26.37834628,27.76027754,-71.6476595662734,37.04828620684243,30.435197445618467,active,-1.7951014137265986,-10.669939926842428,-2.6749199056184665,11.145636080074718,P4,P4,a_baseline,106.46,0.0083,53.08,54.17,True,different_montage?+high_residual,46.27,target
sub-4166,ses-3,run-02,anode,target,-73.33253742,27.81743462,28.40015856,-71.6476595662734,37.04828620684243,30.435197445618467,active,-1.68487785372659,-9.230851586842427,-2.035038885618466,9.601500802805202,P4,P4,a_baseline,107.89,0.0127,53.3,54.83,True,different_montage?+high_residual,46.15,target
sub-4166,ses-4,run-01,anode,target,-73.16056982,28.54518405,26.0640645,-71.6476595662734,37.04828620684243,30.435197445618467,active,-1.5129102537266021,-8.503102156842427,-4.371132945618466,9.67979581157581,P4,P4,a_baseline,106.91,0.0321,52.54,56.84,True,different_montage?+high_residual,46.23,target
sub-4166,ses-4,run-02,anode,target,-72.91595657,28.64057986,26.19693299,-71.6476595662734,37.04828620684243,30.435197445618467,active,-1.2682970037266017,-8.407706346842428,-4.2382644556184665,9.500578345561664,P4,P4,a_baseline,106.96,0.0188,52.66,54.92,True,different_montage?+high_residual,45.99,target
sub-4167,ses-1,run-01,anode,control,66.36457614,-34.17150262,-3.60498629,64.62576737054702,-37.49199035322533,-1.91353039789281,active,1.738808769452973,3.3204877332253346,-1.6914558921071898,4.112191357192733,P4,P4,a_baseline,109.12,0.0352,41.98,45.66,True,,,control
sub-4167,ses-1,run-02,anode,control,66.4535501,-34.52941877,-3.24093187,64.62576737054702,-37.49199035322533,-1.91353039789281,active,1.8277827294529772,2.9625715832253334,-1.3274014721071898,3.725535499760158,P4,P4,a_baseline,109.4,0.038,41.61,45.43,True,,,control
sub-4167,ses-2,run-01,anode,control,67.64267712,-29.42681537,-4.54150799,64.62576737054702,-37.49199035322533,-1.91353039789281,active,3.016909749452978,8.065174983225333,-2.6279775921071904,9.00305826766692,P4,P4,a_baseline,109.41,0.0321,42.55,46.01,True,,,control
sub-4167,ses-2,run-02,anode,control,67.78321728,-29.3598858,-4.53793925,64.62576737054702,-37.49199035322533,-1.91353039789281,active,3.1574499094529784,8.132104553225332,-2.62440885210719,9.109782446266836,P4,P4,a_baseline,108.88,0.0289,42.73,45.87,True,,,control
sub-4167,ses-3,run-02,anode,control,66.96957115,-33.50002594,-6.08466695,64.62576737054702,-37.49199035322533,-1.91353039789281,active,2.343803779452969,3.9919644132253325,-4.17113655210719,6.231177751385379,P4,P4,a_baseline,107.21,0.0153,42.33,43.92,True,,,control
sub-4167,ses-4,run-01,anode,control,66.97941209,-31.79254343,-2.16677116,64.62576737054702,-37.49199035322533,-1.91353039789281,active,2.353644719452973,5.699446923225334,-0.25324076210719015,6.171504644708957,P4,P4,a_baseline,109.7,0.034,42.09,45.74,True,,,control
sub-4167,ses-4,run-02,anode,control,67.07004443,-32.23869979,-1.91622238,64.62576737054702,-37.49199035322533,-1.91353039789281,active,2.444277059452972,5.253290563225335,-0.0026919821071900163,5.794096938420006,P4,P4,a_baseline,109.33,0.0366,41.79,45.72,True,,,control
sub-4168,ses-1,run-01,anode,target,-70.2510825,47.9511242,15.85091321,-67.6135044633,46.60508516973323,23.3422105567612,active,-2.637578036699992,1.3460390302667733,-7.491297346761199,8.055319665182449,P4,P4,a_baseline,110.28,0.0114,53.79,55.26,True,rigid_offset?+high_residual,65.07,target
sub-4168,ses-1,run-02,anode,target,-70.56042641,47.74262043,16.25818007,-67.6135044633,46.60508516973323,23.3422105567612,active,-2.9469219467000016,1.1375352602667732,-7.084030486761197,7.756405312105241,P4,P4,a_baseline,109.95,0.009,53.74,54.79,True,rigid_offset?+high_residual,64.98,target
sub-4168,ses-2,run-01,anode,target,-71.59623097,45.98093873,11.15655315,-67.6135044633,46.60508516973323,23.3422105567612,active,-3.98272650669999,-0.6241464397332308,-12.185657406761198,12.835182727189997,P4,P4,a_baseline,112.73,0.0144,54.47,56.39,True,rigid_offset?+high_residual,50.38,target
sub-4168,ses-2,run-02,anode,target,-71.8438252,45.82620621,11.86004652,-67.6135044633,46.60508516973323,23.3422105567612,active,-4.230320736699994,-0.7788789597332268,-11.4821640367612,12.261417411390958,P4,P4,a_baseline,112.63,0.0159,54.56,56.65,True,rigid_offset?+high_residual,50.08,target
sub-4168,ses-3,run-01,anode,target,-68.18740227,50.37295948,20.05754977,-67.6135044633,46.60508516973323,23.3422105567612,active,-0.5738978067000033,3.7678743102667696,-3.284660786761197,5.031424449854141,P4,P4,a_baseline,108.43,0.0152,53.5,55.52,True,rigid_offset?+high_residual,64.39,target
sub-4168,ses-3,run-02,anode,target,-68.01841436,50.17752278,20.01541188,-67.6135044633,46.60508516973323,23.3422105567612,active,-0.40490989669999067,3.5724376102667676,-3.3267986767612,4.898351961567707,P4,P4,a_baseline,107.93,0.0192,53.22,55.68,True,rigid_offset?+high_residual,64.39,target
sub-4168,ses-4,run-01,anode,target,-70.39045601,48.78195822,13.57153453,-67.6135044633,46.60508516973323,23.3422105567612,active,-2.7769515466999906,2.176873050266771,-9.7706760267612,10.388279269909104,P4,P4,a_baseline,112.91,0.0159,52.55,54.38,True,rigid_offset?+high_residual,64.73,target
sub-4168,ses-4,run-02,anode,target,-70.35364755,48.6674183,14.25300535,-67.6135044633,46.60508516973323,23.3422105567612,active,-2.7401430867000016,2.0623331302667722,-9.089205206761198,9.714692654242883,P4,P4,a_baseline,113.23,0.0123,52.93,54.39,True,rigid_offset?+high_residual,64.48,target
sub-4170,ses-1,run-01,anode,control,65.6383691,-20.22552604,-19.73933638,62.33986756741746,-33.204269730473165,-18.1719552481624,active,3.2985015325825486,12.978743690473166,-1.5673811318375996,13.482751342210793,P4,P4,a_baseline,112.62,0.0455,40.79,45.42,True,rigid_offset?+high_residual,41.12,control
sub-4170,ses-1,run-02,anode,control,65.68670968,-20.05626852,-20.07906682,62.33986756741746,-33.204269730473165,-18.1719552481624,active,3.34684211258255,13.148001210473165,-1.9071115718376,13.70067014801089,P4,P4,a_baseline,113.25,0.041,41.46,45.56,True,rigid_offset?+high_residual,41.13,control
sub-4170,ses-2,run-01,anode,control,64.0042187,-21.6984943,-25.2289188,62.33986756741746,-33.204269730473165,-18.1719552481624,active,1.6643511325825386,11.505775430473165,-7.0569635518375975,13.599767186278338,P4,P4,a_baseline,114.27,0.0278,43.51,46.57,True,rigid_offset?+high_residual,42.05,control
sub-4170,ses-2,run-02,anode,control,63.91264749,-22.23625524,-24.43250482,62.33986756741746,-33.204269730473165,-18.1719552481624,active,1.5727799225825407,10.968014490473166,-6.260549571837597,12.72656510962577,P4,P4,a_baseline,112.3,0.0123,44.49,45.85,True,rigid_offset?+high_residual,41.78,control
sub-4171,ses-1,run-01,anode,target,-78.48592255,40.22579251,9.14762095,-76.90999075507305,42.6843327297242,19.106681731672065,active,-1.5759317949269445,-2.458540219724199,-9.959060781672065,10.378384878549348,P4,P4,a_baseline,110.71,0.0119,54.36,55.93,True,rigid_offset?+high_residual,48.03,target
sub-4171,ses-1,run-02,anode,target,-78.40719494,40.41472941,9.14572996,-76.90999075507305,42.6843327297242,19.106681731672065,active,-1.497204184926943,-2.2696033197241974,-9.960951771672065,10.32537068573534,P4,P4,a_baseline,110.72,0.0109,54.46,55.93,True,rigid_offset?+high_residual,48.05,target
sub-4171,ses-2,run-01,anode,target,-76.51430187,43.69818689,15.79543338,-76.90999075507305,42.6843327297242,19.106681731672065,active,0.39568888507305644,1.0138541602758053,-3.3112483516720648,3.485517981380943,P4,P4,a_baseline,114.11,0.0203,54.02,56.56,True,rigid_offset?+high_residual,64.14,target
sub-4171,ses-2,run-02,anode,target,-76.60593288,43.6758446,15.83787232,-76.90999075507305,42.6843327297242,19.106681731672065,active,0.30405787507305604,0.9915118702758008,-3.2688094116720645,3.4293821528268946,P4,P4,a_baseline,114.1,0.0223,54.09,56.82,True,different_montage?+high_residual,45.07,target
sub-4171,ses-3,run-01,anode,target,-78.40400789,37.25846976,14.35450771,-76.90999075507305,42.6843327297242,19.106681731672065,active,-1.494017134926949,-5.4258629697242,-4.752174021672065,7.365815236478206,P4,P4,a_baseline,110.92,0.0132,52.74,54.4,True,different_montage?+high_residual,45.06,target
sub-4171,ses-3,run-02,anode,target,-78.49982419,37.39504519,14.55549301,-76.90999075507305,42.6843327297242,19.106681731672065,active,-1.5898334349269447,-5.289287539724199,-4.551188721672066,7.156636906324667,P4,P4,a_baseline,111.15,0.0097,53.0,54.17,True,different_montage?+high_residual,45.02,target
sub-4171,ses-4,run-01,anode,target,-76.99284903,40.46725164,17.08982967,-76.90999075507305,42.6843327297242,19.106681731672065,active,-0.08285827492694864,-2.2170810897241964,-2.016852061672065,2.9983339191636675,P4,P4,a_baseline,111.41,0.0257,53.27,56.67,True,different_montage?+high_residual,45.27,target
sub-4171,ses-4,run-02,anode,target,-77.0710451,40.32284725,17.63852637,-76.90999075507305,42.6843327297242,19.106681731672065,active,-0.1610543449269528,-2.3614854797241946,-1.4681553616720642,2.785324458474181,P4,P4,a_baseline,111.51,0.0263,52.91,56.24,True,rigid_offset?+high_residual,45.16,target
sub-4173,ses-1,run-01,anode,control,72.4459823,-12.28834792,-30.15981866,71.58002223818914,-20.130467909473733,-23.66611688128117,active,0.8659600618108527,7.8421199894737335,-6.49370177871883,10.218458570102003,P4,P4,a_baseline,117.24,0.0179,43.09,44.98,True,,,control
sub-4173,ses-1,run-02,anode,control,72.57798858,-12.27440268,-30.43509746,71.58002223818914,-20.130467909473733,-23.66611688128117,active,0.9979663418108515,7.856065229473733,-6.768980578718832,10.417907457076312,P4,P4,a_baseline,117.45,0.0195,42.77,44.78,True,,,control
sub-4173,ses-2,run-01,anode,control,70.03207251,-20.05574828,-37.15165691,71.58002223818914,-20.130467909473733,-23.66611688128117,active,-1.5479497281891383,0.07471962947373356,-13.48554002871883,13.574296344570033,P4,P4,a_baseline,115.95,0.0297,41.2,44.29,True,,,control
sub-4173,ses-2,run-02,anode,control,70.1245778,-20.29102681,-36.78608173,71.58002223818914,-20.130467909473733,-23.66611688128117,active,-1.4554444381891471,-0.16055890052626864,-13.11996484871883,13.201423230273758,P4,P4,a_baseline,115.42,0.0323,41.15,44.43,True,,,control
sub-4173,ses-3,run-01,anode,control,72.46986359,-12.52295829,-25.9329315,71.58002223818914,-20.130467909473733,-23.66611688128117,active,0.8898413518108583,7.607509619473733,-2.266814618718829,7.987769948954173,P4,P4,a_baseline,107.33,0.0435,41.55,45.67,True,,,control
sub-4173,ses-3,run-02,anode,control,72.54786353,-12.76591145,-26.37317667,71.58002223818914,-20.130467909473733,-23.66611688128117,active,0.9678412918108563,7.364556459473732,-2.70705978871883,7.905794160652604,P4,P4,a_baseline,107.27,0.0366,41.92,45.66,True,,,control
sub-4173,ses-4,run-01,anode,control,72.35617946,-10.36101267,-29.9124056,71.58002223818914,-20.130467909473733,-23.66611688128117,active,0.7761572218108626,9.769455239473734,-6.24628871871883,11.621566093545399,P4,P4,a_baseline,113.59,0.02,42.28,44.39,True,,,control
sub-4173,ses-4,run-02,anode,control,72.52794644,-10.76064924,-29.118865,71.58002223818914,-20.130467909473733,-23.66611688128117,active,0.9479242018108494,9.369818669473734,-5.45274811871883,10.88230325976027,P4,P4,a_baseline,112.43,0.0379,41.35,45.36,True,,,control
sub-4174,ses-1,run-01,anode,control,65.92934767,-39.60675865,-2.69179311,65.3271124672117,-43.40914390226853,-0.66961918855921,active,0.6022352027882931,3.802385252268529,-2.02217392144079,4.348563925562309,P4,P4,a_baseline,112.56,0.0156,43.12,44.78,True,,,control
sub-4174,ses-1,run-02,anode,control,65.99635806,-39.77805867,-2.61949836,65.3271124672117,-43.40914390226853,-0.66961918855921,active,0.6692455927883003,3.631085232268532,-1.9498791714407901,4.1754878051173625,P4,P4,a_baseline,112.39,0.014,43.59,44.99,True,,,control
sub-4174,ses-2,run-01,anode,control,67.78157229,-34.59745933,-2.83426224,65.3271124672117,-43.40914390226853,-0.66961918855921,active,2.4544598227882943,8.811684572268533,-2.16464305144079,9.399778591168417,P4,P4,a_baseline,105.5,0.0374,41.02,44.91,True,,,control
sub-4174,ses-2,run-02,anode,control,68.05758338,-34.96673189,-2.34135618,65.3271124672117,-43.40914390226853,-0.66961918855921,active,2.7304709127882916,8.442412012268534,-1.67173699144079,9.029091679622622,P4,P4,a_baseline,105.43,0.0502,40.63,45.88,True,,,control
sub-4174,ses-3,run-01,anode,control,67.62075311,-33.24572018,-4.52233315,65.3271124672117,-43.40914390226853,-0.66961918855921,active,2.29364064278829,10.163423722268533,-3.8527139614407897,11.108527086220828,P4,P4,a_baseline,112.95,0.0287,44.1,47.16,True,,,control
sub-4174,ses-3,run-02,anode,control,67.82463279,-33.16895962,-4.314076,65.3271124672117,-43.40914390226853,-0.66961918855921,active,2.49752032278829,10.24018428226853,-3.64445681144079,11.152625132587266,P4,P4,a_baseline,112.36,0.0331,43.96,47.55,True,,,control
sub-4174,ses-4,run-01,anode,control,68.5451995,-32.366076,0.56538407,65.3271124672117,-43.40914390226853,-0.66961918855921,active,3.21808703278829,11.043067902268533,1.23500325855921,11.568520471234233,P4,P4,a_baseline,110.56,0.0435,40.78,44.94,True,,,control
sub-4174,ses-4,run-02,anode,control,68.73850379,-32.70897041,0.59083835,65.3271124672117,-43.40914390226853,-0.66961918855921,active,3.4113913227882904,10.700173492268533,1.2604575385592098,11.301329865478317,P4,P4,a_baseline,110.29,0.0442,40.72,44.87,True,,,control
sub-4175,ses-1,run-01,anode,target,-70.04373622,37.43879902,16.11446665,-68.71907272988483,44.11029979122376,19.490542822157497,active,-1.3246634901151708,-6.671500771223762,-3.3760761721574966,7.593520015295473,P4,P4,a_baseline,107.73,0.0192,53.33,55.86,True,different_montage?+high_residual,45.75,target
sub-4175,ses-1,run-02,anode,target,-70.05816109,37.50605588,16.45614685,-68.71907272988483,44.11029979122376,19.490542822157497,active,-1.33908836011517,-6.604243911223762,-3.0343959721574976,7.390314891192236,P4,P4,a_baseline,107.2,0.0256,53.63,56.73,True,different_montage?+high_residual,45.85,target
sub-4175,ses-2,run-01,anode,target,-68.86477218,43.01218478,14.9202063,-68.71907272988483,44.11029979122376,19.490542822157497,active,-0.14569945011517405,-1.0981150112237614,-4.570336522157497,4.702665290386454,P4,P4,a_baseline,112.07,0.0103,53.22,54.47,True,different_montage?+high_residual,45.02,target
sub-4175,ses-2,run-02,anode,target,-68.23508186,43.51868478,15.04263102,-68.71907272988483,44.11029979122376,19.490542822157497,active,0.48399086988483475,-0.5916150112237588,-4.447911802157497,4.513111441501209,P4,P4,a_baseline,112.26,0.0073,53.8,54.77,True,different_montage?+high_residual,45.05,target
sub-4175,ses-3,run-01,anode,target,-70.12031262,37.54078082,15.34183117,-68.71907272988483,44.11029979122376,19.490542822157497,active,-1.4012398901151784,-6.569518971223758,-4.1487116521574965,7.895179612628597,P4,P4,a_baseline,108.83,0.0184,53.1,55.5,True,different_montage?+high_residual,45.73,target
sub-4175,ses-3,run-02,anode,target,-67.2104208,39.06613648,15.59907582,-68.71907272988483,44.11029979122376,19.490542822157497,active,1.5086519298848344,-5.0441633112237625,-3.8914670021574977,6.546993934984343,P4,P4,a_baseline,107.42,0.0269,52.65,56.11,True,different_montage?+high_residual,45.82,target
sub-4175,ses-4,run-01,anode,target,-68.24778939,38.12151517,23.40161627,-68.71907272988483,44.11029979122376,19.490542822157497,active,0.4712833398848346,-5.988784621223758,3.9110734478425044,7.168273483920507,P4,P4,a_baseline,108.13,0.0199,52.71,55.34,True,rigid_offset?+high_residual,62.54,target
sub-4175,ses-4,run-02,anode,target,-68.08794622,37.91469544,24.53659149,-68.71907272988483,44.11029979122376,19.490542822157497,active,0.6311265098848224,-6.195604351223757,5.046048667842502,8.0153877701966,P4,P4,a_baseline,107.9,0.0217,52.68,55.53,True,different_montage?+high_residual,45.26,target
sub-4176,ses-1,run-01,anode,target,-67.54289904,40.61085766,31.28168689,-68.24227658530818,47.9967582966527,29.682864201940035,active,0.699377545308181,-7.3859006366527,1.5988226880599647,7.589261568376949,P4,P4,a_baseline,105.5,0.0159,53.75,55.84,True,different_montage?+high_residual,46.44,target
sub-4176,ses-1,run-02,anode,target,-67.56503583,40.68192762,31.16818031,-68.24227658530818,47.9967582966527,29.682864201940035,active,0.6772407553081763,-7.314830676652697,1.4853161080599655,7.494769296623622,P4,P4,a_baseline,105.49,0.0173,53.63,55.93,True,different_montage?+high_residual,46.42,target
sub-4176,ses-2,run-01,anode,target,-67.6924178,45.21692045,24.29834082,-68.24227658530818,47.9967582966527,29.682864201940035,active,0.5498587853081744,-2.779837846652697,-5.384523381940035,6.084647499085073,P4,P4,a_baseline,106.72,0.0208,53.49,56.26,True,different_montage?+high_residual,48.09,target
sub-4176,ses-2,run-02,anode,target,-67.91703738,45.19662097,24.29962217,-68.24227658530818,47.9967582966527,29.682864201940035,active,0.3252392053081792,-2.8001373266527025,-5.383242031940036,6.076663917251729,P4,P4,a_baseline,105.74,0.0231,53.17,56.26,True,different_montage?+high_residual,48.18,target
sub-4176,ses-3,run-01,anode,target,-67.04227323,48.04533825,26.64384687,-68.24227658530818,47.9967582966527,29.682864201940035,active,1.2000033553081693,0.04857995334729992,-3.039017331940034,3.267720062742525,P4,P4,a_baseline,106.23,0.0203,53.36,55.95,True,different_montage?+high_residual,47.34,target
sub-4176,ses-3,run-02,anode,target,-67.68710212,47.6747394,27.43599254,-68.24227658530818,47.9967582966527,29.682864201940035,active,0.5551744653081698,-0.32201889665270045,-2.246871661940034,2.3367385651717236,P4,P4,a_baseline,105.76,0.0229,53.35,56.42,True,different_montage?+high_residual,46.96,target
sub-4176,ses-4,run-01,anode,target,-67.21302034,49.05438621,16.40163068,-68.24227658530818,47.9967582966527,29.682864201940035,active,1.0292562453081757,1.0576279133472966,-13.281233521940035,13.362975308137816,P4,P4,a_baseline,110.86,0.0087,54.53,55.7,True,rigid_offset?+high_residual,51.84,target
sub-4176,ses-4,run-02,anode,target,-67.24155739,48.79297711,16.85485511,-68.24227658530818,47.9967582966527,29.682864201940035,active,1.0007191953081787,0.796218813347302,-12.828009091940036,12.891594958323918,P4,P4,a_baseline,111.02,0.0094,54.49,55.63,True,rigid_offset?+high_residual,51.59,target
sub-4177,ses-1,run-01,anode,target,-68.70019305,35.01703303,12.79824465,-66.68976885880913,39.20742874519383,21.500197199534,active,-2.0104241911908645,-4.19039571519383,-8.701952549534,9.8653535087589,P4,P4,a_baseline,111.51,0.024,53.5,56.67,True,rigid_offset?+high_residual,63.84,target
sub-4177,ses-1,run-02,anode,target,-67.80311557,34.96198894,12.61125711,-66.68976885880913,39.20742874519383,21.500197199534,active,-1.1133467111908715,-4.245439805193833,-8.888940089534,9.913453280979766,P4,P4,a_baseline,110.83,0.0326,52.98,57.38,True,rigid_offset?+high_residual,63.93,target
sub-4177,ses-2,run-01,anode,target,-67.91640023,33.391939,15.90353883,-66.68976885880913,39.20742874519383,21.500197199534,active,-1.2266313711908623,-5.81548974519383,-5.5966583695339995,8.16376937465281,P4,P4,a_baseline,105.04,0.0299,53.88,57.53,True,rigid_offset?+high_residual,62.37,target
sub-4177,ses-2,run-02,anode,target,-67.60697623,33.80323961,15.58976741,-66.68976885880913,39.20742874519383,21.500197199534,active,-0.9172073711908695,-5.404189135193832,-5.910429789534,8.060999309497852,P4,P4,a_baseline,106.55,0.0271,53.61,57.14,True,rigid_offset?+high_residual,62.39,target
sub-4177,ses-3,run-01,anode,target,-68.45278291,37.08228736,12.66162568,-66.68976885880913,39.20742874519383,21.500197199534,active,-1.763014051190865,-2.125141385193828,-8.838571519534,9.259848322606452,P4,P4,a_baseline,109.26,0.0307,53.15,57.26,True,rigid_offset?+high_residual,63.11,target
sub-4177,ses-3,run-02,anode,target,-68.37382527,37.13710429,12.540008,-66.68976885880913,39.20742874519383,21.500197199534,active,-1.6840564111908662,-2.070324455193827,-8.960189199534,9.349186052127342,P4,P4,a_baseline,108.73,0.0309,53.29,57.46,True,rigid_offset?+high_residual,63.33,target
sub-4177,ses-4,run-01,anode,target,-67.06386656,32.75384701,17.39817963,-66.68976885880913,39.20742874519383,21.500197199534,active,-0.3740977011908626,-6.453581735193829,-4.102017569533999,7.656057369405567,P4,P4,a_baseline,111.88,0.024,53.49,56.7,True,rigid_offset?+high_residual,63.67,target
sub-4177,ses-4,run-02,anode,target,-66.50828373,33.30368004,17.25676618,-66.68976885880913,39.20742874519383,21.500197199534,active,0.18148512880912904,-5.903748705193827,-4.243431019534,7.272818741285941,P4,P4,a_baseline,111.34,0.0225,53.8,56.71,True,rigid_offset?+high_residual,63.74,target
sub-4178,ses-1,run-01,anode,control,69.05803107,-10.99932778,-0.1686364,68.82363533584062,-15.572670340639968,-4.22559129061625,active,0.23439573415937787,4.5733425606399685,4.05695489061625,6.117947901187796,P4,P4,a_baseline,103.87,0.0495,41.41,46.55,True,,,control
sub-4178,ses-1,run-02,anode,control,69.02769807,-11.06946375,-4.2592945,68.82363533584062,-15.572670340639968,-4.22559129061625,active,0.20406273415937903,4.503206590639968,-0.03370320938375038,4.507953760164207,P4,P4,a_baseline,107.15,0.009,43.39,44.27,True,,,control
sub-4178,ses-2,run-01,anode,control,68.95220864,-9.70770358,-6.70091443,68.82363533584062,-15.572670340639968,-4.22559129061625,active,0.1285733041593744,5.864966760639968,-2.4753231393837503,6.367227877367259,P4,P4,a_baseline,113.88,0.0256,42.82,45.51,True,,,control
sub-4178,ses-2,run-02,anode,control,69.23976577,-10.14819078,-6.99358529,68.82363533584062,-15.572670340639968,-4.22559129061625,active,0.4161304341593848,5.424479560639968,-2.7679939993837506,6.104091564078876,P4,P4,a_baseline,113.72,0.0163,43.43,45.13,True,,,control
sub-4178,ses-3,run-01,anode,control,70.03200456,-8.66880081,1.77880154,68.82363533584062,-15.572670340639968,-4.22559129061625,active,1.2083692241593837,6.903869530639968,6.00439283061625,9.229100928170105,P4,P4,a_baseline,108.18,0.0228,43.76,46.27,True,,,control
sub-4178,ses-3,run-02,anode,control,70.07559467,-8.62607261,1.89239895,68.82363533584062,-15.572670340639968,-4.22559129061625,active,1.2519593341593804,6.946597730639969,6.117990240616249,9.340900748321697,P4,P4,a_baseline,109.75,0.0124,44.42,45.64,True,,,control
sub-4178,ses-4,run-01,anode,control,69.65382479,-3.74685874,-6.10853384,68.82363533584062,-15.572670340639968,-4.22559129061625,active,0.8301894541593811,11.825811600639968,-1.88294254938375,12.003520616382016,P4,P4,a_baseline,111.4,0.013,43.52,44.9,True,,,control
sub-4178,ses-4,run-02,anode,control,69.52495843,-3.9492602,-6.18234255,68.82363533584062,-15.572670340639968,-4.22559129061625,active,0.7013230941593775,11.623410140639969,-1.9567512593837506,11.807810672221724,P4,P4,a_baseline,111.98,0.0163,43.34,45.1,True,,,control
sub-4179,ses-1,run-01,anode,target,-68.12235222,55.93154047,25.71161524,-69.274711778366,54.194667151792736,25.635042099606498,active,1.1523595583660011,1.736873318207266,0.07657314039350283,2.0857911978641406,P4,P4,a_baseline,101.64,0.0073,53.05,54.0,True,rigid_offset?+high_residual,59.05,target
sub-4179,ses-1,run-02,anode,target,-68.81236124,55.80173278,26.89949176,-69.274711778366,54.194667151792736,25.635042099606498,active,0.46235053836599604,1.6070656282072662,1.2644496603935025,2.0964877527335535,P4,P4,a_baseline,99.87,0.016,52.75,54.83,True,rigid_offset?+high_residual,59.36,target
sub-4179,ses-2,run-01,anode,target,-68.4496986,53.13852317,26.56154103,-69.274711778366,54.194667151792736,25.635042099606498,active,0.8250131783659924,-1.0561439817927365,0.9264989303935032,1.6292596854936534,P4,P4,a_baseline,103.84,0.0168,52.44,54.63,True,rigid_offset?+high_residual,61.18,target
sub-4179,ses-2,run-02,anode,target,-68.70230352,53.19250252,26.78451951,-69.274711778366,54.194667151792736,25.635042099606498,active,0.5724082583659964,-1.0021646317927377,1.1494774103935015,1.6288902604125353,P4,P4,a_baseline,104.18,0.0156,52.46,54.48,True,rigid_offset?+high_residual,61.05,target
sub-4179,ses-3,run-01,anode,target,-69.8797813,56.64894493,21.49335819,-69.274711778366,54.194667151792736,25.635042099606498,active,-0.6050695216340074,2.4542777782072633,-4.141683909606499,4.852126765213968,P4,P4,a_baseline,106.92,0.005,53.66,54.26,True,rigid_offset?+high_residual,61.6,target
sub-4179,ses-3,run-02,anode,target,-69.75633624,56.6371845,21.51334424,-69.274711778366,54.194667151792736,25.635042099606498,active,-0.48162446163399864,2.442517348207261,-4.121697859606499,4.815209898251837,P4,P4,a_baseline,107.8,0.0038,53.84,54.35,True,rigid_offset?+high_residual,61.49,target
sub-4179,ses-4,run-01,anode,target,-68.79227765,56.46795306,21.59406271,-69.274711778366,54.194667151792736,25.635042099606498,active,0.48243412836599475,2.2732859082072636,-4.040979389606498,4.661554025847012,P4,P4,a_baseline,107.27,0.0127,54.91,56.49,True,rigid_offset?+high_residual,63.11,target
sub-4179,ses-4,run-02,anode,target,-68.2152569,56.51618875,21.96784414,-69.274711778366,54.194667151792736,25.635042099606498,active,1.0594548783659974,2.321521598207262,-3.667197959606497,4.4676893407194695,P4,P4,a_baseline,107.06,0.0129,54.97,56.71,True,rigid_offset?+high_residual,63.23,target
sub-4180,ses-1,run-01,anode,target,-73.62154982,48.12033112,-11.95934182,-71.59865467398288,47.06200972504576,9.313666407834686,active,-2.0228951460171203,1.0583213949542412,-21.273008227834687,21.395163659302067,P4,P4,a_baseline,111.95,0.0056,54.66,55.42,True,rigid_offset?+high_residual,54.74,target
sub-4180,ses-1,run-02,anode,target,-73.72194828,48.20748609,-12.73441149,-71.59865467398288,47.06200972504576,9.313666407834686,active,-2.1232936060171284,1.1454763649542414,-22.048077897834688,22.179680584467587,P4,P4,a_baseline,112.65,0.0118,54.35,55.91,True,rigid_offset?+high_residual,55.08,target
sub-4180,ses-2,run-01,anode,target,-72.73611875,49.08339556,3.54436258,-71.59865467398288,47.06200972504576,9.313666407834686,active,-1.1374640760171246,2.0213858349542377,-5.769303827834687,6.218093910182694,P4,P4,a_baseline,111.28,0.0343,52.52,56.95,True,different_montage?+high_residual,47.66,target
sub-4180,ses-2,run-02,anode,target,-72.3831995,48.96662868,3.67035452,-71.59865467398288,47.06200972504576,9.313666407834686,active,-0.7845448260171253,1.9046189549542376,-5.643311887834686,6.00749973041843,P4,P4,a_baseline,111.67,0.0378,52.0,56.7,True,different_montage?+high_residual,47.45,target
sub-4180,ses-3,run-01,anode,target,-72.07226712,44.83103828,10.53683858,-71.59865467398288,47.06200972504576,9.313666407834686,active,-0.47361244601712826,-2.2309714450457605,1.223172172165313,2.587990050288352,P4,P4,a_baseline,106.76,0.0097,54.09,55.36,True,rigid_offset?+high_residual,61.02,target
sub-4180,ses-3,run-02,anode,target,-71.84278825,44.78259339,10.46137195,-71.59865467398288,47.06200972504576,9.313666407834686,active,-0.24413357601711994,-2.2794163350457595,1.1477055421653137,2.5637020191374282,P4,P4,a_baseline,106.1,0.0094,53.97,55.22,True,rigid_offset?+high_residual,61.01,target
sub-4180,ses-4,run-01,anode,target,-72.78445274,50.89956093,-2.82171953,-71.59865467398288,47.06200972504576,9.313666407834686,active,-1.185798066017128,3.837551204954238,-12.135385937834688,12.782820821876976,P4,P4,a_baseline,109.52,0.0071,54.32,55.27,True,different_montage?+high_residual,49.92,target
sub-4180,ses-4,run-02,anode,target,-72.86777257,51.08825734,-3.05557202,-71.59865467398288,47.06200972504576,9.313666407834686,active,-1.2691178960171214,4.0262476149542366,-12.369238427834686,13.069789186346423,P4,P4,a_baseline,108.39,0.0059,54.34,55.11,True,different_montage?+high_residual,50.22,target
sub-4181,ses-1,run-01,anode,control,66.81780062,-18.90606803,6.0699814,64.4190034428823,-28.933423550359368,15.025753363714534,active,2.3987971771177,10.027355520359368,-8.955771963714534,13.65679091495087,P4,P4,a_baseline,108.61,0.0058,43.48,44.08,True,,,control
sub-4181,ses-1,run-02,anode,control,66.91187173,-19.26643883,6.68685747,64.4190034428823,-28.933423550359368,15.025753363714534,active,2.4928682871177017,9.66698472035937,-8.338895893714534,13.007773468460611,P4,P4,a_baseline,108.71,0.0065,43.33,43.99,True,,,control
sub-4181,ses-2,run-01,anode,control,66.54305612,-21.12204914,11.5588419,64.4190034428823,-28.933423550359368,15.025753363714534,active,2.124052677117703,7.811374410359367,-3.466911463714535,8.80617085067189,P4,P4,a_baseline,107.19,0.028,42.57,45.55,True,,,control
sub-4181,ses-2,run-02,anode,control,66.60072045,-21.535139,11.97105171,64.4190034428823,-28.933423550359368,15.025753363714534,active,2.1817170071176974,7.398284550359367,-3.0547016537145346,8.296125938077303,P4,P4,a_baseline,107.68,0.0182,42.76,44.63,True,,,control
sub-4181,ses-3,run-01,anode,control,66.16265011,-23.4051018,9.5153402,64.4190034428823,-28.933423550359368,15.025753363714534,active,1.7436466671177016,5.528321750359368,-5.510413163714533,7.99795588322951,P4,P4,a_baseline,112.27,0.0157,44.18,45.89,True,,,control
sub-4181,ses-3,run-02,anode,control,66.06322594,-23.53306745,9.44329045,64.4190034428823,-28.933423550359368,15.025753363714534,active,1.6442224971176955,5.400356100359367,-5.582462913714535,7.939219471315474,P4,P4,a_baseline,112.19,0.0268,43.86,46.82,True,,,control
sub-4181,ses-4,run-01,anode,control,66.34833283,-23.35610372,15.5799664,64.4190034428823,-28.933423550359368,15.025753363714534,active,1.9293293871177042,5.577319830359368,0.554213036285466,5.927559401954954,P4,P4,a_baseline,108.43,0.0386,41.88,45.98,True,,,control
sub-4181,ses-4,run-02,anode,control,66.5759452,-23.28191623,15.45791212,64.4190034428823,-28.933423550359368,15.025753363714534,active,2.156941757117707,5.651507320359368,0.43215875628546563,6.064543999865756,P4,P4,a_baseline,110.11,0.0329,41.45,44.91,True,,,control
sub-4182,ses-1,run-01,anode,control,72.07373344,-38.07675119,-10.38393791,70.37774505203416,-40.33954442843234,-6.397807171971277,active,1.6959883879658406,2.2627932384323373,-3.9861307380287236,4.887315020813319,P4,P4,a_baseline,111.43,0.0098,42.59,43.53,True,,,control
sub-4182,ses-1,run-02,anode,control,72.20995947,-38.26214485,-10.15001904,70.37774505203416,-40.33954442843234,-6.397807171971277,active,1.8322144179658437,2.077399578432342,-3.7522118680287235,4.6638709871145005,P4,P4,a_baseline,111.29,0.0159,42.4,43.87,True,,,control
sub-4182,ses-2,run-01,anode,control,73.10374695,-34.59086902,-9.66419598,70.37774505203416,-40.33954442843234,-6.397807171971277,active,2.726001897965844,5.748675408432341,-3.266388808028724,7.15175860501761,P4,P4,a_baseline,111.48,0.0244,42.39,45.0,True,,,control
sub-4182,ses-2,run-02,anode,control,73.32283634,-34.85185483,-9.81372326,70.37774505203416,-40.33954442843234,-6.397807171971277,active,2.9450912879658375,5.48768959843234,-3.415916088028723,7.1032937813135835,P4,P4,a_baseline,111.85,0.0251,42.54,45.22,True,,,control
sub-4182,ses-3,run-01,anode,control,73.53365096,-31.82604279,0.5176286,70.37774505203416,-40.33954442843234,-6.397807171971277,active,3.1559059079658454,8.513501638432341,6.915435771971277,11.41326877646294,P4,P4,a_baseline,110.74,0.0081,42.5,43.32,True,,,control
sub-4182,ses-3,run-02,anode,control,73.55011636,-31.91930819,0.47908532,70.37774505203416,-40.33954442843234,-6.397807171971277,active,3.1723713079658467,8.420236238432341,6.876892491971277,11.325015159934448,P4,P4,a_baseline,110.5,0.0075,42.74,43.53,True,,,control
sub-4182,ses-4,run-01,anode,control,74.76214536,-28.41592591,-1.41305691,70.37774505203416,-40.33954442843234,-6.397807171971277,active,4.384400307965848,11.923618518432342,4.984750261971277,13.647101516725682,P4,P4,a_baseline,109.27,0.0113,42.99,44.18,True,,,control
sub-4182,ses-4,run-02,anode,control,75.28116865,-28.58697149,-1.05853157,70.37774505203416,-40.33954442843234,-6.397807171971277,active,4.9034235979658405,11.75257293843234,5.339275601971277,13.808490055327056,P4,P4,a_baseline,109.66,0.0174,42.68,44.5,True,,,control
sub-4183,ses-1,run-01,anode,target,-73.59793884,44.94302552,30.28805525,-71.54329711491476,45.89139679735174,36.54467980360601,active,-2.054641725085233,-0.9483712773517396,-6.256624553606009,6.6532932824994715,P4,P4,a_baseline,106.22,0.0317,51.18,54.97,True,rigid_offset?+high_residual,61.17,target
sub-4183,ses-1,run-02,anode,target,-73.10833369,44.84889593,31.11430101,-71.54329711491476,45.89139679735174,36.54467980360601,active,-1.5650365750852302,-1.042500867351741,-5.43037879360601,5.746752246428369,P4,P4,a_baseline,106.12,0.0177,53.18,55.53,True,rigid_offset?+high_residual,61.27,target
sub-4183,ses-2,run-01,anode,target,-72.81325511,45.37073177,31.80707959,-71.54329711491476,45.89139679735174,36.54467980360601,active,-1.2699579950852353,-0.5206650273517397,-4.737600213606008,4.9324173752783524,P4,P4,a_baseline,106.09,0.0099,52.97,54.2,True,different_montage?+high_residual,45.96,target
sub-4183,ses-2,run-02,anode,target,-72.53692226,45.40653063,32.39715754,-71.54329711491476,45.89139679735174,36.54467980360601,active,-0.9936251450852325,-0.4848661673517398,-4.147522263606007,4.292356818380259,P4,P4,a_baseline,105.87,0.0006,53.93,54.01,True,different_montage?+high_residual,45.95,target
sub-4183,ses-3,run-01,anode,target,-75.24169784,44.20753321,26.20527662,-71.54329711491476,45.89139679735174,36.54467980360601,active,-3.6984007250852358,-1.6838635873517376,-10.33940318360601,11.109312431347053,P4,P4,a_baseline,105.64,0.0016,53.97,54.19,True,rigid_offset?+high_residual,62.29,target
sub-4183,ses-3,run-02,anode,target,-75.20757157,44.2884424,26.07184005,-71.54329711491476,45.89139679735174,36.54467980360601,active,-3.664274455085234,-1.6029543973517377,-10.47283975360601,11.210563883538144,P4,P4,a_baseline,105.73,0.0028,53.95,54.27,True,rigid_offset?+high_residual,62.29,target
sub-4183,ses-4,run-01,anode,target,-71.46666266,54.10399099,26.88164601,-71.54329711491476,45.89139679735174,36.54467980360601,active,0.0766344549147675,8.212594192648261,-9.663033793606008,12.681750601126476,P4,P4,a_baseline,107.0,0.0113,53.09,54.5,True,different_montage?+high_residual,50.51,target
sub-4183,ses-4,run-02,anode,target,-71.12977325,54.11656298,26.47479825,-71.54329711491476,45.89139679735174,36.54467980360601,active,0.4135238649147652,8.225166182648259,-10.06988155360601,13.008723043507736,P4,P4,a_baseline,106.67,0.0111,53.09,54.38,True,different_montage?+high_residual,50.61,target
sub-4185,ses-1,run-01,anode,control,72.93114069,-7.70455072,-16.59834781,72.20565921946174,-13.931878619585667,-33.30059541328603,active,0.72548147053827,6.227327899585667,16.702247603286033,17.840151656713193,P4,P4,a_baseline,113.36,0.0018,43.84,44.02,True,,,control
sub-4185,ses-1,run-02,anode,control,72.71670223,-7.47901699,-16.83536234,72.20565921946174,-13.931878619585667,-33.30059541328603,active,0.5110430105382591,6.452861629585668,16.465233073286033,17.691932860115404,P4,P4,a_baseline,112.33,0.0158,43.48,45.08,True,,,control
sub-4185,ses-2,run-01,anode,control,73.09803711,-6.69835205,-29.13310784,72.20565921946174,-13.931878619585667,-33.30059541328603,active,0.8923778905382704,7.233526569585668,4.1674875732860315,8.39572496011612,P4,P4,a_baseline,109.37,0.0189,42.34,44.25,True,,,control
sub-4185,ses-2,run-02,anode,control,72.76636744,-6.52455133,-28.80383196,72.20565921946174,-13.931878619585667,-33.30059541328603,active,0.5607082205382596,7.407327289585667,4.496763453286032,8.683534582094358,P4,P4,a_baseline,108.26,0.0174,42.12,43.93,True,,,control
sub-4185,ses-3,run-01,anode,control,72.82505936,-7.29034178,-30.79250809,72.20565921946174,-13.931878619585667,-33.30059541328603,active,0.6194001405382608,6.641536839585667,2.508087323286034,7.126301294984692,P4,P4,a_baseline,111.3,0.0186,41.33,43.19,True,,,control
sub-4185,ses-3,run-02,anode,control,72.59812116,-6.7565506,-30.98483362,72.20565921946174,-13.931878619585667,-33.30059541328603,active,0.39246194053826855,7.175328019585668,2.3157617932860326,7.54997425470217,P4,P4,a_baseline,110.18,0.0103,42.13,43.12,True,,,control
sub-4185,ses-4,run-01,anode,control,72.91535604,-5.43045327,-28.89663185,72.20565921946174,-13.931878619585667,-33.30059541328603,active,0.7096968205382694,8.501425349585666,4.403963563286034,9.60066651948764,P4,P4,a_baseline,105.25,0.0139,42.22,43.53,True,,,control
sub-4185,ses-4,run-02,anode,control,72.73455524,-4.73802702,-29.10756406,72.20565921946174,-13.931878619585667,-33.30059541328603,active,0.5288960205382693,9.193851599585667,4.193031353286031,10.1187029882977,P4,P4,a_baseline,105.68,0.0144,42.68,44.21,True,,,control
sub-4186,ses-1,run-01,anode,target,-71.00177105,27.75908676,26.11474801,-72.65188529291784,27.811018141518733,28.537569938603568,active,1.6501142429178373,-0.051931381518734554,-2.422821928603568,2.9318321883745435,P4,P4,a_baseline,107.81,0.0417,51.16,56.57,True,rigid_offset?+high_residual,59.1,target
sub-4186,ses-1,run-02,anode,target,-70.91119216,27.98483522,27.10401867,-72.65188529291784,27.811018141518733,28.537569938603568,active,1.7406931329178406,0.17381707848126737,-1.4335512686035692,2.261701615924168,P4,P4,a_baseline,108.82,0.0309,52.26,56.27,True,rigid_offset?+high_residual,59.08,target
sub-4186,ses-2,run-01,anode,target,-72.55568503,19.82293003,27.11934582,-72.65188529291784,27.811018141518733,28.537569938603568,active,0.0962002629178329,-7.988088111518735,-1.4182241186035682,8.113579100407001,P4,P4,a_baseline,106.43,0.0159,51.84,53.88,True,rigid_offset?+high_residual,56.7,target
sub-4186,ses-2,run-02,anode,target,-72.78792066,19.59497398,27.85362442,-72.65188529291784,27.811018141518733,28.537569938603568,active,-0.13603536708215813,-8.216044161518735,-0.6839455186035686,8.245584803853584,P4,P4,a_baseline,107.05,0.0141,52.24,54.06,True,different_montage?+high_residual,47.01,target
sub-4186,ses-3,run-01,anode,target,-71.15510544,29.27328071,26.33087246,-72.65188529291784,27.811018141518733,28.537569938603568,active,1.4967798529178395,1.4622625684812682,-2.2066974786035694,3.041064864378518,P4,P4,a_baseline,106.67,0.0195,52.13,54.67,True,different_montage?+high_residual,46.21,target
sub-4186,ses-3,run-02,anode,target,-71.25836418,29.41584365,26.63697888,-72.65188529291784,27.811018141518733,28.537569938603568,active,1.3935211129178384,1.604825508481266,-1.9005910586035668,2.851247512381861,P4,P4,a_baseline,107.0,0.0199,52.06,54.6,True,different_montage?+high_residual,46.09,target
sub-4186,ses-4,run-01,anode,target,-71.48812981,27.44506146,26.50509773,-72.65188529291784,27.811018141518733,28.537569938603568,active,1.1637554829178356,-0.36595668151873184,-2.0324722086035685,2.3704840002656407,P4,P4,a_baseline,109.59,0.0174,54.38,56.75,True,rigid_offset?+high_residual,62.42,target
sub-4186,ses-4,run-02,anode,target,-71.47525107,27.53165097,26.34349426,-72.65188529291784,27.811018141518733,28.537569938603568,active,1.1766342229178406,-0.27936717151873225,-2.194075678603568,2.5052908403024894,P4,P4,a_baseline,109.14,0.0183,54.42,56.9,True,rigid_offset?+high_residual,62.55,target
sub-4187,ses-1,run-01,anode,target,-73.67344681,27.04629462,13.68184749,-74.91462967359071,35.8650501546223,12.7370936630951,active,1.2411828635907085,-8.818755534622301,0.9447538269048987,8.955643130102615,P4,P4,a_baseline,106.76,0.0163,52.11,54.24,True,rigid_offset?+high_residual,60.58,target
sub-4187,ses-1,run-02,anode,target,-73.65803664,27.3175862,12.90626131,-74.91462967359071,35.8650501546223,12.7370936630951,active,1.256593033590704,-8.547463954622302,0.16916764690489927,8.640994375672022,P4,P4,a_baseline,106.83,0.0124,52.26,53.85,True,rigid_offset?+high_residual,60.45,target
sub-4187,ses-2,run-01,anode,target,-74.02259941,30.8283871,12.1081178,-74.91462967359071,35.8650501546223,12.7370936630951,active,0.892030263590712,-5.036663054622302,-0.6289758630950999,5.153571902410522,P4,P4,a_baseline,108.33,0.0188,52.24,54.68,True,rigid_offset?+high_residual,60.7,target
sub-4187,ses-2,run-02,anode,target,-73.56841918,30.5972687,12.20069608,-74.91462967359071,35.8650501546223,12.7370936630951,active,1.3462104935907035,-5.267781454622302,-0.5363975830951002,5.463472020049764,P4,P4,a_baseline,108.39,0.022,52.12,55.01,True,rigid_offset?+high_residual,60.78,target
sub-4187,ses-3,run-01,anode,target,-75.67542732,24.39364849,7.5285642,-74.91462967359071,35.8650501546223,12.7370936630951,active,-0.7607976464092872,-11.471401664622302,-5.2085294630951005,12.621436066383689,P4,P4,a_baseline,104.58,0.0288,52.39,56.19,True,rigid_offset?+high_residual,59.48,target
sub-4187,ses-3,run-02,anode,target,-75.59900043,24.39925443,7.45580623,-74.91462967359071,35.8650501546223,12.7370936630951,active,-0.6843707564092938,-11.465795724622303,-5.2812874330951,12.642184616669839,P4,P4,a_baseline,105.14,0.0273,52.44,56.02,True,rigid_offset?+high_residual,59.41,target
sub-4187,ses-4,run-01,anode,target,-75.1450596,31.37389795,9.01403843,-74.91462967359071,35.8650501546223,12.7370936630951,active,-0.23042992640928617,-4.491152204622303,-3.723055233095101,5.83820917274686,P4,P4,a_baseline,105.39,0.0226,53.49,56.33,True,different_montage?+high_residual,47.32,target
sub-4187,ses-4,run-02,anode,target,-75.78057493,31.02513779,10.06052983,-74.91462967359071,35.8650501546223,12.7370936630951,active,-0.8659452564092902,-4.839912364622304,-2.6765638330951003,5.598089570286844,P4,P4,a_baseline,105.24,0.0164,53.97,55.89,True,rigid_offset?+high_residual,58.57,target
sub-4188,ses-1,run-01,anode,control,74.41480881,-15.12280729,-18.17526303,71.8166758983461,-20.765756593495,-27.451490951926264,active,2.5981329116538916,5.642949303494998,9.276227921926264,11.164299168687583,P4,P4,a_baseline,109.23,0.0293,42.0,45.12,True,,,control
sub-4188,ses-1,run-02,anode,control,73.91448174,-14.20758033,-19.53517287,71.8166758983461,-20.765756593495,-27.451490951926264,active,2.0978058416538943,6.558176263494998,7.9163180819262635,10.49183288213166,P4,P4,a_baseline,109.76,0.0424,41.14,45.62,True,,,control
sub-4188,ses-2,run-01,anode,control,71.95317408,-17.00948259,-29.72491617,71.8166758983461,-20.765756593495,-27.451490951926264,active,0.1364981816538915,3.7562740034949975,-2.2734252180737364,4.392799604477852,P4,P4,a_baseline,113.67,0.0215,42.91,45.22,True,,,control
sub-4188,ses-2,run-02,anode,control,71.92404212,-16.97978707,-30.11008074,71.8166758983461,-20.765756593495,-27.451490951926264,active,0.10736622165389065,3.785969523494998,-2.658589788073737,4.627439075734562,P4,P4,a_baseline,114.4,0.0175,42.95,44.79,True,,,control
sub-4188,ses-3,run-01,anode,control,72.88104243,-13.89648986,-28.67482624,71.8166758983461,-20.765756593495,-27.451490951926264,active,1.0643665316538886,6.869266733494998,-1.2233352880737378,7.058062821812542,P4,P4,a_baseline,111.9,0.0255,42.5,45.24,True,,,control
sub-4188,ses-3,run-02,anode,control,72.98304324,-13.77596142,-28.55274221,71.8166758983461,-20.765756593495,-27.451490951926264,active,1.1663673416538956,6.989795173494999,-1.101251258073738,7.171499402251927,P4,P4,a_baseline,110.48,0.0266,42.34,45.11,True,,,control
sub-4188,ses-4,run-01,anode,control,72.43605559,-17.01788351,-28.17523612,71.8166758983461,-20.765756593495,-27.451490951926264,active,0.6193796916538901,3.747873083494998,-0.7237451680737372,3.8670390379112614,P4,P4,a_baseline,109.5,0.0303,41.99,45.22,True,,,control
sub-4188,ses-4,run-02,anode,control,72.31970399,-16.81011199,-28.3106751,71.8166758983461,-20.765756593495,-27.451490951926264,active,0.5030280916538885,3.9556446034949992,-0.8591841480737372,4.079014450875757,P4,P4,a_baseline,109.02,0.0263,42.45,45.27,True,,,control
sub-4189,ses-1,run-01,anode,target,-64.67213765,49.1897211,23.45705028,-66.01830802195553,47.1590466702857,29.555291892223067,active,1.3461703719555373,2.0306744297143027,-6.098241612223067,6.566914349287297,P4,P4,a_baseline,101.79,0.015,53.5,55.49,True,different_montage?+high_residual,48.11,target
sub-4189,ses-1,run-02,anode,target,-64.30372797,49.13043703,24.17508038,-66.01830802195553,47.1590466702857,29.555291892223067,active,1.7145800519555365,1.9713903597143059,-5.380211512223067,5.981040095267375,P4,P4,a_baseline,102.31,0.0174,53.43,55.63,True,different_montage?+high_residual,47.98,target
sub-4189,ses-2,run-01,anode,target,-63.88767301,49.35842728,26.08646063,-66.01830802195553,47.1590466702857,29.555291892223067,active,2.1306350119555333,2.1993806097143036,-3.468831262223066,4.6270585630975205,P4,P4,a_baseline,105.74,0.0331,52.91,57.18,True,different_montage?+high_residual,47.04,target
sub-4189,ses-2,run-02,anode,target,-63.96520302,49.31407487,27.07831239,-66.01830802195553,47.1590466702857,29.555291892223067,active,2.0531050019555366,2.1550281997143017,-2.4769795022230667,3.8723137973377026,P4,P4,a_baseline,105.76,0.0278,53.32,57.08,True,different_montage?+high_residual,46.96,target
sub-4189,ses-3,run-01,anode,target,-62.67869393,50.54503208,29.39867568,-66.01830802195553,47.1590466702857,29.555291892223067,active,3.339614091955532,3.3859854097143014,-0.1566162122230672,4.758408149362263,P4,P4,a_baseline,108.76,0.0033,53.47,53.86,True,different_montage?+high_residual,46.74,target
sub-4189,ses-3,run-02,anode,target,-62.67837757,49.81705262,30.01097805,-66.01830802195553,47.1590466702857,29.555291892223067,active,3.3399304519555315,2.658005949714301,0.4556861577769311,4.292759127531617,P4,P4,a_baseline,108.74,0.011,53.17,54.6,True,different_montage?+high_residual,46.62,target
sub-4189,ses-4,run-01,anode,target,-65.25487177,44.70563015,27.04625364,-66.01830802195553,47.1590466702857,29.555291892223067,active,0.7634362519555395,-2.4534165202856997,-2.5090382522230676,3.5912895293932094,P4,P4,a_baseline,108.06,0.0162,52.72,54.59,True,rigid_offset?+high_residual,62.21,target
sub-4189,ses-4,run-02,anode,target,-65.0037637,45.04086859,26.31723089,-66.01830802195553,47.1590466702857,29.555291892223067,active,1.0145443219555403,-2.118178080285695,-3.2380610022230663,4.000127199869133,P4,P4,a_baseline,107.86,0.0187,52.61,54.87,True,rigid_offset?+high_residual,62.52,target
sub-4190,ses-1,run-01,anode,target,-67.68313464,33.40385222,38.10192152,-64.75232447237006,35.0853010164216,49.6210628504127,active,-2.930810167629943,-1.6814487964216056,-11.519141330412701,12.004479800628298,P4,P4,a_baseline,109.98,0.0116,54.66,56.13,True,different_montage?+high_residual,49.67,target
sub-4190,ses-1,run-02,anode,target,-67.57207077,33.37705059,38.08342262,-64.75232447237006,35.0853010164216,49.6210628504127,active,-2.8197462976299335,-1.7082504264215999,-11.537640230412698,11.999426269151575,P4,P4,a_baseline,110.37,0.0181,54.58,57.03,True,different_montage?+high_residual,49.87,target
sub-4190,ses-2,run-01,anode,target,-64.4564964,41.17089088,40.95482935,-64.75232447237006,35.0853010164216,49.6210628504127,active,0.2958280723700568,6.085589863578399,-8.666233500412702,10.593654766876526,P4,P4,a_baseline,110.08,0.0241,53.52,56.72,True,different_montage?+high_residual,49.12,target
sub-4190,ses-2,run-02,anode,target,-64.3668443,40.74397743,41.59800119,-64.75232447237006,35.0853010164216,49.6210628504127,active,0.38548017237006604,5.658676413578398,-8.0230616604127,9.825412567605655,P4,P4,a_baseline,109.83,0.0295,53.34,57.26,True,different_montage?+high_residual,48.99,target
sub-4190,ses-3,run-01,anode,target,-65.5543417,33.70157799,46.05444271,-64.75232447237006,35.0853010164216,49.6210628504127,active,-0.802017227629932,-1.383723026421606,-3.5666201404127023,3.9087978040904208,P4,P4,a_baseline,107.82,0.0111,53.48,54.95,True,rigid_offset?+high_residual,61.63,target
sub-4190,ses-3,run-02,anode,target,-65.86206762,33.44150365,46.51575394,-64.75232447237006,35.0853010164216,49.6210628504127,active,-1.109743147629942,-1.6437973664216017,-3.1053089104126954,3.6846360830690847,P4,P4,a_baseline,107.39,0.0156,53.36,55.31,True,rigid_offset?+high_residual,61.48,target
sub-4190,ses-4,run-01,anode,target,-67.69272293,30.49483424,44.65682783,-64.75232447237006,35.0853010164216,49.6210628504127,active,-2.9403984576299393,-4.590466776421604,-4.964235020412701,7.373056194886552,P4,P4,a_baseline,109.85,0.0149,52.7,54.65,True,different_montage?+high_residual,44.95,target
sub-4190,ses-4,run-02,anode,target,-68.01749479,30.26207298,44.84136373,-64.75232447237006,35.0853010164216,49.6210628504127,active,-3.265170317629938,-4.823228036421604,-4.779699120412701,7.534612768824217,P4,P4,a_baseline,109.37,0.0165,52.61,54.78,True,different_montage?+high_residual,45.02,target
sub-4191,ses-1,run-01,anode,control,69.33676802,-17.59824905,-13.45120827,66.93681673775046,-31.321515155620038,-13.763528687717,active,2.399951282249532,13.723266105620038,0.31232041771700025,13.935040107805714,P4,P4,a_baseline,107.74,0.0263,43.62,46.22,True,,,control
sub-4191,ses-1,run-02,anode,control,69.30088214,-17.61331493,-13.30864913,66.93681673775046,-31.321515155620038,-13.763528687717,active,2.364065402249537,13.708200225620036,0.4548795577170015,13.917991021114767,P4,P4,a_baseline,108.16,0.0096,43.18,44.08,True,,,control
sub-4191,ses-2,run-01,anode,control,69.81917326,-17.05721843,-6.7039678,66.93681673775046,-31.321515155620038,-13.763528687717,active,2.8823565222495375,14.264296725620039,7.059560887717001,16.17453369112299,P4,P4,a_baseline,108.62,0.0391,41.59,45.69,True,,,control
sub-4191,ses-2,run-02,anode,control,69.82901922,-17.20221646,-6.88760319,66.93681673775046,-31.321515155620038,-13.763528687717,active,2.8922024822495445,14.119298695620039,6.875925497717001,15.96864998378457,P4,P4,a_baseline,109.39,0.0398,41.35,45.51,True,,,control
sub-4191,ses-3,run-01,anode,control,69.52257819,-17.85999761,-10.22717316,66.93681673775046,-31.321515155620038,-13.763528687717,active,2.5857614522495425,13.461517545620037,3.536355527717001,14.156427068204405,P4,P4,a_baseline,106.95,0.0094,42.62,43.61,True,,,control
sub-4191,ses-3,run-02,anode,control,69.41560723,-18.12618824,-10.97481509,66.93681673775046,-31.321515155620038,-13.763528687717,active,2.4787904922495443,13.195326915620036,2.788713597717001,13.712694054949415,P4,P4,a_baseline,108.1,0.0058,42.42,43.02,True,,,control
sub-4191,ses-4,run-01,anode,control,68.22998258,-18.92320727,-24.26009835,66.93681673775046,-31.321515155620038,-13.763528687717,active,1.293165842249536,12.398307885620039,-10.496569662283,16.296266167357135,P4,P4,a_baseline,112.69,0.0299,41.68,44.85,True,,,control
sub-4191,ses-4,run-02,anode,control,68.14651634,-19.0656317,-23.99467362,66.93681673775046,-31.321515155620038,-13.763528687717,active,1.2096996022495432,12.255883455620037,-10.231144932283,16.010820685736373,P4,P4,a_baseline,112.21,0.0208,41.99,43.97,True,,,control
sub-4193,ses-1,run-01,anode,target,-72.8685024,31.53652842,8.66392633,-73.43480055115496,31.769573167741868,12.020045977697569,active,0.5662981511549674,-0.233044747741868,-3.356119647697568,3.411530820630711,P4,P4,a_baseline,111.25,0.0089,53.75,54.94,True,rigid_offset?+high_residual,46.94,target
sub-4193,ses-1,run-02,anode,target,-72.64211687,31.26102154,9.09224748,-73.43480055115496,31.769573167741868,12.020045977697569,active,0.7926836811549691,-0.5085516277418662,-2.9277984976975695,3.075544865478057,P4,P4,a_baseline,110.91,0.0067,54.03,54.89,True,rigid_offset?+high_residual,46.98,target
sub-4193,ses-2,run-01,anode,target,-72.24207441,33.50673343,1.49056021,-73.43480055115496,31.769573167741868,12.020045977697569,active,1.1927261411549637,1.7371602622581293,-10.529485767697569,10.738267642255375,P4,P4,a_baseline,111.55,0.0247,53.77,56.8,True,rigid_offset?+high_residual,48.28,target
sub-4193,ses-2,run-02,anode,target,-72.4031888,32.64240995,1.792528,-73.43480055115496,31.769573167741868,12.020045977697569,active,1.0316117511549692,0.8728367822581333,-10.22751797769757,10.316403968326886,P4,P4,a_baseline,111.07,0.0299,53.33,57.23,True,rigid_offset?+high_residual,47.97,target
sub-4193,ses-3,run-01,anode,target,-70.9446888,37.22298124,0.60511933,-73.43480055115496,31.769573167741868,12.020045977697569,active,2.49011175115497,5.453408072258135,-11.41492664769757,12.893442771739686,P4,P4,a_baseline,111.2,0.0241,53.57,56.77,True,rigid_offset?+high_residual,49.1,target
sub-4193,ses-3,run-02,anode,target,-70.29193976,37.15362635,0.81188436,-73.43480055115496,31.769573167741868,12.020045977697569,active,3.142860791154959,5.3840531822581355,-11.208161617697568,12.825306603367894,P4,P4,a_baseline,110.59,0.0193,54.46,57.07,True,rigid_offset?+high_residual,49.34,target
sub-4193,ses-4,run-01,anode,target,-72.20860651,30.492468,-1.24893544,-73.43480055115496,31.769573167741868,12.020045977697569,active,1.2261940411549688,-1.277105167741869,-13.26898141769757,13.386576011035844,P4,P4,a_baseline,114.78,0.0185,52.91,55.1,True,rigid_offset?+high_residual,49.14,target
sub-4193,ses-4,run-02,anode,target,-72.0022754,29.38946011,-0.53418466,-73.43480055115496,31.769573167741868,12.020045977697569,active,1.4325251511549624,-2.380113057741866,-12.554230637697568,12.857907037338121,P4,P4,a_baseline,113.82,0.0381,51.9,56.52,True,rigid_offset?+high_residual,49.16,target
sub-4196,ses-1,run-01,anode,target,-61.73843295,36.55188821,20.61482326,-59.5372494447217,39.756430175073895,26.159818322444835,active,-2.2011835052783013,-3.2045419650738936,-5.544995062444833,6.772094821572311,P4,P4,a_baseline,112.89,0.0212,53.77,56.43,True,rigid_offset?+high_residual,63.2,target
sub-4196,ses-1,run-02,anode,target,-62.34696482,35.88333228,21.64407846,-59.5372494447217,39.756430175073895,26.159818322444835,active,-2.8097153752782944,-3.8730978950738972,-4.5157398624448355,6.5793080411373355,P4,P4,a_baseline,111.35,0.0233,53.41,56.52,True,rigid_offset?+high_residual,46.45,target
sub-4196,ses-2,run-01,anode,target,-62.82017538,36.39398436,17.10202998,-59.5372494447217,39.756430175073895,26.159818322444835,active,-3.2829259352783,-3.3624458150738974,-9.057788342444834,10.20427235094989,P4,P4,a_baseline,112.89,0.0265,52.98,56.41,True,rigid_offset?+high_residual,66.18,target
sub-4196,ses-2,run-02,anode,target,-63.6500631,36.26189876,17.41794837,-59.5372494447217,39.756430175073895,26.159818322444835,active,-4.112813655278295,-3.4945314150738938,-8.741869952444834,10.273620405652517,P4,P4,a_baseline,112.61,0.0233,53.07,56.18,True,rigid_offset?+high_residual,66.22,target
sub-4196,ses-3,run-01,anode,target,-60.98938832,40.39899446,17.92462373,-59.5372494447217,39.756430175073895,26.159818322444835,active,-1.452138875278301,0.6425642849261024,-8.235194592444834,8.386896097412306,P4,P4,a_baseline,113.18,0.0291,52.68,56.31,True,rigid_offset?+high_residual,66.51,target
sub-4196,ses-3,run-02,anode,target,-61.50618208,40.3525319,18.38958813,-59.5372494447217,39.756430175073895,26.159818322444835,active,-1.9689326352782999,0.5961017249261076,-7.770230192444835,8.037941915210954,P4,P4,a_baseline,112.68,0.0268,52.69,56.06,True,rigid_offset?+high_residual,66.18,target
sub-4196,ses-4,run-01,anode,target,-61.82811792,38.48006177,18.84587388,-59.5372494447217,39.756430175073895,26.159818322444835,active,-2.2908684752782946,-1.276368405073896,-7.313944442444836,7.769876317140736,P4,P4,a_baseline,112.91,0.0055,53.64,54.35,True,rigid_offset?+high_residual,63.95,target
sub-4196,ses-4,run-02,anode,target,-62.12842339,38.26914154,19.89361055,-59.5372494447217,39.756430175073895,26.159818322444835,active,-2.5911739452782996,-1.4872886350738952,-6.266207772444837,6.942014818923766,P4,P4,a_baseline,112.26,0.0068,53.57,54.45,True,rigid_offset?+high_residual,63.54,target
sub-4197,ses-1,run-01,anode,target,-73.87186771,31.01051942,-3.42341306,-74.75032482081009,35.51365233356424,-3.19620986149466,active,0.8784571108100891,-4.503132913564237,-0.22720319850534,4.593638451834166,P4,P4,a_baseline,106.32,0.0171,52.31,54.53,True,different_montage?+high_residual,45.38,target
sub-4197,ses-1,run-02,anode,target,-73.79795734,30.84179041,-4.18195055,-74.75032482081009,35.51365233356424,-3.19620986149466,active,0.9523674808100964,-4.6718619235642365,-0.9857406885053397,4.868776268871766,P4,P4,a_baseline,107.75,0.0156,52.84,54.66,True,rigid_offset?+high_residual,60.07,target
sub-4197,ses-2,run-01,anode,target,-74.27181679,32.43422571,-13.09457729,-74.75032482081009,35.51365233356424,-3.19620986149466,active,0.4785080308100902,-3.0794266235642382,-9.89836742850534,10.377355926013207,P4,P4,a_baseline,110.0,0.0264,53.01,56.21,True,different_montage?+high_residual,47.64,target
sub-4197,ses-2,run-02,anode,target,-73.19320506,32.93759203,-12.23765238,-74.75032482081009,35.51365233356424,-3.19620986149466,active,1.557119760810096,-2.5760603035642404,-9.04144251850534,9.529343705237048,P4,P4,a_baseline,109.57,0.0241,53.11,55.93,True,different_montage?+high_residual,47.38,target
sub-4197,ses-3,run-01,anode,target,-72.85333505,35.31018169,-4.51918408,-74.75032482081009,35.51365233356424,-3.19620986149466,active,1.8969897708100945,-0.20347064356423772,-1.3229742185053395,2.321687161566001,P4,P4,a_baseline,106.51,0.0165,52.84,54.95,True,different_montage?+high_residual,45.63,target
sub-4197,ses-3,run-02,anode,target,-72.56725585,35.69604403,-4.77545889,-74.75032482081009,35.51365233356424,-3.19620986149466,active,2.1830689708100977,0.18239169643576503,-1.5792490285053402,2.7005711166858086,P4,P4,a_baseline,105.01,0.0179,52.57,54.86,True,different_montage?+high_residual,45.8,target
sub-4197,ses-4,run-01,anode,target,-74.59614962,31.71859965,-8.13595966,-74.75032482081009,35.51365233356424,-3.19620986149466,active,0.15417520081008718,-3.7950526835642364,-4.939749798505339,6.231157431441328,P4,P4,a_baseline,106.23,0.0333,51.94,55.84,True,different_montage?+high_residual,45.65,target
sub-4197,ses-4,run-02,anode,target,-74.55066411,31.85378712,-8.17179279,-74.75032482081009,35.51365233356424,-3.19620986149466,active,0.19966071081009318,-3.659865213564238,-4.9755829285053395,6.179878903290303,P4,P4,a_baseline,106.33,0.0329,52.23,56.34,True,different_montage?+high_residual,45.74,target
sub-4198,ses-1,run-01,anode,target,-74.01444705,36.03730868,18.33972502,-72.36860066402166,37.32495705061607,27.877445236253934,active,-1.645846385978345,-1.2876483706160684,-9.537720216253934,9.763962083914869,P4,P4,a_baseline,108.68,0.0037,54.09,54.55,True,rigid_offset?+high_residual,63.34,target
sub-4198,ses-1,run-02,anode,target,-74.08396137,36.34041546,18.18798183,-72.36860066402166,37.32495705061607,27.877445236253934,active,-1.7153607059783411,-0.9845415906160682,-9.689463406253935,9.88926112489712,P4,P4,a_baseline,108.56,0.0132,54.54,56.18,True,rigid_offset?+high_residual,63.69,target
sub-4198,ses-2,run-01,anode,target,-71.8993904,38.74825862,23.02845423,-72.36860066402166,37.32495705061607,27.877445236253934,active,0.46921026402165467,1.4233015693839306,-4.848991006253932,5.075298947648853,P4,P4,a_baseline,108.02,0.0116,53.94,55.47,True,rigid_offset?+high_residual,64.29,target
sub-4198,ses-2,run-02,anode,target,-72.19151044,38.91354903,22.86808806,-72.36860066402166,37.32495705061607,27.877445236253934,active,0.1770902240216543,1.5885919793839278,-5.009357176253932,5.258197860835379,P4,P4,a_baseline,108.13,0.0061,54.4,55.18,True,rigid_offset?+high_residual,64.48,target
sub-4198,ses-3,run-01,anode,target,-71.46683111,41.39897405,23.37856051,-72.36860066402166,37.32495705061607,27.877445236253934,active,0.901769554021655,4.074016999383929,-4.498884726253934,6.136022051781641,P4,P4,a_baseline,108.86,0.0151,53.97,55.73,True,rigid_offset?+high_residual,65.84,target
sub-4198,ses-3,run-02,anode,target,-71.14080196,42.0124909,22.49678623,-72.36860066402166,37.32495705061607,27.877445236253934,active,1.2277987040216516,4.687533849383932,-5.380659006253932,7.240991271110533,P4,P4,a_baseline,109.44,0.0075,54.16,55.13,True,rigid_offset?+high_residual,66.06,target
sub-4198,ses-4,run-01,anode,target,-73.14213619,40.77137145,17.26674828,-72.36860066402166,37.32495705061607,27.877445236253934,active,-0.7735355259783461,3.446414399383926,-10.610696956253932,11.183157842026908,P4,P4,a_baseline,107.87,0.0171,54.86,57.11,True,rigid_offset?+high_residual,66.24,target
sub-4198,ses-4,run-02,anode,target,-72.53773297,40.74251384,17.24766443,-72.36860066402166,37.32495705061607,27.877445236253934,active,-0.16913230597833717,3.41755678938393,-10.629780806253933,11.166939604681055,P4,P4,a_baseline,107.28,0.0211,53.99,56.81,True,rigid_offset?+high_residual,66.16,target
sub-4199,ses-1,run-01,anode,control,67.2143365,-24.19909868,-11.5534633,65.03727609921857,-32.53249927974996,-13.177966332044164,active,2.1770604007814285,8.333400599749964,1.6245030320441636,8.76493968294616,P4,P4,a_baseline,112.52,0.0144,43.56,45.09,True,,,control
sub-4199,ses-1,run-02,anode,control,67.25987319,-24.73283908,-11.27648965,65.03727609921857,-32.53249927974996,-13.177966332044164,active,2.22259709078142,7.799660199749962,1.901476682044164,8.33008106994592,P4,P4,a_baseline,111.66,0.0105,43.76,44.77,True,,,control
sub-4199,ses-2,run-02,anode,control,66.97966708,-22.64951146,-15.23724547,65.03727609921857,-32.53249927974996,-13.177966332044164,active,1.9423909807814255,9.882987819749964,-2.0592791379558353,10.28041640866591,P4,P4,a_baseline,110.97,0.037,40.64,44.19,True,,,control
sub-4199,ses-3,run-01,anode,control,67.97563561,-19.36554722,-6.95724505,65.03727609921857,-32.53249927974996,-13.177966332044164,active,2.9383595107814244,13.166952059749963,6.220721282044164,14.855973762336504,P4,P4,a_baseline,108.65,0.0412,40.44,44.25,True,,,control
sub-4199,ses-3,run-02,anode,control,68.4786343,-19.28134881,-6.55897643,65.03727609921857,-32.53249927974996,-13.177966332044164,active,3.4413582007814227,13.251150469749962,6.618989902044164,15.206806448475723,P4,P4,a_baseline,59.55,0.6017,40.72,135.54,False,different_montage?+high_residual,61.84,control
sub-4199,ses-4,run-01,anode,control,66.66538395,-28.72772479,-16.57292109,65.03727609921857,-32.53249927974996,-13.177966332044164,active,1.6281078507814328,3.8047744897499634,-3.394954757955837,5.352827467815043,P4,P4,a_baseline,109.58,0.0277,42.78,45.46,True,,,control
sub-4199,ses-4,run-02,anode,control,66.80847095,-28.73869694,-16.22547629,65.03727609921857,-32.53249927974996,-13.177966332044164,active,1.771194850781427,3.7938023397499627,-3.0475099579558353,5.1785504087888246,P4,P4,a_baseline,109.33,0.0241,42.75,45.24,True,,,control
sub-4201,ses-1,run-01,anode,control,71.14832226,-26.69227751,-11.94657205,68.84342041640006,-39.389630596659,-9.219845534077036,active,2.3049018435999358,12.697353086659003,-2.726726515922964,13.189783372313462,P4,P4,a_baseline,112.16,0.0395,41.5,45.71,True,rigid_offset?+high_residual,40.54,control
sub-4201,ses-1,run-02,anode,control,71.48687149,-27.41919852,-12.16718325,68.84342041640006,-39.389630596659,-9.219845534077036,active,2.643451073599934,11.970432076659005,-2.9473377159229646,12.60816708693716,P4,P4,a_baseline,111.88,0.0216,43.08,45.41,True,,,control
sub-4201,ses-2,run-01,anode,control,71.75759917,-25.21201738,-8.6471465,68.84342041640006,-39.389630596659,-9.219845534077036,active,2.9141787535999413,14.177613216659005,0.5726990340770364,14.48534219522446,P4,P4,a_baseline,106.73,0.0163,42.56,44.16,True,,,control
sub-4201,ses-2,run-02,anode,control,71.59654153,-25.19555511,-8.94281266,68.84342041640006,-39.389630596659,-9.219845534077036,active,2.7531211135999314,14.194075486659003,0.2770328740770367,14.461265573954552,P4,P4,a_baseline,106.3,0.0049,43.98,44.51,True,,,control
sub-4201,ses-3,run-01,anode,control,71.63803751,-25.85573477,-5.38940613,68.84342041640006,-39.389630596659,-9.219845534077036,active,2.794617093599939,13.533895826659002,3.830439404077036,14.340449329606272,P4,P4,a_baseline,110.02,0.0242,41.79,44.29,True,,,control
sub-4201,ses-3,run-02,anode,control,71.78195365,-26.22835834,-5.54697918,68.84342041640006,-39.389630596659,-9.219845534077036,active,2.938533233599941,13.161272256659004,3.672866354077036,13.976552229852127,P4,P4,a_baseline,109.83,0.0183,42.44,44.27,True,,,control
sub-4201,ses-4,run-01,anode,control,71.02246004,-27.80780469,-8.46456512,68.84342041640006,-39.389630596659,-9.219845534077036,active,2.179039623599934,11.581825906659002,0.7552804140770366,11.809206303442435,P4,P4,a_baseline,111.41,0.0152,44.5,46.13,True,,,control
sub-4201,ses-4,run-02,anode,control,70.98569999,-27.18023172,-8.47052143,68.84342041640006,-39.389630596659,-9.219845534077036,active,2.142279573599936,12.209398876659005,0.7493241040770364,12.418545378335441,P4,P4,a_baseline,111.72,0.0135,44.12,45.61,True,rigid_offset?+high_residual,41.15,control
sub-4202,ses-1,run-01,anode,target,-68.73846048,51.77375906,44.75804352,-66.2394774068452,60.24281492714507,44.23926252841477,active,-2.498983073154804,-8.469055867145066,0.5187809915852313,8.845278819685033,P4,P4,a_baseline,105.44,0.0216,53.28,55.99,True,different_montage?+high_residual,46.02,target
sub-4202,ses-1,run-02,anode,target,-69.14627177,51.57501496,45.64698271,-66.2394774068452,60.24281492714507,44.23926252841477,active,-2.906794363154802,-8.667799967145072,1.4077201815852334,9.249966802629672,P4,P4,a_baseline,104.79,0.0273,53.32,56.86,True,rigid_offset?+high_residual,61.31,target
sub-4202,ses-2,run-01,anode,target,-67.40694396,58.56224457,39.67027385,-66.2394774068452,60.24281492714507,44.23926252841477,active,-1.16746655315481,-1.680570357145072,-4.568988678414769,5.006291284127625,P4,P4,a_baseline,111.17,0.0085,53.65,54.73,True,different_montage?+high_residual,46.63,target
sub-4202,ses-2,run-02,anode,target,-68.71647289,57.39109179,40.80383142,-66.2394774068452,60.24281492714507,44.23926252841477,active,-2.476995483154809,-2.851723137145072,-3.435431108414768,5.105880763899778,P4,P4,a_baseline,109.75,0.0184,53.01,55.36,True,different_montage?+high_residual,46.41,target
sub-4202,ses-3,run-01,anode,target,-70.59324098,51.08633002,38.08445856,-66.2394774068452,60.24281492714507,44.23926252841477,active,-4.353763573154808,-9.156484907145071,-6.154803968414768,11.860779274369765,P4,P4,a_baseline,111.07,0.0044,54.05,54.6,True,different_montage?+high_residual,46.64,target
sub-4202,ses-3,run-02,anode,target,-70.68354721,51.34730705,36.61332018,-66.2394774068452,60.24281492714507,44.23926252841477,active,-4.444069803154804,-8.895507877145072,-7.6259423484147675,12.531353219385691,P4,P4,a_baseline,111.88,0.0155,52.85,54.86,True,different_montage?+high_residual,46.74,target
sub-4202,ses-4,run-01,anode,target,-67.9116101,55.6872285,41.59748137,-66.2394774068452,60.24281492714507,44.23926252841477,active,-1.6721326931548077,-4.555586427145066,-2.641781158414773,5.5252514085479225,P4,P4,a_baseline,109.5,0.0056,53.75,54.43,True,different_montage?+high_residual,45.25,target
sub-4202,ses-4,run-02,anode,target,-69.08294924,55.33431414,41.98443448,-66.2394774068452,60.24281492714507,44.23926252841477,active,-2.8434718331548083,-4.908500787145073,-2.2548280484147725,6.104339568804027,P4,P4,a_baseline,108.77,0.0115,53.47,54.92,True,rigid_offset?+high_residual,60.79,target
sub-4204,ses-1,run-01,anode,control,69.32707883,-25.38227423,-19.03495813,67.53712934436724,-33.04748896172163,-21.6144284697691,active,1.7899494856327607,7.665214731721633,2.579470339769099,8.283302679382654,P4,P4,a_baseline,111.43,0.0324,41.46,44.8,True,,,control
sub-4204,ses-1,run-02,anode,control,68.99007509,-25.959407,-18.79435172,67.53712934436724,-33.04748896172163,-21.6144284697691,active,1.4529457456327606,7.088081961721635,2.820076749769097,7.76561588738615,P4,P4,a_baseline,110.11,0.0424,40.94,45.17,True,,,control
sub-4204,ses-2,run-01,anode,control,71.90169285,-16.39567056,-12.4987544,67.53712934436724,-33.04748896172163,-21.6144284697691,active,4.364563505632759,16.651818401721634,9.1156740697691,19.478911274115845,P4,P4,a_baseline,114.32,0.0216,42.0,44.13,True,,,control
sub-4204,ses-2,run-02,anode,control,71.64835018,-16.89452693,-12.1436324,67.53712934436724,-33.04748896172163,-21.6144284697691,active,4.11122083563275,16.152962031721632,9.470796069769099,19.170714575955046,P4,P4,a_baseline,114.56,0.0149,41.43,42.96,True,,,control
sub-4204,ses-3,run-01,anode,control,69.35658924,-24.23615952,-24.5183553,67.53712934436724,-33.04748896172163,-21.6144284697691,active,1.819459895632761,8.811329441721632,-2.903926830230901,9.454245177575062,P4,P4,a_baseline,117.02,0.0695,40.0,47.45,True,,,control
sub-4204,ses-3,run-02,anode,control,69.37109218,-24.02467356,-24.92568386,67.53712934436724,-33.04748896172163,-21.6144284697691,active,1.8339628356327609,9.022815401721633,-3.311255390230901,9.784632323974186,P4,P4,a_baseline,115.03,0.0589,40.03,46.23,True,,,control
sub-4204,ses-4,run-02,anode,control,68.97728019,-28.23002632,-19.7045313,67.53712934436724,-33.04748896172163,-21.6144284697691,active,1.4401508456327576,4.817462641721633,1.9098971697690992,5.378632536402941,P4,P4,a_baseline,113.87,0.0507,39.81,44.95,True,,,control
sub-4205,ses-1,run-01,anode,control,67.70640727,-5.4922868,-9.83101303,66.50946502173242,-11.757463648853133,-5.04216653932972,active,1.1969422482675753,6.265176848853133,-4.788846490670279,7.9760994479945,P4,P4,a_baseline,108.69,0.0631,40.06,46.77,True,,,control
sub-4205,ses-1,run-02,anode,control,67.93851415,-5.16445329,-9.60429646,66.50946502173242,-11.757463648853133,-5.04216653932972,active,1.4290491282675788,6.593010358853133,-4.56212992067028,8.14389319772933,P4,P4,a_baseline,109.0,0.0562,40.25,46.2,True,,,control
sub-4205,ses-2,run-01,anode,control,68.43612013,-6.74869834,-11.57030034,66.50946502173242,-11.757463648853133,-5.04216653932972,active,1.9266551082675818,5.008765308853133,-6.528133800670279,8.450814206029971,P4,P4,a_baseline,108.89,0.0653,40.62,46.96,True,,,control
sub-4205,ses-2,run-02,anode,control,68.49796106,-7.12751638,-11.15459344,66.50946502173242,-11.757463648853133,-5.04216653932972,active,1.98849603826757,4.629947268853132,-6.112426900670279,7.92163435299838,P4,P4,a_baseline,108.8,0.0686,40.59,47.21,True,,,control
sub-4205,ses-3,run-01,anode,control,67.9814049,-8.12217784,0.81841156,66.50946502173242,-11.757463648853133,-5.04216653932972,active,1.4719398782675768,3.6352858088531317,5.860578099329721,7.051828527100365,P4,P4,a_baseline,109.83,0.0612,40.69,46.8,True,,,control
sub-4205,ses-3,run-02,anode,control,68.08633441,-8.05316535,1.14209516,66.50946502173242,-11.757463648853133,-5.04216653932972,active,1.576869388267582,3.704298298853132,6.184261699329721,7.379257125235447,P4,P4,a_baseline,110.36,0.0581,41.03,46.52,True,,,control
sub-4205,ses-4,run-01,anode,control,68.07073367,-5.26710697,-13.29365766,66.50946502173242,-11.757463648853133,-5.04216653932972,active,1.5612686482675713,6.490356678853132,-8.251491120670279,10.613641944464547,P4,P4,a_baseline,107.82,0.026,42.69,45.47,True,,,control
sub-4205,ses-4,run-02,anode,control,67.81656547,-5.46308387,-12.25207358,66.50946502173242,-11.757463648853133,-5.04216653932972,active,1.307100448267576,6.294379778853132,-7.209907040670279,9.659735395827537,P4,P4,a_baseline,107.26,0.0209,43.15,45.26,True,,,control
sub-4206,ses-1,run-01,anode,control,70.42697269,-14.5748049,-32.02405907,71.22447502594147,-15.8186363143322,-28.79686185133457,active,-0.7975023359414735,1.2438314143322007,-3.227197218665431,3.54935606149533,P4,P4,a_baseline,114.19,0.0218,43.12,45.42,True,,,control
sub-4206,ses-1,run-02,anode,control,70.84828229,-14.20301337,-31.88608121,71.22447502594147,-15.8186363143322,-28.79686185133457,active,-0.37619273594147273,1.6156229443322,-3.0892193586654315,3.506427629194853,P4,P4,a_baseline,113.37,0.0162,43.34,45.02,True,,,control
sub-4206,ses-2,run-01,anode,control,71.20143797,-4.50255083,-34.96819965,71.22447502594147,-15.8186363143322,-28.79686185133457,active,-0.023037055941472317,11.316085484332202,-6.171337798665434,12.889520224581563,P4,P4,a_baseline,106.4,0.0172,44.54,46.25,True,rigid_offset?+high_residual,41.11,control
sub-4206,ses-2,run-02,anode,control,71.18266759,-4.43146836,-35.16918506,71.22447502594147,-15.8186363143322,-28.79686185133457,active,-0.04180743594147884,11.3871679543322,-6.372323208665428,13.04897869404216,P4,P4,a_baseline,106.19,0.0265,43.67,46.56,True,rigid_offset?+high_residual,40.91,control
sub-4206,ses-3,run-01,anode,control,71.19786044,-13.42326284,-32.68972426,71.22447502594147,-15.8186363143322,-28.79686185133457,active,-0.02661458594147348,2.3953734743322013,-3.8928624086654295,4.570875206185306,P4,P4,a_baseline,110.89,0.0545,41.28,46.41,True,,,control
sub-4206,ses-3,run-02,anode,control,71.78126724,-13.37567281,-30.30759018,71.22447502594147,-15.8186363143322,-28.79686185133457,active,0.5567922140585324,2.4429635043322016,-1.5107283286654294,2.9258141321976545,P4,P4,a_baseline,108.71,0.0562,39.86,45.75,True,,,control
sub-4206,ses-4,run-01,anode,control,71.42371477,-6.85202097,-31.88560304,71.22447502594147,-15.8186363143322,-28.79686185133457,active,0.19923974405853073,8.966615344332201,-3.0887411886654306,9.485789863758555,P4,P4,a_baseline,106.34,0.0266,42.15,44.69,True,,,control
sub-4206,ses-4,run-02,anode,control,71.45516788,-6.81327289,-31.03963346,71.22447502594147,-15.8186363143322,-28.79686185133457,active,0.2306928540585318,9.0053634243322,-2.242771608665432,9.283308358869137,P4,P4,a_baseline,105.5,0.0158,42.34,43.89,True,,,control
sub-4207,ses-1,run-01,anode,target,-71.1318024,30.37214899,5.84176302,-74.13849735458896,28.14467161944013,17.807685990584634,active,3.0066949545889656,2.227477370559871,-11.965922970584634,12.537351495601934,P4,P4,a_baseline,112.77,0.0232,53.17,56.26,True,different_montage?+high_residual,49.34,target
sub-4207,ses-1,run-02,anode,target,-71.29642648,30.27103962,6.18504936,-74.13849735458896,28.14467161944013,17.807685990584634,active,2.84207087458897,2.1263680005598715,-11.622636630584633,12.152550760091463,P4,P4,a_baseline,112.62,0.025,53.11,56.43,True,different_montage?+high_residual,49.17,target
sub-4207,ses-2,run-01,anode,target,-72.37841202,24.46059845,5.42339357,-74.13849735458896,28.14467161944013,17.807685990584634,active,1.7600853345889647,-3.684073169440129,-12.384292420584634,13.039976773804998,P4,P4,a_baseline,111.63,0.0209,53.22,55.68,True,different_montage?+high_residual,48.79,target
sub-4207,ses-2,run-02,anode,target,-72.29484314,25.04079367,5.9848908,-74.13849735458896,28.14467161944013,17.807685990584634,active,1.843654214588966,-3.103877949440129,-11.822795190584635,12.361699127001252,P4,P4,a_baseline,113.41,0.0227,53.54,56.58,True,different_montage?+high_residual,48.82,target
sub-4207,ses-3,run-01,anode,target,-72.30574973,25.35798087,8.18189683,-74.13849735458896,28.14467161944013,17.807685990584634,active,1.8327476245889613,-2.7866907494401296,-9.625789160584635,10.187267845329302,P4,P4,a_baseline,111.77,0.0106,54.09,55.44,True,different_montage?+high_residual,47.14,target
sub-4207,ses-3,run-02,anode,target,-72.41618349,25.69676086,9.14645813,-74.13849735458896,28.14467161944013,17.807685990584634,active,1.722313864588969,-2.447910759440127,-8.661227860584635,9.163814718080328,P4,P4,a_baseline,110.79,0.0149,53.53,55.33,True,different_montage?+high_residual,46.89,target
sub-4207,ses-4,run-01,anode,target,-73.60540334,24.21872791,9.41868399,-74.13849735458896,28.14467161944013,17.807685990584634,active,0.5330940145889684,-3.92594370944013,-8.389002000584634,9.277530803176894,P4,P4,a_baseline,110.12,0.0367,53.06,57.86,True,different_montage?+high_residual,46.96,target
sub-4207,ses-4,run-02,anode,target,-73.87622987,21.45744353,11.2706673,-74.13849735458896,28.14467161944013,17.807685990584634,active,0.26226748458896054,-6.687228089440129,-6.537018690584635,9.355234743966745,P4,P4,a_baseline,111.14,0.0449,50.91,56.63,True,different_montage?+high_residual,45.16,target
sub-4208,ses-1,run-01,anode,target,-72.25085813,29.45720309,24.15579101,-73.51275719961407,23.15793943100647,29.370429067455564,active,1.2618990696140742,6.299263658993532,-5.214638057455563,8.274391940056585,P4,P4,a_baseline,111.83,0.006,53.98,54.75,True,rigid_offset?+high_residual,48.02,target
sub-4208,ses-1,run-02,anode,target,-72.22928406,29.65194245,24.47544207,-73.51275719961407,23.15793943100647,29.370429067455564,active,1.283473139614074,6.494003018993531,-4.894986997455565,8.232877760301495,P4,P4,a_baseline,111.65,0.0081,54.26,55.29,True,rigid_offset?+high_residual,48.18,target
sub-4208,ses-2,run-01,anode,target,-73.53259616,23.72848771,22.72451346,-73.51275719961407,23.15793943100647,29.370429067455564,active,-0.019838960385925475,0.570548278993531,-6.645915607455564,6.670390781988199,P4,P4,a_baseline,108.1,0.0161,53.24,55.21,True,rigid_offset?+high_residual,65.24,target
sub-4208,ses-2,run-02,anode,target,-73.63399789,23.86453401,23.06470162,-73.51275719961407,23.15793943100647,29.370429067455564,active,-0.12124069038593177,0.7065945789935313,-6.305727447455563,6.346351222999146,P4,P4,a_baseline,107.74,0.0198,53.0,55.58,True,rigid_offset?+high_residual,45.85,target
sub-4208,ses-3,run-01,anode,target,-74.26364099,23.0413402,21.81247553,-73.51275719961407,23.15793943100647,29.370429067455564,active,-0.7508837903859273,-0.11659923100646807,-7.557953537455564,7.596057103634274,P4,P4,a_baseline,112.45,0.0104,54.06,55.31,True,rigid_offset?+high_residual,64.34,target
sub-4208,ses-3,run-02,anode,target,-74.32116136,22.99500897,22.10005592,-73.51275719961407,23.15793943100647,29.370429067455564,active,-0.8084041603859333,-0.1629304610064679,-7.270373147455565,7.316993188796612,P4,P4,a_baseline,112.84,0.0115,53.95,55.48,True,rigid_offset?+high_residual,64.04,target
sub-4208,ses-4,run-01,anode,target,-73.4277141,19.69919436,33.2393577,-73.51275719961407,23.15793943100647,29.370429067455564,active,0.08504309961406875,-3.4587450710064687,3.868928632544435,5.190256116871851,P4,P4,a_baseline,105.76,0.0057,52.97,53.7,True,rigid_offset?+high_residual,63.6,target
sub-4208,ses-4,run-02,anode,target,-73.61723733,20.22019022,33.28879309,-73.51275719961407,23.15793943100647,29.370429067455564,active,-0.10448013038592308,-2.9377492110064694,3.9183640225444343,4.898455178684928,P4,P4,a_baseline,105.63,0.0082,53.15,54.09,True,rigid_offset?+high_residual,63.54,target
sub-4210,ses-1,run-01,anode,target,-75.93529637,28.12311764,4.10398774,-74.60293699184889,34.19787551488257,10.74731402279543,active,-1.3323593781511107,-6.074757874882568,-6.643326282795431,9.100090595739998,P4,P4,a_baseline,111.31,0.0196,52.63,54.89,True,rigid_offset?+high_residual,45.56,target
sub-4210,ses-1,run-02,anode,target,-75.991125,27.59787749,4.80832156,-74.60293699184889,34.19787551488257,10.74731402279543,active,-1.3881880081511042,-6.59999802488257,-5.93899246279543,8.986582851538692,P4,P4,a_baseline,110.43,0.0237,52.32,55.11,True,rigid_offset?+high_residual,45.46,target
sub-4210,ses-2,run-01,anode,target,-76.00618641,27.13923055,6.82503997,-74.60293699184889,34.19787551488257,10.74731402279543,active,-1.4032494181511055,-7.058644964882568,-3.922274052795431,8.196207135927919,P4,P4,a_baseline,109.92,0.0161,52.44,54.39,True,rigid_offset?+high_residual,63.79,target
sub-4210,ses-2,run-02,anode,target,-76.11480317,26.8799717,7.11019836,-74.60293699184889,34.19787551488257,10.74731402279543,active,-1.5118661781511094,-7.31790381488257,-3.6371156627954306,8.310599613088213,P4,P4,a_baseline,109.53,0.0142,52.79,54.53,True,rigid_offset?+high_residual,63.88,target
sub-4210,ses-3,run-01,anode,target,-74.90159273,29.59498689,4.6236174,-74.60293699184889,34.19787551488257,10.74731402279543,active,-0.2986557381511119,-4.602888624882567,-6.123696622795431,7.66651415384072,P4,P4,a_baseline,108.6,0.0049,55.26,55.87,True,rigid_offset?+high_residual,46.63,target
sub-4210,ses-3,run-02,anode,target,-74.91014613,29.8656437,3.55905393,-74.60293699184889,34.19787551488257,10.74731402279543,active,-0.3072091381511086,-4.332231814882569,-7.1882600927954305,8.398433967956146,P4,P4,a_baseline,107.82,0.0043,55.76,56.36,True,rigid_offset?+high_residual,47.27,target
sub-4210,ses-4,run-01,anode,target,-74.63198201,30.91405161,9.73571714,-74.60293699184889,34.19787551488257,10.74731402279543,active,-0.029045018151109048,-3.283823904882567,-1.0115968827954305,3.43622922760386,P4,P4,a_baseline,110.48,0.0144,53.56,55.32,True,rigid_offset?+high_residual,44.64,target
sub-4210,ses-4,run-02,anode,target,-74.73341042,30.8138079,9.94296369,-74.60293699184889,34.19787551488257,10.74731402279543,active,-0.13047342815110596,-3.384067614882568,-0.8043503327954316,3.480792495311752,P4,P4,a_baseline,110.53,0.0153,53.44,55.25,True,rigid_offset?+high_residual,44.54,target
sub-4211,ses-2,run-01,anode,target,-67.21791335,44.5148093,28.400775,-66.73276487309327,49.22355992184577,29.80203632674049,active,-0.4851484769067298,-4.708750621845766,-1.4012613267404923,4.936723080059923,P4,P4,a_baseline,107.61,0.0118,52.7,54.21,True,different_montage?+high_residual,45.64,target
sub-4211,ses-2,run-02,anode,target,-67.30750497,44.6914001,28.72061467,-66.73276487309327,49.22355992184577,29.80203632674049,active,-0.5747400969067229,-4.532159821845767,-1.081421656740492,4.694706767138151,P4,P4,a_baseline,107.87,0.0146,52.53,54.43,True,different_montage?+high_residual,45.57,target
sub-4211,ses-3,run-01,anode,target,-64.62203506,50.358977,31.17481014,-66.73276487309327,49.22355992184577,29.80203632674049,active,2.110729813093272,1.1354170781542336,1.37277381325951,2.7620391430275046,P4,P4,a_baseline,107.06,0.0204,53.25,55.95,True,rigid_offset?+high_residual,62.27,target
sub-4211,ses-3,run-02,anode,target,-64.55046112,50.36101121,31.62625857,-66.73276487309327,49.22355992184577,29.80203632674049,active,2.1823037530932794,1.1374512881542316,1.8242222432595092,3.063336725939786,P4,P4,a_baseline,107.02,0.0138,53.85,55.68,True,rigid_offset?+high_residual,62.3,target
sub-4211,ses-4,run-01,anode,target,-66.38577328,47.47506711,27.14500589,-66.73276487309327,49.22355992184577,29.80203632674049,active,0.34699159309327854,-1.7484928118457717,-2.6570304367404916,3.1996001344729175,P4,P4,a_baseline,104.63,0.0168,54.01,56.14,True,different_montage?+high_residual,46.05,target
sub-4211,ses-4,run-02,anode,target,-66.21577836,47.53578169,27.66868382,-66.73276487309327,49.22355992184577,29.80203632674049,active,0.516986513093272,-1.687778231845769,-2.1333525067404935,2.7689462495015533,P4,P4,a_baseline,105.44,0.0205,54.18,56.69,True,different_montage?+high_residual,45.87,target
sub-4212,ses-1,run-01,anode,control,69.78145725,-17.89926055,-22.93154392,66.74369249146308,-31.646273716670333,-25.32420456267323,active,3.037764758536923,13.747013166670332,2.3926606426732313,14.280518571950173,P4,P4,a_baseline,104.48,0.0242,42.65,45.21,True,,,control
sub-4212,ses-1,run-02,anode,control,69.88686477,-18.90837949,-22.94561557,66.74369249146308,-31.646273716670333,-25.32420456267323,active,3.143172278536923,12.737894226670331,2.3785889926732295,13.333835415906055,P4,P4,a_baseline,106.35,0.0356,41.97,45.67,True,,,control
sub-4212,ses-2,run-01,anode,control,69.67381193,-18.24105202,-13.92079979,66.74369249146308,-31.646273716670333,-25.32420456267323,active,2.93011943853692,13.405221696670331,11.40340477267323,17.841614530933,P4,P4,a_baseline,82.45,0.1231,40.02,52.43,False,,,control
sub-4212,ses-2,run-02,anode,control,69.54447154,-19.73216533,-15.77035124,66.74369249146308,-31.646273716670333,-25.32420456267323,active,2.800779048536924,11.914108386670332,9.55385332267323,15.526314927863792,P4,P4,a_baseline,86.66,0.1049,38.88,50.0,False,,,control
sub-4212,ses-3,run-01,anode,control,68.01938995,-27.81231993,-23.74097901,66.74369249146308,-31.646273716670333,-25.32420456267323,active,1.275697458536925,3.8339537866703317,1.5832255526732304,4.339724506772153,P4,P4,a_baseline,100.54,0.0611,41.69,47.72,True,,,control
sub-4212,ses-3,run-02,anode,control,68.35440672,-27.5384918,-22.91905322,66.74369249146308,-31.646273716670333,-25.32420456267323,active,1.6107142285369207,4.1077819166703335,2.405151342673232,5.025238858213402,P4,P4,a_baseline,101.45,0.0431,42.24,46.58,True,,,control
sub-4212,ses-4,run-01,anode,control,68.0850162,-22.37230377,-30.94836342,66.74369249146308,-31.646273716670333,-25.32420456267323,active,1.341323708536919,9.273969946670334,-5.624158857326769,10.928715876775046,P4,P4,a_baseline,108.29,0.0294,40.5,43.31,True,,,control
sub-4212,ses-4,run-02,anode,control,68.08517837,-22.44687558,-30.30266825,66.74369249146308,-31.646273716670333,-25.32420456267323,active,1.3414858785369148,9.199398136670332,-4.978463687326769,10.545786415688438,P4,P4,a_baseline,107.16,0.033,40.23,43.54,True,,,control
sub-4213,ses-2,run-01,anode,control,73.75356585,-14.30951842,-16.17654893,72.94314770297774,-22.669715794332934,-16.64659357757407,active,0.8104181470222613,8.360197374332934,0.4700446475740705,8.412527544177154,P4,P4,a_baseline,109.03,0.0633,40.37,46.61,True,,,control
sub-4213,ses-2,run-02,anode,control,73.59164162,-13.44925707,-16.46878023,72.94314770297774,-22.669715794332934,-16.64659357757407,active,0.6484939170222646,9.220458724332934,0.17781334757406952,9.244945702064328,P4,P4,a_baseline,106.37,0.0498,41.13,45.95,True,,,control
sub-4213,ses-3,run-01,anode,control,74.8311883,-11.58219804,-16.16404254,72.94314770297774,-22.669715794332934,-16.64659357757407,active,1.888040597022254,11.087517754332934,0.48255103757406914,11.257468754232276,P4,P4,a_baseline,98.37,0.0519,39.73,44.99,True,,,control
sub-4213,ses-3,run-02,anode,control,74.10495438,-9.24879446,-16.3646174,72.94314770297774,-22.669715794332934,-16.64659357757407,active,1.1618066770222555,13.420921334332935,0.28197617757406945,13.47406526560732,P4,P4,a_baseline,93.91,0.0236,41.69,44.09,True,,,control
sub-4213,ses-4,run-01,anode,control,73.7074083,-11.04074837,-19.57527154,72.94314770297774,-22.669715794332934,-16.64659357757407,active,0.7642605970222576,11.628967424332934,-2.9286779624259296,12.016410954355575,P4,P4,a_baseline,108.97,0.0425,41.79,45.99,True,,,control
sub-4213,ses-4,run-02,anode,control,73.50348505,-10.02598586,-19.20685258,72.94314770297774,-22.669715794332934,-16.64659357757407,active,0.560337347022255,12.643729934332933,-2.56025900242593,12.912505982740827,P4,P4,a_baseline,110.62,0.0227,42.35,44.69,True,,,control
sub-4214,ses-1,run-01,anode,target,-75.76934704,34.49322455,13.81670492,-70.01608185884017,37.236428519550536,27.330956803892565,active,-5.753265181159833,-2.7432039695505352,-13.514251883892566,14.941895202570445,P4,P4,a_baseline,113.23,0.0158,54.04,55.92,True,rigid_offset?+high_residual,66.05,target
sub-4214,ses-1,run-02,anode,target,-75.80375739,34.62341562,14.16570914,-70.01608185884017,37.236428519550536,27.330956803892565,active,-5.7876755311598345,-2.613012899550533,-13.165247663892565,14.616729132019666,P4,P4,a_baseline,112.93,0.0151,54.29,56.3,True,rigid_offset?+high_residual,65.94,target
sub-4214,ses-2,run-01,anode,target,-72.41889059,42.14447143,20.45283714,-70.01608185884017,37.236428519550536,27.330956803892565,active,-2.402808731159837,4.908042910449467,-6.878119663892566,8.784697212777273,P4,P4,a_baseline,108.48,0.0324,52.5,56.82,True,rigid_offset?+high_residual,64.65,target
sub-4214,ses-2,run-02,anode,target,-72.0386587,41.81198946,20.84739826,-70.01608185884017,37.236428519550536,27.330956803892565,active,-2.0225768411598324,4.5755609404494635,-6.483558543892567,8.189206700910972,P4,P4,a_baseline,107.92,0.0312,52.85,57.02,True,rigid_offset?+high_residual,64.29,target
sub-4214,ses-3,run-01,anode,target,-73.0695865,37.05181892,19.58067046,-70.01608185884017,37.236428519550536,27.330956803892565,active,-3.053504641159833,-0.1846095995505337,-7.750286343892565,8.332161166837714,P4,P4,a_baseline,113.81,0.0098,54.14,55.43,True,rigid_offset?+high_residual,64.4,target
sub-4214,ses-3,run-02,anode,target,-72.40581359,37.32725465,20.1854935,-70.01608185884017,37.236428519550536,27.330956803892565,active,-2.389731731159827,0.09082613044946442,-7.145463303892566,7.535032379503079,P4,P4,a_baseline,112.84,0.0309,53.46,57.3,True,rigid_offset?+high_residual,64.3,target
sub-4214,ses-4,run-01,anode,target,-72.24069848,35.59628284,23.56590512,-70.01608185884017,37.236428519550536,27.330956803892565,active,-2.2246166211598393,-1.6401456795505354,-3.7650516838925654,4.670611431458536,P4,P4,a_baseline,109.5,0.0287,52.52,56.16,True,rigid_offset?+high_residual,62.41,target
sub-4214,ses-4,run-02,anode,target,-72.25567927,35.63393581,23.90936031,-70.01608185884017,37.236428519550536,27.330956803892565,active,-2.239597411159835,-1.602492709550539,-3.421596493892565,4.392163705425193,P4,P4,a_baseline,109.54,0.0281,52.57,56.08,True,rigid_offset?+high_residual,62.25,target
sub-4215,ses-1,run-01,anode,target,-67.44368567,37.54536533,28.7580447,-64.7198862436422,38.528370743797,33.484768033286166,active,-2.7237994263578003,-0.9830054137969952,-4.7267233332861665,5.54322076305943,P4,P4,a_baseline,105.52,0.0144,52.89,54.77,True,rigid_offset?+high_residual,62.73,target
sub-4215,ses-1,run-02,anode,target,-67.14107018,37.57035524,29.13067532,-64.7198862436422,38.528370743797,33.484768033286166,active,-2.4211839363578065,-0.9580155037970002,-4.354092713286164,5.07326805078188,P4,P4,a_baseline,105.38,0.0151,52.81,54.78,True,rigid_offset?+high_residual,62.5,target
sub-4215,ses-2,run-01,anode,target,-68.28631673,38.16375724,27.28175895,-64.7198862436422,38.528370743797,33.484768033286166,active,-3.5664304863578025,-0.36461350379699553,-6.203009083286165,7.164474238107368,P4,P4,a_baseline,111.96,0.0218,53.44,56.34,True,rigid_offset?+high_residual,65.58,target
sub-4215,ses-2,run-02,anode,target,-68.39773232,37.96363054,27.85163346,-64.7198862436422,38.528370743797,33.484768033286166,active,-3.6778460763578096,-0.5647402037970011,-5.633134573286167,6.751124971433809,P4,P4,a_baseline,112.07,0.0296,53.3,57.19,True,rigid_offset?+high_residual,65.48,target
sub-4215,ses-3,run-01,anode,target,-68.54322814,38.68174453,27.14686751,-64.7198862436422,38.528370743797,33.484768033286166,active,-3.823341896357803,0.15337378620300512,-6.337900523286166,7.403407986718697,P4,P4,a_baseline,109.11,0.0234,52.22,55.15,True,rigid_offset?+high_residual,64.94,target
sub-4215,ses-3,run-02,anode,target,-68.12403365,39.02015567,26.82050814,-64.7198862436422,38.528370743797,33.484768033286166,active,-3.404147406357808,0.4917849262030032,-6.6642598932861645,7.499495443235872,P4,P4,a_baseline,109.64,0.0232,52.32,55.34,True,rigid_offset?+high_residual,64.98,target
sub-4215,ses-4,run-01,anode,target,-67.82454971,39.21947086,28.20222309,-64.7198862436422,38.528370743797,33.484768033286166,active,-3.104663466357806,0.6911001162030033,-5.282544943286165,6.166184856764425,P4,P4,a_baseline,109.91,0.0091,52.66,53.84,True,rigid_offset?+high_residual,63.28,target
sub-4215,ses-4,run-02,anode,target,-67.90926961,39.18400889,28.58996215,-64.7198862436422,38.528370743797,33.484768033286166,active,-3.189383366357802,0.6556381462030032,-4.894805883286164,5.878873384536291,P4,P4,a_baseline,109.94,0.0093,53.0,54.21,True,rigid_offset?+high_residual,63.21,target
sub-4216,ses-1,run-01,anode,control,69.9573627,-24.3372963,-29.66006024,69.13256262107996,-27.0366502298782,-38.19687028205914,active,0.8248000789200489,2.699353929878203,8.536810042059138,8.991325403028029,P4,P4,a_baseline,93.96,0.0897,35.69,43.95,True,,,control
sub-4216,ses-1,run-02,anode,control,70.21616652,-23.56860504,-29.55080287,69.13256262107996,-27.0366502298782,-38.19687028205914,active,1.083603898920046,3.4680451898782003,8.64606741205914,9.378486900490028,P4,P4,a_baseline,92.45,0.0761,36.27,42.86,True,,,control
sub-4216,ses-2,run-01,anode,control,72.20791285,-10.85046033,-28.63375617,69.13256262107996,-27.0366502298782,-38.19687028205914,active,3.075350228920044,16.1861898998782,9.563114112059136,19.050030814297973,P4,P4,a_baseline,94.87,0.0741,38.84,46.11,True,,,control
sub-4216,ses-2,run-02,anode,control,71.8403273,-11.24233352,-27.87683287,69.13256262107996,-27.0366502298782,-38.19687028205914,active,2.707764678920043,15.794316709878201,10.320037412059136,19.060314847206616,P4,P4,a_baseline,96.84,0.0791,38.75,47.03,True,,,control
sub-4216,ses-3,run-01,anode,control,71.6546407,-18.54892504,-33.56413644,69.13256262107996,-27.0366502298782,-38.19687028205914,active,2.522078078920046,8.487725189878201,4.632733842059139,9.993226685431587,P4,P4,a_baseline,106.25,0.0148,42.32,43.83,True,,,control
sub-4216,ses-3,run-02,anode,control,71.93767748,-17.81770112,-33.09352565,69.13256262107996,-27.0366502298782,-38.19687028205914,active,2.8051148589200494,9.218949109878203,5.103344632059141,10.904211044171191,P4,P4,a_baseline,105.92,0.0148,42.39,43.89,True,,,control
sub-4216,ses-4,run-01,anode,control,69.18404435,-22.27931821,-35.32687066,69.13256262107996,-27.0366502298782,-38.19687028205914,active,0.051481728920037995,4.757332019878202,2.86999962205914,5.556235789308317,P4,P4,a_baseline,108.76,0.0346,40.42,43.58,True,,,control
sub-4216,ses-4,run-02,anode,control,68.9807185,-20.51491752,-36.03409858,69.13256262107996,-27.0366502298782,-38.19687028205914,active,-0.15184412107996081,6.521732709878201,2.162771702059139,6.872673105235662,P4,P4,a_baseline,107.96,0.0108,41.77,42.86,True,,,control
sub-4217,ses-1,run-01,anode,control,74.83859498,-20.53886887,-31.66012023,74.38704842141057,-29.67614300576457,-23.591080269693304,active,0.4515465585894276,9.137274135764567,-8.069039960306696,12.19848674253132,P4,P4,a_baseline,105.87,0.0412,39.67,43.77,True,,,control
sub-4217,ses-1,run-02,anode,control,74.9221174,-20.56263398,-30.62747939,74.38704842141057,-29.67614300576457,-23.591080269693304,active,0.535068978589436,9.113509025764568,-7.036399120306697,11.526198773003781,P4,P4,a_baseline,104.04,0.0322,40.79,43.73,True,,,control
sub-4217,ses-2,run-01,anode,control,75.52847951,-19.28793212,-26.85831255,74.38704842141057,-29.67614300576457,-23.591080269693304,active,1.141431088589428,10.388210885764568,-3.267232280306697,10.949547803932088,P4,P4,a_baseline,112.67,0.0258,42.14,44.71,True,,,control
sub-4217,ses-2,run-02,anode,control,75.51617441,-20.29751425,-26.24998085,74.38704842141057,-29.67614300576457,-23.591080269693304,active,1.1291259885894362,9.37862875576457,-2.658900580306696,9.81342728777859,P4,P4,a_baseline,112.81,0.008,42.74,43.58,True,,,control
sub-4217,ses-3,run-01,anode,control,75.83138177,-11.26321388,-35.4024028,74.38704842141057,-29.67614300576457,-23.591080269693304,active,1.4443333485894243,18.41292912576457,-11.811322530306693,21.923261566820006,P4,P4,a_baseline,112.33,0.0515,41.55,47.14,True,,,control
sub-4217,ses-4,run-01,anode,control,75.81307159,-17.27173997,-25.75902718,74.38704842141057,-29.67614300576457,-23.591080269693304,active,1.4260231685894382,12.40440303576457,-2.1679469103066964,12.672914051509522,P4,P4,a_baseline,109.25,0.0387,41.73,45.83,True,,,control
sub-4217,ses-4,run-02,anode,control,76.16095805,-17.35558838,-26.66431246,74.38704842141057,-29.67614300576457,-23.591080269693304,active,1.7739096285894362,12.320554625764569,-3.0732321903066975,12.821371913815945,P4,P4,a_baseline,109.21,0.0543,41.28,46.7,True,,,control
sub-4218,ses-1,run-01,anode,target,-69.04106691,39.52124533,-6.35326323,-69.5775985698914,39.50261031366437,2.402771399603809,active,0.5365316598914092,0.018635016335629473,-8.756034629603809,8.772477182684533,P4,P4,a_baseline,108.21,0.0268,51.38,54.65,True,rigid_offset?+high_residual,47.95,target
sub-4218,ses-1,run-02,anode,target,-69.07650194,39.31848434,-6.77552019,-69.5775985698914,39.50261031366437,2.402771399603809,active,0.501096629891407,-0.1841259736643721,-9.178291589603809,9.19380425669692,P4,P4,a_baseline,107.02,0.0272,50.43,53.9,True,rigid_offset?+high_residual,48.15,target
sub-4218,ses-2,run-01,anode,target,-68.86029541,39.10517121,-7.52324855,-69.5775985698914,39.50261031366437,2.402771399603809,active,0.7173031598914008,-0.3974391036643681,-9.926019949603809,9.959837032012347,P4,P4,a_baseline,111.85,0.0286,51.65,55.21,True,rigid_offset?+high_residual,48.49,target
sub-4218,ses-2,run-02,anode,target,-68.73617896,39.15786002,-6.97773386,-69.5775985698914,39.50261031366437,2.402771399603809,active,0.8414196098914033,-0.3447502936643687,-9.380505259603808,9.424474449556653,P4,P4,a_baseline,111.3,0.0314,51.26,55.35,True,rigid_offset?+high_residual,48.21,target
sub-4218,ses-3,run-01,anode,target,-69.17813374,38.11371762,-11.27141546,-69.5775985698914,39.50261031366437,2.402771399603809,active,0.3994648298914001,-1.388892693664367,-13.67418685960381,13.750344771539218,P4,P4,a_baseline,107.01,0.0292,51.54,55.04,True,rigid_offset?+high_residual,50.71,target
sub-4218,ses-3,run-02,anode,target,-69.28399446,38.36724243,-9.90841641,-69.5775985698914,39.50261031366437,2.402771399603809,active,0.2936041098914046,-1.1353678836643724,-12.311187809603808,12.36691590041507,P4,P4,a_baseline,106.7,0.0146,52.6,54.37,True,rigid_offset?+high_residual,50.29,target
sub-4218,ses-4,run-01,anode,target,-71.15031628,33.88547587,0.33293429,-69.5775985698914,39.50261031366437,2.402771399603809,active,-1.5727177101085914,-5.617134443664369,-2.0698371096038093,6.189496426542541,P4,P4,a_baseline,109.68,0.0302,51.27,55.16,True,rigid_offset?+high_residual,44.92,target
sub-4218,ses-4,run-02,anode,target,-71.19904416,33.72854411,0.77193091,-69.5775985698914,39.50261031366437,2.402771399603809,active,-1.6214455901085927,-5.774066203664368,-1.6308404896038091,6.215188414562574,P4,P4,a_baseline,108.88,0.0255,51.71,55.03,True,rigid_offset?+high_residual,44.95,target
sub-4221,ses-1,run-01,anode,control,67.50879464,-26.08001696,-2.51842991,68.6738560187585,-32.1265970078463,-0.9373055572451596,active,-1.1650613787584945,6.046580047846302,-1.5811243527548404,6.357550826392349,P4,P4,a_baseline,112.28,0.0154,44.72,46.26,True,,,control
sub-4221,ses-1,run-02,anode,control,67.60783093,-26.42060495,-2.81273235,68.6738560187585,-32.1265970078463,-0.9373055572451596,active,-1.0660250887584937,5.705992057846299,-1.8754267927548405,6.100162334647358,P4,P4,a_baseline,113.19,0.0074,44.98,45.8,True,,,control
sub-4221,ses-2,run-01,anode,control,70.39880324,-25.72035165,7.56438884,68.6738560187585,-32.1265970078463,-0.9373055572451596,active,1.7249472212415071,6.406245357846299,8.50169439724516,10.783980254300626,P4,P4,a_baseline,111.04,0.0125,43.51,44.83,True,,,control
sub-4221,ses-2,run-02,anode,control,70.75085208,-25.87119589,6.99694823,68.6738560187585,-32.1265970078463,-0.9373055572451596,active,2.076996061241502,6.255401117846301,7.93425378724516,10.314860102976658,P4,P4,a_baseline,112.47,0.0129,43.67,45.07,True,,,control
sub-4222,ses-1,run-01,anode,target,-68.94196139,27.52469608,29.09797786,-65.93006020563303,38.4650181950357,31.300836598804565,active,-3.0119011843669767,-10.940322115035698,-2.202858738804565,11.559186102328226,P4,P4,a_baseline,109.0,0.0329,52.92,56.94,True,different_montage?+high_residual,45.58,target
sub-4222,ses-1,run-02,anode,target,-68.26756563,27.37139837,29.30967136,-65.93006020563303,38.4650181950357,31.300836598804565,active,-2.337505424366981,-11.093619825035695,-1.991165238804566,11.510737223983254,P4,P4,a_baseline,111.29,0.0369,52.82,57.44,True,different_montage?+high_residual,45.41,target
sub-4222,ses-2,run-01,anode,target,-64.72273301,43.3862783,21.7030944,-65.93006020563303,38.4650181950357,31.300836598804565,active,1.2073271956330274,4.921260104964304,-9.597742198804564,10.85325275172113,P4,P4,a_baseline,113.41,0.0401,52.27,57.66,True,rigid_offset?+high_residual,49.3,target
sub-4222,ses-2,run-02,anode,target,-64.04355543,43.11482652,22.79867912,-65.93006020563303,38.4650181950357,31.300836598804565,active,1.8865047756330284,4.6498083249643045,-8.502157478804566,9.872502191531082,P4,P4,a_baseline,111.87,0.0381,52.24,57.26,True,rigid_offset?+high_residual,48.98,target
sub-4222,ses-3,run-01,anode,target,-65.31070535,37.75648004,34.44686964,-65.93006020563303,38.4650181950357,31.300836598804565,active,0.61935485563302,-0.7085381550356971,3.1460330411954374,3.2837707975178474,P4,P4,a_baseline,112.64,0.0341,52.19,56.68,True,rigid_offset?+high_residual,62.05,target
sub-4222,ses-3,run-02,anode,target,-65.18224663,37.34664307,35.0838234,-65.93006020563303,38.4650181950357,31.300836598804565,active,0.7478135756330317,-1.1183751250356977,3.7829868011954346,4.015093672907089,P4,P4,a_baseline,112.32,0.037,51.96,56.85,True,rigid_offset?+high_residual,61.98,target
sub-4222,ses-4,run-01,anode,target,-66.63166281,37.15766312,28.57780538,-65.93006020563303,38.4650181950357,31.300836598804565,active,-0.7016026043669683,-1.3073550750356944,-2.7230312188045644,3.101019594465725,P4,P4,a_baseline,107.68,0.0209,54.01,56.82,True,different_montage?+high_residual,46.5,target
sub-4222,ses-4,run-02,anode,target,-66.22657705,36.73220898,28.98417492,-65.93006020563303,38.4650181950357,31.300836598804565,active,-0.2965168443669768,-1.7328092150356937,-2.3166616788045644,2.9081731978593623,P4,P4,a_baseline,108.18,0.0164,54.08,56.27,True,different_montage?+high_residual,46.18,target
sub-5001,ses-1,run-01,anode,target,-49.37946067,2.40849685,65.54713991,-48.43784340075266,-1.3801534328313256,65.00385637547663,active,-0.9416172692473381,3.788650282831326,0.5432835345233684,3.941531560983231,P5,P5,a_baseline,114.81,0.0413,48.9,53.91,True,ambiguous_condition+different_montage?+high_residual,46.66,target
sub-5001,ses-1,run-02,anode,target,-49.69277809,1.0863113,66.60625839,-48.43784340075266,-1.3801534328313256,65.00385637547663,active,-1.2549346892473352,2.4664647328313256,1.6024020145233635,3.1978119970888756,P5,P5,a_baseline,113.63,0.0386,48.77,53.59,True,ambiguous_condition+different_montage?+high_residual,46.28,target
sub-5001,ses-2,run-01,anode,target,-48.89961301,5.33610992,64.88631559,-48.43784340075266,-1.3801534328313256,65.00385637547663,active,-0.4617696092473409,6.716263352831326,-0.11754078547663482,6.7331449139952415,P5,P5,a_baseline,112.01,0.0284,49.53,53.08,True,ambiguous_condition+different_montage?+high_residual,46.99,target
sub-5001,ses-2,run-02,anode,target,-48.97102419,4.95205935,65.11042102,-48.43784340075266,-1.3801534328313256,65.00385637547663,active,-0.5331807892473392,6.332212782831325,0.10656464452337389,6.355513866284712,P5,P5,a_baseline,112.31,0.0246,49.68,52.74,True,ambiguous_condition+different_montage?+high_residual,46.73,target
sub-5001,ses-3,run-01,anode,target,-47.37205982,5.0067582,67.55797345,-48.43784340075266,-1.3801534328313256,65.00385637547663,active,1.0657835807526652,6.386911632831326,2.5541170745233757,6.960750597239491,P5,P5,a_baseline,112.57,0.0393,49.57,53.82,True,ambiguous_condition+different_montage?+high_residual,47.3,target
sub-5001,ses-3,run-02,anode,target,-47.74610667,3.52219009,68.10661047,-48.43784340075266,-1.3801534328313256,65.00385637547663,active,0.691736730752659,4.902343522831326,3.1027540945233767,5.842820782088067,P5,P5,a_baseline,113.31,0.0431,49.07,53.87,True,ambiguous_condition+different_montage?+high_residual,46.82,target
sub-5001,ses-4,run-01,anode,target,-50.22793079,7.7959983,63.80384102,-48.43784340075266,-1.3801534328313256,65.00385637547663,active,-1.79008738924734,9.176151732831325,-1.20001535547663,9.425826772143937,P5,P5,a_baseline,110.02,0.0422,47.95,52.65,True,ambiguous_condition+different_montage?+high_residual,47.37,target
sub-5001,ses-4,run-02,anode,target,-50.53346437,7.16936277,64.32084613,-48.43784340075266,-1.3801534328313256,65.00385637547663,active,-2.095620969247335,8.549516202831326,-0.6830102454766234,8.829063231433476,P5,P5,a_baseline,110.27,0.044,47.84,52.89,True,ambiguous_condition+different_montage?+high_residual,47.2,target
sub-6138,ses-1,run-01,anode,control,-64.0578579,24.72016524,53.14767578,-67.0793338230052,19.1623730314822,51.57346612543756,active,3.021475923005198,5.5577922085177995,1.5742096545624378,6.518934500582044,P6,P6,a_baseline,110.16,0.0173,52.76,55.0,True,different_montage?+high_residual,47.48,control
sub-6138,ses-1,run-02,anode,control,-65.83420244,22.40892853,56.95330205,-67.0793338230052,19.1623730314822,51.57346612543756,active,1.2451313830052015,3.2465554985178002,5.379835924562435,6.405709120863447,P6,P6,a_baseline,110.22,0.02,52.71,55.11,True,different_montage?+high_residual,47.17,control
sub-6138,ses-2,run-01,anode,target,60.01926745,-60.82483998,-32.0657878,54.7422037110188,-70.63117051998961,-28.4202459842537,active,5.277063738981198,9.80633053998961,-3.645541815746302,11.717572081927123,P6,P6,a_baseline,105.69,0.0454,58.81,65.61,True,,,target
sub-6138,ses-2,run-02,anode,target,59.06243228,-59.99684016,-31.56298956,54.7422037110188,-70.63117051998961,-28.4202459842537,active,4.3202285689812,10.634330359989612,-3.142743575746298,11.900848468766114,P6,P6,a_baseline,106.83,0.0291,60.45,64.49,True,,,target
sub-6138,ses-3,run-01,anode,target,55.82949976,-72.80247265,-23.36890307,54.7422037110188,-70.63117051998961,-28.4202459842537,active,1.0872960489811945,-2.171302130010389,5.0513429142536985,5.604715057458213,P6,P6,a_baseline,105.53,0.056,57.13,65.26,True,,,target
sub-6138,ses-3,run-02,anode,target,54.57633662,-71.90727378,-23.0887354,54.7422037110188,-70.63117051998961,-28.4202459842537,active,-0.1658670910188036,-1.2761032600103874,5.331510584253699,5.484610882469367,P6,P6,a_baseline,106.69,0.055,57.82,65.16,True,,,target
sub-6138,ses-4,run-01,anode,control,-65.70993094,17.36704428,54.90986332,-67.0793338230052,19.1623730314822,51.57346612543756,active,1.3694028830051934,-1.7953287514822023,3.336397194562437,4.028649379353542,P6,P6,a_baseline,107.73,0.0339,51.58,55.96,True,rigid_offset?+high_residual,60.14,control
sub-6138,ses-4,run-02,anode,control,-67.89178559,15.69183293,57.2031334,-67.0793338230052,19.1623730314822,51.57346612543756,active,-0.8124517669947977,-3.4705401014822,5.629667274562436,6.663173425025669,P6,P6,a_baseline,107.41,0.039,50.98,56.04,True,rigid_offset?+high_residual,60.96,control
sub-6202,ses-3,run-01,anode,control,-60.99578498,19.56914132,27.14991,-60.14628393192523,19.9412662706725,37.9983012536612,active,-0.8495010480747709,-0.3721249506725002,-10.848391253661198,10.887962242867392,P6,P6,a_baseline,116.25,0.005,54.21,54.83,True,rigid_offset?+high_residual,48.79,control
sub-6202,ses-3,run-02,anode,control,-61.44868717,18.80907549,28.61756907,-60.14628393192523,19.9412662706725,37.9983012536612,active,-1.302403238074767,-1.1321907806724987,-9.380732183661198,9.538146909120472,P6,P6,a_baseline,115.03,0.008,53.85,54.79,True,rigid_offset?+high_residual,48.22,control
sub-6205,ses-1,run-01,anode,target,53.96699542,-63.77859938,-33.9178279,54.9785743737236,-63.814874922696696,-31.07798070064733,active,-1.0115789537235997,0.03627554269669275,-2.8398471993526684,3.0148532319643135,P6,P6,a_baseline,108.49,0.0399,60.38,66.45,True,,,target
sub-6205,ses-1,run-02,anode,target,53.96951573,-63.79208773,-33.55700915,54.9785743737236,-63.814874922696696,-31.07798070064733,active,-1.0090586437236055,0.022787192696696934,-2.4790284493526684,2.676621126593044,P6,P6,a_baseline,41.66,0.0737,60.24,72.05,False,different_montage?+high_residual,60.43,target
sub-6205,ses-3,run-02,anode,target,49.00334286,-70.32932057,-37.03007273,54.9785743737236,-63.814874922696696,-31.07798070064733,active,-5.975231513723607,-6.5144456473032974,-5.95209202935267,10.656866014928974,P6,P6,a_baseline,104.69,0.0339,61.59,66.87,True,,,target
sub-6205,ses-4,run-01,anode,target,51.59163826,-68.79171347,-33.14314942,54.9785743737236,-63.814874922696696,-31.07798070064733,active,-3.3869361137236,-4.976838547303309,-2.0651687193526698,6.364367997198307,P6,P6,a_baseline,103.1,0.0758,56.52,68.09,True,,,target
sub-6206,ses-1,run-01,anode,target,60.88018356,-74.70024049,-29.20991226,57.3424670975468,-77.8403874373745,-31.5532938037977,active,3.537716462453197,3.140146947374504,2.343381543797701,5.278958010784844,P6,P6,a_baseline,101.99,0.0479,60.3,67.78,True,,,target
sub-6206,ses-1,run-02,anode,target,60.85596485,-74.30874407,-28.17070102,57.3424670975468,-77.8403874373745,-31.5532938037977,active,3.5134977524531976,3.5316433673744996,3.3825927837977012,6.021553393586596,P6,P6,a_baseline,100.76,0.0395,62.68,68.17,True,,,target
sub-6206,ses-2,run-01,anode,target,49.53703425,-77.31508705,-47.52456161,57.3424670975468,-77.8403874373745,-31.5532938037977,active,-7.805432847546804,0.5253003873745001,-15.971267806202299,17.784322246629824,P6,P6,a_baseline,104.69,0.0254,60.73,64.43,True,,,target
sub-6206,ses-2,run-02,anode,target,49.40181015,-77.53923158,-46.67113491,57.3424670975468,-77.8403874373745,-31.5532938037977,active,-7.940656947546799,0.30115585737449635,-15.117841106202299,17.079047026149738,P6,P6,a_baseline,103.75,0.0241,60.78,64.33,True,,,target
sub-6206,ses-3,run-01,anode,target,55.83689523,-72.45614379,-43.31185513,57.3424670975468,-77.8403874373745,-31.5532938037977,active,-1.5055718675467986,5.384243647374504,-11.758561326202297,13.020007325831326,P6,P6,a_baseline,97.36,0.0328,60.47,65.23,True,,,target
sub-6206,ses-3,run-02,anode,target,55.73720701,-72.41378008,-42.62716673,57.3424670975468,-77.8403874373745,-31.5532938037977,active,-1.605260087546803,5.4266073573745075,-11.073872926202299,12.436060025002218,P6,P6,a_baseline,94.75,0.0242,62.1,65.89,True,,,target
sub-6206,ses-4,run-01,anode,target,51.54318196,-68.58334067,-52.96757607,57.3424670975468,-77.8403874373745,-31.5532938037977,active,-5.7992851375468035,9.257046767374504,-21.4142822662023,24.039469793165495,P6,P6,a_baseline,68.72,0.255,35.32,66.38,False,different_montage?+high_residual,68.13,target
sub-6209,ses-1,run-01,anode,control,-73.59164229,10.50565234,13.49669164,-73.02851691615331,16.01501296897087,17.350350276286132,active,-0.5631253738466881,-5.509360628970869,-3.8536586362861325,6.746914080655463,P6,P6,a_baseline,114.9,0.0161,52.23,54.23,True,rigid_offset?+high_residual,44.43,control
sub-6209,ses-1,run-02,anode,control,-73.09393513,9.53875597,13.74525959,-73.02851691615331,16.01501296897087,17.350350276286132,active,-0.06541821384669788,-6.476256998970868,-3.6050906862861325,7.412345318168134,P6,P6,a_baseline,114.81,0.0214,52.16,54.91,True,rigid_offset?+high_residual,44.73,control
sub-6209,ses-3,run-01,anode,control,-73.58854502,7.97166914,11.5948055,-73.02851691615331,16.01501296897087,17.350350276286132,active,-0.5600281038466903,-8.043343828970869,-5.755544776286133,9.906326619891779,P6,P6,a_baseline,108.91,0.0119,53.58,55.07,True,rigid_offset?+high_residual,47.29,control
sub-6209,ses-3,run-02,anode,control,-73.32652631,8.00619408,7.65935299,-73.02851691615331,16.01501296897087,17.350350276286132,active,-0.2980093938466979,-8.008818888970868,-9.690997286286132,12.575588177018307,P6,P6,a_baseline,109.88,0.0142,53.16,54.84,True,rigid_offset?+high_residual,48.61,control
sub-6209,ses-4,run-01,anode,control,-74.34494412,2.12814878,11.01687898,-73.02851691615331,16.01501296897087,17.350350276286132,active,-1.3164272038466862,-13.886864188970868,-6.333471296286133,15.319622588263377,P6,P6,a_baseline,112.12,0.006,54.34,55.1,True,rigid_offset?+high_residual,48.42,control
sub-6209,ses-4,run-02,anode,control,-74.60828913,1.21434731,6.99501837,-73.02851691615331,16.01501296897087,17.350350276286132,active,-1.5797722138466952,-14.800665658970868,-10.355331906286132,18.13252004233359,P6,P6,a_baseline,112.11,0.0061,53.96,54.73,True,rigid_offset?+high_residual,49.93,control
sub-6210,ses-2,run-01,anode,control,-70.11260402,5.96620821,21.77306785,-69.0744935301292,7.702777087274806,31.64249229842973,active,-1.0381104898708031,-1.7365688772748067,-9.86942444842973,10.074665443475617,P6,P6,a_baseline,114.69,0.0438,50.53,56.18,True,rigid_offset?+high_residual,47.17,control
sub-6210,ses-2,run-02,anode,control,-70.43689767,5.87836013,22.02075585,-69.0744935301292,7.702777087274806,31.64249229842973,active,-1.3624041398707902,-1.8244169572748064,-9.62173644842973,9.88748980062028,P6,P6,a_baseline,115.35,0.0444,50.46,56.24,True,rigid_offset?+high_residual,47.08,control
sub-6210,ses-3,run-01,anode,control,-68.03091837,9.11367804,31.90585104,-69.0744935301292,7.702777087274806,31.64249229842973,active,1.0435751601292083,1.4109009527251937,0.26335874157027206,1.7745558430213006,P6,P6,a_baseline,109.09,0.0401,51.86,56.44,True,rigid_offset?+high_residual,63.67,control
sub-6210,ses-3,run-02,anode,control,-69.61240822,8.03179585,32.18438424,-69.0744935301292,7.702777087274806,31.64249229842973,active,-0.5379146898708029,0.3290187627251937,0.5418919415702703,0.831415922473714,P6,P6,a_baseline,109.7,0.0475,51.65,57.15,True,rigid_offset?+high_residual,63.42,control
sub-6210,ses-4,run-01,anode,control,-69.31361819,3.7742638,29.99711144,-69.0744935301292,7.702777087274806,31.64249229842973,active,-0.23912465987079656,-3.9285132872748063,-1.6453808584297285,4.265873347925367,P6,P6,a_baseline,114.07,0.0258,52.44,55.53,True,rigid_offset?+high_residual,44.73,control
sub-6210,ses-4,run-02,anode,control,-69.75159318,3.57388182,30.39537697,-69.0744935301292,7.702777087274806,31.64249229842973,active,-0.6770996498707973,-4.128895267274807,-1.2471153284297287,4.3659519816855346,P6,P6,a_baseline,115.09,0.0212,52.59,55.23,True,rigid_offset?+high_residual,61.15,control
sub-6211,ses-1,run-01,anode,target,58.59485614,-79.94194911,-23.36199205,57.0681488982306,-80.9292084454796,-29.53663344980893,active,1.5267072417693939,0.9872593354796066,6.17464139980893,6.436747036648025,P6,P6,a_baseline,109.37,0.0369,61.55,66.58,True,,,target
sub-6211,ses-1,run-02,anode,target,59.13149314,-79.85140652,-23.33624368,57.0681488982306,-80.9292084454796,-29.53663344980893,active,2.0633442417694,1.077801925479605,6.2003897698089325,6.622981182833132,P6,P6,a_baseline,107.78,0.038,61.22,66.75,True,,,target
sub-6211,ses-2,run-01,anode,target,50.18033175,-87.4779992,-29.50554337,57.0681488982306,-80.9292084454796,-29.53663344980893,active,-6.887817148230603,-6.548790754520397,0.03109007980892997,9.504191286322783,P6,P6,a_baseline,110.18,0.0298,60.39,64.81,True,,,target
sub-6211,ses-3,run-01,anode,target,52.9319738,-82.41263854,-31.66924024,57.0681488982306,-80.9292084454796,-29.53663344980893,active,-4.136175098230602,-1.4834300945204006,-2.132606790191069,4.8843137706458615,P6,P6,a_baseline,103.63,0.0441,60.25,66.78,True,,,target
sub-6211,ses-3,run-02,anode,target,53.05410229,-82.12605398,-31.69073477,57.0681488982306,-80.9292084454796,-29.53663344980893,active,-4.0140466082306006,-1.196845534520392,-2.1541013201910673,4.710112727334441,P6,P6,a_baseline,48.98,0.4582,61.15,154.36,False,ambiguous_condition+different_montage?+contralateral_baseline?+high_residual,56.09,target
sub-6211,ses-4,run-01,anode,target,52.92126785,-50.23079385,-65.85151506,57.0681488982306,-80.9292084454796,-29.53663344980893,active,-4.146881048230604,30.698414595479605,-36.314881610191065,47.73216847647216,P6,P6,a_baseline,31.24,0.5881,17.19,109.91,False,different_montage?+high_residual,56.38,target
sub-6211,ses-4,run-02,anode,target,51.54222906,-49.23199991,-65.47649967,57.0681488982306,-80.9292084454796,-29.53663344980893,active,-5.525919838230607,31.697208535479604,-35.939866220191064,48.238188221837916,P6,P6,a_baseline,30.78,0.5852,17.5,110.19,False,different_montage?+high_residual,56.63,target
sub-6215,ses-1,run-01,anode,control,-63.71062322,16.39725155,35.0855862,-65.52752787602613,18.107658949763238,33.12970987112313,active,1.816904656026125,-1.7104073997632376,1.9558763288768688,3.1705028333239365,P6,P6,a_baseline,114.03,0.0165,52.57,54.66,True,rigid_offset?+high_residual,64.19,control
sub-6215,ses-1,run-02,anode,control,-63.71763336,16.04566719,35.77139497,-65.52752787602613,18.107658949763238,33.12970987112313,active,1.8098945160261266,-2.061991759763238,2.64168509887687,3.8086780302489527,P6,P6,a_baseline,113.16,0.0131,52.83,54.53,True,rigid_offset?+high_residual,63.98,control
sub-8101,ses-1,run-01,anode,control,36.44800304,0.15058037,88.069612,48.904471795116166,-1.4452735754087762,78.2032352627362,active,-12.456468755116163,1.5958539454087761,9.866376737263806,15.970465039687552,P8,P8,a_baseline,98.95,0.0688,49.68,57.76,True,rigid_offset?+high_residual,71.11,control
sub-8101,ses-1,run-02,anode,control,37.18615921,-0.75099166,89.07806133,48.904471795116166,-1.4452735754087762,78.2032352627362,active,-11.718312585116166,0.6942819154087763,10.874826067263797,16.00195985539883,P8,P8,a_baseline,106.91,0.0764,48.82,57.92,True,rigid_offset?+high_residual,70.22,control
sub-8101,ses-2,run-01,anode,control,49.52924412,-13.24617123,78.85023295,48.904471795116166,-1.4452735754087762,78.2032352627362,active,0.6247723248838355,-11.800897654591223,0.6469976872638057,11.835122809645961,P8,P8,a_baseline,103.32,0.0366,53.65,58.62,True,rigid_offset?+high_residual,63.88,control
sub-8101,ses-2,run-02,anode,control,49.57333882,-13.93000219,80.43598974,48.904471795116166,-1.4452735754087762,78.2032352627362,active,0.6688670248838307,-12.484728614591223,2.2327544772637964,12.700434017493707,P8,P8,a_baseline,104.27,0.0348,53.1,57.71,True,rigid_offset?+high_residual,63.96,control
sub-8101,ses-3,run-01,anode,control,53.36838828,-11.02585409,75.45572368,48.904471795116166,-1.4452735754087762,78.2032352627362,active,4.463916484883832,-9.580580514591222,-2.7475115827361947,10.920755160603694,P8,P8,a_baseline,109.56,0.0576,55.0,62.32,True,rigid_offset?+high_residual,58.79,control
sub-8101,ses-3,run-02,anode,control,53.01531375,-10.17117306,74.15921098,48.904471795116166,-1.4452735754087762,78.2032352627362,active,4.110841954883831,-8.725899484591222,-4.044024282736203,10.459181411209126,P8,P8,a_baseline,110.1,0.0486,55.2,61.2,True,rigid_offset?+high_residual,58.91,control
sub-8102,ses-1,run-01,anode,control,44.71506866,31.5544291,79.40545669,40.853947138739,22.871909899048436,84.0956881258001,active,3.8611215212609977,8.682519200951564,-4.690231435800101,10.596823580592673,P8,P8,a_baseline,109.23,0.1037,56.11,69.87,True,rigid_offset?+high_residual,71.25,control
sub-8102,ses-1,run-02,anode,control,45.33089573,29.64400487,80.27568856,40.853947138739,22.871909899048436,84.0956881258001,active,4.476948591260999,6.772094970951564,-3.8199995658000887,8.971997306458254,P8,P8,a_baseline,109.44,0.0959,56.5,69.4,True,rigid_offset?+high_residual,70.79,control
sub-8102,ses-3,run-01,anode,control,48.65881389,23.61934152,81.17491319,40.853947138739,22.871909899048436,84.0956881258001,active,7.804866751260995,0.7474316209515628,-2.9207749358000967,8.366930456178999,P8,P8,a_baseline,106.9,0.0331,53.91,58.41,True,rigid_offset?+high_residual,68.59,control
sub-8102,ses-3,run-02,anode,control,48.01076008,22.10326507,81.5201702,40.853947138739,22.871909899048436,84.0956881258001,active,7.156812941260995,-0.7686448290484371,-2.5755179258000993,7.644872721997496,P8,P8,a_baseline,108.65,0.017,56.49,58.62,True,rigid_offset?+high_residual,68.32,control
sub-8102,ses-4,run-01,anode,control,38.59564396,40.89808381,78.83977556,40.853947138739,22.871909899048436,84.0956881258001,active,-2.2583031787390055,18.026173910951567,-5.255912565800088,18.912099196395644,P8,P8,a_baseline,106.36,0.113,56.28,71.13,True,rigid_offset?+high_residual,75.43,control
sub-8102,ses-4,run-02,anode,control,39.6889828,37.89298842,76.1385421,40.853947138739,22.871909899048436,84.0956881258001,active,-1.1649643387390043,15.021078520951566,-7.9571460258001,17.03837183298429,P8,P8,a_baseline,107.31,0.1145,55.84,71.56,True,rigid_offset?+high_residual,74.72,control
sub-8103,ses-1,run-01,anode,control,45.61177335,13.55602965,73.88245545,49.6150134839905,12.283429652334831,70.32292444516806,active,-4.003240133990502,1.2725999976651678,3.559531004831939,5.505969787313544,P8,P8,a_baseline,104.0,0.04,55.67,61.08,True,rigid_offset?+high_residual,70.14,control
sub-8103,ses-1,run-02,anode,control,45.43042271,13.66767998,72.91537044,49.6150134839905,12.283429652334831,70.32292444516806,active,-4.1845907739905,1.3842503276651694,2.592445994831948,5.113484638827788,P8,P8,a_baseline,105.29,0.0477,55.94,62.7,True,rigid_offset?+high_residual,70.52,control
sub-8103,ses-2,run-01,anode,control,48.79180563,16.57090724,71.52509142,49.6150134839905,12.283429652334831,70.32292444516806,active,-0.8232078539905032,4.287477587665169,1.2021669748319397,4.528282309107877,P8,P8,a_baseline,98.72,0.0135,58.93,60.91,True,rigid_offset?+high_residual,69.03,control
sub-8103,ses-2,run-02,anode,control,48.71953847,15.81613575,71.22541632,49.6150134839905,12.283429652334831,70.32292444516806,active,-0.8954750139904988,3.5327060976651694,0.9024918748319379,3.7545145434928893,P8,P8,a_baseline,100.09,0.0101,58.52,59.98,True,rigid_offset?+high_residual,68.07,control
sub-8103,ses-3,run-01,anode,control,69.64885698,34.23859973,28.89348349,49.6150134839905,12.283429652334831,70.32292444516806,active,20.033843496009503,21.955170077665166,-41.429440955168054,50.98806680214069,P8,P8,a_baseline,42.5,0.5715,16.28,90.43,False,different_montage?+high_residual,53.05,control
sub-8105,ses-1,run-01,anode,control,55.66609452,-6.47843111,68.63842493,45.00353040057263,-14.550761933652268,78.61303621647923,active,10.662564119427373,8.072330823652269,-9.974611286479231,16.68369470002809,P8,P8,a_baseline,103.98,0.0485,53.67,59.62,True,rigid_offset?+high_residual,70.93,control
sub-8105,ses-1,run-02,anode,control,55.75928635,-7.51512802,68.42015217,45.00353040057263,-14.550761933652268,78.61303621647923,active,10.755755949427375,7.035633913652268,-10.192884046479236,16.403698235323255,P8,P8,a_baseline,103.86,0.0451,53.84,59.47,True,rigid_offset?+high_residual,70.67,control
sub-8107,ses-1,run-01,anode,control,71.25369469,20.71004411,78.54129094,51.95002431621317,13.202021274328033,105.068235594162,active,19.303670373786836,7.508022835671966,-26.52694465416201,33.65532483108374,P8,P8,a_baseline,105.66,0.0231,55.71,58.72,True,rigid_offset?+high_residual,74.95,control
sub-8107,ses-1,run-02,anode,control,70.66784774,19.97219877,76.98267962,51.95002431621317,13.202021274328033,105.068235594162,active,18.717823423786832,6.770177495671966,-28.085555974162006,34.42369345995216,P8,P8,a_baseline,106.45,0.037,53.87,58.87,True,rigid_offset?+high_residual,75.0,control
sub-8107,ses-2,run-01,anode,control,64.64126089,15.11434949,92.26340853,51.95002431621317,13.202021274328033,105.068235594162,active,12.691236573786831,1.9123282156719679,-12.804827064161998,18.1297567859962,P8,P8,a_baseline,104.08,0.0301,55.32,59.38,True,rigid_offset?+high_residual,71.29,control
sub-8107,ses-2,run-02,anode,control,63.47712819,15.49176241,91.445222,51.95002431621317,13.202021274328033,105.068235594162,active,11.527103873786835,2.2897411356719672,-13.623013594162003,17.99176304791119,P8,P8,a_baseline,103.9,0.0403,54.62,60.17,True,rigid_offset?+high_residual,71.39,control
sub-8107,ses-3,run-01,anode,control,64.28307999,9.39137341,93.15630621,51.95002431621317,13.202021274328033,105.068235594162,active,12.333055673786838,-3.8106478643280326,-11.911929384162008,17.564719213579696,P8,P8,a_baseline,103.56,0.0148,55.02,57.05,True,rigid_offset?+high_residual,69.2,control
sub-8107,ses-3,run-02,anode,control,63.59350135,8.02932669,92.6000262,51.95002431621317,13.202021274328033,105.068235594162,active,11.64347703378683,-5.172694584328033,-12.468209394162002,17.826485132962343,P8,P8,a_baseline,104.14,0.0264,55.33,58.87,True,rigid_offset?+high_residual,69.38,control
sub-8107,ses-4,run-01,anode,control,63.21176227,10.82787418,92.89517717,51.95002431621317,13.202021274328033,105.068235594162,active,11.261737953786835,-2.3741470943280323,-12.173058424162008,16.75251227617311,P8,P8,a_baseline,100.28,0.0096,56.76,57.98,True,rigid_offset?+high_residual,72.34,control
sub-8107,ses-4,run-02,anode,control,62.57873395,10.84528826,92.17425816,51.95002431621317,13.202021274328033,105.068235594162,active,10.628709633786833,-2.3567330143280323,-12.89397743416201,16.8753759381193,P8,P8,a_baseline,101.43,0.0138,56.58,58.47,True,rigid_offset?+high_residual,72.47,control
sub-8108,ses-1,run-01,anode,control,55.17694773,5.15124194,93.1433379,53.90296867772583,0.927905153432534,93.55204953778282,active,1.2739790522741714,4.223336786567466,-0.4087116377828153,4.430196546572907,P8,P8,a_baseline,112.48,0.0122,59.08,60.78,True,rigid_offset?+high_residual,73.57,control
sub-8108,ses-1,run-02,anode,control,54.64260667,5.90697299,92.28984746,53.90296867772583,0.927905153432534,93.55204953778282,active,0.7396379922741687,4.979067836567466,-1.262202077782817,5.189540920535769,P8,P8,a_baseline,113.06,0.0079,59.42,60.49,True,rigid_offset?+high_residual,73.6,control
sub-8108,ses-2,run-01,anode,control,59.45099162,9.16629475,89.81470924,53.90296867772583,0.927905153432534,93.55204953778282,active,5.548022942274173,8.238389596567467,-3.737340297782822,10.612225695595766,P8,P8,a_baseline,109.72,0.0106,56.38,57.8,True,rigid_offset?+high_residual,69.3,control
sub-8108,ses-2,run-02,anode,control,59.27153556,7.95129483,89.91347915,53.90296867772583,0.927905153432534,93.55204953778282,active,5.368566882274166,7.023389676567466,-3.6385703877828206,9.55974410668065,P8,P8,a_baseline,110.31,0.0123,56.31,57.95,True,rigid_offset?+high_residual,68.63,control
sub-8109,ses-1,run-01,anode,target,-48.29607586,71.6634533,69.02566622,-48.7508619797856,70.5062906118029,68.53732827834396,active,0.45478611978559513,1.1571626881971042,0.4883379416560416,1.335788099574946,P8,P8,a_baseline,99.8,0.0352,39.98,43.56,True,rigid_offset?+high_residual,47.28,target
sub-8109,ses-1,run-02,anode,target,-48.75611671,70.9163997,70.21019621,-48.7508619797856,70.5062906118029,68.53732827834396,active,-0.00525473021440348,0.41010908819710323,1.672867931656043,1.722412317993184,P8,P8,a_baseline,99.01,0.0361,39.86,43.55,True,rigid_offset?+high_residual,47.1,target
sub-8109,ses-2,run-01,anode,target,-50.10138102,63.98791127,73.27203882,-48.7508619797856,70.5062906118029,68.53732827834396,active,-1.350519040214401,-6.518379341802898,4.734710541656042,8.168883328515182,P8,P8,a_baseline,110.08,0.0289,40.38,43.29,True,rigid_offset?+high_residual,46.03,target
sub-8109,ses-2,run-02,anode,target,-50.16930505,63.78402507,74.31486122,-48.7508619797856,70.5062906118029,68.53732827834396,active,-1.4184430702144013,-6.722265541802898,5.777532941656034,8.97667653699689,P8,P8,a_baseline,109.39,0.0344,40.27,43.73,True,rigid_offset?+high_residual,46.29,target
sub-8109,ses-3,run-01,anode,target,-50.74927315,63.97953889,73.17281007,-48.7508619797856,70.5062906118029,68.53732827834396,active,-1.9984111702144034,-6.526751721802896,4.635481791656034,8.251050035242145,P8,P8,a_baseline,108.25,0.0451,39.56,44.19,True,rigid_offset?+high_residual,52.0,target
sub-8109,ses-3,run-02,anode,target,-50.55186315,63.44730751,74.15008858,-48.7508619797856,70.5062906118029,68.53732827834396,active,-1.8010011702144055,-7.058983101802895,5.612760301656039,9.196517049975956,P8,P8,a_baseline,108.99,0.0407,39.99,44.17,True,rigid_offset?+high_residual,52.26,target
sub-8109,ses-4,run-01,anode,target,-45.61276908,69.62903681,72.52229959,-48.7508619797856,70.5062906118029,68.53732827834396,active,3.1380928997855975,-0.8772538018028939,3.9849713116560395,5.147542873564441,P8,P8,a_baseline,105.64,0.0263,41.87,44.62,True,rigid_offset?+high_residual,47.53,target
sub-8109,ses-4,run-02,anode,target,-45.84019032,68.47247426,75.0082071,-48.7508619797856,70.5062906118029,68.53732827834396,active,2.9106716597855993,-2.0338163518028978,6.4708788216560436,7.381103656533798,P8,P8,a_baseline,104.84,0.0411,41.44,45.44,True,rigid_offset?+high_residual,47.79,target
sub-8110,ses-1,run-01,anode,control,57.47911201,-19.96664999,77.88254335,49.3372614919431,-11.7449844656119,84.12171764794003,active,8.141850518056899,-8.2216655243881,-6.239174297940025,13.145828607332847,P8,P8,a_baseline,97.06,0.0187,53.47,55.96,True,rigid_offset?+high_residual,68.67,control
sub-8110,ses-1,run-02,anode,control,58.12497477,-21.02207978,78.12533574,49.3372614919431,-11.7449844656119,84.12171764794003,active,8.787713278056899,-9.277095314388099,-5.996381907940034,14.115417036540213,P8,P8,a_baseline,99.8,0.0166,54.17,56.4,True,rigid_offset?+high_residual,68.78,control
sub-8110,ses-2,run-01,anode,control,59.46374679,-19.06594516,76.99363917,49.3372614919431,-11.7449844656119,84.12171764794003,active,10.126485298056899,-7.3209606943880985,-7.128078477940036,14.385814984498095,P8,P8,a_baseline,91.17,0.0613,49.28,57.01,True,different_montage?+high_residual,66.51,control
sub-8110,ses-2,run-02,anode,control,59.09288961,-20.584742,77.01412204,49.3372614919431,-11.7449844656119,84.12171764794003,active,9.755628118056897,-8.839757534388099,-7.107595607940027,14.9609995846067,P8,P8,a_baseline,90.84,0.0602,49.37,56.91,True,different_montage?+high_residual,66.44,control
sub-8110,ses-3,run-01,anode,control,59.46374679,-19.06594516,76.99363917,49.3372614919431,-11.7449844656119,84.12171764794003,active,10.126485298056899,-7.3209606943880985,-7.128078477940036,14.385814984498095,P8,P8,a_baseline,91.17,0.0613,49.28,57.01,True,different_montage?+high_residual,66.51,control
sub-8110,ses-3,run-02,anode,control,59.09288961,-20.584742,77.01412204,49.3372614919431,-11.7449844656119,84.12171764794003,active,9.755628118056897,-8.839757534388099,-7.107595607940027,14.9609995846067,P8,P8,a_baseline,90.84,0.0602,49.37,56.91,True,different_montage?+high_residual,66.44,control
sub-8110,ses-4,run-01,anode,control,54.23659243,-8.3665776,83.4089148,49.3372614919431,-11.7449844656119,84.12171764794003,active,4.899330938056899,3.3784068656119004,-0.7128028479400257,5.993760463202257,P8,P8,a_baseline,107.95,0.0098,56.91,58.19,True,rigid_offset?+high_residual,65.28,control
sub-8110,ses-4,run-02,anode,control,53.58591551,-9.75615691,84.89066024,49.3372614919431,-11.7449844656119,84.12171764794003,active,4.248654018056897,1.9888275556119002,0.7689425920599717,4.753711047276236,P8,P8,a_baseline,108.62,0.0185,55.98,58.58,True,rigid_offset?+high_residual,64.69,control
sub-8111,ses-1,run-01,anode,target,-48.90367536,44.82454637,73.36669245,-43.935248438401096,49.4837955421256,75.90236353348517,active,-4.968426921598905,-4.659249172125598,-2.5356710834851697,7.267977488052965,P8,P8,a_baseline,110.46,0.0075,42.63,43.42,True,rigid_offset?+high_residual,52.87,target
sub-8111,ses-1,run-02,anode,target,-49.01744642,44.30723941,74.72427713,-43.935248438401096,49.4837955421256,75.90236353348517,active,-5.0821979815989025,-5.176556132125597,-1.1780864034851675,7.349378020437627,P8,P8,a_baseline,110.23,0.0102,42.67,43.74,True,rigid_offset?+high_residual,52.81,target
sub-8111,ses-2,run-01,anode,target,-47.11531071,55.11219624,66.91477553,-43.935248438401096,49.4837955421256,75.90236353348517,active,-3.1800622715989064,5.628400697874405,-8.987588003485172,11.071062667489082,P8,P8,a_baseline,108.3,0.0045,42.39,42.85,True,rigid_offset?+high_residual,53.33,target
sub-8111,ses-2,run-02,anode,target,-48.03105733,53.46804175,67.42784848,-43.935248438401096,49.4837955421256,75.90236353348517,active,-4.095808891598907,3.984246207874399,-8.474515053485177,10.220923329778433,P8,P8,a_baseline,107.86,0.0147,41.69,43.11,True,rigid_offset?+high_residual,52.93,target
sub-8112,ses-1,run-01,anode,control,66.3589031,3.12205941,81.40943327,51.1537587974513,-0.7427044823153942,82.53301519261767,active,15.205144302548703,3.864763892315394,-1.1235819226176744,15.728803182108528,P8,P8,a_baseline,100.97,0.01,57.66,59.04,True,rigid_offset?+high_residual,63.8,control
sub-8112,ses-1,run-02,anode,control,66.66567058,2.06962667,81.42704229,51.1537587974513,-0.7427044823153942,82.53301519261767,active,15.511911782548694,2.812331152315394,-1.1059729026176655,15.803537253449974,P8,P8,a_baseline,101.41,0.0062,58.07,58.91,True,rigid_offset?+high_residual,63.87,control
sub-8112,ses-2,run-01,anode,control,60.00001947,-1.15557723,88.04002866,51.1537587974513,-0.7427044823153942,82.53301519261767,active,8.846260672548695,-0.4128727476846058,5.507013467382336,10.428518069332418,P8,P8,a_baseline,108.73,0.0288,54.72,58.71,True,rigid_offset?+high_residual,63.48,control
sub-8112,ses-2,run-02,anode,control,60.2543479,-1.55033123,88.32858348,51.1537587974513,-0.7427044823153942,82.53301519261767,active,9.100589102548696,-0.8076267476846059,5.795568287382338,10.819500670119465,P8,P8,a_baseline,107.9,0.0333,54.42,59.03,True,rigid_offset?+high_residual,63.46,control
sub-8112,ses-3,run-01,anode,control,65.21728652,8.37034139,80.21440308,51.1537587974513,-0.7427044823153942,82.53301519261767,active,14.063527722548699,9.113045872315395,-2.3186121126176715,16.917635153962795,P8,P8,a_baseline,102.83,0.0165,54.67,56.91,True,rigid_offset?+high_residual,64.05,control
sub-8112,ses-3,run-02,anode,control,65.75134496,7.58147017,79.27178873,51.1537587974513,-0.7427044823153942,82.53301519261767,active,14.597586162548694,8.324174652315394,-3.261226462617671,17.117739437664103,P8,P8,a_baseline,105.46,0.0097,55.44,56.74,True,rigid_offset?+high_residual,64.7,control
sub-8112,ses-4,run-01,anode,control,62.62176043,13.38814748,81.36061192,51.1537587974513,-0.7427044823153942,82.53301519261767,active,11.468001632548699,14.130851962315395,-1.1724032726176716,18.236517432302065,P8,P8,a_baseline,103.68,0.0224,55.9,58.71,True,rigid_offset?+high_residual,66.76,control
sub-8112,ses-4,run-02,anode,control,62.80824927,11.87232614,80.9467863,51.1537587974513,-0.7427044823153942,82.53301519261767,active,11.654490472548694,12.615030622315395,-1.5862288926176689,17.247674274419104,P8,P8,a_baseline,104.56,0.0283,55.67,59.16,True,rigid_offset?+high_residual,66.71,control
sub-8113,ses-1,run-01,anode,control,61.99910531,11.59563539,86.26410154,51.732750446598295,2.6027342080954234,96.576044004443,active,10.266354863401702,8.992901181904577,-10.311942464443007,17.105743808404693,P8,P8,a_baseline,110.33,0.0195,56.19,58.59,True,rigid_offset?+high_residual,72.7,control
sub-8113,ses-1,run-02,anode,control,61.70944017,10.769317,87.30485653,51.732750446598295,2.6027342080954234,96.576044004443,active,9.976689723401705,8.166582791904576,-9.27118747444301,15.88024966807292,P8,P8,a_baseline,110.12,0.0172,56.51,58.95,True,rigid_offset?+high_residual,72.04,control
sub-8113,ses-2,run-01,anode,control,58.95137795,7.16198079,89.29255247,51.732750446598295,2.6027342080954234,96.576044004443,active,7.218627503401706,4.559246581904577,-7.283491534443002,11.222502455325149,P8,P8,a_baseline,106.81,0.022,56.33,59.14,True,rigid_offset?+high_residual,69.74,control
sub-8113,ses-2,run-02,anode,control,58.89458126,6.78678939,89.48083531,51.732750446598295,2.6027342080954234,96.576044004443,active,7.161830813401707,4.184055181904577,-7.095208694443002,10.915132833947203,P8,P8,a_baseline,106.14,0.0307,56.18,60.18,True,rigid_offset?+high_residual,69.62,control
sub-8113,ses-3,run-01,anode,control,59.2025099,13.11706032,87.82020239,51.732750446598295,2.6027342080954234,96.576044004443,active,7.469759453401707,10.514326111904577,-8.755841614443,15.588878159007287,P8,P8,a_baseline,104.78,0.0411,53.25,58.8,True,rigid_offset?+high_residual,69.98,control
sub-8113,ses-3,run-02,anode,control,58.96126607,13.55579634,85.38048787,51.732750446598295,2.6027342080954234,96.576044004443,active,7.228515623401705,10.953062131904577,-11.19555613444301,17.24997058961519,P8,P8,a_baseline,105.03,0.0474,53.06,59.55,True,rigid_offset?+high_residual,71.11,control
sub-8113,ses-4,run-01,anode,control,57.2580525,1.91433767,92.69987106,51.732750446598295,2.6027342080954234,96.576044004443,active,5.5253020534017026,-0.6883965380954233,-3.876172944442999,6.784362112256298,P8,P8,a_baseline,105.61,0.0122,56.43,58.15,True,rigid_offset?+high_residual,66.92,control
sub-8113,ses-4,run-02,anode,control,56.90466633,0.24190244,92.82437863,51.732750446598295,2.6027342080954234,96.576044004443,active,5.171915883401702,-2.3608317680954234,-3.7516653744430073,6.811551484355525,P8,P8,a_baseline,104.58,0.0138,56.68,58.6,True,rigid_offset?+high_residual,67.05,control
sub-8114,ses-1,run-01,anode,target,-41.93052775,53.14063966,89.86515898,-41.77973932180557,47.9361579086943,91.53625585646311,active,-0.1507884281944314,5.2044817513057,-1.6710968764631104,5.468265924429439,P8,P8,a_baseline,108.68,0.0359,40.18,43.83,True,rigid_offset?+high_residual,51.94,target
sub-8114,ses-1,run-02,anode,target,-41.83149816,50.88438031,85.6277276,-41.77973932180557,47.9361579086943,91.53625585646311,active,-0.05175883819443072,2.9482224013056992,-5.908528256463114,6.60343853324274,P8,P8,a_baseline,109.27,0.0217,41.55,43.75,True,rigid_offset?+high_residual,53.02,target
sub-8114,ses-2,run-01,anode,target,-48.43190899,47.3826657,86.09956083,-41.77973932180557,47.9361579086943,91.53625585646311,active,-6.652169668194425,-0.5534922086943013,-5.436695026463113,8.60902826864333,P8,P8,a_baseline,108.56,0.0282,35.67,37.93,True,different_montage?+high_residual,46.02,target
sub-8114,ses-2,run-02,anode,target,-48.24123772,46.08344664,86.29912913,-41.77973932180557,47.9361579086943,91.53625585646311,active,-6.461498398194429,-1.8527112686943,-5.237126726463117,8.521208655117553,P8,P8,a_baseline,108.03,0.0376,35.47,38.71,True,rigid_offset?+high_residual,46.0,target
sub-8114,ses-3,run-01,anode,target,-45.32155194,56.25365138,84.53713259,-41.77973932180557,47.9361579086943,91.53625585646311,active,-3.5418126181944274,8.317493471305703,-6.9991232664631156,11.43297252540911,P8,P8,a_baseline,113.35,0.0197,42.6,44.53,True,rigid_offset?+high_residual,53.69,target
sub-8114,ses-3,run-02,anode,target,-46.04893168,55.00913757,84.62973334,-41.77973932180557,47.9361579086943,91.53625585646311,active,-4.269192358194431,7.072979661305702,-6.906522516463113,10.76815202116509,P8,P8,a_baseline,112.9,0.0336,41.9,45.49,True,rigid_offset?+high_residual,53.86,target
sub-8114,ses-4,run-01,anode,target,-48.24087849,49.85283105,83.59701851,-41.77973932180557,47.9361579086943,91.53625585646311,active,-6.461139168194428,1.9166731413057008,-7.939237346463116,10.414002348994048,P8,P8,a_baseline,107.38,0.0417,40.38,44.48,True,rigid_offset?+high_residual,40.1,target
sub-8114,ses-4,run-02,anode,target,-47.22865678,49.67377026,83.35446511,-41.77973932180557,47.9361579086943,91.53625585646311,active,-5.44891745819443,1.7376123513056996,-8.181790746463108,9.982569707672244,P8,P8,a_baseline,107.09,0.0293,41.75,44.8,True,rigid_offset?+high_residual,40.47,target
sub-8115,ses-1,run-01,anode,target,-45.84543543,53.72016647,63.6738543,-43.81685559184499,39.73842882134037,72.21717968337278,active,-2.028579838155011,13.981737648659632,-8.543325383372775,16.510376508181054,P8,P8,a_baseline,110.84,0.0096,40.83,41.74,True,rigid_offset?+high_residual,52.71,target
sub-8115,ses-1,run-02,anode,target,-46.18576047,53.1608641,63.88515738,-43.81685559184499,39.73842882134037,72.21717968337278,active,-2.368904878155007,13.422435278659627,-8.332022303372774,15.974857582947475,P8,P8,a_baseline,110.38,0.0086,40.94,41.7,True,rigid_offset?+high_residual,52.49,target
sub-8115,ses-2,run-01,anode,target,-43.25842631,49.49521832,70.0270342,-43.81685559184499,39.73842882134037,72.21717968337278,active,0.5584292818449939,9.756789498659629,-2.190145483372774,10.015164592871896,P8,P8,a_baseline,109.91,0.0257,41.99,44.6,True,rigid_offset?+high_residual,53.45,target
sub-8115,ses-2,run-02,anode,target,-43.27987795,47.3299906,68.53999235,-43.81685559184499,39.73842882134037,72.21717968337278,active,0.5369776418449916,7.591561778659631,-3.677187333372771,8.45232878630288,P8,P8,a_baseline,110.93,0.0186,42.47,44.25,True,rigid_offset?+high_residual,52.99,target
sub-8115,ses-3,run-01,anode,target,-37.19806194,55.67221518,72.27962809,-43.81685559184499,39.73842882134037,72.21717968337278,active,6.618793651844989,15.933786358659631,0.06244840662722595,17.2539235228571,P8,P8,a_baseline,107.86,0.0438,40.08,44.11,True,rigid_offset?+high_residual,52.01,target
sub-8115,ses-3,run-02,anode,target,-36.71229433,54.86120883,71.79116743,-43.81685559184499,39.73842882134037,72.21717968337278,active,7.104561261844992,15.122780008659632,-0.42601225337277526,16.71390894894572,P8,P8,a_baseline,107.18,0.0454,40.11,44.19,True,rigid_offset?+high_residual,51.73,target
sub-8115,ses-4,run-01,anode,target,-40.18423824,37.33920918,81.22444871,-43.81685559184499,39.73842882134037,72.21717968337278,active,3.632617351844992,-2.3992196413403732,9.007269026627228,10.004152089525476,P8,P8,a_baseline,108.1,0.0549,38.54,44.02,True,rigid_offset?+high_residual,47.31,target
sub-8115,ses-4,run-02,anode,target,-40.79519274,35.87635838,82.34669076,-43.81685559184499,39.73842882134037,72.21717968337278,active,3.0216628518449937,-3.8620704413403715,10.129511076627224,11.254022797898033,P8,P8,a_baseline,106.33,0.0475,38.45,43.09,True,rigid_offset?+high_residual,47.21,target
sub-8117,ses-1,run-01,anode,control,60.15210317,-19.66318513,80.19848633,52.63616697088607,-10.245568829044052,88.2485444394881,active,7.5159361991139235,-9.417616300955947,-8.050058109488106,14.490832595379654,P8,P8,a_baseline,105.5,0.0164,55.69,57.83,True,rigid_offset?+high_residual,66.63,control
sub-8117,ses-1,run-02,anode,control,60.32494473,-20.71624012,80.74907957,52.63616697088607,-10.245568829044052,88.2485444394881,active,7.6887777591139255,-10.470671290955947,-7.499464869488094,14.999807800134644,P8,P8,a_baseline,105.31,0.0123,56.58,58.23,True,rigid_offset?+high_residual,66.96,control
sub-8117,ses-2,run-01,anode,control,61.98894799,-13.44003618,79.72479063,52.63616697088607,-10.245568829044052,88.2485444394881,active,9.352781019113927,-3.1944673509559482,-8.523753809488099,13.051188200795517,P8,P8,a_baseline,100.76,0.027,53.15,56.78,True,rigid_offset?+high_residual,65.41,control
sub-8117,ses-2,run-02,anode,control,62.10055793,-13.41079227,80.04639009,52.63616697088607,-10.245568829044052,88.2485444394881,active,9.464390959113928,-3.1652234409559483,-8.202154349488097,12.917765736804526,P8,P8,a_baseline,101.68,0.0346,52.97,57.58,True,rigid_offset?+high_residual,65.43,control
sub-8117,ses-3,run-01,anode,control,54.60019365,0.82255818,88.38002443,52.63616697088607,-10.245568829044052,88.2485444394881,active,1.9640266791139283,11.068127009044051,0.13147999051190595,11.241802492149857,P8,P8,a_baseline,104.53,0.0326,53.11,57.51,True,rigid_offset?+high_residual,69.27,control
sub-8117,ses-3,run-02,anode,control,55.16116311,-0.66343894,89.92014913,52.63616697088607,-10.245568829044052,88.2485444394881,active,2.5249961391139237,9.582129889044051,1.6716046905118986,10.049232854023881,P8,P8,a_baseline,104.36,0.0318,53.37,57.68,True,rigid_offset?+high_residual,68.73,control
sub-8117,ses-4,run-01,anode,control,53.95266977,-15.82753363,89.06523066,52.63616697088607,-10.245568829044052,88.2485444394881,active,1.3165027991139269,-5.581964800955948,0.8166862205118974,5.7929687589318135,P8,P8,a_baseline,102.88,0.0258,53.99,57.51,True,rigid_offset?+high_residual,63.34,control
sub-8117,ses-4,run-02,anode,control,53.26918264,-16.56548092,89.98631056,52.63616697088607,-10.245568829044052,88.2485444394881,active,0.6330156691139237,-6.319912090955947,1.7377661205119068,6.5849699137014985,P8,P8,a_baseline,103.79,0.0203,54.82,57.51,True,rigid_offset?+high_residual,63.28,control
sub-8118,ses-1,run-01,anode,control,64.99293117,-2.78485501,78.69841653,55.78598348566516,-0.8124763026875943,89.9561582116559,active,9.206947684334843,-1.9723787073124055,-11.2577416816559,14.676338480630335,P8,P8,a_baseline,103.07,0.0083,56.84,57.97,True,rigid_offset?+high_residual,68.72,control
sub-8118,ses-1,run-02,anode,control,64.57354719,-3.26445868,78.85460925,55.78598348566516,-0.8124763026875943,89.9561582116559,active,8.787563704334836,-2.451982377312406,-11.101548961655908,14.369338286241192,P8,P8,a_baseline,104.11,0.0095,57.26,58.6,True,rigid_offset?+high_residual,68.7,control
sub-8118,ses-2,run-01,anode,control,63.88525138,3.45560348,80.8318263,55.78598348566516,-0.8124763026875943,89.9561582116559,active,8.099267894334837,4.268079782687595,-9.1243319116559,12.92548174303967,P8,P8,a_baseline,106.85,0.0101,56.3,57.71,True,rigid_offset?+high_residual,69.52,control
sub-8118,ses-2,run-02,anode,control,63.51452128,1.4593506,81.29510181,55.78598348566516,-0.8124763026875943,89.9561582116559,active,7.728537794334834,2.2718269026875944,-8.661056401655898,11.828160968929264,P8,P8,a_baseline,105.59,0.0164,55.85,57.97,True,rigid_offset?+high_residual,69.22,control
sub-8118,ses-3,run-01,anode,control,59.89317385,7.53542028,87.06509508,55.78598348566516,-0.8124763026875943,89.9561582116559,active,4.1071903643348335,8.347896582687595,-2.8910631316558977,9.742414283705664,P8,P8,a_baseline,102.31,0.0251,55.4,58.83,True,rigid_offset?+high_residual,72.17,control
sub-8118,ses-3,run-02,anode,control,60.80789408,4.18829617,85.21746677,55.78598348566516,-0.8124763026875943,89.9561582116559,active,5.021910594334834,5.000772472687594,-4.738691441655902,8.525403680782825,P8,P8,a_baseline,104.82,0.0295,54.63,58.36,True,rigid_offset?+high_residual,71.85,control
sub-8118,ses-4,run-01,anode,control,66.48681631,6.42697912,77.01978156,55.78598348566516,-0.8124763026875943,89.9561582116559,active,10.700832824334832,7.239455422687595,-12.936376651655905,18.282980578257764,P8,P8,a_baseline,106.73,0.0221,56.6,59.35,True,rigid_offset?+high_residual,71.97,control
sub-8118,ses-4,run-02,anode,control,66.1379712,-3.28339481,74.71076315,55.78598348566516,-0.8124763026875943,89.9561582116559,active,10.351987714334832,-2.4709185073124056,-15.245395061655898,18.592771673246578,P8,P8,a_baseline,103.9,0.0337,54.83,59.51,True,rigid_offset?+high_residual,70.47,control
sub-8119,ses-1,run-01,anode,control,63.79982395,4.44335973,63.91443537,57.819017920641066,2.04029507227716,69.8030633752396,active,5.980806029358931,2.4030646577228403,-5.888628005239603,8.730446740809137,P8,P8,a_baseline,107.16,0.0268,56.32,59.83,True,rigid_offset?+high_residual,69.32,control
sub-8119,ses-1,run-02,anode,control,63.27164453,4.29018998,63.11612709,57.819017920641066,2.04029507227716,69.8030633752396,active,5.452626609358937,2.2498949077228403,-6.686936285239604,8.916741608891689,P8,P8,a_baseline,107.58,0.0226,56.21,59.25,True,rigid_offset?+high_residual,69.41,control
sub-8119,ses-2,run-01,anode,control,57.43217628,4.89227092,69.52688992,57.819017920641066,2.04029507227716,69.8030633752396,active,-0.38684164064106596,2.85197584772284,-0.2761734552396007,2.8913118939864066,P8,P8,a_baseline,108.13,0.0112,56.84,58.41,True,rigid_offset?+high_residual,66.6,control
sub-8119,ses-2,run-02,anode,control,56.60232095,5.64250277,67.80308205,57.819017920641066,2.04029507227716,69.8030633752396,active,-1.2166969706410669,3.6022076977228403,-1.9999813252396024,4.296065306441232,P8,P8,a_baseline,109.21,0.0108,57.1,58.61,True,rigid_offset?+high_residual,67.53,control
sub-8119,ses-3,run-01,anode,control,65.19408157,0.19381982,63.50921671,57.819017920641066,2.04029507227716,69.8030633752396,active,7.375063649358928,-1.8464752522771597,-6.293846665239606,9.869829812864817,P8,P8,a_baseline,106.64,0.0283,55.5,59.39,True,rigid_offset?+high_residual,67.66,control
sub-8119,ses-3,run-02,anode,control,63.83081983,1.77616836,61.04295841,57.819017920641066,2.04029507227716,69.8030633752396,active,6.011801909358937,-0.2641267122771598,-8.760104965239606,10.627839108658245,P8,P8,a_baseline,106.18,0.0339,55.61,60.17,True,rigid_offset?+high_residual,68.58,control
sub-8119,ses-4,run-01,anode,control,59.4514197,0.042855266,70.1839823,57.819017920641066,2.04029507227716,69.8030633752396,active,1.6324017793589363,-1.9974398062771597,0.3809189247603939,2.6076043749379187,P8,P8,a_baseline,108.38,0.0198,55.24,57.85,True,rigid_offset?+high_residual,67.48,control
sub-8119,ses-4,run-02,anode,control,58.86227137,1.34866623,66.83477625,57.819017920641066,2.04029507227716,69.8030633752396,active,1.0432534493589358,-0.6916288422771597,-2.9682871252395984,3.221406008706776,P8,P8,a_baseline,107.99,0.0182,55.09,57.59,True,rigid_offset?+high_residual,68.2,control
sub-8120,ses-1,run-01,anode,target,-59.05162208,55.15909642,43.12558774,-58.400935018195135,54.62652087028297,43.4023431363586,active,-0.6506870618048666,0.5325755497170306,-0.27675539635860247,0.88522534869391,P8,P8,a_baseline,108.09,0.0175,41.97,43.74,True,rigid_offset?+high_residual,51.98,target
sub-8120,ses-1,run-02,anode,target,-58.95688999,54.35970496,42.9309668,-58.400935018195135,54.62652087028297,43.4023431363586,active,-0.5559549718048657,-0.2668159102829648,-0.47137633635860254,0.7761908986412651,P8,P8,a_baseline,107.7,0.0154,42.13,43.75,True,rigid_offset?+high_residual,51.95,target
sub-8120,ses-2,run-01,anode,target,-58.56356817,58.00105397,42.7145204,-58.400935018195135,54.62652087028297,43.4023431363586,active,-0.1626331518048687,3.374533099717034,-0.6878227363586049,3.4477562703595623,P8,P8,a_baseline,112.71,0.0044,43.0,43.46,True,rigid_offset?+high_residual,51.42,target
sub-8120,ses-2,run-02,anode,target,-57.55420078,57.50168779,43.0140935,-58.400935018195135,54.62652087028297,43.4023431363586,active,0.8467342381951326,2.8751669197170315,-0.38824963635860144,3.022297382207714,P8,P8,a_baseline,112.12,0.0124,42.69,43.98,True,rigid_offset?+high_residual,51.11,target
sub-8120,ses-3,run-01,anode,target,-58.60521808,51.05238336,46.80305674,-58.400935018195135,54.62652087028297,43.4023431363586,active,-0.20428306180486544,-3.5741375102829664,3.4007136036413996,4.9377164282432995,P8,P8,a_baseline,111.24,0.0051,42.83,43.36,True,rigid_offset?+high_residual,50.79,target
sub-8120,ses-3,run-02,anode,target,-58.64533974,49.91808994,46.95085819,-58.400935018195135,54.62652087028297,43.4023431363586,active,-0.2444047218048624,-4.708430930282965,3.5485150536413954,5.900933365087714,P8,P8,a_baseline,112.18,0.0123,42.43,43.7,True,rigid_offset?+high_residual,50.99,target
sub-8120,ses-4,run-01,anode,target,-54.75849225,59.09331588,46.80923017,-58.400935018195135,54.62652087028297,43.4023431363586,active,3.6424427681951315,4.466795009717032,3.4068870336413966,6.695261476477515,P8,P8,a_baseline,109.89,0.0337,40.93,44.04,True,rigid_offset?+high_residual,51.7,target
sub-8120,ses-4,run-02,anode,target,-54.31561175,57.39594014,47.73261577,-58.400935018195135,54.62652087028297,43.4023431363586,active,4.085323268195133,2.7694192697170337,4.3302726336414,6.56588230010257,P8,P8,a_baseline,110.71,0.0276,41.11,43.76,True,rigid_offset?+high_residual,51.56,target
sub-8122,ses-1,run-01,anode,control,58.04259907,17.76320129,81.27396385,50.99041141489173,12.614406572998933,89.93940642870957,active,7.05218765510827,5.148794717001069,-8.665442578709573,12.301761371673262,P8,P8,a_baseline,104.53,0.0216,55.08,57.75,True,rigid_offset?+high_residual,70.15,control
sub-8122,ses-1,run-02,anode,control,57.66444364,18.09337831,80.85941493,50.99041141489173,12.614406572998933,89.93940642870957,active,6.67403222510827,5.478971737001066,-9.079991498709575,12.530286630930606,P8,P8,a_baseline,103.76,0.0219,55.36,58.23,True,rigid_offset?+high_residual,70.37,control
sub-8122,ses-2,run-01,anode,control,59.23201373,15.73741902,79.51452506,50.99041141489173,12.614406572998933,89.93940642870957,active,8.241602315108267,3.1230124470010683,-10.424881368709578,13.651203866919197,P8,P8,a_baseline,103.96,0.0148,56.68,58.57,True,rigid_offset?+high_residual,71.4,control
sub-8122,ses-2,run-02,anode,control,57.95397426,17.26959766,78.38485843,50.99041141489173,12.614406572998933,89.93940642870957,active,6.963562845108271,4.655191087001066,-11.55454799870958,14.271285541560372,P8,P8,a_baseline,106.78,0.0209,56.97,59.77,True,rigid_offset?+high_residual,72.13,control
sub-8122,ses-3,run-01,anode,control,62.32642473,15.01898559,74.93186156,50.99041141489173,12.614406572998933,89.93940642870957,active,11.336013315108268,2.4045790170010672,-15.007544868709573,18.960843892497106,P8,P8,a_baseline,107.14,0.0522,54.85,62.07,True,rigid_offset?+high_residual,68.93,control
sub-8122,ses-3,run-02,anode,control,61.23705143,19.07923782,68.06011956,50.99041141489173,12.614406572998933,89.93940642870957,active,10.24664001510827,6.464831247001067,-21.87928686870957,25.00981544383537,P8,P8,a_baseline,104.55,0.0328,55.89,60.55,True,rigid_offset?+high_residual,72.03,control
sub-8122,ses-4,run-01,anode,control,55.16564062,14.32146267,86.15681191,50.99041141489173,12.614406572998933,89.93940642870957,active,4.175229205108266,1.7070560970010682,-3.7825945187095726,5.886815839354007,P8,P8,a_baseline,104.76,0.0182,57.3,59.91,True,rigid_offset?+high_residual,70.34,control
sub-8122,ses-4,run-02,anode,control,58.28866585,4.34674491,92.21121704,50.99041141489173,12.614406572998933,89.93940642870957,active,7.298254435108269,-8.267661662998933,2.2718106112904195,11.259656772165462,P8,P8,a_baseline,108.08,0.006,58.51,59.27,True,rigid_offset?+high_residual,67.21,control
sub-8123,ses-1,run-01,anode,control,58.86136701,-20.52237967,80.27052564,54.893633533709966,-26.5370614215057,79.88834921730093,active,3.967733476290036,6.014681751505702,0.38217642269907515,7.215633328325059,P8,P8,a_baseline,101.35,0.0351,53.89,58.58,True,rigid_offset?+high_residual,69.16,control
sub-8123,ses-1,run-02,anode,control,58.79595735,-22.45168043,80.48209816,54.893633533709966,-26.5370614215057,79.88834921730093,active,3.9023238162900356,4.085380991505701,0.5937489426990794,5.680757592073157,P8,P8,a_baseline,101.23,0.042,53.79,59.36,True,rigid_offset?+high_residual,68.65,control
sub-8123,ses-2,run-01,anode,control,57.63882292,-22.57270483,78.77498304,54.893633533709966,-26.5370614215057,79.88834921730093,active,2.7451893862900363,3.9643565915057017,-1.1133661773009322,4.9489162647969565,P8,P8,a_baseline,110.07,0.0276,56.45,59.92,True,rigid_offset?+high_residual,67.4,control
sub-8123,ses-2,run-02,anode,control,57.73664364,-23.2540037,79.79559454,54.893633533709966,-26.5370614215057,79.88834921730093,active,2.8430101062900306,3.2830577215057026,-0.09275467730093112,4.343935761192454,P8,P8,a_baseline,110.09,0.0334,56.23,60.34,True,rigid_offset?+high_residual,66.98,control
sub-8123,ses-3,run-01,anode,control,64.49384915,-21.59082027,72.62196133,54.893633533709966,-26.5370614215057,79.88834921730093,active,9.600215616290036,4.946241151505703,-7.266387887300922,13.016521591301615,P8,P8,a_baseline,106.41,0.0223,54.86,57.91,True,rigid_offset?+high_residual,67.68,control
sub-8123,ses-3,run-02,anode,control,64.54467203,-22.95540754,73.69246217,54.893633533709966,-26.5370614215057,79.88834921730093,active,9.651038496290035,3.5816538815057015,-6.195887047300928,12.014982517119552,P8,P8,a_baseline,106.59,0.0205,55.5,58.22,True,rigid_offset?+high_residual,67.24,control
sub-8123,ses-4,run-01,anode,control,60.40219807,-21.3041078,77.96376566,54.893633533709966,-26.5370614215057,79.88834921730093,active,5.508564536290031,5.2329536215057,-1.9245835573009202,7.837863785773193,P8,P8,a_baseline,105.63,0.0099,55.17,56.34,True,rigid_offset?+high_residual,67.09,control
sub-8123,ses-4,run-02,anode,control,59.72666976,-24.80867565,76.95640875,54.893633533709966,-26.5370614215057,79.88834921730093,active,4.833036226290034,1.7283857715056996,-2.931940467300933,5.9111615984992305,P8,P8,a_baseline,93.99,0.0352,52.69,57.36,True,rigid_offset?+high_residual,63.82,control
sub-8124,ses-1,run-01,anode,control,55.84103494,-19.54452201,70.52112394,53.61572269153407,-17.27878771867727,72.9461450291414,active,2.225312248465933,-2.265734291322733,-2.42502108914141,3.995784499297832,P8,P8,a_baseline,104.58,0.0206,55.59,58.13,True,rigid_offset?+high_residual,68.79,control
sub-8124,ses-1,run-02,anode,control,53.73881133,-19.95163914,70.04791162,53.61572269153407,-17.27878771867727,72.9461450291414,active,0.12308863846592999,-2.672851421322733,-2.8982334091414117,3.9444952056314886,P8,P8,a_baseline,106.72,0.0112,56.09,57.56,True,rigid_offset?+high_residual,68.39,control
sub-8124,ses-2,run-01,anode,control,53.33826191,4.68388447,76.71645297,53.61572269153407,-17.27878771867727,72.9461450291414,active,-0.2774607815340673,21.962672188677267,3.7703079408586007,22.285671991696567,P8,P8,a_baseline,110.0,0.0492,54.22,61.08,True,rigid_offset?+high_residual,74.62,control
sub-8124,ses-2,run-02,anode,control,53.6566647,3.13015244,77.65225777,53.61572269153407,-17.27878771867727,72.9461450291414,active,0.0409420084659331,20.408940158677268,4.7061127408586,20.944546110579683,P8,P8,a_baseline,109.67,0.0467,53.67,60.17,True,rigid_offset?+high_residual,73.65,control
sub-8124,ses-3,run-01,anode,control,55.79445377,-9.96368997,73.10560045,53.61572269153407,-17.27878771867727,72.9461450291414,active,2.1787310784659297,7.3150977486772675,0.15945542085859188,7.634327096491067,P8,P8,a_baseline,110.69,0.0259,57.78,61.29,True,rigid_offset?+high_residual,71.08,control
sub-8124,ses-3,run-02,anode,control,56.45901429,-10.74498289,74.35936347,53.61572269153407,-17.27878771867727,72.9461450291414,active,2.8432915984659317,6.533804828677269,1.4132184408586,7.264440722776679,P8,P8,a_baseline,109.9,0.0154,57.87,60.09,True,rigid_offset?+high_residual,70.71,control
sub-8125,ses-1,run-01,anode,control,65.89319992,-1.6525238,82.69398157,50.70959426597623,0.2428270897315382,94.33678439161986,active,15.183605654023772,-1.895350889731538,-11.642802821619853,19.227300725666826,P8,P8,a_baseline,99.93,0.0201,55.58,58.33,True,rigid_offset?+high_residual,71.61,control
sub-8125,ses-1,run-02,anode,control,65.26751439,-3.06341935,82.66244174,50.70959426597623,0.2428270897315382,94.33678439161986,active,14.557920124023774,-3.3062464397315385,-11.674342651619853,18.95137409807332,P8,P8,a_baseline,100.47,0.0165,56.18,58.33,True,rigid_offset?+high_residual,71.49,control
sub-8125,ses-2,run-01,anode,control,60.6593695,-1.405064,87.98487755,50.70959426597623,0.2428270897315382,94.33678439161986,active,9.949775234023768,-1.6478910897315382,-6.351906841619865,11.918904848006237,P8,P8,a_baseline,101.67,0.0531,51.76,58.56,True,rigid_offset?+high_residual,67.39,control
sub-8125,ses-2,run-02,anode,control,59.9045515,-2.56812341,88.56227357,50.70959426597623,0.2428270897315382,94.33678439161986,active,9.194957234023768,-2.8109504997315384,-5.774510821619856,11.215777123163237,P8,P8,a_baseline,102.18,0.0575,51.15,58.31,True,rigid_offset?+high_residual,66.71,control
sub-8125,ses-3,run-01,anode,control,60.81250629,2.65356567,87.89924893,50.70959426597623,0.2428270897315382,94.33678439161986,active,10.102912024023773,2.4107385802684616,-6.437535461619859,12.219752644271166,P8,P8,a_baseline,102.92,0.0515,52.27,58.92,True,rigid_offset?+high_residual,65.49,control
sub-8125,ses-3,run-02,anode,control,60.41377074,2.23063422,89.06378381,50.70959426597623,0.2428270897315382,94.33678439161986,active,9.704176474023768,1.9878071302684617,-5.273000581619854,11.22171793264765,P8,P8,a_baseline,103.63,0.0703,50.28,59.09,True,rigid_offset?+high_residual,64.62,control
sub-8125,ses-4,run-01,anode,control,64.41944172,0.56922937,86.26312336,50.70959426597623,0.2428270897315382,94.33678439161986,active,13.709847454023766,0.32640228026846174,-8.073661031619864,15.913844856434396,P8,P8,a_baseline,103.76,0.0564,51.71,59.29,True,rigid_offset?+high_residual,69.03,control
sub-8125,ses-4,run-02,anode,control,64.10770388,-0.65513006,87.03993712,50.70959426597623,0.2428270897315382,94.33678439161986,active,13.398109614023774,-0.8979571497315382,-7.296847271619853,15.28265841983967,P8,P8,a_baseline,102.14,0.0506,52.37,59.2,True,rigid_offset?+high_residual,68.51,control
sub-8126,ses-1,run-01,anode,target,-51.29218708,60.32673482,84.00251332,-48.9455726144968,56.08894554703044,86.5009097294013,active,-2.346614465503201,4.237789272969557,-2.4983964094012947,5.450453374749114,P8,P8,a_baseline,111.2,0.0202,40.48,42.53,True,,,target
sub-8126,ses-1,run-02,anode,target,-51.22014018,59.292228,85.90257579,-48.9455726144968,56.08894554703044,86.5009097294013,active,-2.2745675655032045,3.2032824529695603,-0.5983339394013001,3.974000451255804,P8,P8,a_baseline,112.8,0.0208,40.86,42.81,True,,,target
sub-8126,ses-2,run-01,anode,target,-56.87604566,15.98671444,67.37086141,-48.9455726144968,56.08894554703044,86.5009097294013,active,-7.930473045503206,-40.10223110703044,-19.130048319401297,45.13358052702844,P8,P8,a_baseline,107.88,0.0137,41.53,42.83,True,rigid_offset?+high_residual,67.95,target
sub-8126,ses-2,run-02,anode,target,-57.02356475,15.37741118,67.17859913,-48.9455726144968,56.08894554703044,86.5009097294013,active,-8.077992135503202,-40.71153436703044,-19.322310599401305,45.78247125657251,P8,P8,a_baseline,108.0,0.0128,41.63,42.94,True,rigid_offset?+high_residual,68.29,target
sub-8126,ses-3,run-01,anode,target,-55.17717303,65.93534044,73.68576999,-48.9455726144968,56.08894554703044,86.5009097294013,active,-6.231600415503202,9.846394892969563,-12.815139739401303,17.320858600750118,P8,P8,a_baseline,106.91,0.0398,40.05,43.74,True,rigid_offset?+high_residual,54.12,target
sub-8126,ses-3,run-02,anode,target,-54.60116858,65.47846053,73.81398484,-48.9455726144968,56.08894554703044,86.5009097294013,active,-5.655595965503203,9.389514982969565,-12.686924889401297,16.76624049957939,P8,P8,a_baseline,107.06,0.0543,39.39,44.85,True,rigid_offset?+high_residual,53.96,target
sub-8126,ses-4,run-01,anode,target,-53.97259023,60.47255165,80.02057035,-48.9455726144968,56.08894554703044,86.5009097294013,active,-5.027017615503205,4.3836061029695585,-6.4803393794013004,9.299554131504946,P8,P8,a_baseline,108.42,0.0333,41.31,44.82,True,rigid_offset?+high_residual,49.15,target
sub-8126,ses-4,run-02,anode,target,-54.24974534,59.42865852,79.88478545,-48.9455726144968,56.08894554703044,86.5009097294013,active,-5.3041727255032,3.339712972969558,-6.616124279401305,9.113782503674127,P8,P8,a_baseline,108.96,0.0439,40.55,45.15,True,rigid_offset?+high_residual,49.13,target
sub-8128,ses-1,run-01,anode,target,-54.38892479,59.09719428,68.2545799,-47.20916957761193,62.6270422301124,74.0777437977576,active,-7.179755212388066,-3.529847950112405,-5.82316389775761,9.895349879659332,P8,P8,a_baseline,107.29,0.1576,40.52,58.42,True,rigid_offset?+high_residual,56.02,target
sub-8128,ses-1,run-02,anode,target,-56.55374262,56.08518661,68.4368426,-47.20916957761193,62.6270422301124,74.0777437977576,active,-9.34457304238807,-6.5418556201124005,-5.6409011977576,12.725434633904854,P8,P8,a_baseline,107.15,0.1794,40.29,60.97,True,different_montage?+high_residual,57.52,target
sub-8128,ses-2,run-01,anode,target,-46.56279742,63.93027326,75.40562626,-47.20916957761193,62.6270422301124,74.0777437977576,active,0.6463721576119283,1.3032310298875984,1.3278824622423997,1.9696395398470068,P8,P8,a_baseline,114.22,0.029,40.03,42.98,True,rigid_offset?+high_residual,52.76,target
sub-8128,ses-2,run-02,anode,target,-46.35530187,62.88979021,75.91223284,-47.20916957761193,62.6270422301124,74.0777437977576,active,0.8538677076119328,0.26274797988759957,1.8344890422423958,2.040459901381278,P8,P8,a_baseline,114.22,0.0335,39.56,42.93,True,rigid_offset?+high_residual,52.64,target
sub-8129,ses-1,run-01,anode,target,-53.39206716,43.91886922,52.70464899,-51.61284902834884,24.311457978086068,60.45906312468784,active,-1.779218131651163,19.60741124191393,-7.754414134687835,21.160036184793622,P8,P8,a_baseline,108.75,0.008,41.59,42.42,True,rigid_offset?+high_residual,53.22,target
sub-8129,ses-1,run-02,anode,target,-52.95333527,43.96172137,52.1004753,-51.61284902834884,24.311457978086068,60.45906312468784,active,-1.3404862416511563,19.65026339191393,-8.358587824687838,21.396161925884478,P8,P8,a_baseline,109.55,0.005,41.62,42.07,True,rigid_offset?+high_residual,53.0,target
sub-8130,ses-3,run-01,anode,control,60.85346775,3.52817505,83.82750471,50.17643900137627,14.8343344838993,91.3936649981883,active,10.677028748623727,-11.3061594338993,-7.5661602881883,17.293784014791132,P8,P8,a_baseline,93.82,0.0501,52.41,59.19,True,rigid_offset?+high_residual,67.58,control
sub-8130,ses-3,run-02,anode,control,59.98790865,5.80708029,81.12143632,50.17643900137627,14.8343344838993,91.3936649981883,active,9.811469648623728,-9.0272541938993,-10.272228678188299,16.830773510570786,P8,P8,a_baseline,89.8,0.0175,57.19,59.66,True,rigid_offset?+high_residual,70.86,control
sub-8131,ses-1,run-01,anode,target,-67.94742429,43.26683924,60.28367943,-60.49502145092206,51.63404311739017,65.13401535466569,active,-7.452402839077941,-8.367203877390168,-4.850335924665693,12.209593252185455,P8,P8,a_baseline,111.73,0.0323,40.88,44.15,True,rigid_offset?+high_residual,51.86,target
sub-8131,ses-1,run-02,anode,target,-68.47428724,42.07327614,61.07033621,-60.49502145092206,51.63404311739017,65.13401535466569,active,-7.979265789077935,-9.560766977390173,-4.0636791446656915,13.099253258086692,P8,P8,a_baseline,110.72,0.0294,41.28,44.27,True,rigid_offset?+high_residual,52.23,target
sub-8131,ses-2,run-01,anode,target,-64.45110852,41.56095213,67.20842816,-60.49502145092206,51.63404311739017,65.13401535466569,active,-3.9560870690779453,-10.073090987390174,2.0744128053343047,11.019118631964256,P8,P8,a_baseline,108.82,0.0186,40.77,42.67,True,rigid_offset?+high_residual,48.72,target
sub-8131,ses-2,run-02,anode,target,-64.28254152,41.4439764,67.4439561,-60.49502145092206,51.63404311739017,65.13401535466569,active,-3.787520069077935,-10.190066717390174,2.309940745334302,11.113891947715105,P8,P8,a_baseline,107.78,0.0174,40.95,42.71,True,rigid_offset?+high_residual,49.0,target
sub-8131,ses-3,run-01,anode,target,-65.77546814,52.04675483,59.09799576,-60.49502145092206,51.63404311739017,65.13401535466569,active,-5.280446689077941,0.412711712609827,-6.036019594665689,8.030378617543986,P8,P8,a_baseline,108.11,0.0426,41.12,45.14,True,rigid_offset?+high_residual,52.14,target
sub-8131,ses-3,run-02,anode,target,-64.82530396,51.51455281,60.43452001,-60.49502145092206,51.63404311739017,65.13401535466569,active,-4.330282509077939,-0.11949030739017275,-4.699495344665692,6.3914693957274835,P8,P8,a_baseline,108.54,0.0489,40.36,45.05,True,rigid_offset?+high_residual,51.56,target
sub-8131,ses-4,run-01,anode,target,-64.73862557,51.53440079,62.91651602,-60.49502145092206,51.63404311739017,65.13401535466569,active,-4.243604119077936,-0.0996423273901712,-2.217499334665689,4.789092587547847,P8,P8,a_baseline,107.51,0.0636,39.04,45.64,True,rigid_offset?+high_residual,48.83,target
sub-8131,ses-4,run-02,anode,target,-63.5060769,52.37508329,63.03764919,-60.49502145092206,51.63404311739017,65.13401535466569,active,-3.0110554490779364,0.7410401726098286,-2.096366164665689,3.7430397474777997,P8,P8,a_baseline,108.91,0.0558,39.55,45.29,True,rigid_offset?+high_residual,48.39,target
sub-8132,ses-1,run-01,anode,control,66.46198161,2.87970062,80.60912362,56.89503259359034,-8.602826212373854,91.37587701734684,active,9.566949016409659,11.482526832373853,-10.766753397346832,18.4200411144505,P8,P8,a_baseline,96.17,0.0183,56.85,59.42,True,rigid_offset?+high_residual,74.63,control
sub-8132,ses-1,run-02,anode,control,66.3299604,1.68293477,80.73462762,56.89503259359034,-8.602826212373854,91.37587701734684,active,9.434927806409668,10.285760982373853,-10.64124939734684,17.551379730244037,P8,P8,a_baseline,96.26,0.0112,57.44,58.92,True,rigid_offset?+high_residual,74.35,control
sub-8132,ses-2,run-01,anode,control,67.36608266,-15.75857359,80.6659622,56.89503259359034,-8.602826212373854,91.37587701734684,active,10.471050066409667,-7.155747377626145,-10.709914817346842,16.599695341194874,P8,P8,a_baseline,105.04,0.0504,53.36,59.83,True,rigid_offset?+high_residual,67.74,control
sub-8132,ses-2,run-02,anode,control,67.69644434,-16.20909293,81.35440269,56.89503259359034,-8.602826212373854,91.37587701734684,active,10.801411746409663,-7.606266717626147,-10.021474327346837,16.58178931203794,P8,P8,a_baseline,105.14,0.0468,53.68,59.71,True,rigid_offset?+high_residual,67.83,control
sub-8132,ses-3,run-01,anode,control,63.20680065,-0.16312518,85.27062504,56.89503259359034,-8.602826212373854,91.37587701734684,active,6.311768056409662,8.439701032373854,-6.105251977346839,12.179534934498246,P8,P8,a_baseline,103.46,0.0394,55.15,60.49,True,rigid_offset?+high_residual,67.76,control
sub-8132,ses-3,run-02,anode,control,62.08481852,-0.21061468,85.37247366,56.89503259359034,-8.602826212373854,91.37587701734684,active,5.189785926409662,8.392211532373853,-6.003403357346841,11.550062520916144,P8,P8,a_baseline,102.11,0.0602,52.92,60.7,True,rigid_offset?+high_residual,67.34,control
sub-8132,ses-4,run-01,anode,control,67.53057733,-18.4007866,81.45157,56.89503259359034,-8.602826212373854,91.37587701734684,active,10.635544736409663,-9.797960387626146,-9.924307017346834,17.53872028889856,P8,P8,a_baseline,90.65,0.0606,51.51,59.56,True,rigid_offset?+high_residual,71.35,control
sub-8132,ses-4,run-02,anode,control,67.57726164,-18.81668106,82.07446637,56.89503259359034,-8.602826212373854,91.37587701734684,active,10.682229046409667,-10.213854847626147,-9.301410647346842,17.462791537406375,P8,P8,a_baseline,89.7,0.0721,50.3,59.37,True,different_montage?+high_residual,71.22,control
sub-8133,ses-1,run-01,anode,target,-60.59699968,48.63820317,70.74069587,-53.2824372092475,43.0270758014876,82.81792853833254,active,-7.314562470752506,5.611127368512399,-12.077232668332542,15.193654050597855,P8,P8,a_baseline,108.84,0.0691,39.2,45.64,True,rigid_offset?+high_residual,53.6,target
sub-8133,ses-1,run-02,anode,target,-61.05234267,48.60406337,71.41961564,-53.2824372092475,43.0270758014876,82.81792853833254,active,-7.769905460752504,5.576987568512401,-11.398312898332534,14.879373580116445,P8,P8,a_baseline,108.44,0.0669,39.49,46.28,True,rigid_offset?+high_residual,53.42,target
sub-8133,ses-2,run-01,anode,target,-52.45578305,41.4199082,87.55068887,-53.2824372092475,43.0270758014876,82.81792853833254,active,0.8266541592474965,-1.6071676014875962,4.732760331667464,5.066099599818158,P8,P8,a_baseline,109.78,0.0357,40.67,44.05,True,rigid_offset?+high_residual,50.77,target
sub-8133,ses-2,run-02,anode,target,-52.75467073,39.74879339,89.98610889,-53.2824372092475,43.0270758014876,82.81792853833254,active,0.5277664792474965,-3.278282411487595,7.168180351667459,7.899903960183164,P8,P8,a_baseline,111.03,0.0349,40.35,43.74,True,rigid_offset?+high_residual,51.23,target
sub-8133,ses-4,run-01,anode,target,-56.31489315,43.72411994,80.70804244,-53.2824372092475,43.0270758014876,82.81792853833254,active,-3.032455940752506,0.6970441385124033,-2.109886098332538,3.7594253432641223,P8,P8,a_baseline,111.17,0.0359,41.39,45.09,True,rigid_offset?+high_residual,51.38,target
sub-8133,ses-4,run-02,anode,target,-56.12399283,42.70593995,82.24948894,-53.2824372092475,43.0270758014876,82.81792853833254,active,-2.8415556207525015,-0.3211358514875968,-0.5684395983325317,2.9155943061223804,P8,P8,a_baseline,110.93,0.0396,41.19,45.33,True,rigid_offset?+high_residual,50.84,target
sub-8134,ses-2,run-01,anode,control,44.25875823,29.06548709,84.65137432,48.21372863974926,19.577965271772666,82.9940650274245,active,-3.954970409749265,9.487521818227336,1.6573092925755049,10.411605797598616,P8,P8,a_baseline,99.79,0.0294,54.7,58.66,True,rigid_offset?+high_residual,70.36,control
sub-8134,ses-2,run-02,anode,control,44.2593149,29.04290146,84.85235081,48.21372863974926,19.577965271772666,82.9940650274245,active,-3.9544137397492634,9.464936188227334,1.858285782575507,10.424760482718794,P8,P8,a_baseline,99.54,0.0316,54.79,59.21,True,rigid_offset?+high_residual,70.42,control
sub-8134,ses-3,run-01,anode,control,57.90627914,24.9097684,72.84370186,48.21372863974926,19.577965271772666,82.9940650274245,active,9.69255050025074,5.331803128227335,-10.150363167424501,15.01344504864535,P8,P8,a_baseline,100.7,0.0399,56.97,62.14,True,rigid_offset?+high_residual,71.44,control
sub-8135,ses-1,run-01,anode,control,55.03315636,24.16022363,83.79023832,49.35152335290703,22.200377150837667,90.44694589761764,active,5.6816330070929695,1.9598464791623336,-6.656707577617638,8.968484131841088,P8,P8,a_baseline,98.03,0.0287,57.4,61.56,True,rigid_offset?+high_residual,69.93,control
sub-8135,ses-1,run-02,anode,control,54.39422838,24.2057148,83.85311354,49.35152335290703,22.200377150837667,90.44694589761764,active,5.042705027092971,2.005337649162332,-6.593832357617643,8.539840644753394,P8,P8,a_baseline,98.24,0.0229,57.64,60.87,True,rigid_offset?+high_residual,69.79,control
sub-8137,ses-3,run-01,anode,target,-53.64107633,40.79916063,71.60462119,-52.53496808434354,33.6722027216135,73.36171091112634,active,-1.1061082456564577,7.126957908386501,-1.7570897211263343,7.423231692942766,P8,P8,a_baseline,111.18,0.2384,42.4,68.73,False,different_montage?+high_residual,60.11,target
sub-8137,ses-3,run-02,anode,target,-52.60105047,42.69038984,65.47632996,-52.53496808434354,33.6722027216135,73.36171091112634,active,-0.06608238565645763,9.0181871183865,-7.885380951126336,11.979620132888703,P8,P8,a_baseline,111.64,0.2309,43.18,69.01,False,different_montage?+high_residual,61.85,target
sub-8138,ses-1,run-01,anode,target,-44.62918084,59.86206783,86.99367822,-42.68800786809007,59.35415806562014,86.0093101889525,active,-1.9411729719099284,0.5079097643798605,0.9843680310475094,2.2349732115115786,P8,P8,a_baseline,110.57,0.0499,39.64,44.66,True,rigid_offset?+high_residual,47.16,target
sub-8138,ses-1,run-02,anode,target,-43.6766943,59.54215162,86.91474817,-42.68800786809007,59.35415806562014,86.0093101889525,active,-0.9886864319099331,0.1879935543798581,0.9054379810474984,1.3537578715023368,P8,P8,a_baseline,109.58,0.0533,39.56,44.85,True,rigid_offset?+high_residual,46.91,target
sub-8138,ses-2,run-01,anode,target,-44.74256111,56.85152737,87.8903115,-42.68800786809007,59.35415806562014,86.0093101889525,active,-2.054553241909929,-2.502630695620141,1.8810013110474983,3.7446649188766084,P8,P8,a_baseline,112.81,0.0464,39.63,43.7,True,rigid_offset?+high_residual,48.03,target
sub-8138,ses-2,run-02,anode,target,-43.87647055,55.59361063,89.573534,-42.68800786809007,59.35415806562014,86.0093101889525,active,-1.1884626819099324,-3.76054743562014,3.5642238110474977,5.315811503155441,P8,P8,a_baseline,112.24,0.0612,38.92,44.68,True,rigid_offset?+high_residual,48.47,target
sub-8138,ses-4,run-01,anode,target,-44.97526175,53.41537311,90.91648439,-42.68800786809007,59.35415806562014,86.0093101889525,active,-2.2872538819099333,-5.938784955620143,4.907174201047496,8.036233925716594,P8,P8,a_baseline,107.49,0.0638,39.34,45.98,True,rigid_offset?+high_residual,49.08,target
sub-8138,ses-4,run-02,anode,target,-45.8799779,53.41233251,90.63437954,-42.68800786809007,59.35415806562014,86.0093101889525,active,-3.191970031909932,-5.941825555620142,4.6250693510475,8.178339080768824,P8,P8,a_baseline,108.12,0.0449,41.03,45.41,True,rigid_offset?+high_residual,49.49,target
sub-8140,ses-1,run-01,anode,target,-47.66450284,60.60757023,75.30090533,-43.28468603025593,62.9633456753616,75.10375766796206,active,-4.379816809744064,-2.3557754453616013,0.1971476620379491,4.977081517971385,P8,P8,a_baseline,109.69,0.0247,43.46,46.16,True,rigid_offset?+high_residual,52.84,target
sub-8140,ses-1,run-02,anode,target,-47.91061342,60.02546605,75.93715481,-43.28468603025593,62.9633456753616,75.10375766796206,active,-4.625927389744064,-2.937879625361603,0.8333971420379385,5.543003852123518,P8,P8,a_baseline,108.46,0.0194,44.52,46.58,True,rigid_offset?+high_residual,53.12,target
sub-8140,ses-2,run-01,anode,target,-47.17618813,63.60222786,71.26589852,-43.28468603025593,62.9633456753616,75.10375766796206,active,-3.8915020997440664,0.6388821846383976,-3.837859147962064,5.502828534286427,P8,P8,a_baseline,110.05,0.0501,41.22,45.93,True,rigid_offset?+high_residual,51.51,target
sub-8140,ses-2,run-02,anode,target,-47.13297082,62.63287786,70.98840263,-43.28468603025593,62.9633456753616,75.10375766796206,active,-3.8482847897440635,-0.33046781536160097,-4.115355037962061,5.643992548581642,P8,P8,a_baseline,110.39,0.0627,40.4,46.31,True,rigid_offset?+high_residual,51.24,target
sub-8140,ses-3,run-01,anode,target,-48.62819315,69.0976649,66.92510135,-43.28468603025593,62.9633456753616,75.10375766796206,active,-5.343507119744068,6.134319224638396,-8.178656317962052,11.535742709330178,P8,P8,a_baseline,110.66,0.0391,41.08,44.98,True,rigid_offset?+high_residual,52.97,target
sub-8140,ses-3,run-02,anode,target,-49.21323542,68.09230502,68.91951696,-43.28468603025593,62.9633456753616,75.10375766796206,active,-5.928549389744063,5.128959344638396,-6.184240707962061,9.98492638729016,P8,P8,a_baseline,107.72,0.0415,41.09,45.23,True,rigid_offset?+high_residual,52.47,target
sub-8140,ses-4,run-01,anode,target,-50.50245796,62.45517013,69.18653265,-43.28468603025593,62.9633456753616,75.10375766796206,active,-7.2177719297440674,-0.5081755453616026,-5.917225017962053,9.34708649408472,P8,P8,a_baseline,108.59,0.0174,43.03,44.69,True,rigid_offset?+high_residual,52.68,target
sub-8140,ses-4,run-02,anode,target,-51.11236001,61.02643154,70.95955278,-43.28468603025593,62.9633456753616,75.10375766796206,active,-7.82767397974407,-1.9369141353616044,-4.144204887962061,9.066341624620959,P8,P8,a_baseline,109.91,0.0247,42.91,45.43,True,rigid_offset?+high_residual,52.6,target
sub-8141,ses-3,run-01,anode,control,64.87935859,11.05506857,68.25267053,52.57964977025409,9.609728211818949,80.3630460061338,active,12.299708819745902,1.4453403581810509,-12.110375476133797,17.32146183133701,P8,P8,a_baseline,103.97,0.0375,53.0,57.59,True,rigid_offset?+high_residual,67.26,control
sub-8141,ses-3,run-02,anode,control,64.11631482,11.12239943,68.81482825,52.57964977025409,9.609728211818949,80.3630460061338,active,11.536665049745906,1.512671218181051,-11.548217756133795,16.393417826293145,P8,P8,a_baseline,103.64,0.0463,52.05,57.68,True,rigid_offset?+high_residual,66.78,control
sub-8142,ses-1,run-01,anode,target,-63.58864185,65.42109343,62.91043191,-54.17659028918813,70.23190694156322,74.03794815896104,active,-9.412051560811875,-4.810813511563225,-11.127516248961044,15.347711852172381,P8,P8,a_baseline,113.09,0.0173,41.14,42.83,True,rigid_offset?+high_residual,40.6,target
sub-8142,ses-1,run-02,anode,target,-63.46816613,65.83723069,63.68998971,-54.17659028918813,70.23190694156322,74.03794815896104,active,-9.291575840811873,-4.394676251563226,-10.347958448961045,14.58515701057198,P8,P8,a_baseline,112.19,0.0127,41.82,43.11,True,rigid_offset?+high_residual,40.6,target
sub-8142,ses-2,run-01,anode,target,-59.23735182,66.12585682,75.85298677,-54.17659028918813,70.23190694156322,74.03794815896104,active,-5.060761530811874,-4.106050121563229,1.8150386110389576,6.765007023802486,P8,P8,a_baseline,107.01,0.0614,39.11,45.34,True,rigid_offset?+high_residual,49.39,target
sub-8142,ses-2,run-02,anode,target,-60.07942594,65.54607123,75.8833588,-54.17659028918813,70.23190694156322,74.03794815896104,active,-5.902835650811873,-4.685835711563229,1.8454106410389528,7.7592567601746945,P8,P8,a_baseline,107.45,0.073,38.35,45.62,True,rigid_offset?+high_residual,49.65,target
sub-8142,ses-4,run-01,anode,target,-56.77749776,71.21671777,71.97927327,-54.17659028918813,70.23190694156322,74.03794815896104,active,-2.600907470811876,0.9848108284367783,-2.0586748889610504,3.460161027751477,P8,P8,a_baseline,110.98,0.0329,41.65,44.88,True,rigid_offset?+high_residual,50.99,target
sub-8142,ses-4,run-02,anode,target,-56.35390658,70.34325437,71.09502293,-54.17659028918813,70.23190694156322,74.03794815896104,active,-2.1773162908118735,0.11134742843677259,-2.9429252289610446,3.6625009738305425,P8,P8,a_baseline,111.58,0.0323,41.75,44.84,True,rigid_offset?+high_residual,51.31,target
sub-8143,ses-1,run-01,anode,control,59.52627749,19.77061153,90.58633135,60.3688531756,10.877762529150669,90.13517871520168,active,-0.8425756856000035,8.892849000849331,0.45115263479831924,8.944061484457535,P8,P8,a_baseline,110.29,0.0745,58.67,69.42,True,rigid_offset?+high_residual,71.15,control
sub-8143,ses-1,run-02,anode,control,59.15164088,17.66775724,91.07921086,60.3688531756,10.877762529150669,90.13517871520168,active,-1.2172122955999995,6.7899947108493315,0.944032144798328,6.962530476510264,P8,P8,a_baseline,107.96,0.0673,60.2,69.26,True,rigid_offset?+high_residual,71.2,control
sub-8144,ses-1,run-01,anode,control,57.64353345,-1.94773213,82.89544266,53.07624981291784,-1.382087697880813,84.79615135530007,active,4.567283637082163,-0.5656444321191869,-1.900708695300068,4.979229557826712,P8,P8,a_baseline,101.61,0.0241,55.89,59.24,True,rigid_offset?+high_residual,67.8,control
sub-8144,ses-1,run-02,anode,control,57.81547333,-2.58674315,83.83219172,53.07624981291784,-1.382087697880813,84.79615135530007,active,4.739223517082166,-1.2046554521191872,-0.9639596353000712,4.98403977529002,P8,P8,a_baseline,100.42,0.03,54.77,58.91,True,rigid_offset?+high_residual,67.47,control
sub-8144,ses-3,run-01,anode,control,63.03259973,-8.07093833,77.60449767,53.07624981291784,-1.382087697880813,84.79615135530007,active,9.956349917082164,-6.688850632119188,-7.191653685300068,13.985331929542227,P8,P8,a_baseline,99.13,0.0374,54.86,59.74,True,rigid_offset?+high_residual,69.85,control
sub-8144,ses-3,run-02,anode,control,62.73729952,-7.80368858,77.03422714,53.07624981291784,-1.382087697880813,84.79615135530007,active,9.661049707082164,-6.421600882119187,-7.76192421530007,13.957804514178004,P8,P8,a_baseline,98.58,0.0387,54.94,60.38,True,rigid_offset?+high_residual,69.57,control
sub-8145,ses-1,run-01,anode,control,50.17097009,7.86377953,65.41188545,49.93143555624766,3.982306265284196,65.048315604365,active,0.2395345337523338,3.8814732647158046,0.3635698456349985,3.905815475700122,P8,P8,a_baseline,105.26,0.0522,53.73,60.75,True,rigid_offset?+high_residual,70.07,control
sub-8145,ses-1,run-02,anode,control,50.47779923,7.5957061,66.19074443,49.93143555624766,3.982306265284196,65.048315604365,active,0.5463636737523387,3.6133998347158043,1.142428825634994,3.828879111588939,P8,P8,a_baseline,105.89,0.0618,52.74,61.12,True,rigid_offset?+high_residual,69.88,control
sub-8145,ses-2,run-01,anode,control,50.17097009,7.86377953,65.41188545,49.93143555624766,3.982306265284196,65.048315604365,active,0.2395345337523338,3.8814732647158046,0.3635698456349985,3.905815475700122,P8,P8,a_baseline,105.26,0.0522,53.73,60.75,True,rigid_offset?+high_residual,70.07,control
sub-8145,ses-2,run-02,anode,control,50.47779923,7.5957061,66.19074443,49.93143555624766,3.982306265284196,65.048315604365,active,0.5463636737523387,3.6133998347158043,1.142428825634994,3.828879111588939,P8,P8,a_baseline,105.89,0.0618,52.74,61.12,True,rigid_offset?+high_residual,69.88,control
sub-8145,ses-3,run-01,anode,control,61.01226,13.8934093,58.67613037,49.93143555624766,3.982306265284196,65.048315604365,active,11.080824443752334,9.911103034715804,-6.3721852343649985,16.174652341830143,P8,P8,a_baseline,99.28,0.0328,53.61,58.1,True,different_montage?+high_residual,51.38,control
sub-8145,ses-3,run-02,anode,control,61.00060883,11.99810566,58.58694467,49.93143555624766,3.982306265284196,65.048315604365,active,11.069173273752334,8.015799394715804,-6.461370934365,15.11717404980627,P8,P8,a_baseline,101.19,0.0283,54.19,58.07,True,different_montage?+high_residual,50.51,control
sub-8146,ses-1,run-01,anode,target,-52.5525544,51.8160848,61.36276497,-50.445888841239565,53.4930354116626,60.65707205379946,active,-2.106665558760433,-1.6769506116626047,0.7056929162005403,2.7835598830272383,P8,P8,a_baseline,113.32,0.0314,40.79,44.03,True,rigid_offset?+high_residual,49.0,target
sub-8146,ses-1,run-02,anode,target,-53.3672661,50.92185974,61.80882386,-50.445888841239565,53.4930354116626,60.65707205379946,active,-2.9213772587604367,-2.5711756716626013,1.1517518062005365,4.058561524190371,P8,P8,a_baseline,113.53,0.0361,40.83,44.4,True,rigid_offset?+high_residual,49.35,target
sub-8149,ses-1,run-01,anode,control,66.37803471,-18.74229547,94.18793933,62.393057488403066,-5.588122023967363,98.3894269027226,active,3.984977221596928,-13.154173446032637,-4.201487572722598,14.372363073924168,P8,P8,a_baseline,91.19,0.0347,54.77,59.43,True,rigid_offset?+high_residual,67.68,control
sub-8149,ses-1,run-02,anode,control,66.49170213,-18.70581228,94.53016463,62.393057488403066,-5.588122023967363,98.3894269027226,active,4.098644641596927,-13.117690256032638,-3.859262272722603,14.274683563601853,P8,P8,a_baseline,91.48,0.0337,54.73,59.19,True,rigid_offset?+high_residual,67.44,control
sub-8149,ses-2,run-01,anode,control,70.6276533,-6.93308208,92.15254791,62.393057488403066,-5.588122023967363,98.3894269027226,active,8.23459581159694,-1.3449600560326376,-6.236878992722609,10.41710829849425,P8,P8,a_baseline,110.7,0.0429,53.64,59.01,True,rigid_offset?+high_residual,69.3,control
sub-8149,ses-2,run-02,anode,control,69.88120238,-8.96641643,94.12913495,62.393057488403066,-5.588122023967363,98.3894269027226,active,7.488144891596939,-3.378294406032638,-4.260291952722611,9.253932922482948,P8,P8,a_baseline,109.0,0.0401,53.98,59.24,True,rigid_offset?+high_residual,68.82,control
sub-8149,ses-3,run-01,anode,control,66.61772794,1.15362122,95.62820837,62.393057488403066,-5.588122023967363,98.3894269027226,active,4.2246704515969284,6.741743243967362,-2.7612185327226086,8.421595465090126,P8,P8,a_baseline,106.23,0.0119,56.76,58.43,True,rigid_offset?+high_residual,67.68,control
sub-8149,ses-3,run-02,anode,control,66.26793384,1.21713168,95.72145791,62.393057488403066,-5.588122023967363,98.3894269027226,active,3.8748763515969316,6.805253703967363,-2.6679689927226065,8.273101187683851,P8,P8,a_baseline,105.9,0.0228,56.33,59.55,True,rigid_offset?+high_residual,67.51,control
sub-8149,ses-4,run-01,anode,control,69.6132461,1.61099769,92.14163693,62.393057488403066,-5.588122023967363,98.3894269027226,active,7.220188611596932,7.199119713967363,-6.2477899727226,11.957981760578187,P8,P8,a_baseline,107.42,0.0276,56.84,60.49,True,rigid_offset?+high_residual,70.1,control
sub-8149,ses-4,run-02,anode,control,69.79577594,1.14846824,93.30530431,62.393057488403066,-5.588122023967363,98.3894269027226,active,7.402718451596932,6.736590263967362,-5.084122592722608,11.226316911437427,P8,P8,a_baseline,106.23,0.0319,56.74,60.99,True,rigid_offset?+high_residual,69.7,control
sub-8150,ses-2,run-01,anode,control,63.80684342,5.099024,75.32917804,58.99367694968729,0.3658306438468823,80.33844404459519,active,4.813166470312709,4.733193356153118,-5.00926600459519,8.406095212550687,P8,P8,a_baseline,97.65,0.0109,57.04,58.59,True,rigid_offset?+high_residual,69.41,control
sub-8150,ses-2,run-02,anode,control,64.00881394,4.12341757,77.00892892,58.99367694968729,0.3658306438468823,80.33844404459519,active,5.015136990312705,3.7575869261531176,-3.32951512459519,7.096247565023908,P8,P8,a_baseline,97.04,0.0075,57.35,58.39,True,rigid_offset?+high_residual,68.99,control
sub-8151,ses-1,run-01,anode,control,54.47613061,18.98500714,77.11863969,51.158406859137074,11.463462763990435,79.31758807289157,active,3.3177237508629247,7.521544376009565,-2.1989483828915724,8.509776417623588,P8,P8,a_baseline,99.93,0.0134,56.2,57.93,True,rigid_offset?+high_residual,69.28,control
sub-8151,ses-1,run-02,anode,control,54.26693797,18.54538752,77.60113736,51.158406859137074,11.463462763990435,79.31758807289157,active,3.108531110862927,7.081924756009563,-1.7164507128915716,7.922299348470102,P8,P8,a_baseline,97.97,0.0106,57.04,58.45,True,rigid_offset?+high_residual,69.53,control
sub-8151,ses-2,run-01,anode,control,53.3374556,15.98754041,76.61233995,51.158406859137074,11.463462763990435,79.31758807289157,active,2.1790487408629247,4.524077646009564,-2.705248122891561,5.7038495219095715,P8,P8,a_baseline,99.64,0.0233,55.57,58.73,True,rigid_offset?+high_residual,68.38,control
sub-8151,ses-2,run-02,anode,control,53.67550513,14.61475011,77.22964391,51.158406859137074,11.463462763990435,79.31758807289157,active,2.517098270862924,3.151287346009564,-2.0879441628915743,4.541575329074056,P8,P8,a_baseline,98.59,0.0189,56.11,58.77,True,rigid_offset?+high_residual,67.99,control
sub-8152,ses-4,run-01,anode,control,56.6617914,-12.12389401,71.30335859,47.30983293337621,-14.5899752302536,79.5105298742857,active,9.351958466623792,2.4660812202535993,-8.207171284285693,12.6845711096571,P8,P8,a_baseline,93.05,0.028,55.67,59.62,True,rigid_offset?+high_residual,69.91,control
sub-8152,ses-4,run-02,anode,control,56.92034257,-13.79034869,70.87471247,47.30983293337621,-14.5899752302536,79.5105298742857,active,9.610509636623796,0.7996265402536,-8.635817404285689,12.945216889634581,P8,P8,a_baseline,93.08,0.0278,55.94,59.65,True,rigid_offset?+high_residual,70.06,control
sub-8153,ses-3,run-01,anode,control,63.68349034,-7.91693715,75.69705619,50.76738698057677,-2.6240082265793867,83.91346794992633,active,12.916103359423232,-5.292928923420613,-8.21641175992633,16.197229540521498,P8,P8,a_baseline,97.36,0.0837,54.5,66.86,True,rigid_offset?+high_residual,70.94,control
sub-8153,ses-3,run-02,anode,control,63.57707277,-7.46435202,74.15205244,50.76738698057677,-2.6240082265793867,83.91346794992633,active,12.809685789423234,-4.8403437934206135,-9.761415509926323,16.816724140559813,P8,P8,a_baseline,96.59,0.079,53.94,65.5,True,rigid_offset?+high_residual,70.98,control
sub-8155,ses-1,run-01,anode,target,-46.42181146,60.05827971,73.76540286,-42.81939674821064,66.20680147349947,70.7970130912731,active,-3.6024147117893577,-6.148521763499467,2.968389768726894,7.7196534540758694,P8,P8,a_baseline,112.71,0.0129,41.03,42.35,True,rigid_offset?+high_residual,49.32,target
sub-8155,ses-1,run-02,anode,target,-46.76964391,59.3330148,73.49006063,-42.81939674821064,66.20680147349947,70.7970130912731,active,-3.950247161789356,-6.873786673499467,2.6930475387269013,8.372926663828292,P8,P8,a_baseline,113.89,0.0185,41.03,42.7,True,rigid_offset?+high_residual,49.29,target
sub-8155,ses-2,run-01,anode,target,-47.9263597,53.56863229,75.82030529,-42.81939674821064,66.20680147349947,70.7970130912731,active,-5.106962951789356,-12.638169183499471,5.023292198726892,14.527142025033527,P8,P8,a_baseline,108.64,0.0397,41.0,45.13,True,rigid_offset?+high_residual,50.95,target
sub-8155,ses-2,run-02,anode,target,-48.14185648,52.27880446,76.51930671,-42.81939674821064,66.20680147349947,70.7970130912731,active,-5.322459731789358,-13.927997013499464,5.722293618726894,15.970670701742359,P8,P8,a_baseline,108.98,0.0429,40.73,45.14,True,rigid_offset?+high_residual,51.11,target
sub-8155,ses-3,run-01,anode,target,-50.62758488,55.22633504,70.96406359,-42.81939674821064,66.20680147349947,70.7970130912731,active,-7.8081881317893576,-10.980466433499465,0.16705049872689415,13.474655871960127,P8,P8,a_baseline,111.37,0.0371,41.59,45.3,True,rigid_offset?+high_residual,53.28,target
sub-8155,ses-3,run-02,anode,target,-50.63967721,54.85837686,70.73960473,-42.81939674821064,66.20680147349947,70.7970130912731,active,-7.820280461789359,-11.348424613499468,-0.05740836127310445,13.782119700150227,P8,P8,a_baseline,111.8,0.035,41.51,45.1,True,rigid_offset?+high_residual,53.3,target
sub-8160,ses-3,run-01,anode,control,49.39778096,-5.67348417,94.11122128,48.8140370220556,0.887452076671334,92.76101262108936,active,0.5837439379443978,-6.560936246671334,1.3502086589106312,6.723816240838963,P8,P8,a_baseline,105.63,0.1249,54.3,71.34,True,rigid_offset?+high_residual,71.3,control
sub-8160,ses-3,run-02,anode,control,49.63016704,-10.13695979,100.16220107,48.8140370220556,0.887452076671334,92.76101262108936,active,0.8161300179444027,-11.024411866671334,7.401188448910631,13.303432476939243,P8,P8,a_baseline,102.79,0.1243,55.14,71.81,True,rigid_offset?+high_residual,73.46,control
sub-8161,ses-1,run-01,anode,control,57.61726168,2.50482073,76.89004765,46.318691201698336,-12.441197690087302,86.77107560418897,active,11.298570478301663,14.946018420087302,-9.881027954188966,21.181970514997005,P8,P8,a_baseline,102.64,0.0437,53.31,59.33,True,rigid_offset?+high_residual,69.42,control
sub-8161,ses-1,run-02,anode,control,58.54306347,0.73943352,78.66335619,46.318691201698336,-12.441197690087302,86.77107560418897,active,12.224372268301664,13.180631210087302,-8.107719414188963,19.72053322173533,P8,P8,a_baseline,103.54,0.0187,55.15,57.74,True,rigid_offset?+high_residual,69.08,control
sub-8161,ses-4,run-01,anode,control,53.51606786,-12.9396632,80.83231008,46.318691201698336,-12.441197690087302,86.77107560418897,active,7.197376658301664,-0.4984655099126982,-5.938765524188966,9.344497556173557,P8,P8,a_baseline,97.25,0.0466,52.81,58.92,True,rigid_offset?+high_residual,67.01,control
sub-8161,ses-4,run-02,anode,control,52.81615901,-20.08719165,93.51719397,46.318691201698336,-12.441197690087302,86.77107560418897,active,6.497467808301664,-7.645993959912699,6.746118365811029,12.090840523324704,P8,P8,a_baseline,104.77,0.047,54.17,59.83,True,rigid_offset?+high_residual,68.01,control
sub-8162,ses-2,run-01,anode,control,60.96832428,16.30449282,67.55187051,53.93725525615897,18.812413312825864,71.91192885294056,active,7.031069023841027,-2.507920492825864,-4.360058342940562,8.644981525150781,P8,P8,a_baseline,104.66,0.0201,55.84,58.53,True,rigid_offset?+high_residual,66.82,control
sub-8162,ses-2,run-02,anode,control,61.05864845,15.94954997,67.37138809,53.93725525615897,18.812413312825864,71.91192885294056,active,7.12139319384103,-2.8628633428258645,-4.540540762940566,8.917776514406846,P8,P8,a_baseline,105.51,0.021,56.5,59.09,True,rigid_offset?+high_residual,67.21,control
sub-8163,ses-1,run-01,anode,target,-52.92096002,52.74723033,79.96259889,-47.36797943642511,66.1148136950755,74.22315807473443,active,-5.552980583574893,-13.367583365075497,5.739440815265567,15.57141802328032,P8,P8,a_baseline,103.93,0.0292,41.45,44.14,True,rigid_offset?+high_residual,52.68,target
sub-8163,ses-1,run-02,anode,target,-52.60933085,52.60402228,80.10346299,-47.36797943642511,66.1148136950755,74.22315807473443,active,-5.24135141357489,-13.510791415075495,5.880304915265569,15.63941287896568,P8,P8,a_baseline,104.37,0.0287,41.28,43.93,True,rigid_offset?+high_residual,52.61,target
sub-8163,ses-4,run-01,anode,target,-52.62270645,63.23885643,72.98338092,-47.36797943642511,66.1148136950755,74.22315807473443,active,-5.254727013574893,-2.875957265075499,-1.2397771547344263,6.117216161877529,P8,P8,a_baseline,111.82,0.0509,38.41,42.94,True,rigid_offset?+high_residual,50.57,target
sub-8163,ses-4,run-02,anode,target,-51.13312733,64.59988047,42.17687598,-47.36797943642511,66.1148136950755,74.22315807473443,active,-3.765147893574891,-1.5149332250754952,-32.04628209473443,32.30225313243994,P8,P8,a_baseline,112.13,0.0537,38.28,43.28,True,rigid_offset?+high_residual,60.31,target
sub-8173,ses-1,run-01,anode,control,48.65265873,14.4422745,86.89588372,45.342231567173705,14.515826722514433,87.33719443604794,active,3.3104271628262936,-0.07355222251443294,-0.44131071604793704,3.3405228749274714,P8,P8,a_baseline,110.36,0.1071,51.77,67.06,True,rigid_offset?+high_residual,64.6,control
sub-8173,ses-1,run-02,anode,control,48.98317893,13.59383937,87.68571359,45.342231567173705,14.515826722514433,87.33719443604794,active,3.640947362826296,-0.9219873525144333,0.34851915395206845,3.7720052992724966,P8,P8,a_baseline,110.35,0.1139,50.95,67.26,True,rigid_offset?+high_residual,64.55,control
sub-8173,ses-2,run-01,anode,control,45.22378852,19.96374808,87.20862128,45.342231567173705,14.515826722514433,87.33719443604794,active,-0.1184430471737059,5.447921357485566,-0.12857315604793484,5.450725358081004,P8,P8,a_baseline,104.73,0.0093,56.83,58.14,True,rigid_offset?+high_residual,68.4,control
sub-8173,ses-2,run-02,anode,control,55.46420128,27.79864674,73.58109581,45.342231567173705,14.515826722514433,87.33719443604794,active,10.121969712826292,13.282820017485566,-13.756098626047944,21.636030779554883,P8,P8,a_baseline,105.0,0.0349,55.88,60.56,True,rigid_offset?+high_residual,72.54,control
sub-8179,ses-4,run-01,anode,target,-59.08644112,54.35995856,70.59949421,-56.89379379366167,45.22897125807943,77.64604140360554,active,-2.1926473263383315,9.13098730192057,-7.046547193605534,11.740377283428474,P8,P8,a_baseline,109.01,0.0691,39.78,45.98,True,rigid_offset?+high_residual,53.78,target
sub-8179,ses-4,run-02,anode,target,-58.15212468,53.01507871,70.34691675,-56.89379379366167,45.22897125807943,77.64604140360554,active,-1.258330886338328,7.786107451920564,-7.299124653605531,10.746352245354608,P8,P8,a_baseline,110.45,0.0728,39.74,46.42,True,rigid_offset?+high_residual,53.61,target
sub-8181,ses-3,run-01,anode,target,-56.36793606,51.32380733,80.92675593,-52.55066568844537,53.41332063920387,83.54190592664946,active,-3.8172703715546277,-2.0895133092038662,-2.615149996649464,5.077068885081686,P8,P8,a_baseline,109.11,0.0103,42.29,43.27,True,rigid_offset?+high_residual,49.44,target
sub-8181,ses-3,run-02,anode,target,-50.37989348,47.94917508,79.7844793,-52.55066568844537,53.41332063920387,83.54190592664946,active,2.1707722084453707,-5.464145559203864,-3.757426626649462,6.97763523894596,P8,P8,a_baseline,110.08,0.0077,41.82,42.61,True,rigid_offset?+high_residual,48.83,target
