index,anode,cathode1,cathode2,cathode3,exp,condition,subject,stim,session,run
P8_control_sub-2506,"[46.2895302496398, -7.38901432435648, 61.5846512828235]","[42.275726493349325, -54.52100776406167, 48.10618425463205]","[71.33735653467836, 21.545875118313447, 30.257954784614107]","[4.1873694933197445, 13.39940170239881, 76.07239846828578]",P8,control,sub-2506,sham,ses-baseline,run-baseline
P3_target_sub-064,"[-68.40020906390579, -53.59718896490202, 43.23644678381709]","[-66.71308171896786, -14.041559657669545, 41.59941673425878]","[-67.8733728669291, -70.77150420888502, 7.555576424408178]","[-43.482959715413216, -69.87624037033338, 68.85371571493165]",P3,target,sub-064,sham,ses-baseline,run-baseline
P1_control_sub-056,"[-49.954507694096186, -38.77512119958982, 83.80873282941015]","[-37.03883836240405, 9.303951294368165, 85.16683815886087]","[-77.31252227824804, -51.412173990977266, 45.61668602704828]","[-13.451289557372313, -70.4819632949875, 93.514079008798]",P1,control,sub-056,sham,ses-baseline,run-baseline
P2_control_sub-2016,"[5.19561321247715, 5.253495535719995, 100.12558432712503]","[-29.695103992715648, -12.601843109114059, 93.71240930927752]","[37.13270748689072, -16.827468602340268, 91.84624250993456]","[7.230872572894873, 44.079295987922826, 91.20466586925089]",P2,control,sub-2016,sham,ses-baseline,run-baseline
P1_control_sub-060,"[-54.32121599839465, -31.103327224589552, 70.83370199589423]","[-41.10982503664235, 16.7456821228323, 74.57822698817468]","[-74.47147451388167, -43.294145778732094, 27.988014497863134]","[-20.907609658995, -63.34935203695409, 85.84711683555287]",P1,control,sub-060,sham,ses-baseline,run-baseline
P7_control_sub-058,"[41.58165738568426, -14.196046636309243, 80.4827958868164]","[49.302237159199905, -62.266358232391, 73.752981299085]","[61.4932702000694, 17.026485714269484, 47.532320519246255]","[-3.0712241448686863, -0.898542615814792, 95.94017209824821]",P7,control,sub-058,sham,ses-baseline,run-baseline
P5_target_sub-5021,"[-49.92955344544847, 0.09092547074382658, 69.80894603292934]","[-32.78557703925041, 46.919916674227814, 71.89702365940687]","[-75.32989555874764, -10.361962693303353, 30.855095900713334]","[-18.340149403564574, -35.42935891751031, 83.71710528280647]",P5,target,sub-5021,sham,ses-baseline,run-baseline
P4_target_sub-4020,"[-70.85940533482234, 26.48095373477082, 33.020491240634435]","[-44.73170126006984, 66.21499999479718, 45.98732942019208]","[-74.51147669337118, 20.191503300343044, -15.83566370817478]","[-63.084818924317894, -15.131605711525758, 59.135877588969336]",P4,target,sub-4020,sham,ses-baseline,run-baseline
P1_control_sub-014,"[-51.151477172938634, -23.489609854062962, 84.74227615579127]","[-35.25718686973669, 23.4985712285653, 80.45963070981249]","[-78.0716077003376, -38.65121579793066, 47.95972717985968]","[-16.107974970615718, -55.54309040839549, 97.0797655259735]",P1,control,sub-014,sham,ses-baseline,run-baseline
P1_target_sub-059,"[68.98052335165892, -61.536917502918584, 10.901431240895278]","[61.66099269088293, -79.11089259655209, 33.96444196519931]","[60.16766596219166, -69.07906189612315, -16.63195475392249]","[75.28873567391678, -32.80683111089599, 15.893060190435392]",P1,target,sub-059,sham,ses-baseline,run-baseline
P1_control_sub-040,"[-39.690829276359445, -1.934022213453703, 61.795174606163094]","[-19.921888520992372, 43.68985310548152, 58.87565301592363]","[-72.28729861158759, -13.653396961869648, 27.63267879791995]","[-9.875972105041651, -38.73246400882223, 76.60764284172632]",P1,control,sub-040,sham,ses-baseline,run-baseline
P2_target_sub-2010,"[-28.197572325934825, -54.021935963611355, 88.23737418430693]","[-63.32702133290384, -11.158193513871762, 71.35944963150519]","[-14.261615843174198, -85.50098029498663, 39.85104227879705]","[20.002383698603165, -29.41889398603657, 110.32870809412745]",P2,target,sub-2010,sham,ses-baseline,run-baseline
P7_control_sub-045,"[39.255106280912706, -17.448865286406164, 89.97015369849196]","[44.046978562037474, -65.42025398380828, 79.09022999016304]","[62.05148101538155, 13.907390136023485, 59.57582164685486]","[-6.804854648766418, -3.4816325356988838, 100.2233089609747]",P7,control,sub-045,sham,ses-baseline,run-baseline
P4_target_sub-4005,"[-71.02355885783227, 25.661808937769468, 9.495900715450885]","[-46.72826906979724, 61.4840469920149, 33.473867266978196]","[-72.70099916646475, 30.382114451007734, -39.92035853678707]","[-68.09210974671703, -20.42681803210829, 27.77974237198255]",P4,target,sub-4005,sham,ses-baseline,run-baseline
P1_target_sub-1106,"[70.35977174262176, -55.97967326568357, 1.6619199089456076]","[62.86473788186445, -74.06105621264489, 24.392815609121907]","[63.10515578914871, -64.03675290357306, -26.17409686275489]","[76.1628561653545, -27.113104151129843, 7.249065795578179]",P1,target,sub-1106,sham,ses-baseline,run-baseline
P6_target_sub-6128,"[59.854768658903424, -80.77055285166294, -26.3587101696573]","[11.496771408252576, -111.89289978072543, -24.815279470050633]","[63.15613945895032, -42.97250107591479, -71.49516446101762]","[77.47903357053349, -60.16112154666188, 25.7161734403883]",P6,target,sub-6128,sham,ses-baseline,run-baseline
P3_target_sub-002,"[-61.43532338263444, -45.59389660592666, 64.80947027420022]","[-62.27766000515173, -5.911154864563402, 61.4765473741527]","[-66.34026489049577, -65.63692772375535, 30.929848221702084]","[-34.13660855870171, -60.65893361269984, 89.38650217207372]",P3,target,sub-002,sham,ses-baseline,run-baseline
P7_target_sub-103,"[42.238495118035964, 39.25082680903237, 43.57068326761057]","[37.22078073568118, 6.215455882163397, 65.09163359868099]","[62.32246975188252, 34.35849132001259, 9.842500435226507]","[10.27718490442289, 62.0931060229965, 40.35655171377375]",P7,target,sub-103,sham,ses-baseline,run-baseline
P2_target_sub-2021,"[-22.54897105034027, -68.74341479832823, 51.90932847827278]","[-68.46078432946824, -33.944953200581516, 42.909465728392625]","[-1.445800482836814, -86.65344575553699, -0.2546811615572715]","[19.035429815729923, -38.76249624520226, 79.42262019382223]",P2,target,sub-2021,sham,ses-baseline,run-baseline
P3_control_sub-010,"[53.861015391747316, -19.584429245527446, 75.67869607322486]","[57.256296789190145, -68.15594373587113, 68.32557057564694]","[70.8349077120737, 10.336033593010029, 39.948945831255166]","[12.836039159335622, -4.165684134963095, 98.03621758918379]",P3,control,sub-010,sham,ses-baseline,run-baseline
P5_target_sub-5013,"[-53.14436140129711, 5.413225137011753, 80.03345620986055]","[-33.9746075702937, 51.3272509359473, 81.7257480705662]","[-77.78724272181358, -5.562562128155742, 39.36089414745147]","[-24.051932731388906, -30.802783535839563, 96.05475616906108]",P5,target,sub-5013,sham,ses-baseline,run-baseline
P7_target_sub-099,"[47.60393298495416, 20.8565503518182, 66.10734158409976]","[38.46599706470484, -15.019225034931118, 80.70438315894923]","[66.55475873064037, 19.82032424861789, 31.849600373430516]","[19.225343204927935, 48.01206979474541, 68.23034991436685]",P7,target,sub-099,sham,ses-baseline,run-baseline
P8_control_sub-2522,"[50.808391300587665, 29.88294115182214, 106.68999484408887]","[58.50269085324241, -18.9849246017917, 106.8214707232451]","[71.24563706651435, 56.58525587212545, 70.2256450985813]","[7.137380095865404, 46.00324970906688, 123.02168137004193]",P8,control,sub-2522,sham,ses-baseline,run-baseline
P7_control_sub-105,"[44.4578143160117, -19.707176856933902, 45.97930481224196]","[57.719531614223094, -63.643792101300974, 28.107771772377884]","[62.086891912694995, 20.66157390249668, 22.955870566498312]","[-2.652355455290219, -15.855224020028244, 60.06303648612051]",P7,control,sub-105,sham,ses-baseline,run-baseline
P1_target_sub-005,"[71.18967617578589, -63.64326201175672, 4.554108369797411]","[64.20172017846012, -83.44694865111138, 25.860253103546086]","[65.91075602307009, -70.00841500114994, -23.368670589026834]","[78.02799190667056, -35.51748264073369, 12.300768767129695]",P1,target,sub-005,sham,ses-baseline,run-baseline
P1_target_sub-056,"[78.53080966074718, -51.368726144711225, 4.663979684492051]","[74.34379468429923, -72.63400931050377, 25.351232015764595]","[72.60078799070175, -57.4688272173696, -23.93545038061427]","[80.79575355096704, -22.826561843435844, 13.117960411077409]",P1,target,sub-056,sham,ses-baseline,run-baseline
P7_control_sub-096,"[59.594054128117705, -37.19431389430857, 56.78710140632027]","[55.15003166797209, -82.42773051327653, 40.180308363080925]","[79.85031067288786, -4.84592875940768, 25.592554226716263]","[19.80609111687988, -20.012532575750292, 81.06948534487523]",P7,control,sub-096,sham,ses-baseline,run-baseline
P8_control_sub-2513,"[49.333319927670004, -14.689789306609425, 82.17125006161534]","[47.23700451397312, -61.575182223160255, 67.74433858206181]","[72.47769470875079, 15.407014841779743, 50.37097653376225]","[6.060611389029482, 3.4220396225275826, 95.84546787989329]",P8,control,sub-2513,sham,ses-baseline,run-baseline
P4_target_sub-4021,"[-66.48423016386387, 41.33199367557365, 47.81206044133787]","[-37.7066996624162, 78.82909175885327, 61.80112877687442]","[-72.39766813903579, 36.92310259318848, -0.8471121077906781]","[-61.84711212787906, -1.4382782477509577, 72.93444079751622]",P4,target,sub-4021,sham,ses-baseline,run-baseline
P3_control_sub-063,"[51.41493919944162, -24.762569397581313, 85.84041827482496]","[53.655013054470274, -71.40706367282058, 68.76114617982002]","[75.65070915421019, 9.872785734409602, 59.80779745951733]","[7.446797356288726, -10.40637768047776, 102.21322360721413]",P3,control,sub-063,sham,ses-baseline,run-baseline
P7_control_sub-087,"[50.20079534186376, -11.500082486792907, 51.22838505727608]","[56.02325831231659, -58.91145031714743, 39.400708828718344]","[70.04752811150345, 21.62181341908067, 19.997139901191073]","[4.798638323674236, 0.41642388398550734, 66.84410333899393]",P7,control,sub-087,sham,ses-baseline,run-baseline
P1_target_sub-039,"[74.63788623903447, -58.95669393253502, 3.750091824294497]","[67.92346677644652, -76.33627427615612, 26.897912358226076]","[71.49029620066513, -69.30790615746459, -24.079744958661106]","[81.8122194112157, -30.35161368623541, 8.235895268936964]",P1,target,sub-039,sham,ses-baseline,run-baseline
P6_control_sub-6203,"[-58.572810086280235, 24.1948116819236, 33.17472738077887]","[-24.732639067373693, 57.55842446300966, 46.47533004696153]","[-68.24854354489247, 20.716741906533223, -15.046509948354885]","[-58.21812155504982, -18.715540522069027, 58.12197793311674]",P6,control,sub-6203,sham,ses-baseline,run-baseline
P1_control_sub-025,"[-43.87929254785351, -21.264535846537985, 95.52303676452728]","[-32.5548478384214, 26.703437566082698, 89.60714966795818]","[-69.80880590055527, -40.8085689882541, 59.19060038052454]","[-6.041324144390543, -49.84449681368926, 108.33754163505307]",P1,control,sub-025,sham,ses-baseline,run-baseline
P1_target_sub-1101,"[71.31900960477326, -52.14576639269728, 2.855309658186935]","[62.15450007502739, -70.13238333072835, 24.97083565001877]","[67.23028300023734, -60.48735382239166, -25.654256161249446]","[78.40490400839543, -23.720165402191654, 8.90896561490831]",P1,target,sub-1101,sham,ses-baseline,run-baseline
P1_control_sub-065,"[-47.2856176910636, -23.76031949416092, 67.42696530189065]","[-31.82531688041435, 23.57571846102627, 69.29156722780245]","[-72.11724134556071, -35.609296429386305, 28.28229286820485]","[-14.8644184974424, -57.9884549831857, 81.36863716311237]",P1,control,sub-065,sham,ses-baseline,run-baseline
P7_target_sub-091,"[48.51028260482523, 34.33140830537493, 52.025156084325765]","[38.54817679327529, 2.710386025579961, 73.98641220847229]","[69.21457686510287, 25.864137342488384, 19.790571755984544]","[20.13333639231178, 61.70485298402447, 47.097905262723486]",P7,target,sub-091,sham,ses-baseline,run-baseline
P1_target_sub-030,"[67.25776318577643, -61.01488364522697, 16.641315091491425]","[63.011096237369834, -79.4998872776484, 39.75624450395237]","[61.41660403524689, -70.21948007736975, -11.094518124372218]","[75.23709426372037, -32.570533833659894, 21.477548097383135]",P1,target,sub-030,sham,ses-baseline,run-baseline
P1_target_sub-048,"[77.44336429377266, -59.45312921817418, 1.4517295090069966]","[72.26859946052278, -77.97233547223473, 24.2158553510636]","[69.61633969798459, -67.34744280068237, -26.381899512428024]","[83.95392584828015, -31.050156583307903, 6.778079355782982]",P1,target,sub-048,sham,ses-baseline,run-baseline
P8_target_sub-2518,"[-53.03440405955556, 40.469723986311436, 53.54414243893038]","[-25.332579696621245, 67.08765679020124, 60.73505167541534]","[-65.85498166499015, 40.877216255718906, 16.20226915714488]","[-46.27884649871927, 4.04797828005766, 68.30413115800462]",P8,target,sub-2518,sham,ses-baseline,run-baseline
P2_target_sub-2011,"[-30.202933500649795, -70.77340111650187, 49.56226510604034]","[-67.05980687409627, -25.870809729673212, 42.85475717825127]","[-13.91838418423817, -88.86047413258228, -4.681260666902381]","[17.386638980053284, -49.971258405152064, 77.67334331098796]",P2,target,sub-2011,sham,ses-baseline,run-baseline
P4_control_sub-4009,"[-0.10315275279127956, -27.676566398592648, 97.76948799252418]","[-35.01246053956015, -43.505208352069836, 87.2035326521398]","[32.44907567252591, -47.319926758431514, 85.91074816078967]","[2.01458059347188, 12.23992277749504, 98.43339840769836]",P4,control,sub-4009,sham,ses-baseline,run-baseline
P5_control_sub-5014,"[-61.27935135394972, 31.645215341193538, 28.062781151287638]","[-32.41396850293088, 66.66970989456048, 47.33122681180132]","[-66.37367712084595, 32.905075788937765, -20.852397441814265]","[-57.756298724952906, -13.984826749087409, 47.4121050034675]",P5,control,sub-5014,sham,ses-baseline,run-baseline
P3_control_sub-018,"[51.10477507767012, -32.13030162063025, 77.12910702907301]","[52.85416848824374, -78.65422038863832, 61.42336548731718]","[71.55836584653579, 2.00240463502861, 47.76037228604529]","[8.096582902647105, -18.31297701487813, 96.91805257934134]",P3,control,sub-018,sham,ses-baseline,run-baseline
P8_control_sub-2518,"[42.397984956072236, 4.066705973359261, 73.57189678085486]","[49.18274558922822, -42.5991985260465, 59.45414890672]","[62.282867288237945, 38.208292500471586, 43.715704801762556]","[-4.485861338508188, 14.394554302557827, 84.19217702123606]",P8,control,sub-2518,sham,ses-baseline,run-baseline
P1_target_sub-010,"[71.94287703562479, -58.85740237432477, 9.996935250702238]","[66.21933040957012, -75.74946381260307, 34.10006224321594]","[65.13277713878666, -69.27024554494669, -17.16368591102161]","[76.68000605548335, -29.45807735624479, 13.33852101715783]",P1,target,sub-010,sham,ses-baseline,run-baseline
P7_control_sub-048,"[51.311956152701725, -29.227877600561857, 84.14114998421934]","[52.55481057756056, -77.0622830944654, 73.02509109166226]","[73.58848907185246, 1.2708674263988649, 52.443842823745854]","[7.711326973796909, -12.55004792599284, 100.78763069083249]",P7,control,sub-048,sham,ses-baseline,run-baseline
P2_control_sub-2018,"[9.235825195322567, 6.925668296955254, 99.37996500420022]","[-26.405862878086392, -8.532092719578133, 91.30142266624897]","[39.71634267712268, -15.63780347727235, 88.16075736980623]","[13.326987278715876, 46.48443466765477, 95.60900618089579]",P2,control,sub-2018,sham,ses-baseline,run-baseline
P1_target_sub-054,"[71.30960006555614, -59.10349521465349, 16.38019483946645]","[63.088513370319895, -76.70300088280676, 39.11261339877348]","[68.5344744611442, -69.00306070697214, -11.743435112957938]","[75.25235844050226, -30.57005143298049, 20.81383220740355]",P1,target,sub-054,sham,ses-baseline,run-baseline
P5_target_sub-5009,"[-50.28499902783617, 1.2489909393149108, 81.02943408538984]","[-33.61113103564859, 48.14050257607277, 78.83675880870493]","[-77.08276935490444, -12.48176183361219, 44.15020447709174]","[-18.201124054211164, -32.94181446004888, 97.0259722559057]",P5,target,sub-5009,sham,ses-baseline,run-baseline
P1_control_sub-005,"[-45.7864962238541, -36.240295746294734, 77.03021821477718]","[-29.944432391106815, 10.993637100966305, 79.29930793309289]","[-71.95382920307463, -47.40919746660846, 37.872933223170634]","[-12.761398977048877, -70.63472619073299, 88.57477502169469]",P1,control,sub-005,sham,ses-baseline,run-baseline
P6_control_sub-6123,"[-60.1082417768609, 17.502535708480803, 45.52361222070986]","[-27.39698409222937, 53.25969209067528, 56.69203836084884]","[-69.42956078731622, 11.115942528630491, -2.8851121456048525]","[-58.76549445812873, -23.983510046128174, 73.0323388234833]",P6,control,sub-6123,sham,ses-baseline,run-baseline
P3_control_sub-032,"[48.050974620942505, -29.94401681082768, 77.98831186681728]","[49.86655128442649, -77.06458977927274, 63.8818576967661]","[70.04291264862707, 2.9894755296312336, 48.04159758273531]","[4.222858334096325, -15.07156214146643, 94.98689979299401]",P3,control,sub-032,sham,ses-baseline,run-baseline
P1_control_sub-054,"[-43.850957126604136, -29.712572855906064, 77.46970133108086]","[-33.12493279487984, 18.843129180993575, 74.14911904761784]","[-66.64757955337193, -47.360043188444614, 38.519308940113284]","[-6.659140819014959, -58.64646058888331, 92.10290581042013]",P1,control,sub-054,sham,ses-baseline,run-baseline
P3_control_sub-007,"[50.41548442606061, -6.306220028516925, 74.32749218473619]","[54.154419906269865, -55.64364919773623, 70.05936830971905]","[67.11677115725837, 20.742808846922895, 36.181499537066934]","[7.743700688536961, 9.889319429951707, 92.11860833723279]",P3,control,sub-007,sham,ses-baseline,run-baseline
P6_target_sub-6203,"[58.05688838538847, -75.21353465268744, -42.86851164422529]","[9.274940041260729, -104.92743423630859, -42.18781708804336]","[66.81366985694953, -36.801836125623595, -85.87049295621931]","[74.74129326755684, -56.877856181770554, 10.40177055110107]",P6,target,sub-6203,sham,ses-baseline,run-baseline
P3_control_sub-014,"[50.3992281106714, -22.777664094365747, 86.91214125148404]","[54.93837090573432, -70.45440959655265, 75.28476813951423]","[71.02501883398911, 8.829849044891027, 54.960825186745474]","[5.0059555053398554, -9.313892476746359, 101.33346303193736]",P3,control,sub-014,sham,ses-baseline,run-baseline
P7_control_sub-022,"[47.98010960156618, -29.52424671312509, 83.82678888490985]","[57.481270706359524, -74.80946575871384, 66.96006011518124]","[69.43044754866038, 8.477769003543779, 59.939999819102226]","[1.7277943943335239, -21.174431309974075, 98.49218771201143]",P7,control,sub-022,sham,ses-baseline,run-baseline
P2_control_sub-2014,"[-1.5133620526387759, 2.1627311366674626, 88.21420342523767]","[-36.26903309202959, -15.31592996437353, 80.15782134968677]","[30.59789553613895, -19.597656851367443, 79.44331994350256]","[0.8278075758307863, 41.03507919196943, 79.8165336622095]",P2,control,sub-2014,sham,ses-baseline,run-baseline
P3_target_sub-031,"[-72.50750055612538, -56.15833763507057, 35.73252225025228]","[-75.41145904146101, -16.489465900239814, 35.964907030699685]","[-69.86360424874661, -73.06391501083158, -0.23196127640310368]","[-49.58418909866858, -71.6939059319437, 63.766328721783324]",P3,target,sub-031,sham,ses-baseline,run-baseline
P7_target_sub-044,"[47.452376231658185, 36.97560300639437, 53.284594773939666]","[39.323245059158324, 3.014841446875306, 72.34358377318637]","[68.59701144447236, 33.099520516608095, 19.917567712958274]","[18.30786955352712, 63.7918126939806, 51.85295243095867]",P7,target,sub-044,sham,ses-baseline,run-baseline
P5_control_sub-5012,"[-70.09983565194791, 39.22240343052811, 32.166876396721534]","[-44.390268341920184, 77.35510231751289, 49.66852603877468]","[-69.88532693348608, 33.677932023518466, -17.3964156722454]","[-72.07268074048511, -2.3065949413170825, 59.661816712686466]",P5,control,sub-5012,sham,ses-baseline,run-baseline
P5_control_sub-5018,"[-67.99663438260973, 39.29839534521157, 22.9755710126154]","[-45.050503189770104, 81.37218279118134, 34.91246336998621]","[-72.07196800909952, 30.72640398727919, -25.841763385293188]","[-59.30980111688057, -0.3914629303918348, 51.58506375856852]",P5,control,sub-5018,sham,ses-baseline,run-baseline
P7_control_sub-012,"[47.924008419382496, -29.18182034181446, 82.04777728206778]","[56.998391340074335, -75.33085859798551, 66.94636781328032]","[69.23689137752851, 7.853070246293681, 57.165825437688504]","[1.850365918468276, -19.706030850188576, 97.48639013748198]",P7,control,sub-012,sham,ses-baseline,run-baseline
P4_control_sub-4014,"[-12.17255889572898, -16.98295214637639, 90.66813693412551]","[-45.58111989988609, -31.36726078070181, 75.42118173888288]","[20.310542970257792, -37.77505355332029, 80.83184254805836]","[-8.632351107245533, 22.79847753550882, 90.24666198413898]",P4,control,sub-4014,sham,ses-baseline,run-baseline
P4_control_sub-4005,"[-3.9419766880910028, -24.594233218918415, 67.2415332053325]","[-38.31935226660827, -38.58352920944551, 53.63619832540671]","[28.07375655375794, -44.41943418943966, 54.869173142608645]","[-0.6109966863773785, 15.063823265708857, 70.53707833232518]",P4,control,sub-4005,sham,ses-baseline,run-baseline
P1_control_sub-018,"[-48.68131254911852, -37.16844912989354, 74.94548913157168]","[-40.91908583549675, 11.761929020217298, 78.58327820120819]","[-68.18087896668057, -50.90996493255421, 34.01166438791956]","[-11.720582752830781, -66.20048397732747, 89.9069897084108]",P1,control,sub-018,sham,ses-baseline,run-baseline
P1_control_sub-076,"[-49.0707123400222, 14.997134054099403, 47.07902150498063]","[-28.702017814088435, 58.643961734986235, 35.00074785885601]","[-73.42178295083723, -6.712666507788356, 10.775396597012794]","[-20.2342372367963, -16.162596418274912, 72.39909614200239]",P1,control,sub-076,sham,ses-baseline,run-baseline
P8_control_sub-2521,"[51.479260614636836, 3.176526709354834, 91.87381545013945]","[52.17326667683265, -43.552444947461595, 76.4575629869752]","[70.93965631803212, 36.833154172346866, 60.93533526298471]","[10.091164613002949, 17.23090699441338, 113.6165714141302]",P8,control,sub-2521,sham,ses-baseline,run-baseline
P1_control_sub-044,"[-42.29353213311529, -19.123035602831198, 73.7972619315652]","[-29.010440444329, 28.840805419701965, 71.14004395984688]","[-73.28899237530358, -34.43481095063284, 39.81172033723597]","[-6.526272406082226, -51.88376697701647, 84.53949586989881]",P1,control,sub-044,sham,ses-baseline,run-baseline
P7_target_sub-040,"[50.834801274807795, 46.98594297895712, 40.72268766982585]","[43.072125876039514, 13.255977211806753, 60.18811266602302]","[69.90524882907603, 41.93963622700462, 6.166083871071664]","[20.791064852807217, 72.67293975729606, 38.98802757476604]",P7,target,sub-040,sham,ses-baseline,run-baseline
P2_control_sub-2013,"[4.931101121109203, 4.620401861851179, 89.88747036010919]","[-29.28239383116023, -13.588782417834489, 82.31874332902514]","[37.279688673952336, -15.809944582613404, 79.59564246958831]","[5.890192139957828, 44.03796513861297, 83.41904676043238]",P2,control,sub-2013,sham,ses-baseline,run-baseline
P1_target_sub-055,"[71.2992921234303, -61.27423979211048, 24.212950399991424]","[64.3231310936435, -80.59919533721802, 45.725289412164265]","[68.38775213755403, -69.17527436440704, -4.257521416771466]","[75.49762893953168, -32.44906647408303, 30.995481182906904]",P1,target,sub-055,sham,ses-baseline,run-baseline
P1_target_sub-047,"[82.1212266479054, -47.95981676891879, -4.0212527331218055]","[75.08931133076432, -68.65426169285095, 16.490823783402565]","[77.44960268091499, -53.776491797973314, -33.0539493419125]","[85.24959298955588, -19.439882324553004, 4.5068246769414175]",P1,target,sub-047,sham,ses-baseline,run-baseline
P6_control_sub-6103,"[-65.14668918418518, 20.822145559200766, 22.22067435311546]","[-32.879988541834194, 55.13321779927918, 38.41370610841102]","[-72.52092968982105, 17.852370878691143, -27.068665875609398]","[-70.06972415170614, -20.994497697425643, 49.050857805498545]",P6,control,sub-6103,sham,ses-baseline,run-baseline
P7_control_sub-046,"[50.759658569076926, -42.46380821155598, 77.36876637767095]","[45.681140409733906, -86.35868575155698, 57.389630485593884]","[69.62256081891788, -9.181154304285084, 46.482649471071916]","[10.075329912488334, -25.986273582914222, 99.29299145281408]",P7,control,sub-046,sham,ses-baseline,run-baseline
P4_target_sub-4015,"[-66.51428916313824, 38.46877835031196, 18.429454318215864]","[-37.76030001587794, 73.43989625758623, 37.88028849325279]","[-70.39489626593104, 38.97740208277323, -31.36573565610174]","[-68.13576164284868, -6.011226835881749, 40.96914311704323]",P4,target,sub-4015,sham,ses-baseline,run-baseline
P8_target_sub-2524,"[-60.491915003243584, 51.43727935722924, 69.10541209217818]","[-35.36844009666342, 80.87509392874831, 77.22739694865616]","[-72.03645861367187, 48.13374474406227, 31.530695023098442]","[-56.73782337342578, 17.553882813684535, 89.87103119788199]",P8,target,sub-2524,sham,ses-baseline,run-baseline
P6_target_sub-6121,"[58.8197278524246, -74.71454201418373, -31.06726072954493]","[9.703238872535334, -106.75199496436095, -27.03851016611195]","[59.66697973259373, -34.847231179957724, -74.97326651734012]","[74.80234950210057, -56.3101231166786, 23.25696016651784]",P6,target,sub-6121,sham,ses-baseline,run-baseline
P2_target_sub-2007,"[-34.68323234563085, -78.42064089261737, 4.975284094935755]","[-72.80079811878204, -34.84971781956822, 5.857544436693202]","[-17.177335238577143, -87.50669085047484, -50.90544522656236]","[11.549093603825671, -63.430109212672804, 38.00884189317289]",P2,target,sub-2007,sham,ses-baseline,run-baseline
P7_control_sub-028,"[49.508566999824694, -7.578642513457435, 82.70444585928082]","[55.61401125279666, -56.227353199070464, 76.48561739007307]","[64.48261127707303, 21.00983733057634, 45.247810083197436]","[5.206322811286607, 4.894764013513775, 98.91146949804059]",P7,control,sub-028,sham,ses-baseline,run-baseline
P3_target_sub-060,"[-69.67009670634972, -56.60613173711766, 39.44010022745375]","[-71.05427194324373, -17.224650190620995, 45.0581829275604]","[-75.06874588634754, -70.36729822191668, 2.443522690135179]","[-46.387118109681836, -77.37994179823704, 63.51241771713715]",P3,target,sub-060,sham,ses-baseline,run-baseline
P4_target_sub-4012,"[-70.52489941949878, 34.35300623913278, 42.29586670176461]","[-42.56060890513504, 72.3910351379035, 57.941656155095764]","[-72.39639124750694, 29.07241532069336, -7.227058617309527]","[-68.47354815032028, -8.013108745405868, 68.62194602500679]",P4,target,sub-4012,sham,ses-baseline,run-baseline
P7_control_sub-034,"[44.38880835380806, -6.7375696921754455, 86.61949160257946]","[55.46865648883254, -54.29341369795784, 79.45011148539805]","[62.48688555970787, 25.54534594419172, 53.655146594392605]","[-2.301378280568634, 2.1849038760625277, 99.3871605625987]",P7,control,sub-034,sham,ses-baseline,run-baseline
P6_control_sub-6204,"[-59.764190190743896, 18.10827546508473, 46.37223705019693]","[-33.969118309035, 57.67685808890166, 60.88800288526877]","[-70.08796157668463, 14.744792862712751, -1.9505150168157857]","[-51.90008060944143, -24.80084274624178, 70.04440497527527]",P6,control,sub-6204,sham,ses-baseline,run-baseline
P3_control_sub-035,"[48.63595698841323, -8.327503021520874, 74.55237419241196]","[57.60551125855257, -56.21648582473147, 67.0557617853583]","[65.87045789031357, 23.134149714458914, 40.30034232982578]","[3.770905711974836, 2.427714221588433, 90.48381706982907]",P3,control,sub-035,sham,ses-baseline,run-baseline
P7_control_sub-019,"[49.514173103656184, -39.12034369980645, 75.9999641284701]","[44.39322181837704, -85.65583558149555, 59.96224929078183]","[71.58580771635204, -9.366775737801369, 43.77404614560382]","[7.229596977753998, -19.469022136547853, 91.85776232912039]",P7,control,sub-019,sham,ses-baseline,run-baseline
P3_control_sub-015,"[47.53409463355042, -23.980152587302012, 77.48092025766275]","[49.083154749264985, -71.42775948186947, 64.63364247715812]","[67.16609064966343, 7.488856925523217, 44.54737908876349]","[3.766325971193778, -8.722674998685413, 94.12462885664506]",P3,control,sub-015,sham,ses-baseline,run-baseline
P7_target_sub-093,"[54.732363254126746, 26.803824814642777, 58.35263815531886]","[42.53301259212604, -4.193657710178595, 79.7261719548913]","[73.69966313906946, 18.93505487411465, 24.066880024569148]","[32.62172537163435, 59.50689755593904, 59.61565857343364]",P7,target,sub-093,sham,ses-baseline,run-baseline
P3_control_sub-077,"[56.51830886044818, -33.43839457652075, 59.182771411697665]","[57.57420820333253, -80.06994125289977, 42.67690639556973]","[72.52190829021326, 0.4229013192533584, 27.278360529902848]","[14.119436623839336, -20.10171521618439, 80.15503420183573]",P3,control,sub-077,sham,ses-baseline,run-baseline
P2_control_sub-2024,"[3.8533252301184104, 9.463166638172357, 100.40145941954647]","[-30.9216166520715, -8.011142502423079, 92.63190044388706]","[35.64519606143822, -13.027792867155334, 93.2386318788901]","[6.696381364174956, 48.285541355585295, 91.41233503202332]",P2,control,sub-2024,sham,ses-baseline,run-baseline
P1_target_sub-052,"[69.37227782179635, -52.56138562866357, 0.6198983814199184]","[64.1485413658712, -70.0197122595431, 24.37757824188246]","[61.77664426019934, -62.002812227013244, -26.7709467778038]","[77.76128976766523, -24.248222369105473, 4.647019875750319]",P1,target,sub-052,sham,ses-baseline,run-baseline
P3_target_sub-042,"[-69.40177065497721, -49.224864247975766, 34.76339106686368]","[-70.86849850386798, -9.461109531440755, 38.27170337278778]","[-69.92161585355609, -63.76227306215188, -2.3529692827959887]","[-47.9432047572279, -68.27889750093706, 60.415830083432475]",P3,target,sub-042,sham,ses-baseline,run-baseline
P3_target_sub-059,"[-65.77537412340511, -61.12948270765613, 50.52348075531259]","[-65.8493572955547, -21.74525955977948, 49.228941134221806]","[-63.935760686994996, -78.02610646244813, 14.730942794679393]","[-39.73278827039363, -75.86484026013024, 76.28488980288779]",P3,target,sub-059,sham,ses-baseline,run-baseline
P7_target_sub-021,"[56.52032902524643, 19.576887926213214, 54.53638904717878]","[44.53517370411428, -10.86556193294458, 77.43892034927062]","[73.84494786307575, 8.871790089710919, 20.53453121786526]","[31.37043550785072, 49.99121856210931, 51.577178106524606]",P7,target,sub-021,sham,ses-baseline,run-baseline
P8_target_sub-2513,"[-40.756544416210055, 39.96358212812873, 66.24891315168868]","[-8.809985206178153, 62.16461324053636, 72.77587654291267]","[-57.58961119417637, 44.67080250027842, 30.712088049992584]","[-39.817594261425, 2.5609889207764653, 80.31324599525378]",P8,target,sub-2513,sham,ses-baseline,run-baseline
P1_target_sub-040,"[76.51250588071412, -44.85414402255526, -17.318797603447575]","[71.20337727153395, -62.738673723347354, 5.775593312683937]","[70.93447649421488, -52.67345669438153, -41.459660011650406]","[81.8473644519436, -15.858780520011845, -12.536707615666321]",P1,target,sub-040,sham,ses-baseline,run-baseline
P2_control_sub-2001,"[4.0942355727078965, 2.1105832633498873, 95.30648723818757]","[-32.66809299268284, -12.199068502846709, 91.88986879865426]","[34.032439391942226, -23.128796370616158, 89.22092383240339]","[9.865897889454821, 40.07866125734032, 85.25243370922315]",P2,control,sub-2001,sham,ses-baseline,run-baseline
P7_target_sub-101,"[44.54399114727093, 22.61792144793783, 59.68804193069894]","[35.2573430043276, -14.226154672142851, 71.82597049165474]","[70.0829324698358, 24.99173605039837, 29.217099008734426]","[14.74329323945439, 48.76816984058016, 59.46492629924766]",P7,target,sub-101,sham,ses-baseline,run-baseline
P1_control_sub-042,"[-45.68783118717685, -23.85476931331704, 69.27141070470088]","[-32.939366300994344, 24.189442240421833, 70.70841372221034]","[-71.69440489557579, -36.959758335023004, 31.882120241011304]","[-10.61703331532011, -56.44548898314395, 81.21060243447191]",P1,control,sub-042,sham,ses-baseline,run-baseline
P5_control_sub-5011,"[-63.551941685092594, 38.873206386751754, 32.956763971275976]","[-25.51787156581432, 67.19539785025856, 46.866861392077624]","[-76.25663588849058, 44.37870155184697, -13.42228351259988]","[-61.55970750326558, -7.925109473278796, 48.228697561748284]",P5,control,sub-5011,sham,ses-baseline,run-baseline
P6_control_sub-6201,"[-58.81955952470133, 22.524436266512833, 44.358284508194004]","[-25.654858455261945, 55.94819826450881, 59.808859923222464]","[-68.45490890268611, 23.74281008002759, -3.706704398473498]","[-56.21993209782382, -22.41673308756445, 65.10895855928774]",P6,control,sub-6201,sham,ses-baseline,run-baseline
P1_control_sub-047,"[-44.39579857351521, -30.23095964631477, 75.9998316828338]","[-21.853143499077124, 14.172206307659083, 77.40311296898855]","[-76.466297435887, -35.42835322860438, 39.92288357315474]","[-14.96113497652771, -69.3454980245287, 82.37571287891163]",P1,control,sub-047,sham,ses-baseline,run-baseline
P7_control_sub-040,"[48.83904871332436, -5.90927162879364, 58.297102968912945]","[58.255817125315936, -53.534782961063385, 49.232082656811]","[67.16966659479779, 27.438248613645317, 26.64493821133734]","[4.751256463870957, 5.041391454580075, 77.09436410185049]",P7,control,sub-040,sham,ses-baseline,run-baseline
P1_target_sub-065,"[75.96608100208435, -43.52411130300567, -9.093003624244185]","[72.57955266010605, -64.09338553144575, 12.320712432062631]","[72.85080081258924, -51.34520334772074, -37.535932699554095]","[81.11051354344053, -14.988901689185493, -1.708423599637918]",P1,target,sub-065,sham,ses-baseline,run-baseline
P7_control_sub-024,"[51.014796849491916, -29.669185960924324, 87.60227015077987]","[54.82003953796966, -76.97166264125171, 74.35868230641]","[69.23172179636384, 3.4388988375810965, 56.005815071681695]","[6.223228932111241, -16.91820120632991, 103.57659012011752]",P7,control,sub-024,sham,ses-baseline,run-baseline
P1_target_sub-019,"[70.31538536178921, -68.61414077474235, -2.557966265571729]","[60.54069485134792, -87.12399045980119, 18.78996941927452]","[64.24337492012178, -74.70021109931565, -31.046586403855876]","[76.61426849395195, -40.34066967643581, 4.817924260630166]",P1,target,sub-019,sham,ses-baseline,run-baseline
P5_control_sub-5007,"[-69.29954497751534, 18.917113588520554, 20.273087156877885]","[-44.24609176294491, 56.8049035359392, 40.47643611047074]","[-69.85018891740016, 18.88137081571906, -29.62296056426571]","[-63.210456046687725, -25.507821228133665, 41.63548583968114]",P5,control,sub-5007,sham,ses-baseline,run-baseline
P2_control_sub-2019,"[2.5424643021655386, -9.183477807151338, 59.62086050951688]","[-31.015712458009077, -27.296386006842035, 49.21805880753498]","[35.69260697347284, -27.45818595966627, 48.90232987165395]","[2.674760591172879, 30.782501409928404, 59.253230090320415]",P2,control,sub-2019,sham,ses-baseline,run-baseline
P7_target_sub-094,"[44.98812544878674, 30.392831712246664, 60.45386140716537]","[38.96267905749256, -3.8569767291031334, 79.38231750419297]","[66.02611399010465, 28.50375856322722, 26.51313741090662]","[15.575383785381591, 56.40435768744751, 61.209721670286434]",P7,target,sub-094,sham,ses-baseline,run-baseline
P1_target_sub-016,"[76.38035098872162, -42.28514424376726, 9.258907299119626]","[70.7810430938388, -60.93274725464299, 32.065912142951]","[71.92926880502151, -51.52491842906136, -18.809190473588053]","[80.13018250890583, -13.345274834211336, 14.63607683858281]",P1,target,sub-016,sham,ses-baseline,run-baseline
P2_target_sub-2003,"[-26.011098552136747, -63.58952140638261, 62.565144533108274]","[-65.75371121271004, -22.967148185542637, 52.13306014015605]","[-9.10359672096928, -85.77413627699686, 9.972913314876921]","[20.21994175583217, -36.28935699683153, 86.56671851507284]",P2,target,sub-2003,sham,ses-baseline,run-baseline
P2_target_sub-2005,"[-22.25893016566936, -55.447202168411394, 61.66744850601159]","[-63.395993942843624, -14.25300010686923, 53.435572899519464]","[-11.766647925989808, -83.71529593585635, 10.949906077341748]","[26.86368283996758, -29.909079161920545, 79.49086821330074]",P2,target,sub-2005,sham,ses-baseline,run-baseline
P7_control_sub-018,"[51.10477507767012, -32.13030162063025, 77.12910702907301]","[52.85416848824374, -78.65422038863832, 61.42336548731718]","[71.55836584653579, 2.00240463502861, 47.76037228604529]","[8.096582902647105, -18.31297701487813, 96.91805257934134]",P7,control,sub-018,sham,ses-baseline,run-baseline
P7_target_sub-057,"[54.79624589788472, 30.86771337953886, 54.65107189183755]","[47.565773352894, -4.69374171814625, 70.8674313809532]","[72.93684997983259, 28.987940482183244, 19.526293772350986]","[24.134150213187493, 55.69405868330618, 55.140553894278064]",P7,target,sub-057,sham,ses-baseline,run-baseline
P4_target_sub-4002,"[-68.30222435342488, 26.971506655345124, 26.29261581476594]","[-42.10793535653984, 64.21517619514327, 45.625453438708]","[-75.14426840895128, 27.911677736146, -23.13830208000288]","[-64.63473245368154, -17.67548343432431, 47.686148377975215]",P4,target,sub-4002,sham,ses-baseline,run-baseline
P7_control_sub-081,"[46.96208693181284, -22.816666542751364, 55.981734398253]","[49.89009526993645, -68.09641007409603, 38.34018281079102]","[64.3626720569179, 13.28698604932752, 27.009963459484638]","[4.194445961484967, -11.604575207946086, 77.82395862992357]",P7,control,sub-081,sham,ses-baseline,run-baseline
P5_control_sub-CO,"[-65.36709626750054, -26.11556623694716, 40.21313515608747]","[-63.21868277553429, 13.51743669336054, 42.717860826329904]","[-67.09195259744077, -40.804275635297714, 3.515725725164884]","[-42.52892913517124, -46.35516564610269, 65.13830733770949]",P5,control,sub-CO,sham,ses-baseline,run-baseline
P4_control_sub-4007,"[-1.4308384008917077, -12.636212371865486, 93.42818806470518]","[-36.82499931476619, -27.868572993880914, 84.10044818044398]","[29.78379097974323, -34.6341064293207, 82.07987970083298]","[2.309739035326591, 26.977410951194837, 90.45940830043855]",P4,control,sub-4007,sham,ses-baseline,run-baseline
P7_target_sub-035,"[45.53526539912363, 41.417077397137696, 56.27918574204872]","[38.812691189631146, 8.725264214793143, 78.20171393457187]","[65.96685598202082, 35.12576971598503, 23.011766752007006]","[14.877333551945668, 65.75826659048941, 52.1092632347007]",P7,target,sub-035,sham,ses-baseline,run-baseline
P7_control_sub-005,"[50.931886717223215, -39.15255267690195, 76.8430257888496]","[50.03523466779337, -86.0427120669287, 61.82762642196444]","[72.37203971301314, -6.958240308768947, 46.01998653115667]","[7.806597870561566, -22.698729397935043, 94.0637819393377]",P7,control,sub-005,sham,ses-baseline,run-baseline
P2_target_sub-2019,"[-26.090957877696567, -73.4982731388945, 19.278778596444532]","[-63.446530220615486, -28.191381310035453, 16.13387021984144]","[-12.348228038853712, -89.01893955143761, -36.16661004291167]","[22.681869680792687, -52.518725967388775, 44.514425420185184]",P2,target,sub-2019,sham,ses-baseline,run-baseline
P7_target_sub-047,"[56.018241423695116, 27.298574310330782, 62.75105404440564]","[47.73686258611468, -8.685557209569524, 77.35733834301615]","[76.44286737803728, 26.392052341504304, 28.95302359179053]","[25.12922197999898, 51.92709996535559, 61.52807792767073]",P7,target,sub-047,sham,ses-baseline,run-baseline
P7_control_sub-091,"[46.653197427415954, -19.983184002226565, 72.88730469829189]","[43.048533846357884, -68.26712154815152, 65.13499035131707]","[71.77268083450615, 5.541648328517529, 38.63775037473913]","[4.405628994447631, 1.5662884780425692, 87.11936888373116]",P7,control,sub-091,sham,ses-baseline,run-baseline
P1_control_sub-009,"[-46.53506755077213, -36.12093209639075, 83.29596754028033]","[-32.17043157449593, 11.474847787608153, 82.8847296564222]","[-71.07600147360455, -49.99278521161799, 44.268705859037176]","[-12.373221818939504, -68.50968607122313, 96.69242477254359]",P1,control,sub-009,sham,ses-baseline,run-baseline
P7_target_sub-081,"[38.79326796362205, 29.55413454344486, 54.95129779532645]","[31.75716357308607, -7.400296622696751, 67.56331351485858]","[60.354125991669925, 31.190063114019203, 21.78673096421212]","[6.22296437169528, 52.09902976160697, 53.02226556261712]",P7,target,sub-081,sham,ses-baseline,run-baseline
P1_control_sub-059,"[-46.18786179998373, -33.883200995016956, 79.4942066071997]","[-35.634127880055274, 14.67507566893224, 75.90346840697813]","[-69.60439222255677, -52.323674996747705, 41.4525205531061]","[-8.412373464359543, -61.86605740369062, 93.38224443576038]",P1,control,sub-059,sham,ses-baseline,run-baseline
P1_target_sub-046,"[68.83746037371583, -53.40520616029613, -7.5115713486131]","[67.06675539131771, -75.94448061161566, 12.00536152167709]","[57.428985380052104, -56.61145213806206, -34.865557410673134]","[75.38360077172551, -26.051041413425537, 2.0029308194276614]",P1,target,sub-046,sham,ses-baseline,run-baseline
P1_target_sub-043,"[73.31348504308687, -61.156548879124635, -1.1894969882308157]","[63.035202038126876, -80.72431294415064, 19.00084258763406]","[68.87156409257122, -66.68546713601255, -30.196369342688712]","[77.71070119022835, -32.83792440524416, 7.344606580700271]",P1,target,sub-043,sham,ses-baseline,run-baseline
P7_target_sub-017,"[46.223727758176146, 29.33347589182789, 34.25139577163755]","[39.60329938526026, -1.88824267194056, 57.39736515657014]","[67.29341027984967, 22.44720624971922, 1.2528827040168629]","[16.16190881393883, 54.59948238022417, 30.325155088509803]",P7,target,sub-017,sham,ses-baseline,run-baseline
P2_target_sub-2015,"[-33.15852523280666, -55.78945362339363, 70.12102594739555]","[-69.73146465888411, -11.370277751075012, 58.52479680428091]","[-20.70640907147096, -85.40199668597243, 20.25442299552423]","[15.754125417293256, -34.13110347219344, 92.93522121309148]",P2,target,sub-2015,sham,ses-baseline,run-baseline
P5_target_sub-5017,"[-39.753024155675035, -9.342631472085703, 71.16385774307447]","[-22.694174093637727, 37.34039646293834, 73.36523046391332]","[-65.56102768507631, -18.14406502164906, 32.332289408986384]","[-5.921670517465516, -44.09638224643928, 79.34994624015121]",P5,target,sub-5017,sham,ses-baseline,run-baseline
P8_control_sub-2511,"[49.00874555417425, -3.0206494031522735, 94.98268664169882]","[54.023050681485536, -49.811605638807485, 80.29527497399603]","[69.15487242824207, 31.884031316917557, 66.17681511189379]","[5.254690829900858, 8.898382266693632, 114.09740254007511]",P8,control,sub-2511,sham,ses-baseline,run-baseline
P4_target_sub-4001,"[-67.26730513383428, 34.94861758519789, 18.006194722296062]","[-44.330643899392946, 72.84811326421087, 39.740958297759455]","[-66.50575503724014, 34.18433139712194, -31.860273583891956]","[-67.53999364664796, -9.182995306345525, 41.07911431255694]",P4,target,sub-4001,sham,ses-baseline,run-baseline
P7_target_sub-059,"[46.00294246649212, 17.9200302419892, 71.50008153253843]","[30.535828772199537, -14.400401754374288, 88.62515299090971]","[66.3350092688817, 9.882795343050395, 38.577836979320715]","[21.68832678274191, 48.92109646417628, 68.4091016469697]",P7,target,sub-059,sham,ses-baseline,run-baseline
P5_target_sub-5002,"[-54.176453285268565, 4.43822420437372, 64.94222560145654]","[-41.52184241901683, 52.73231726344789, 64.6488603252985]","[-77.02780260856427, -11.327753230278512, 25.448746256391626]","[-19.943060592777577, -26.532695121878955, 81.53845231770707]",P5,target,sub-5002,sham,ses-baseline,run-baseline
P1_target_sub-009,"[64.85334336046618, -64.68268554211866, 6.861399756849225]","[57.67856199463545, -83.36704459344736, 29.064424118555028]","[58.93387846306874, -72.29836244783833, -21.453046788768994]","[74.01234680685684, -36.837679786169275, 13.195863833389138]",P1,target,sub-009,sham,ses-baseline,run-baseline
P3_control_sub-045,"[39.255106280912706, -17.448865286406164, 89.97015369849196]","[44.046978562037474, -65.42025398380828, 79.09022999016304]","[62.05148101538155, 13.907390136023485, 59.57582164685486]","[-6.804854648766418, -3.4816325356988838, 100.2233089609747]",P3,control,sub-045,sham,ses-baseline,run-baseline
P1_control_sub-1104,"[-49.51000799630265, -23.359949144501083, 74.76653422897648]","[-39.216247055594835, 25.313174873164222, 72.4506252909307]","[-70.28508951517347, -40.657404729552795, 35.79029530140798]","[-12.965370611601658, -52.02114161044569, 91.6563847447831]",P1,control,sub-1104,sham,ses-baseline,run-baseline
P6_control_sub-6105,"[-65.95092956561278, 12.971393576716812, 29.306672935227244]","[-42.1482559492428, 53.47339719178334, 45.18192208886854]","[-69.56631267753545, 7.400466867673597, -19.43352078019803]","[-63.70252501725836, -28.206550411334053, 57.3235791217008]",P6,control,sub-6105,sham,ses-baseline,run-baseline
P7_control_sub-042,"[51.00396611611822, -23.228057456065724, 67.80076582247392]","[55.527336179530415, -70.39986095806238, 54.90947623695432]","[71.15049652601425, 10.159934440664534, 37.26149846837162]","[6.4132095985053805, -10.061137320860261, 85.18321512287038]",P7,control,sub-042,sham,ses-baseline,run-baseline
P1_target_sub-1112,"[72.55671418778432, -61.096164970849884, -8.102278220575966]","[64.04003083618937, -79.04981120096112, 13.98261153048407]","[65.88172014400315, -68.62361675816386, -36.21127503972182]","[76.12468453448601, -32.46344363581144, -2.1922323878426657]",P1,target,sub-1112,sham,ses-baseline,run-baseline
P3_target_sub-007,"[-64.15025324728687, -46.36211647463718, 47.83026952324702]","[-66.83465216305441, -6.682797874765141, 45.10722053175602]","[-60.284593561911194, -65.73243406667734, 13.187570561339953]","[-42.20878002831976, -60.10853553036881, 77.23468667991473]",P3,target,sub-007,sham,ses-baseline,run-baseline
P6_target_sub-6134,"[74.73272788317, -54.131467735573835, -31.263117701236666]","[42.754159424776205, -101.10570314064944, -33.45034936018464]","[74.79130305618081, -25.0157002168201, -65.49370589566996]","[81.80487186753209, -39.81133240471071, 9.491023693428982]",P6,target,sub-6134,sham,ses-baseline,run-baseline
P7_target_sub-005,"[51.82572506092055, 17.576391001769895, 66.60426188292733]","[41.02442963807715, -16.744513780449903, 83.11978714529587]","[70.96599726091922, 13.585531830454812, 31.985130427630978]","[24.414620304550795, 45.81265657866868, 67.0750921350782]",P7,target,sub-005,sham,ses-baseline,run-baseline
P1_target_sub-1107,"[67.57869547138614, -67.64894222682283, -13.48340024381041]","[60.1502047076044, -87.28718633980463, 7.294563976957437]","[65.11965713753648, -74.79982463455035, -41.904496818135065]","[75.78330441719939, -40.1785849036485, -5.896894377523397]",P1,target,sub-1107,sham,ses-baseline,run-baseline
P3_target_sub-050,"[-71.23175255879282, -42.937567036721326, 57.24266645904901]","[-72.31711888815366, -3.137346028633719, 58.73407026441019]","[-74.2988976418053, -59.55666596742162, 21.21938371679754]","[-46.83916174292156, -61.06389922683345, 82.7475815874855]",P3,target,sub-050,sham,ses-baseline,run-baseline
P7_target_sub-105,"[48.42320269346751, 32.4225191794993, 33.75297848433477]","[40.98458383498492, -4.028745544448076, 47.48712198109335]","[69.42357562068192, 34.02093918122164, 0.1293772792016259]","[18.864494619913035, 58.259921495512195, 36.531737932648255]",P7,target,sub-105,sham,ses-baseline,run-baseline
P3_target_sub-062,"[-70.2562874553148, -46.12852934115556, 36.039819614180125]","[-67.38783184573381, -6.542951803161567, 36.49865608741782]","[-68.68850371273138, -62.40893521237325, -0.3330106281014229]","[-49.43756195720718, -65.2716999999354, 63.26401278980889]",P3,target,sub-062,sham,ses-baseline,run-baseline
P7_control_sub-056,"[44.05094334436009, -40.06872984653362, 87.48584307313446]","[45.85780936249624, -86.50450160566157, 70.21280630683984]","[67.64894851130336, -6.708670847589141, 59.85159843153853]","[-1.0710989961575357, -25.029576538100528, 101.1744333189229]",P7,control,sub-056,sham,ses-baseline,run-baseline
P2_target_sub-2008,"[-22.76342668431325, -40.66973962277701, 90.1723402595959]","[-65.92060649797445, -9.069653299910897, 67.13813940794667]","[-6.277944552349285, -80.28366860377383, 49.618016555657185]","[22.45596288653554, -3.8743679037179812, 98.22068407070306]",P2,target,sub-2008,sham,ses-baseline,run-baseline
P6_control_sub-6118,"[-60.21971971100496, 9.62721142341569, 24.267118512334733]","[-34.3393532071118, 48.726567845336966, 40.78737124518433]","[-62.96207706532163, 4.835605961624632, -23.931562611173543]","[-55.79572665661903, -32.86217932641314, 49.45228421115872]",P6,control,sub-6118,sham,ses-baseline,run-baseline
P7_control_sub-002,"[54.554289328549565, -11.952198089520683, 80.0655452913818]","[57.989730402701646, -60.81426861613066, 73.00428757029796]","[73.78054790741582, 16.780517943855994, 44.3652870224429]","[10.132346678232032, 3.1567062953254195, 95.15251594860966]",P7,control,sub-002,sham,ses-baseline,run-baseline
P7_control_sub-010,"[53.861015391747316, -19.584429245527446, 75.67869607322486]","[57.256296789190145, -68.15594373587113, 68.32557057564694]","[70.8349077120737, 10.336033593010029, 39.948945831255166]","[12.836039159335622, -4.165684134963095, 98.03621758918379]",P7,control,sub-010,sham,ses-baseline,run-baseline
P5_control_sub-5022,"[-73.1852947855631, 36.04230901781187, 25.058418172481236]","[-53.520328653213795, 78.26818538036588, 40.16255821677432]","[-71.46523310514716, 27.683622448699147, -24.082256199585057]","[-68.49770686212733, -3.8959118709243725, 54.4198289146833]",P5,control,sub-5022,sham,ses-baseline,run-baseline
P2_target_sub-2018,"[-20.49854490196891, -55.13778988089251, 74.10844321702054]","[-58.99087554263926, -12.98493180382594, 65.56098468275017]","[-12.911294780448006, -84.94121128904273, 23.540412517949456]","[30.08417190154504, -30.767220802750167, 89.28924698636025]",P2,target,sub-2018,sham,ses-baseline,run-baseline
P7_control_sub-029,"[48.47736136415733, -25.019283181886706, 78.70519731540334]","[51.063007393629654, -73.02815923051371, 66.99504608356496]","[69.43723339412198, 6.283761228667516, 46.91782020852148]","[4.866618734347323, -9.872308596199538, 95.46286787416142]",P7,control,sub-029,sham,ses-baseline,run-baseline
P1_control_sub-062,"[-43.921825308818136, -17.97386935560743, 68.88993651500415]","[-24.950645375674267, 28.050271360593122, 66.34723402080778]","[-71.43477159880453, -30.84930872223196, 31.78088432127767]","[-12.979101015641767, -53.67835296060171, 82.97870477622932]",P1,control,sub-062,sham,ses-baseline,run-baseline
P6_control_sub-6109,"[-77.03786919198338, 6.365249483790201, 43.239149887278614]","[-53.79473657885522, 47.40524917325382, 56.89489808375155]","[-75.0653215936901, -1.3538465001530213, -5.696216657422498]","[-67.05145893412832, -34.03023039268234, 70.27788178932383]",P6,control,sub-6109,sham,ses-baseline,run-baseline
P7_control_sub-033,"[47.40685671250083, -30.884778701805047, 87.89183689965076]","[45.90109124578938, -77.09263899696938, 70.88759559004535]","[71.64050520928065, 1.5023703845195326, 59.15909277879035]","[4.4965394044157865, -14.241490286151945, 104.848186017595]",P7,control,sub-033,sham,ses-baseline,run-baseline
P8_target_sub-2512,"[-52.54485764841297, 68.68273491940226, 49.491248220159406]","[-21.96355196858755, 92.35587749099626, 58.50024824784998]","[-67.29004779524669, 72.0498108818613, 12.80050443985896]","[-52.4300914271133, 32.208972706250925, 65.4017935990875]",P8,target,sub-2512,sham,ses-baseline,run-baseline
P4_target_sub-4013,"[-70.55708223198741, 28.105377353760698, 22.958593489859968]","[-43.47527622029976, 65.83106672809332, 38.83690218655961]","[-76.49266656003486, 25.92167781898454, -25.779501479621384]","[-65.1565327563328, -15.145897932127916, 46.761780302296145]",P4,target,sub-4013,sham,ses-baseline,run-baseline
P3_control_sub-011,"[46.32498253195444, -26.618458634193747, 78.22026440365848]","[47.72337788751434, -74.81644011655044, 67.87784750947775]","[67.5428881967794, 3.4567331502618055, 44.92917942386812]","[3.018510940534627, -9.975034432606073, 95.42986019174249]",P3,control,sub-011,sham,ses-baseline,run-baseline
P5_control_sub-5002,"[-67.27574165821217, -35.02031071898513, 38.89908831905217]","[-73.49174118492422, 3.548807642517106, 38.577047396408844]","[-64.49139190892527, -51.12173775101005, 2.799835583256543]","[-37.926811497474276, -45.66873675043703, 63.02242804227933]",P5,control,sub-5002,sham,ses-baseline,run-baseline
P6_control_sub-6125,"[-70.5172149328326, 9.152967186351733, 27.295411866358165]","[-50.21800906043776, 51.32571038689335, 41.854798533715304]","[-73.00022458979016, 0.35029396845241645, -21.68599724171719]","[-71.28774679537422, -29.1881889303896, 58.80193268624755]",P6,control,sub-6125,sham,ses-baseline,run-baseline
P5_target_sub-5016,"[-52.20104673809894, -2.1901430892200313, 79.24125736463384]","[-38.93266288072529, 46.08760662647224, 79.39509140340398]","[-78.15640561667942, -15.859392474904418, 40.14810505574921]","[-16.7193510564952, -34.060455786370554, 91.79663776652498]",P5,target,sub-5016,sham,ses-baseline,run-baseline
P7_control_sub-064,"[47.15080367480558, -27.41394564063218, 72.52266340602522]","[49.20716171659288, -75.59952258959174, 62.80698799977785]","[70.33381748244896, 2.0992092354468967, 40.188747792187186]","[1.9245510695648536, -10.846869273414415, 83.77109863401971]",P7,control,sub-064,sham,ses-baseline,run-baseline
P3_control_sub-062,"[53.685760917658776, -19.725820664383132, 67.44564400298391]","[60.09892710572508, -67.21527824275918, 56.6173090177493]","[70.27926650480704, 12.368182119588766, 33.50360904969583]","[8.026658354768834, -8.875333735061922, 82.68646432903604]",P3,control,sub-062,sham,ses-baseline,run-baseline
P3_target_sub-015,"[-68.57296603260362, -52.628395544060766, 43.100794916850965]","[-67.40239729759809, -12.995050279469515, 44.534137544979025]","[-71.7180512759726, -68.62295249453139, 6.9824615698099795]","[-45.10054825013786, -71.41067590941489, 68.53107486777282]",P3,target,sub-015,sham,ses-baseline,run-baseline
P7_control_sub-023,"[51.24586108147556, -22.346050339698326, 78.77010612408013]","[56.44348185407806, -70.25217685221182, 68.39410198524257]","[71.96634032048138, 9.636979537924239, 46.88743779620048]","[5.795760709665217, -9.198233933779274, 92.78110973512834]",P7,control,sub-023,sham,ses-baseline,run-baseline
P7_target_sub-014,"[46.09417111173226, 33.77172243092117, 70.71077264208311]","[38.9372336776202, -0.6825677363201459, 89.30985850710577]","[68.64457433336989, 31.219205227756024, 38.711901179511614]","[15.59586755215273, 58.801919081274555, 67.5324603590658]",P7,target,sub-014,sham,ses-baseline,run-baseline
P1_control_sub-029,"[-53.494402001180106, -24.101100824154702, 74.81719755747851]","[-39.842095684044516, 23.715685818137846, 75.40560285015177]","[-77.50626401220025, -38.899688641126666, 35.039792509195344]","[-19.93240944756462, -56.519221040815786, 90.7601420683277]",P1,control,sub-029,sham,ses-baseline,run-baseline
P6_target_sub-6101,"[25.0659856771032, -94.71450692815169, -66.66243551986206]","[-32.85085188334045, -94.35709731509068, -61.20078748197134]","[45.038395174709905, -53.12661597262787, -104.50491189141624]","[52.79035579332391, -99.63946563077091, -16.80847695597307]",P6,target,sub-6101,sham,ses-baseline,run-baseline
P7_control_sub-049,"[48.74340397468643, -25.68133184841805, 87.70223525349245]","[51.12834035784722, -73.81182284958375, 78.31879411382083]","[69.61873805483155, 3.820293467266794, 53.76855259055613]","[4.371389774003974, -9.929114692807829, 101.48724157169325]",P7,control,sub-049,sham,ses-baseline,run-baseline
P7_target_sub-002,"[56.68006069380456, 44.79185028934757, 52.48456937205864]","[49.607657719048994, 14.480419108766931, 77.26796434881979]","[73.58202160144998, 34.607105941103924, 17.953687215930476]","[28.584403208007597, 72.02428505304569, 49.97294290388021]",P7,target,sub-002,sham,ses-baseline,run-baseline
P4_target_sub-4016,"[-79.24405075972975, 40.719997485654915, -2.487723222665577]","[-52.84914107220803, 78.98504453136809, 15.436250729880598]","[-81.0307107835147, 36.544476432188375, -51.867662608752035]","[-77.6977953406545, -2.049933988043674, 22.93610417037211]",P4,target,sub-4016,sham,ses-baseline,run-baseline
P4_target_sub-4017,"[-79.41261104490884, 40.82674016682224, 38.30767955566042]","[-56.50055990634403, 82.82689751960429, 48.42439143847946]","[-78.58568900852559, 29.526469491573003, -10.144158177685988]","[-70.14979339251747, 2.407530097199942, 68.80597176552865]",P4,target,sub-4017,sham,ses-baseline,run-baseline
P1_target_sub-1103,"[69.8580708431166, -51.17905272181158, 1.3960401399016504]","[64.43577727588195, -69.14106739617152, 24.651265897483484]","[65.92901702438631, -61.23335692881316, -26.366252986915335]","[76.03236036763866, -23.161962445485052, 6.146450935879884]",P1,target,sub-1103,sham,ses-baseline,run-baseline
P7_control_sub-099,"[48.35505996496744, -35.890409832867306, 75.19896899765389]","[53.64376538670561, -81.18197220327923, 56.76869652581831]","[66.98631354100095, -0.21795308334512198, 47.13371377674821]","[2.6240294559045276, -24.979242281125103, 90.59206988054203]",P7,control,sub-099,sham,ses-baseline,run-baseline
P7_target_sub-028,"[45.672781169106855, 44.79419105105932, 57.86415093341578]","[40.78423198821457, 15.026305554036664, 83.64189586097888]","[64.11690916872986, 35.33466355669606, 23.84624773067246]","[15.724091595077557, 69.83628654394234, 54.219944812283664]",P7,target,sub-028,sham,ses-baseline,run-baseline
P7_control_sub-032,"[48.050974620942505, -29.94401681082768, 77.98831186681728]","[49.86655128442649, -77.06458977927274, 63.8818576967661]","[70.04291264862707, 2.9894755296312336, 48.04159758273531]","[4.222858334096325, -15.07156214146643, 94.98689979299401]",P7,control,sub-032,sham,ses-baseline,run-baseline
P4_target_sub-4010,"[-73.63210876713639, 34.98402391639269, 33.438878712537615]","[-48.35432116886459, 73.64073782881412, 50.4387895334952]","[-74.83873378889629, 30.382621808042487, -16.213394749847442]","[-71.79950686027811, -7.282994346939354, 59.81465482726413]",P4,target,sub-4010,sham,ses-baseline,run-baseline
P7_target_sub-033,"[44.07863871295711, 32.926309352302695, 74.73049535439208]","[39.1692119337374, -2.7498312629421964, 91.50097246867094]","[67.18401881450421, 33.70910662672751, 42.35882069629584]","[11.897914604872852, 55.93780185500667, 72.97413736004314]",P7,target,sub-033,sham,ses-baseline,run-baseline
P8_control_sub-2510,"[35.39214845062407, -2.5845624858654666, 91.36920739112526]","[37.779040239815814, -49.380292277357626, 77.979781726419]","[63.2544919149378, 29.4835903779787, 65.71930606272333]","[-10.143655689965332, 13.581034779529867, 102.48322114403412]",P8,control,sub-2510,sham,ses-baseline,run-baseline
P3_control_sub-009,"[46.77501820708122, -37.48882265777805, 82.77721092627279]","[45.54638990582108, -84.55891562841025, 68.78209699550449]","[68.88082042942406, -6.114875511007945, 51.19365780248434]","[3.6440344651722807, -20.775759480249857, 99.03868749703642]",P3,control,sub-009,sham,ses-baseline,run-baseline
P5_control_sub-5004,"[-70.27401579603524, 50.338152715359634, 28.249677897555227]","[-42.72149401301001, 88.61226784333745, 43.468798096704035]","[-76.41903096527278, 45.9002689948908, -20.306846454586413]","[-68.62370340438981, 8.671866782282189, 55.40153753210464]",P5,control,sub-5004,sham,ses-baseline,run-baseline
P7_control_sub-074,"[51.753210967557514, -35.04483351601038, 78.1103487380383]","[54.14896440085819, -81.8041785403732, 61.712250048955404]","[73.42232009112583, -0.23958477879850104, 50.63568457489932]","[8.920117475310857, -21.444240998347155, 98.20329930308468]",P7,control,sub-074,sham,ses-baseline,run-baseline
P2_control_sub-2010,"[5.785070652582743, 24.63821423371647, 110.36169283982223]","[-28.35520456761855, 4.957007853918122, 106.88319998069612]","[37.795578288529796, 2.1848080819360045, 104.82560723154126]","[6.886540066652, 61.12948749288125, 94.13213359183455]",P2,control,sub-2010,sham,ses-baseline,run-baseline
P1_control_sub-022,"[-46.6526512572355, -33.611327548107035, 78.59728096680969]","[-34.525967925689336, 14.375171689255142, 84.79151220350116]","[-74.06903678078501, -44.46478183356215, 40.86095139221653]","[-12.557857958250437, -67.36695032441865, 90.79989529426634]",P1,control,sub-022,sham,ses-baseline,run-baseline
P1_target_sub-020,"[77.27201469476795, -46.304661922871894, -7.867683284430259]","[75.05531797550631, -63.776320723653285, 16.31481718606316]","[71.48824968294517, -57.60302400608449, -34.97784732791366]","[79.81518799923039, -16.7053211927535, -4.6737186916983156]",P1,target,sub-020,sham,ses-baseline,run-baseline
P1_control_sub-1103,"[-41.11689729416414, -14.628533528788504, 73.64271284332578]","[-22.68167482098877, 31.43348782135031, 70.62729158279386]","[-71.02741573962231, -27.76504441872108, 37.275390388135875]","[-9.274729058301263, -50.026990709456854, 86.4502200097224]",P1,control,sub-1103,sham,ses-baseline,run-baseline
P6_target_sub-6118,"[64.21957859270209, -67.39097624087623, -41.5459350041108]","[20.27118569816953, -103.66175605134569, -45.72112333572721]","[68.98178747850798, -29.149904064258692, -81.81436851251728]","[73.84495131599189, -47.88913899036419, 14.06245500017121]",P6,target,sub-6118,sham,ses-baseline,run-baseline
P2_control_sub-2007,"[-3.638605632677385, -22.95311859543734, 59.75036673549312]","[-39.2224277480465, -32.880077957487806, 45.24424538138686]","[26.118729867780083, -44.645039408155824, 45.00138876241543]","[3.234878901238665, 16.1176598906984, 62.705055720046154]",P2,control,sub-2007,sham,ses-baseline,run-baseline
P1_target_sub-044,"[78.10949058646561, -47.11879627420095, -10.804589444744295]","[74.98700803266306, -65.47510618250774, 12.40687194132371]","[71.5879087628418, -56.83754466577406, -38.311707754899146]","[81.70119442614116, -17.74968508350353, -6.108050554869181]",P1,target,sub-044,sham,ses-baseline,run-baseline
P1_target_sub-050,"[77.82109956797359, -53.525546381886535, 11.992988080014348]","[68.86213860296273, -71.22860955854001, 34.1951615071441]","[74.48843256333465, -62.54129958331627, -16.36797143424448]","[84.55110228053302, -25.074911964729274, 17.685425500008485]",P1,target,sub-050,sham,ses-baseline,run-baseline
P2_target_sub-2004,"[-24.887123084381457, -64.19712518203808, 57.33131160401168]","[-67.42003386095685, -25.737516770687492, 46.29321329715269]","[-6.968465020699652, -87.46140150779331, 6.410060476669304]","[19.992768421499118, -34.742228859846826, 81.59408165232463]",P2,target,sub-2004,sham,ses-baseline,run-baseline
P3_control_sub-019,"[49.514173103656184, -39.12034369980645, 75.9999641284701]","[44.39322181837704, -85.65583558149555, 59.96224929078183]","[71.58580771635204, -9.366775737801369, 43.77404614560382]","[7.229596977753998, -19.469022136547853, 91.85776232912039]",P3,control,sub-019,sham,ses-baseline,run-baseline
P3_control_sub-042,"[51.00396611611822, -23.228057456065724, 67.80076582247392]","[55.527336179530415, -70.39986095806238, 54.90947623695432]","[71.15049652601425, 10.159934440664534, 37.26149846837162]","[6.4132095985053805, -10.061137320860261, 85.18321512287038]",P3,control,sub-042,sham,ses-baseline,run-baseline
P1_target_sub-028,"[68.43383260951386, -50.49103835487873, 13.928582734349142]","[66.01676983353957, -67.46286358277113, 38.4619883299219]","[63.4250767394146, -62.36802072920367, -13.114255222790774]","[75.65516389252524, -21.83796341917066, 16.3888548277804]",P1,target,sub-028,sham,ses-baseline,run-baseline
P6_target_sub-6204,"[60.823702015003335, -66.1031638483148, -33.73347230995137]","[16.08851500785136, -102.67865203776672, -33.31637347467928]","[63.12595159110207, -27.798446084818234, -79.43641899373749]","[74.2307319298899, -46.74642948783058, 20.681175291440738]",P6,target,sub-6204,sham,ses-baseline,run-baseline
P5_control_sub-5008,"[-68.67853445010763, 43.14181672213124, 30.75085428206761]","[-38.75887889459242, 80.80041077124596, 42.96746380561903]","[-72.73373119950307, 35.52674637002279, -18.073392035023137]","[-64.72732725589974, 1.7434287467637093, 58.36740544895981]",P5,control,sub-5008,sham,ses-baseline,run-baseline
P7_control_sub-057,"[57.103162765596636, -32.134423570584126, 63.879078204614636]","[53.05243768991166, -78.89519817711773, 48.414286682662144]","[76.97912851459279, -0.7309326444818713, 31.305589625245513]","[15.997782574354334, -14.192247771277843, 84.47180715987815]",P7,control,sub-057,sham,ses-baseline,run-baseline
P7_control_sub-047,"[46.92740357248297, -35.36572320468616, 76.9134061933145]","[47.93308059019289, -81.1782707711022, 59.65798392264609]","[73.50825604900733, -2.141379470411463, 51.64014415490073]","[1.894270948740003, -18.99938392820608, 89.15397544116136]",P7,control,sub-047,sham,ses-baseline,run-baseline
P5_target_sub-5010,"[-51.254456668071754, 0.2386710113963115, 74.88704021771458]","[-36.113656209789596, 47.763813505915905, 73.2348318827707]","[-75.36217063833976, -15.00863122595095, 35.799356737384635]","[-17.994458406868727, -32.302368118896915, 90.6568995946344]",P5,target,sub-5010,sham,ses-baseline,run-baseline
P7_control_sub-092,"[44.10247865469697, -18.9529888635731, 82.89642654726991]","[45.88124268419643, -66.91358986784776, 72.10836442949767]","[64.43846209126603, 10.579107318888408, 48.94826676490823]","[0.06862029202547526, -3.3547983404877124, 98.36522034607896]",P7,control,sub-092,sham,ses-baseline,run-baseline
P6_target_sub-6120,"[62.77374790162357, -73.46965054871644, -57.942742234406865]","[10.968793172380042, -100.6877721560732, -60.54294000763449]","[67.06596402026108, -29.299724474284968, -96.73802681261074]","[79.10622502679142, -62.68977969701457, -1.9411729538239193]",P6,target,sub-6120,sham,ses-baseline,run-baseline
P8_target_sub-2508,"[-56.16617503729347, 51.10199182569164, 69.81026333366502]","[-26.66962376841597, 76.3630865730274, 76.0491663250027]","[-69.07415364577076, 50.346194022088376, 32.53965716559542]","[-52.17992277346855, 15.247140411099688, 86.92426934119295]",P8,target,sub-2508,sham,ses-baseline,run-baseline
P1_control_sub-026,"[-36.523631764046605, -36.126511247414825, 84.45436324165831]","[-23.607310503882047, 11.776755673134113, 80.7210356669308]","[-65.17254361550665, -51.48304192769242, 48.31759662011329]","[0.8729405382901603, -66.89444195167627, 93.028585373355]",P1,control,sub-026,sham,ses-baseline,run-baseline
P6_control_sub-6132,"[-65.9173882689015, 21.65327173103813, 33.345379886103196]","[-34.7981533587143, 58.62484833112125, 44.23871224235546]","[-73.58235076685105, 14.46435941486593, -14.93844943607131]","[-62.24142579626888, -19.72446323617044, 60.85027688628716]",P6,control,sub-6132,sham,ses-baseline,run-baseline
P5_target_sub-5003,"[-47.145521858816835, -10.397908773558182, 93.26677804167514]","[-80.23227828016141, -7.563775179071465, 56.99503509643379]","[-20.15612660562508, -51.52153887583506, 93.59991920830049]","[-22.355914238830433, 31.626859185701697, 101.94280969866973]",P5,target,sub-5003,sham,ses-baseline,run-baseline
P3_control_sub-024,"[51.014796849491916, -29.669185960924324, 87.60227015077987]","[54.82003953796966, -76.97166264125171, 74.35868230641]","[69.23172179636384, 3.4388988375810965, 56.005815071681695]","[6.223228932111241, -16.91820120632991, 103.57659012011752]",P3,control,sub-024,sham,ses-baseline,run-baseline
P6_control_sub-6130,"[-66.6835751410139, 27.259978039670667, 11.248118486845563]","[-37.481188944189185, 63.69162857217084, 27.199716877436266]","[-73.17237735819991, 22.771306465764663, -38.089867317540715]","[-72.46699068240812, -12.988749051794002, 39.69070300071065]",P6,control,sub-6130,sham,ses-baseline,run-baseline
P2_control_sub-2008,"[-2.8331131605866466, 25.72885481812418, 100.18519987003621]","[-36.57001261214353, 6.020116697230055, 93.46792542893262]","[29.38200399506805, 3.1688255766451956, 95.30409482540465]","[-0.7774196840578111, 61.84117536917748, 83.42470627072602]",P2,control,sub-2008,sham,ses-baseline,run-baseline
P6_control_sub-6120,"[-65.37292666636962, 16.589304291724563, 30.200428463648034]","[-31.98771437500789, 48.34973327210657, 48.65905760268311]","[-76.8991224428589, 20.88704713235448, -18.029371992200115]","[-69.17050284929107, -28.482862655795998, 51.275179736162315]",P6,control,sub-6120,sham,ses-baseline,run-baseline
P7_target_sub-102,"[53.42067004228386, 28.953728926925333, 40.33175472755403]","[47.55397628325129, -5.934708023717853, 58.33916699537533]","[72.53729643809822, 27.103988177570866, 5.749515299850101]","[23.26867484642256, 54.21677560820063, 41.63920175663823]",P7,target,sub-102,sham,ses-baseline,run-baseline
P1_target_sub-012,"[75.99909227086863, -62.838923892537956, -8.605272173594582]","[68.9818326593446, -83.6654257780823, 11.580395075005413]","[70.31496671911155, -67.5685110680813, -36.66364951737439]","[82.29684275064446, -35.23960341440793, 0.2678823594086035]",P1,target,sub-012,sham,ses-baseline,run-baseline
P7_control_sub-095,"[50.59285306465637, -26.1965650751826, 67.92785529024519]","[51.15526431612564, -74.10678063557161, 55.61394715790482]","[72.38330207392218, 4.112567809072126, 35.702485628153546]","[6.695896817075371, -9.432931437441786, 83.05041102605506]",P7,control,sub-095,sham,ses-baseline,run-baseline
P3_target_sub-037,"[-65.7055292254335, -53.50983879646916, 61.49169456837341]","[-68.99300559867001, -14.025959444786931, 62.754857685540586]","[-68.76187157245728, -69.41857122051734, 25.10334387600181]","[-36.743734048408975, -68.80796711393921, 83.53441751959464]",P3,target,sub-037,sham,ses-baseline,run-baseline
P5_target_sub-5011,"[-51.721728064241084, -10.46442114856605, 55.1949453950765]","[-36.62101209450354, 36.35953898987136, 60.69218526620415]","[-80.34872985189797, -19.671564263407543, 16.97078364785479]","[-19.659480456511947, -45.81031997306175, 67.14935027879116]",P5,target,sub-5011,sham,ses-baseline,run-baseline
P7_target_sub-054,"[40.11524995199712, 30.727847197873086, 66.00598882985814]","[31.21396831454027, -3.6749514133893726, 83.88319209201423]","[63.43642007323504, 27.387389549781915, 34.0498810668117]","[10.101200898069402, 55.97577079769795, 61.658907550615325]",P7,target,sub-054,sham,ses-baseline,run-baseline
P6_control_sub-6126,"[-72.0212155060813, 18.9076751964285, 20.918482430297868]","[-47.08171051394815, 57.79703805167226, 38.873439798141234]","[-79.12706247459661, 17.25493064593703, -28.436756728370128]","[-70.50825783991479, -23.91173156615553, 46.10927740604795]",P6,control,sub-6126,sham,ses-baseline,run-baseline
P1_control_sub-015,"[-51.895602886188186, -24.369504023394228, 72.09569760916132]","[-35.81965917507986, 22.889296980879735, 71.95567586266056]","[-74.20197498874968, -38.57763266058576, 30.62966449962664]","[-19.894255018137624, -57.75256563264971, 89.50015403084025]",P1,control,sub-015,sham,ses-baseline,run-baseline
P1_control_sub-010,"[-43.76353963684013, -21.89536797742664, 83.41053337222353]","[-33.456769053047466, 26.76317311009246, 79.61366840446948]","[-66.961383668467, -41.11793759046905, 45.55833656179009]","[-8.496277484566855, -50.88109162781224, 102.22947010731781]",P1,control,sub-010,sham,ses-baseline,run-baseline
P8_control_sub-2504,"[40.19591691071451, 9.507086992791583, 94.1430642145035]","[41.36193970044936, -38.62373869501386, 83.89419732539768]","[64.89514229892093, 38.5267616819785, 62.95635992232465]","[-4.313101396587433, 26.897148841560817, 106.15135172837783]",P8,control,sub-2504,sham,ses-baseline,run-baseline
P3_control_sub-029,"[48.47736136415733, -25.019283181886706, 78.70519731540334]","[51.063007393629654, -73.02815923051371, 66.99504608356496]","[69.43723339412198, 6.283761228667516, 46.91782020852148]","[4.866618734347323, -9.872308596199538, 95.46286787416142]",P3,control,sub-029,sham,ses-baseline,run-baseline
P3_control_sub-043,"[43.2945470309198, -36.2734269651655, 76.4365334615523]","[42.30247172381382, -81.9043701180547, 57.99391130222954]","[68.12272607490095, -3.235412437085942, 49.25198679874668]","[-0.685558841070225, -19.80054788980307, 91.39785270681823]",P3,control,sub-043,sham,ses-baseline,run-baseline
P6_target_sub-6136,"[63.95959972951734, -68.36747764565757, -39.9156964895572]","[21.493461464385593, -102.80393830412773, -49.28186060417237]","[69.17229288744866, -24.737542165344635, -79.88657717997216]","[77.26821237205304, -56.99386877184281, 16.89763584757876]",P6,target,sub-6136,sham,ses-baseline,run-baseline
P2_control_sub-2004,"[-4.3965737684812085, 0.8976699120299843, 89.61392578772653]","[-36.10437376934955, -20.304904823644794, 79.10186167602673]","[30.146586835504273, -16.629441968820725, 80.9873177055693]","[-6.496256847754165, 40.0645101424343, 82.22817892072335]",P2,control,sub-2004,sham,ses-baseline,run-baseline
P1_control_sub-063,"[-50.20560420983376, -28.29494636096798, 85.46506916222091]","[-38.32267963895115, 20.024119431804927, 89.32944321915906]","[-78.387861460572, -40.329049287782304, 47.631664102937556]","[-14.132100219375578, -60.87697123378297, 95.7163159716231]",P1,control,sub-063,sham,ses-baseline,run-baseline
P3_target_sub-039,"[-72.00178566563932, -42.01625260377251, 51.16287910766582]","[-71.35105681196849, -2.1135890247898583, 51.42351265853793]","[-76.02659597915569, -59.355410735726615, 15.622182876906257]","[-48.71802243150446, -60.683766130148534, 76.91304448315582]",P3,target,sub-039,sham,ses-baseline,run-baseline
P3_target_sub-047,"[-76.67463399379379, -64.9792873532247, 35.732150369764035]","[-75.6643906342659, -25.36150779207838, 38.92042154683854]","[-73.14276194636153, -76.37083831774943, -2.0697764731758097]","[-50.406465352154214, -82.03438681494833, 59.37143682696492]",P3,target,sub-047,sham,ses-baseline,run-baseline
P6_target_sub-6133,"[66.23955655776543, -69.79376583547257, -42.49687486428627]","[22.827616873789207, -107.79784599184497, -43.67345687821489]","[68.484727956971, -31.105631477261937, -87.46637039870159]","[77.79895608278593, -50.90980293093336, 12.745259593498256]",P6,target,sub-6133,sham,ses-baseline,run-baseline
P7_target_sub-038,"[41.39829184032717, 49.72978416751803, 53.58587370887262]","[32.751020243607286, 17.624618119438402, 75.51521792630116]","[63.54714635951623, 41.8866568185737, 21.636906211470013]","[11.02923080100554, 73.96958931953108, 46.554473931235016]",P7,target,sub-038,sham,ses-baseline,run-baseline
P6_target_sub-6122,"[59.961183083687395, -73.39722434026707, -24.808756156914967]","[14.652496403069634, -109.21510066265408, -25.20654619612517]","[62.96503101049575, -35.889147404901685, -71.11325739639238]","[73.15114385470288, -51.24360734546753, 28.709858049603607]",P6,target,sub-6122,sham,ses-baseline,run-baseline
P1_control_sub-019,"[-52.63220117873714, -33.70605875420801, 71.09682616608701]","[-37.634359504529634, 13.67901131672611, 70.98640926976188]","[-71.79710525381556, -46.41434821991987, 29.73947693533055]","[-17.40037138668079, -65.59740328148915, 84.49267981195872]",P1,control,sub-019,sham,ses-baseline,run-baseline
P7_control_sub-054,"[35.57059164029884, -23.894650282907445, 84.98657248553377]","[43.93005466929662, -71.30773056438532, 73.7679869554078]","[58.2412288153759, 9.194615935168178, 55.84682364318361]","[-11.61957807767443, -12.927825296159268, 92.01139437127595]",P7,control,sub-054,sham,ses-baseline,run-baseline
P6_target_sub-6104,"[70.93431178187127, -67.91043447683977, -36.530899943083575]","[26.310423796557316, -101.90200333424487, -45.83625384451]","[76.03944000716164, -20.90938303236284, -72.76934956625605]","[82.09518932100687, -59.65116238444242, 21.389949715456453]",P6,target,sub-6104,sham,ses-baseline,run-baseline
P1_control_sub-023,"[-45.94967775858956, -26.512148365632076, 79.77981616309329]","[-31.640938090139198, 21.28545981430498, 77.68425372531266]","[-74.87120790859038, -41.5851638675169, 43.59858853916669]","[-11.466019220905807, -59.36128913022057, 92.99555380157936]",P1,control,sub-023,sham,ses-baseline,run-baseline
P7_control_sub-101,"[48.81381213632317, -30.4555740486807, 63.168407944262334]","[50.658183033041794, -76.81182281708844, 46.48443080466763]","[72.2713144712629, 4.202949600320683, 36.36590166416765]","[5.888745695248784, -16.574746999193113, 83.20586455153409]",P7,control,sub-101,sham,ses-baseline,run-baseline
P3_target_sub-049,"[-70.30370591439025, -52.92912284673039, 50.5308676784573]","[-67.2669144226282, -13.41207544710563, 50.00734997206804]","[-67.51154312987583, -70.16485021129331, 14.683757811068798]","[-49.88814828029482, -70.44665628466294, 78.70694132132881]",P3,target,sub-049,sham,ses-baseline,run-baseline
P2_target_sub-2017,"[-39.061438163589195, -55.95441283726364, 56.88138856622822]","[-71.05255432534227, -8.82548605405738, 45.47005910763808]","[-24.287033639878125, -79.39584660020374, 4.5501234920715445]","[10.994237007380454, -36.80667936180108, 81.46741266392033]",P2,target,sub-2017,sham,ses-baseline,run-baseline
P4_target_sub-4009,"[-72.3970020500767, 27.13280397695731, 45.96492101961803]","[-44.17214431250996, 61.86826011486726, 66.08809653339208]","[-75.00634916308452, 29.694876082436853, -3.408504839240833]","[-69.2690684366493, -18.814856129130764, 65.18414894501585]",P4,target,sub-4009,sham,ses-baseline,run-baseline
P7_target_sub-100,"[51.56129870468963, 26.7269099792796, 62.49374332994726]","[44.008176294373634, -10.321021265455936, 74.99760227464186]","[72.80290208789316, 29.958875392029118, 28.979072303292526]","[22.145675388958797, 52.76916811117584, 66.72727475809316]",P7,target,sub-100,sham,ses-baseline,run-baseline
P7_control_sub-080,"[62.25498538354956, -23.097431544897592, 67.86911567796801]","[60.111291361579134, -71.49893655658947, 56.67871340166563]","[83.55688355248924, 7.186306957736021, 35.10221596567438]","[23.003168006068588, -4.193267560510958, 90.97375179615733]",P7,control,sub-080,sham,ses-baseline,run-baseline
P4_control_sub-4003,"[-7.018272948335497, -2.0895521103960095, 82.71291361378532]","[-41.70870249741376, -16.10303744664429, 69.78454400786143]","[24.331941095950864, -24.978006260809202, 74.48004354698574]","[-1.8158357082924197, 37.48660304917154, 81.20904765179723]",P4,control,sub-4003,sham,ses-baseline,run-baseline
P1_control_sub-043,"[-46.00775376558334, -43.07888535654871, 73.68057489058309]","[-39.13674188045508, 6.105869231956874, 75.42598512975701]","[-71.28091925179997, -58.62109873104626, 34.90040786404328]","[-5.933023215527791, -69.22205674816105, 82.4044069477919]",P1,control,sub-043,sham,ses-baseline,run-baseline
P7_target_sub-029,"[50.96107679783873, 32.4436857955451, 60.12758116759201]","[41.59041149185241, 0.6614540424787405, 81.83543804962937]","[68.19857878993395, 24.19691312768263, 25.311414497446567]","[24.71218786364975, 61.780062038629964, 59.4753122256589]",P7,target,sub-029,sham,ses-baseline,run-baseline
P7_target_sub-031,"[56.36569789800391, 29.993019641453333, 60.06157087298744]","[41.5994667095287, -1.5330114058975879, 79.27398020010935]","[74.48299386044526, 20.59805233165128, 26.174770207572504]","[32.053430147298606, 60.990015683730945, 57.14218310211228]",P7,target,sub-031,sham,ses-baseline,run-baseline
P7_control_sub-083,"[53.137111756211404, -12.74686647159767, 58.13367121978996]","[57.42309888170748, -61.100430300449034, 50.13388914737509]","[71.10512920443462, 17.195210233873507, 22.86642280997417]","[9.553738744351689, 1.555079870538647, 75.56112300367296]",P7,control,sub-083,sham,ses-baseline,run-baseline
P3_target_sub-063,"[-76.96721657330569, -49.20815906753098, 41.823376734634586]","[-79.78830292091739, -10.093515115304433, 48.72361101349224]","[-76.37375113843699, -60.76422556915766, 3.5441983459526414]","[-55.481840111315535, -70.60256901201976, 67.19651820689845]",P3,target,sub-063,sham,ses-baseline,run-baseline
P5_target_sub-5008,"[-46.749348183999246, 8.420108806678803, 74.34462108267563]","[-25.157931282552333, 53.25103820534125, 71.04242752113838]","[-75.09073888895337, -3.4342152786535203, 36.66900068114317]","[-17.97076896224906, -28.356537469821035, 90.3014364397577]",P5,target,sub-5008,sham,ses-baseline,run-baseline
P3_target_sub-011,"[-71.63161153071333, -44.18336895520989, 52.23396829125795]","[-66.31237189515397, -4.804134960282421, 51.659319109327775]","[-72.7553299250025, -60.4301810192787, 16.083463444352322]","[-48.7935086527587, -63.922978918287825, 77.75153359454896]",P3,target,sub-011,sham,ses-baseline,run-baseline
P3_control_sub-040,"[48.83904871332436, -5.90927162879364, 58.297102968912945]","[58.255817125315936, -53.534782961063385, 49.232082656811]","[67.16966659479779, 27.438248613645317, 26.64493821133734]","[4.751256463870957, 5.041391454580075, 77.09436410185049]",P3,control,sub-040,sham,ses-baseline,run-baseline
P1_target_sub-013,"[71.92674893565044, -61.174659115059264, 6.5543674201846605]","[65.59279156311582, -79.13347973656765, 29.656340776316483]","[68.35632234477514, -70.91458377770925, -21.132653092331097]","[79.01673194071, -32.66537927250952, 11.396536361921756]",P1,target,sub-013,sham,ses-baseline,run-baseline
P3_target_sub-021,"[-68.8693550753052, -53.10545249450487, 47.39515986389704]","[-67.58491449586572, -13.608026946001582, 45.187963187584096]","[-66.35013789803116, -71.62516585313118, 12.215140676963848]","[-49.19130959158502, -69.5193181886341, 77.1762247872833]",P3,target,sub-021,sham,ses-baseline,run-baseline
P8_target_sub-2516,"[-58.76102096420805, 45.6067898635477, 91.82689634466637]","[-31.656613074407176, 73.28148155573933, 100.32460057242385]","[-72.6187614289924, 46.1339590938533, 54.719137714212906]","[-53.08321846839838, 9.462876060161355, 107.72871088787052]",P8,target,sub-2516,sham,ses-baseline,run-baseline
P1_control_sub-002,"[-44.35367777625032, -9.586554511158852, 80.97170370704988]","[-28.415041331677223, 37.33436468792572, 75.2359601404754]","[-71.19510834740215, -27.4474514840746, 44.377723203184416]","[-12.683380231227536, -42.04149147607522, 100.56995963215675]",P1,control,sub-002,sham,ses-baseline,run-baseline
P6_target_sub-6115,"[60.54588543077924, -74.43787682489497, -31.032654048073]","[14.669921159141504, -109.63301692299906, -26.790439528735888]","[64.46048366976531, -37.65140618102847, -77.78682101205801]","[79.76800126130576, -56.119749779925606, 21.99706787112077]",P6,target,sub-6115,sham,ses-baseline,run-baseline
P8_control_sub-2517,"[57.005404106219856, -5.9066639232768425, 74.32962824909357]","[56.3459806720385, -52.373705263286425, 58.50212996143413]","[76.97286237477239, 26.52195334951286, 43.37899661416233]","[15.518637336230189, 9.741230529822989, 95.51663746092105]",P8,control,sub-2517,sham,ses-baseline,run-baseline
P7_target_sub-049,"[54.9443875151533, 25.261410158655803, 64.58158102392402]","[44.49862035106608, -4.638092901906923, 88.31802156877951]","[72.9902992000206, 15.126807371352625, 30.827389620677575]","[30.555866352529154, 56.34783098469185, 62.95290186220748]",P7,target,sub-049,sham,ses-baseline,run-baseline
P6_control_sub-6104,"[-76.45238207731862, 3.221959869773474, 46.37587184250041]","[-51.346857896474745, 39.34376543457144, 69.8291975720971]","[-76.9234134915392, 6.988069838953942, -3.2362532022438706]","[-72.56191683033578, -42.762977594869625, 64.4233507442578]",P6,control,sub-6104,sham,ses-baseline,run-baseline
P6_target_sub-6131,"[73.48252220793007, -64.10899602599817, -29.2408189170356]","[33.676635101538395, -105.4000690761336, -36.51522352457828]","[74.74529772145677, -22.48608783842136, -71.37642307762704]","[81.46293856755503, -47.308441147441215, 26.532616233562837]",P6,target,sub-6131,sham,ses-baseline,run-baseline
P8_target_sub-2509,"[-46.69231566115787, 71.58862351961781, 80.85050658497266]","[-15.098495591854535, 93.3861910403077, 88.7153789132931]","[-62.69075053517976, 75.99203564190294, 44.795094725850205]","[-48.0934527760167, 35.03269593444182, 96.8090821362778]",P8,target,sub-2509,sham,ses-baseline,run-baseline
P7_target_sub-052,"[47.92678989703423, 31.383347743279533, 64.10902241287577]","[34.15490779397652, -0.7338995190460366, 83.42547994618417]","[67.75681864909033, 23.14834925744149, 30.72110264373552]","[23.85063787916464, 62.78077631975506, 62.13217941499663]",P7,target,sub-052,sham,ses-baseline,run-baseline
P2_target_sub-2016,"[-39.13862055252816, -64.05201340710272, 62.39295014493069]","[-72.68675946814581, -16.304733304414718, 55.94711386746052]","[-25.77998837603476, -86.3550142283824, 8.681999132685926]","[9.605135552039949, -49.20857237961787, 90.43540889620839]",P2,target,sub-2016,sham,ses-baseline,run-baseline
P2_control_sub-2015,"[-3.3257673153901193, 7.793810241804743, 101.97543307949005]","[-38.15242300886581, -7.706444172945085, 91.66801268347105]","[27.903083946155366, -15.286029315710563, 94.25736670013998]","[1.2084038508178492, 46.97985576636846, 95.81124280390672]",P2,control,sub-2015,sham,ses-baseline,run-baseline
P1_control_sub-038,"[-42.04608526477921, -15.599467646986094, 77.70332378601424]","[-28.669492677734922, 32.21229617411174, 72.04877294506537]","[-71.77756088830968, -33.64127849835368, 44.02375959064895]","[-7.398586881839871, -46.88574650127114, 93.36816858678135]",P1,control,sub-038,sham,ses-baseline,run-baseline
P5_control_sub-5013,"[-63.0494389380793, 47.84919868241178, 44.09889164576406]","[-30.947420196364202, 82.25022519592798, 59.768462662198374]","[-73.00954956707066, 46.79924694448219, -4.081623697049232]","[-64.79253355367753, 4.922513319594128, 68.53198314652735]",P5,control,sub-5013,sham,ses-baseline,run-baseline
P1_target_sub-076,"[62.16833078785979, -50.06743174181565, -5.392209697875479]","[53.77857713124486, -61.73918609634506, 20.828006935571526]","[55.618147837603814, -64.36810137204556, -30.759719166314632]","[72.20615197067072, -21.901626590849464, -6.625136248412431]",P1,target,sub-076,sham,ses-baseline,run-baseline
P3_control_sub-054,"[35.57059164029884, -23.894650282907445, 84.98657248553377]","[43.93005466929662, -71.30773056438532, 73.7679869554078]","[58.2412288153759, 9.194615935168178, 55.84682364318361]","[-11.61957807767443, -12.927825296159268, 92.01139437127595]",P3,control,sub-054,sham,ses-baseline,run-baseline
P6_control_sub-6128,"[-69.65797246803727, 8.336056628874807, 48.96588397810274]","[-43.01918725116781, 48.36135370349113, 61.37653911874644]","[-72.77690689245362, -0.09283104246574189, 0.18799147281662243]","[-63.01281243572754, -32.36025225895186, 76.85780072851954]",P6,control,sub-6128,sham,ses-baseline,run-baseline
P2_target_sub-2020,"[-24.672024484659932, -65.96576876344834, 45.99367577523708]","[-66.02982368062916, -26.475119167143554, 38.72352581762882]","[-9.29617531128022, -87.44836963133557, -6.931384819012258]","[21.824246236707072, -39.24820695648988, 71.20985211860953]",P2,target,sub-2020,sham,ses-baseline,run-baseline
P7_target_sub-084,"[48.71579363373636, 25.674898878139086, 50.401484200326536]","[38.44786826774576, -9.380401524193596, 66.0673524441676]","[71.5771692691483, 23.571369976136523, 18.123007206306205]","[20.19294866415622, 53.167553469943485, 49.19141552124233]",P7,target,sub-084,sham,ses-baseline,run-baseline
P8_target_sub-2515,"[-47.3703545597777, 51.19332772787186, 76.41164765029463]","[-14.396125948098398, 72.43178450556518, 81.24900374640575]","[-65.70829634531962, 56.220972555032475, 41.505585668197845]","[-45.83823185825146, 13.964948180021691, 89.97915711622511]",P8,target,sub-2515,sham,ses-baseline,run-baseline
P3_target_sub-025,"[-64.22512446668992, -51.606808088496585, 70.47640094695286]","[-66.01398200108274, -12.051565036122298, 67.98588491227713]","[-67.65868686625701, -71.24623293118395, 36.22213428577402]","[-36.77965258060366, -65.53998682812534, 94.57626465520329]",P3,target,sub-025,sham,ses-baseline,run-baseline
P2_control_sub-2017,"[-6.136893701541723, -0.2314255551094567, 86.94776851084762]","[-40.18503843414044, -16.630034900064935, 75.58267389114317]","[26.11868670794521, -22.181949340884902, 80.95780362417922]","[-2.627781488484138, 39.339687437802986, 82.22609925673427]",P2,control,sub-2017,sham,ses-baseline,run-baseline
P1_control_sub-021,"[-43.18726644592393, -17.95929331425609, 79.93008718075049]","[-22.719338337584663, 27.03631431543953, 73.23252967852565]","[-70.93713952726932, -33.0092752303788, 43.519873793182455]","[-13.088105556714542, -53.232654460305945, 96.44959157395206]",P1,control,sub-021,sham,ses-baseline,run-baseline
P7_target_sub-015,"[55.27887465241778, 28.836371052741843, 57.43417454114873]","[43.15018427851176, -2.775074308260735, 77.8157269993105]","[71.71752837242994, 20.10980740721814, 22.303518831154815]","[29.494996562076853, 58.77461189457616, 56.024789385081874]",P7,target,sub-015,sham,ses-baseline,run-baseline
P7_control_sub-062,"[53.685760917658776, -19.725820664383132, 67.44564400298391]","[60.09892710572508, -67.21527824275918, 56.6173090177493]","[70.27926650480704, 12.368182119588766, 33.50360904969583]","[8.026658354768834, -8.875333735061922, 82.68646432903604]",P7,control,sub-062,sham,ses-baseline,run-baseline
P2_target_sub-2024,"[-16.14197813508694, -56.111109865947356, 76.33024898172863]","[-60.17526765799639, -21.404098907401075, 63.444325880069506]","[0.7999504262939556, -82.73436162078232, 26.04839417704544]","[27.686830669382772, -22.5152445827946, 94.97287113603987]",P2,target,sub-2024,sham,ses-baseline,run-baseline
P5_control_sub-5019,"[-67.44547027973803, 48.543292663936334, 36.1513347847265]","[-38.61135569548159, 85.3849784106365, 53.36281769189578]","[-68.94280844281276, 45.66344343653822, -6.129090578420509]","[-66.30982336924853, 5.151229482826294, 60.75664866477669]",P5,control,sub-5019,sham,ses-baseline,run-baseline
P1_control_sub-030,"[-52.90936271812101, -31.71226477027248, 83.36951206004095]","[-43.15264977040716, 17.087505229199646, 80.17905075522691]","[-73.98332476055754, -51.05639845854041, 44.374484193978695]","[-16.648921027289784, -59.272212181174176, 101.81949944682083]",P1,control,sub-030,sham,ses-baseline,run-baseline
P3_target_sub-073,"[-67.81056663946804, -55.665546969898344, 31.010716963494627]","[-65.77608091379861, -15.921565914991843, 32.50337795705412]","[-70.57443685755176, -70.26117731720231, -5.700953961656548]","[-40.749419349029395, -74.15904424301019, 53.13387700666251]",P3,target,sub-073,sham,ses-baseline,run-baseline
P6_control_sub-6134,"[-65.61011610114764, 5.90809735331868, 46.35711350930186]","[-38.13039895585783, 44.52176373488247, 61.801509265111285]","[-78.36674407441917, 6.489216136904282, -0.38523306835885474]","[-53.867755313031594, -38.814949844872416, 64.50413578327372]",P6,control,sub-6134,sham,ses-baseline,run-baseline
P6_control_sub-6001,"[-64.35694221103832, -54.8203663845545, 50.20152325248106]","[-63.47881313269967, -15.182341088101627, 52.97297981566855]","[-66.2501950559175, -69.09765198539819, 13.098342764023416]","[-40.37702832616643, -74.48875529145266, 74.72464080008255]",P6,control,sub-6001,sham,ses-baseline,run-baseline
P4_target_sub-4014,"[-75.3922524311601, 33.8484064362535, 32.61418662999021]","[-51.3059032517877, 70.96999732393047, 54.650356340199295]","[-76.3986573829114, 35.34449458409214, -17.05216460637359]","[-69.46545820475859, -11.342979333903765, 52.18769179691946]",P4,target,sub-4014,sham,ses-baseline,run-baseline
P7_control_sub-055,"[41.29416264051883, -33.59038337675264, 96.5097541962461]","[46.31386859393643, -80.2233656825566, 82.48549384037447]","[63.38479545786275, -0.34304317733489464, 67.08216429602854]","[-4.984523211873727, -20.67006371488614, 108.40170893858452]",P7,control,sub-055,sham,ses-baseline,run-baseline
P4_target_sub-4018,"[-70.27950483664681, 28.647842778127835, 43.60517617334174]","[-46.35619652022206, 66.66963890099403, 64.01774363994238]","[-72.54788091327201, 29.73962712684843, -6.031189323650032]","[-64.92744062503708, -16.29536225968799, 64.6386784168682]",P4,target,sub-4018,sham,ses-baseline,run-baseline
P7_control_sub-009,"[46.77501820708122, -37.48882265777805, 82.77721092627279]","[45.54638990582108, -84.55891562841025, 68.78209699550449]","[68.88082042942406, -6.114875511007945, 51.19365780248434]","[3.6440344651722807, -20.775759480249857, 99.03868749703642]",P7,control,sub-009,sham,ses-baseline,run-baseline
P4_target_sub-4007,"[-78.02193871997936, 30.52496643428312, 25.743061277334537]","[-52.938189791821884, 69.1130863759667, 43.11543955582327]","[-81.70317485913873, 27.858735778159538, -23.77095229797722]","[-76.76420873033902, -12.083195710431141, 51.45060334124496]",P4,target,sub-4007,sham,ses-baseline,run-baseline
P3_target_sub-054,"[-63.14623421621773, -51.021286975216505, 50.27143069791373]","[-63.38081188820984, -11.125026735483017, 50.13769575296967]","[-64.67552777795323, -68.14806996877914, 14.40180429492069]","[-38.35007792949748, -68.07549803611846, 75.77159879655822]",P3,target,sub-054,sham,ses-baseline,run-baseline
P7_target_sub-109,"[49.00892153518643, 22.3540152682602, 57.87098660119216]","[41.012072478910056, -13.846423410119835, 71.8353896058351]","[70.18949646819101, 22.22062800799225, 24.415750694532658]","[17.952076609297706, 46.774724821048984, 56.809962120098405]",P7,target,sub-109,sham,ses-baseline,run-baseline
P3_control_sub-044,"[47.018373952698056, -16.56859108227467, 70.85303950202676]","[56.35591112504057, -64.26806772391276, 60.8426524949272]","[66.49586830527794, 16.735010418653015, 40.02819683998243]","[0.5787695865687885, -6.349488562887497, 83.44475030022663]",P3,control,sub-044,sham,ses-baseline,run-baseline
P8_control_sub-2509,"[61.64774263553314, 7.926893229679526, 92.82666445521937]","[63.55983572846516, -39.47020481830572, 79.98609234205026]","[78.7735394186445, 40.72327669172959, 59.91119847830884]","[21.548554121025543, 22.14691075731416, 116.89702614068524]",P8,control,sub-2509,sham,ses-baseline,run-baseline
P7_control_sub-039,"[49.92416277875361, -21.46990781681257, 77.40669858619007]","[50.88572769535746, -70.09582254785624, 68.46401227914859]","[72.98104899638105, 7.843045823883287, 45.00366015049364]","[7.751755104184078, -3.2568164785254257, 95.92294457993421]",P7,control,sub-039,sham,ses-baseline,run-baseline
P1_control_sub-064,"[-48.11649092222242, -23.375519382743132, 67.6122461968615]","[-31.71545056029122, 23.67286822390264, 64.40692118281993]","[-73.25400565286999, -38.85648015422837, 29.21577386589176]","[-15.515609863979156, -56.66447071197304, 83.76818962512822]",P1,control,sub-064,sham,ses-baseline,run-baseline
P7_control_sub-107,"[47.32754065288143, -34.310635261341595, 87.09490424856206]","[44.058476863579614, -81.41139250910497, 74.28096182067603]","[68.84835075025457, -6.036225160352705, 53.35738450256113]","[4.6587785561483885, -14.95677395522705, 102.10282446092539]",P7,control,sub-107,sham,ses-baseline,run-baseline
P3_target_sub-024,"[-70.86660676286112, -56.837493941525224, 53.76399580947473]","[-71.3572367665938, -17.40493094446048, 57.82753596891702]","[-66.45810491948023, -70.012142082315, 16.320854300338922]","[-49.23231576642302, -76.03229276421906, 80.05608868794249]",P3,target,sub-024,sham,ses-baseline,run-baseline
P7_target_sub-024,"[49.35787066220618, 26.127914656929033, 75.80183587423852]","[39.27789746501426, -8.190963558151081, 92.93149653621921]","[67.55036324494493, 21.575281386439165, 41.39401485600575]","[20.678391747109703, 53.11554779215869, 74.77625538939144]",P7,target,sub-024,sham,ses-baseline,run-baseline
P7_target_sub-012,"[50.82449258881288, 37.315472556509356, 66.11164718683901]","[44.090912489866184, 1.910268680559515, 83.00094179910555]","[69.97646758668492, 36.026838569848614, 31.49406802699715]","[21.28350649780495, 63.360272310113, 68.18694030482942]",P7,target,sub-012,sham,ses-baseline,run-baseline
P7_control_sub-097,"[46.57050781267046, -29.465582363235033, 67.98705252929737]","[50.1256810421324, -76.41130330981146, 54.048552422420286]","[63.522427955615065, 3.4849028366892223, 35.31726100045896]","[2.6919887763859376, -16.645365901147606, 86.18593135051462]",P7,control,sub-097,sham,ses-baseline,run-baseline
P6_target_sub-6123,"[50.380462643964535, -83.94267830266176, -19.93422912349917]","[-3.040406454087942, -106.03261622208362, -17.217726661327497]","[58.3383042501641, -47.65419275034162, -66.75719318543402]","[68.85790762777597, -63.147001081831185, 32.84807987287195]",P6,target,sub-6123,sham,ses-baseline,run-baseline
P2_control_sub-2021,"[1.2967608397054613, 2.467525650326417, 86.5343633516221]","[-33.82156831516197, -14.711743066471449, 79.57543113952704]","[33.36515242127803, -20.025101739850403, 79.67937851061737]","[4.389137165568799, 41.58926961830478, 78.68012156701181]",P2,control,sub-2021,sham,ses-baseline,run-baseline
P1_control_sub-035,"[-40.23402238955785, -18.237785464876264, 78.89153053781338]","[-26.217517867188434, 29.380163553754226, 73.90811111443108]","[-71.12750869683333, -35.21636091391902, 44.78421528939758]","[-5.105909134205999, -50.05187504932189, 92.29087965677455]",P1,control,sub-035,sham,ses-baseline,run-baseline
P3_control_sub-039,"[49.92416277875361, -21.46990781681257, 77.40669858619007]","[50.88572769535746, -70.09582254785624, 68.46401227914859]","[72.98104899638105, 7.843045823883287, 45.00366015049364]","[7.751755104184078, -3.2568164785254257, 95.92294457993421]",P3,control,sub-039,sham,ses-baseline,run-baseline
P8_target_sub-2501,"[-49.93049340096017, 54.56638158098647, 51.026205452362866]","[-19.74955111011105, 79.13367020387146, 58.28699847324699]","[-66.97113601584739, 58.580575048369425, 15.45418808636429]","[-47.2095080536158, 17.45352999543297, 65.64916567829121]",P8,target,sub-2501,sham,ses-baseline,run-baseline
P1_target_sub-001,"[73.75908416275728, -61.40404641950161, 1.4903139249760893]","[64.16280549189277, -82.04628413402669, 20.792170369618862]","[66.15761422835362, -63.988240561293615, -27.34293902271431]","[80.73736073514216, -34.27574186866346, 11.851027376944534]",P1,target,sub-001,sham,ses-baseline,run-baseline
P3_control_sub-026,"[46.12637305308194, -35.457544725820405, 82.8402648674346]","[47.72858824714118, -82.96996889523588, 69.63629833027271]","[68.19815313420608, -4.322762511392725, 51.372682733822664]","[1.4135402236168944, -19.65562732474625, 95.74310011239022]",P3,control,sub-026,sham,ses-baseline,run-baseline
P3_target_sub-014,"[-72.24999285617372, -59.39305401953391, 50.29792502045398]","[-76.40862465818249, -20.33641377981034, 49.87410467573782]","[-70.1443116142594, -76.28458349056089, 14.673913260795201]","[-46.95175036612886, -73.20282337938588, 77.41136986736659]",P3,target,sub-014,sham,ses-baseline,run-baseline
P4_control_sub-4021,"[-2.307178633363358, -4.143517214902001, 100.32190832627806]","[-36.39102770115805, -22.117803918252886, 91.80132163921343]","[30.906719497272803, -24.63389351126818, 92.78075659252106]","[-0.9194177163309878, 35.586228079140035, 96.03918215283905]",P4,control,sub-4021,sham,ses-baseline,run-baseline
P7_control_sub-098,"[50.175719254043365, -21.120958079194633, 69.50264397656308]","[55.24525616120673, -68.25063737307349, 55.376132794855124]","[69.08880141596889, 12.948769105113296, 39.30244949363506]","[5.505726677135948, -8.950871958165381, 86.31481543159681]",P7,control,sub-098,sham,ses-baseline,run-baseline
P7_control_sub-016,"[52.777633965919506, -3.6238426188063144, 77.85092608698876]","[62.14763629807416, -51.041236180141205, 68.16802921308559]","[66.36304612393953, 28.81156643089168, 42.76058020762265]","[7.950516550315791, 5.520537142822514, 96.08145655404778]",P7,control,sub-016,sham,ses-baseline,run-baseline
P7_target_sub-042,"[43.64257972167719, 35.95168788175019, 57.49776555668549]","[36.98180944103265, 0.9128630661666657, 75.05169366940292]","[64.8610091020486, 34.464120472144366, 24.119702444554786]","[13.698861479010516, 61.89869889355521, 57.43150014951786]",P7,target,sub-042,sham,ses-baseline,run-baseline
P6_target_sub-6001,"[61.89980601594274, -69.11861664173313, -38.13485911442323]","[17.468009867393356, -104.10763065957259, -33.97366533607563]","[58.71881988099508, -40.56926559049213, -71.81720803171368]","[75.2623975742543, -54.67638596739477, 1.7624443633718654]",P6,target,sub-6001,sham,ses-baseline,run-baseline
P3_target_sub-045,"[-71.419161974364, -38.057735850803645, 61.48134542260343]","[-65.07983358753019, 1.365666721493406, 61.3084925170129]","[-73.3834223411049, -53.573320056510376, 24.96427605298347]","[-46.23641174315051, -58.436181992087285, 84.28135458338501]",P3,target,sub-045,sham,ses-baseline,run-baseline
P8_target_sub-2517,"[-45.009308290305206, 50.632584655107244, 68.04637101490793]","[-13.697376108858116, 73.77285872613417, 74.98292973396602]","[-62.70209621324901, 55.65293906660614, 32.724183234358435]","[-42.66479692174439, 13.114690947667734, 80.93356396572122]",P8,target,sub-2517,sham,ses-baseline,run-baseline
P7_control_sub-063,"[51.41493919944162, -24.762569397581313, 85.84041827482496]","[53.655013054470274, -71.40706367282058, 68.76114617982002]","[75.65070915421019, 9.872785734409602, 59.80779745951733]","[7.446797356288726, -10.40637768047776, 102.21322360721413]",P7,control,sub-063,sham,ses-baseline,run-baseline
P4_control_sub-4017,"[-10.099773779806648, 15.798885490804125, 101.14627506698882]","[-42.485650634228264, -5.007413198495553, 92.44422201336259]","[23.861083873227205, -3.644066663699407, 95.80754512909493]","[-10.56140516516318, 54.48308237068759, 91.22834372514215]",P4,control,sub-4017,sham,ses-baseline,run-baseline
P1_control_sub-1102,"[-47.48987386558688, -30.61974089930865, 60.36661645841969]","[-33.68190264642541, 17.184327486353464, 60.293319411970735]","[-72.0209460336272, -44.706940724927364, 20.741367567443135]","[-12.946195419475178, -62.637997928215064, 74.41559642828048]",P1,control,sub-1102,sham,ses-baseline,run-baseline
P2_control_sub-2011,"[-0.7854755784392617, 0.2701960278155315, 91.62823435144237]","[-34.43589009990565, -17.350075021556165, 80.48008980353245]","[31.952522709591726, -19.864559404011, 81.22945703072362]","[0.624207562315281, 39.9612876995761, 87.132402623759]",P2,control,sub-2011,sham,ses-baseline,run-baseline
P1_control_sub-058,"[-46.192277335395204, -16.821785763559856, 79.98522316495117]","[-35.01132817959233, 31.872153640420798, 79.72469177168375]","[-69.66739637502994, -33.62171881643932, 41.949255341652034]","[-11.658304359185912, -48.20789955393684, 96.41182232968417]",P1,control,sub-058,sham,ses-baseline,run-baseline
P6_target_sub-6119,"[57.46610594037376, -72.7906086054182, -38.144944993077594]","[7.658980377981038, -101.43143499669215, -38.526768759674155]","[63.66586169988547, -32.081955427887785, -81.26726165799006]","[72.33400845097043, -57.926123451061784, 17.354015533253083]",P6,target,sub-6119,sham,ses-baseline,run-baseline
P3_control_sub-034,"[44.38880835380806, -6.7375696921754455, 86.61949160257946]","[55.46865648883254, -54.29341369795784, 79.45011148539805]","[62.48688555970787, 25.54534594419172, 53.655146594392605]","[-2.301378280568634, 2.1849038760625277, 99.3871605625987]",P3,control,sub-034,sham,ses-baseline,run-baseline
P3_target_sub-090,"[-64.76744631418147, -51.72227891922674, 44.95240027121276]","[-65.41344652426383, -12.53797495241144, 41.053198464997855]","[-64.17038294752362, -70.90198812594858, 10.105871305829538]","[-38.04727231823947, -65.08810065213073, 70.84062186492618]",P3,target,sub-090,sham,ses-baseline,run-baseline
P4_control_sub-4001,"[-9.69494136690757, -14.797220910992152, 76.02562804898588]","[-43.66190193781278, -29.44443234157183, 61.95827356060518]","[22.679524245223625, -35.53374643942284, 65.96943917748922]","[-6.347410693823576, 24.9941231707614, 77.70946466109818]",P4,control,sub-4001,sham,ses-baseline,run-baseline
P8_control_sub-2505,"[41.8611228026854, 26.79093874888999, 77.93331384444271]","[56.062590678219124, -19.585603895996442, 69.20754851922091]","[56.07612063639835, 61.45926866696697, 45.26921248387638]","[-4.399906206977948, 31.84242607958914, 93.60338181409904]",P8,control,sub-2505,sham,ses-baseline,run-baseline
P3_control_sub-047,"[46.92740357248297, -35.36572320468616, 76.9134061933145]","[47.93308059019289, -81.1782707711022, 59.65798392264609]","[73.50825604900733, -2.141379470411463, 51.64014415490073]","[1.894270948740003, -18.99938392820608, 89.15397544116136]",P3,control,sub-047,sham,ses-baseline,run-baseline
P3_target_sub-055,"[-67.43365702654212, -62.32193928391138, 52.78773705883458]","[-70.93232066734477, -22.686715658210318, 55.44106199212172]","[-63.324971755389306, -76.91941249738204, 15.79784396141178]","[-44.527678600827095, -79.06526804210532, 79.87021199870367]",P3,target,sub-055,sham,ses-baseline,run-baseline
P1_target_sub-026,"[71.46079974041614, -65.78315121009535, 5.691912658490092]","[64.31008039128318, -83.64345065531471, 28.684136722034843]","[64.23126948125572, -73.99119794870207, -21.86872178740536]","[78.05963413467475, -37.42546506178845, 10.925850004949774]",P1,target,sub-026,sham,ses-baseline,run-baseline
P1_target_sub-021,"[73.40619437208133, -68.44551707256092, 3.9114143056732655]","[64.79666395622684, -83.27983069191006, 28.38401669247044]","[66.97220676520176, -79.73800984767878, -22.99038583089806]","[78.4978811609762, -39.05060444924421, 6.248836317394063]",P1,target,sub-021,sham,ses-baseline,run-baseline
P7_control_sub-050,"[51.12907498469351, -20.3407288708772, 87.91342894724447]","[50.456216626067715, -68.43131333494911, 76.19916599553495]","[73.93455623073287, 9.526251685122446, 55.952243469418114]","[8.951453470305232, -2.3151026240468733, 105.82070593932431]",P7,control,sub-050,sham,ses-baseline,run-baseline
P7_control_sub-035,"[48.63595698841323, -8.327503021520874, 74.55237419241196]","[57.60551125855257, -56.21648582473147, 67.0557617853583]","[65.87045789031357, 23.134149714458914, 40.30034232982578]","[3.770905711974836, 2.427714221588433, 90.48381706982907]",P7,control,sub-035,sham,ses-baseline,run-baseline
P3_control_sub-064,"[47.15080367480558, -27.41394564063218, 72.52266340602522]","[49.20716171659288, -75.59952258959174, 62.80698799977785]","[70.33381748244896, 2.0992092354468967, 40.188747792187186]","[1.9245510695648536, -10.846869273414415, 83.77109863401971]",P3,control,sub-064,sham,ses-baseline,run-baseline
P3_control_sub-016,"[52.777633965919506, -3.6238426188063144, 77.85092608698876]","[62.14763629807416, -51.041236180141205, 68.16802921308559]","[66.36304612393953, 28.81156643089168, 42.76058020762265]","[7.950516550315791, 5.520537142822514, 96.08145655404778]",P3,control,sub-016,sham,ses-baseline,run-baseline
P1_control_sub-045,"[-43.7626136917095, -13.281889849469215, 87.79800715002848]","[-23.032987164642027, 32.001841764767434, 87.63595512755748]","[-73.60598948211617, -22.906380652686078, 50.60777574245351]","[-14.823704591306761, -51.449241220066455, 100.67900016193809]",P1,control,sub-045,sham,ses-baseline,run-baseline
P3_control_sub-056,"[44.05094334436009, -40.06872984653362, 87.48584307313446]","[45.85780936249624, -86.50450160566157, 70.21280630683984]","[67.64894851130336, -6.708670847589141, 59.85159843153853]","[-1.0710989961575357, -25.029576538100528, 101.1744333189229]",P3,control,sub-056,sham,ses-baseline,run-baseline
P7_target_sub-023,"[46.482321003943326, 34.672748497334005, 63.99174532619458]","[38.04843205790153, 0.356308315213679, 82.18973524873523]","[68.89365798035973, 31.211894271606077, 31.34187130309357]","[16.65278352613755, 60.46221162102416, 61.20785167989479]",P7,target,sub-023,sham,ses-baseline,run-baseline
P7_control_sub-079,"[53.84229418260901, -24.225638210803123, 64.02027963825702]","[63.367988235816604, -70.96843350355626, 50.05782002854751]","[72.03216235721159, 12.712248300808978, 36.26959512221996]","[9.019336469714199, -15.561886693476097, 82.9955773121387]",P7,control,sub-079,sham,ses-baseline,run-baseline
P5_control_sub-5006,"[-71.39634339256311, 39.62455052917232, 34.090892826141975]","[-50.08364020159359, 82.71582148527551, 43.74570152904518]","[-75.94388740200087, 27.44530315619728, -13.813584026895583]","[-64.92958554529329, 2.3606809945081944, 66.3533551795578]",P5,control,sub-5006,sham,ses-baseline,run-baseline
P6_target_sub-6110,"[57.284031723238805, -69.80481864439103, -31.562120771052815]","[11.747439373153243, -104.517350630522, -30.65871442074452]","[57.131886605734536, -27.080695964357005, -73.02377350342469]","[76.10123340943615, -54.09118061032909, 22.93886757756484]",P6,target,sub-6110,sham,ses-baseline,run-baseline
P7_control_sub-106,"[50.740809528916664, -33.96517979062813, 61.19573957793896]","[52.96726398502884, -80.22006786620804, 44.503326929368356]","[68.24347369440154, 0.22536408059597568, 30.122110914704162]","[6.332115774040268, -21.6245581892342, 79.16111831671017]",P7,control,sub-106,sham,ses-baseline,run-baseline
P1_target_sub-017,"[67.53135624843914, -58.46977065502548, -13.37378240982497]","[60.68724909400659, -74.36086290714529, 11.007160437210379]","[62.30810712124389, -69.88091843455715, -40.39909907546792]","[73.28433219572656, -29.22690862389291, -10.761910160798816]",P1,target,sub-017,sham,ses-baseline,run-baseline
P6_control_sub-6137,"[-67.22542245982969, 20.308603062775564, 47.65507034266767]","[-39.199296022399345, 58.80225633764993, 61.66777243696533]","[-67.87710928565323, 12.05085809849941, -0.808894246552348]","[-65.06347568074405, -20.628184683664568, 75.90168573431733]",P6,control,sub-6137,sham,ses-baseline,run-baseline
P1_control_sub-001,"[-44.152537252379226, -37.43741710369948, 88.65207654342903]","[-30.062390092887355, 9.805525784860377, 95.89977020207337]","[-70.81957359003516, -44.88889314575313, 48.35185996593762]","[-9.211080400227967, -71.64230135528207, 95.41588573400699]",P1,control,sub-001,sham,ses-baseline,run-baseline
P3_target_sub-036,"[-67.52970172771113, -46.28376778934831, 61.16240886341572]","[-66.09165419456757, -6.855037483709186, 61.51014767049533]","[-69.4645182624732, -61.30495166671998, 25.094026278000545]","[-39.533527249353725, -63.87935284535992, 83.04067490342369]",P3,target,sub-036,sham,ses-baseline,run-baseline
P6_control_sub-6110,"[-59.13879809916287, 7.111599683141293, 48.99923887371958]","[-32.34702881770821, 45.60092488613072, 64.91958182668915]","[-65.20747318542865, 3.9429774210705015, -0.25914741116172985]","[-56.067945991559576, -35.837410798014695, 74.18295689225661]",P6,control,sub-6110,sham,ses-baseline,run-baseline
P3_target_sub-018,"[-61.00804001839424, -70.66637673603071, 43.2818106975931]","[-68.21366083706481, -32.08356743113059, 47.63976341413569]","[-61.43011137953738, -84.54593218084973, 5.873561324909074]","[-33.36447390876505, -85.63813962882854, 67.13341299748313]",P3,target,sub-018,sham,ses-baseline,run-baseline
P6_target_sub-6117,"[53.71397615094819, -63.46793950330933, -63.907551295719095]","[7.695855159993159, -97.45534111888487, -65.52526262999041]","[54.78690697313545, -19.698722683397456, -104.54459753418047]","[68.09708718785971, -51.22468550371224, -7.576011604292993]",P6,target,sub-6117,sham,ses-baseline,run-baseline
P6_target_sub-6102,"[69.35424121391, -67.36487987774804, -19.26219700868933]","[29.154947471843705, -108.77088284589513, -19.63116019457037]","[71.24642644886816, -28.903868553931314, -62.48004173121923]","[76.70453103292762, -46.60225298572243, 36.069229231020806]",P6,target,sub-6102,sham,ses-baseline,run-baseline
P3_target_sub-035,"[-69.9835341531122, -47.775390417176574, 42.303223326573224]","[-71.32129615422738, -8.006232652087917, 40.753704988301806]","[-69.17967184761632, -66.14023440058591, 6.917356505369129]","[-46.419629724114856, -63.254857140839725, 69.63305699626606]",P3,target,sub-035,sham,ses-baseline,run-baseline
P3_control_sub-023,"[51.24586108147556, -22.346050339698326, 78.77010612408013]","[56.44348185407806, -70.25217685221182, 68.39410198524257]","[71.96634032048138, 9.636979537924239, 46.88743779620048]","[5.795760709665217, -9.198233933779274, 92.78110973512834]",P3,control,sub-023,sham,ses-baseline,run-baseline
P7_control_sub-100,"[54.92854368749854, -34.9442717080809, 64.4113180836747]","[55.37898828233072, -80.03551261977603, 44.97654396887028]","[75.7647504434453, 1.541885337991997, 38.00086850209201]","[13.707860837100977, -22.480159603568854, 88.52957169570944]",P7,control,sub-100,sham,ses-baseline,run-baseline
P4_control_sub-4020,"[-4.149912501756077, -4.662175138994181, 88.35270874770174]","[-37.861046554753194, -22.33731332935137, 77.48633216267346]","[28.463804853032112, -24.895351332858727, 78.66762587101914]","[-2.6044794519822787, 34.90700109928575, 83.24319415979359]",P4,control,sub-4020,sham,ses-baseline,run-baseline
P6_target_sub-6103,"[48.72337309823541, -88.32856069637815, -59.27356258126145]","[-8.004829039813153, -101.73621457645994, -57.20203225200856]","[61.6039840309055, -49.40493945402163, -103.23529721618212]","[69.6492751667341, -74.6669092733161, -5.38998245716502]",P6,target,sub-6103,sham,ses-baseline,run-baseline
P7_control_sub-037,"[54.79115648292473, -13.932167771222678, 84.36216938582326]","[57.88253961165746, -61.868978347934025, 71.69931704727749]","[76.65169329892399, 18.740540470439413, 54.11362896028002]","[10.938177796751816, 0.4683500194270925, 102.06117892705052]",P7,control,sub-037,sham,ses-baseline,run-baseline
P4_control_sub-4019,"[3.593219726170724, -17.010590227337314, 87.02407628822914]","[-33.39853389979309, -28.049130773258614, 77.49776375340394]","[32.23548485083816, -40.006565410914185, 71.71778199532162]","[10.795517338776355, 22.245801576876513, 87.38680819056515]",P4,control,sub-4019,sham,ses-baseline,run-baseline
P5_control_sub-5015,"[-76.2982546360585, 38.92186486348199, 45.30242484012189]","[-47.7697191991345, 75.74265354227302, 62.336042305649165]","[-79.84110608406849, 37.21782560170832, -4.2696193748985145]","[-70.36915235040519, -5.038830397434024, 67.17656099575719]",P5,control,sub-5015,sham,ses-baseline,run-baseline
P5_target_sub-5012,"[-55.52811907126236, -4.701816548222321, 80.82630695763692]","[-39.52413421694252, 42.49885482951562, 82.03767860994733]","[-77.58550806029952, -17.36012438130611, 39.313983643035186]","[-23.764785057828096, -38.21870384339096, 96.58234959753548]",P5,target,sub-5012,sham,ses-baseline,run-baseline
P7_control_sub-094,"[47.27113239827546, -25.843414714590534, 74.27965001699054]","[49.654507410772986, -72.93060407968184, 58.68795110879211]","[65.71354185781105, 7.770125864598202, 42.98303375534944]","[3.2396685661184454, -12.609153806123361, 92.02964242953892]",P7,control,sub-094,sham,ses-baseline,run-baseline
P3_target_sub-077,"[-62.81106044427548, -63.26128753315362, 31.036299778593015]","[-63.330611680050104, -23.75819173374451, 35.861894986361264]","[-64.9728043651658, -75.5422202484136, -6.73401182387271]","[-37.00097891254269, -82.85139209683618, 53.82125393262808]",P3,target,sub-077,sham,ses-baseline,run-baseline
P3_control_sub-067,"[49.48739220163725, -25.820656326456547, 71.24986306139446]","[58.4342654104812, -72.25891762915458, 56.98606062137773]","[66.51281456838451, 9.755861800195015, 41.29293446532103]","[3.3549446441361694, -17.347691565057385, 86.69800423939421]",P3,control,sub-067,sham,ses-baseline,run-baseline
P4_control_sub-4006,"[-6.821814214286663, 0.20201194778062226, 108.5807133703171]","[-40.874671515165794, -14.902643736624185, 96.69318689158415]","[24.656153794602485, -21.97067130862384, 99.5431975678141]","[-2.67421567731421, 39.715181786785756, 105.08443389498484]",P4,control,sub-4006,sham,ses-baseline,run-baseline
P1_target_sub-011,"[68.76786550400628, -61.06143664376157, 9.296563642716755]","[60.85677576418493, -78.31275067462897, 32.45887097207568]","[66.37065774138524, -70.92572369177309, -16.712186369364492]","[78.17426380328048, -33.30208349866615, 14.028200898370404]",P1,target,sub-011,sham,ses-baseline,run-baseline
P7_target_sub-056,"[49.65422562077767, 13.935186363630047, 72.60282889353364]","[39.61424091018201, -20.641501059486174, 89.59598197737056]","[70.66209570607356, 10.924993206798762, 39.03819738360786]","[22.035319540621664, 42.54592908355248, 73.12025683092507]",P7,target,sub-056,sham,ses-baseline,run-baseline
P3_control_sub-036,"[48.71147397023383, -15.07982204104149, 82.21012826850868]","[53.01159858612679, -62.945893571503014, 70.99114065043221]","[70.97240744451794, 17.60954661570263, 52.15155817816968]","[5.176690878057132, -1.03977525847975, 100.17447587687487]",P3,control,sub-036,sham,ses-baseline,run-baseline
P3_control_sub-031,"[48.46287283958224, -25.084798302065327, 77.06151699656913]","[48.0430675467068, -72.8093687659749, 66.04738142050041]","[72.04282602797994, 3.789742980596848, 44.74151178197028]","[4.557880974663432, -6.563175107662165, 90.21776321146967]",P3,control,sub-031,sham,ses-baseline,run-baseline
P6_target_sub-6113,"[54.05658965345547, -69.43130416186561, -24.9452466757691]","[4.090383507135034, -98.68544611111975, -28.25452360287792]","[65.60653989435447, -32.26328456308252, -68.54462581211817]","[70.32979163277221, -54.04800137206738, 29.854232112985667]",P6,target,sub-6113,sham,ses-baseline,run-baseline
P7_control_sub-017,"[45.07186946863925, -24.49772527925535, 56.55541289949044]","[43.47233052186375, -72.97514321315181, 48.570364257222515]","[66.56539889223123, 1.8468890148933705, 20.706315698316615]","[2.355023899531757, -5.177185152188829, 70.93501336666434]",P7,control,sub-017,sham,ses-baseline,run-baseline
P3_control_sub-060,"[59.44775066401744, -29.19106990679033, 69.79607313549252]","[57.332505986366414, -76.07278163617394, 53.38732752910269]","[76.6099059972646, 4.365137034921952, 37.170244212568534]","[19.364617235265797, -14.370407730608626, 93.50906791118801]",P3,control,sub-060,sham,ses-baseline,run-baseline
P6_target_sub-6107,"[50.66985012067531, -73.56346441435102, -19.754435306896994]","[4.290953337517202, -104.6295560665833, -5.3746668898473136]","[41.88596146670615, -42.06302108539899, -48.75877834410374]","[73.39026564222124, -49.59361130690154, 29.56063234284261]",P6,target,sub-6107,sham,ses-baseline,run-baseline
P3_target_sub-067,"[-65.22658541534094, -64.9476788840174, 40.184982601354456]","[-68.73575268923385, -25.453633498172042, 42.79650864586573]","[-65.01251099357019, -78.7490500740156, 2.911154137846898]","[-37.503677306048495, -80.72977771557674, 63.34534184781589]",P3,target,sub-067,sham,ses-baseline,run-baseline
P3_target_sub-044,"[-69.76273917661693, -51.98503441968861, 46.20803946946719]","[-71.44865796968064, -12.123702428847762, 45.80520356113551]","[-69.74592764450813, -68.41702989741887, 9.824415940819659]","[-41.375683257948694, -66.98528171401996, 69.15210416454676]",P3,target,sub-044,sham,ses-baseline,run-baseline
P7_control_sub-030,"[47.952585058758075, -28.795251361056255, 86.22764315184712]","[47.57785080632547, -76.75601291358235, 75.97703426697313]","[67.51323630964069, -0.007602458651631644, 51.43467197177482]","[5.442757104024438, -11.480123754693675, 103.54600158325324]",P7,control,sub-030,sham,ses-baseline,run-baseline
P5_target_sub-5014,"[-48.14643326245073, -15.775061520855564, 57.383135888698256]","[-36.99367450785751, 32.641915016659574, 61.20414990849483]","[-70.31748681861527, -27.595783659165058, 16.000983860983183]","[-10.452283610855112, -45.35499840569631, 67.51723392229083]",P5,target,sub-5014,sham,ses-baseline,run-baseline
P4_control_sub-4004,"[4.433089620836094, -19.04999600833263, 83.99504686528213]","[-30.780878386720293, -33.3024999244651, 73.35619629936383]","[35.23815004468042, -39.61145599097017, 69.61783154462144]","[8.040302063924758, 20.71380315786601, 85.37483957415172]",P4,control,sub-4004,sham,ses-baseline,run-baseline
P7_target_sub-010,"[51.87858755141935, 28.05528807218506, 61.77986028379382]","[41.85740676651077, -3.401557248668588, 83.67955749592576]","[70.23590991483815, 19.805089169409506, 27.593417168569758]","[25.504004844792, 57.62693185230211, 60.485216995963945]",P7,target,sub-010,sham,ses-baseline,run-baseline
P1_control_sub-036,"[-40.92254373965465, -8.933664752894657, 86.68583957650577]","[-20.652735969971204, 36.54888481683471, 84.68372370740538]","[-73.67062949447192, -19.5588445841934, 51.84220849822315]","[-10.974939906437948, -46.13466508003419, 98.95308241429616]",P1,control,sub-036,sham,ses-baseline,run-baseline
P3_target_sub-026,"[-60.504357567745764, -53.7770106153858, 58.68073826850566]","[-58.9632540426467, -14.126077109228534, 59.503910364828066]","[-63.9234110328473, -69.09193693314577, 22.241880363514813]","[-33.66319457545355, -72.39725001989689, 81.03144763272768]",P3,target,sub-026,sham,ses-baseline,run-baseline
P1_target_sub-032,"[71.00728389149684, -58.26146650183824, 0.6127807090066507]","[64.09883748885656, -77.7415256410929, 22.293057709403623]","[66.40046875125466, -65.56801144625834, -28.039787136333356]","[78.7551580922427, -30.41001394410706, 7.573192718001025]",P1,target,sub-032,sham,ses-baseline,run-baseline
P1_target_sub-1104,"[73.49320871088288, -43.75623443839016, 6.871510166997208]","[69.67888546427561, -62.95274931590011, 29.429270607717122]","[71.305341520584, -53.23257225345062, -21.31380738738771]","[76.91073926072592, -14.559405970828033, 12.49880343836577]",P1,target,sub-1104,sham,ses-baseline,run-baseline
P4_control_sub-4008,"[-5.002253198904401, -18.675898086350916, 78.55488140837315]","[-40.61030266135162, -29.80283410962513, 66.03567445610865]","[24.14227352496072, -40.93340663152085, 63.691489390040346]","[1.6285870485836864, 20.70177539655769, 79.6557022524078]",P4,control,sub-4008,sham,ses-baseline,run-baseline
P3_control_sub-049,"[48.74340397468643, -25.68133184841805, 87.70223525349245]","[51.12834035784722, -73.81182284958375, 78.31879411382083]","[69.61873805483155, 3.820293467266794, 53.76855259055613]","[4.371389774003974, -9.929114692807829, 101.48724157169325]",P3,control,sub-049,sham,ses-baseline,run-baseline
P7_control_sub-043,"[43.2945470309198, -36.2734269651655, 76.4365334615523]","[42.30247172381382, -81.9043701180547, 57.99391130222954]","[68.12272607490095, -3.235412437085942, 49.25198679874668]","[-0.685558841070225, -19.80054788980307, 91.39785270681823]",P7,control,sub-043,sham,ses-baseline,run-baseline
P1_control_sub-1106,"[-43.10219322935521, -28.324170943467692, 74.33982941494104]","[-26.793860532382, 18.7045565678615, 72.39854587067218]","[-69.95905319776749, -42.107258387480776, 36.03517607098901]","[-9.248232867646864, -61.96895841819539, 86.6768902345245]",P1,control,sub-1106,sham,ses-baseline,run-baseline
P3_target_sub-019,"[-70.02545482137884, -53.25728211001567, 34.81696005330847]","[-70.2483414468756, -13.644439683706171, 39.12065480088658]","[-71.747267144893, -67.89644351347896, -2.353806576317276]","[-51.66979283988364, -74.24875014765917, 61.79799956459894]",P3,target,sub-019,sham,ses-baseline,run-baseline
P7_target_sub-078,"[46.742102071591745, 26.951377731603458, 67.94197192591942]","[36.89990874329315, -9.141154234766434, 81.38428425969298]","[66.66636121229654, 26.956435216760735, 33.50950453761167]","[18.558138368843203, 54.6308986191473, 70.9533698066088]",P7,target,sub-078,sham,ses-baseline,run-baseline
P8_control_sub-2501,"[50.05384111067423, 4.44505017484654, 67.81796370668265]","[54.71632969615122, -42.44355047455689, 52.56630154376982]","[67.46620261425997, 38.6201545335452, 36.2740329407156]","[5.198449504334772, 15.71960963855506, 84.44524391041601]",P8,control,sub-2501,sham,ses-baseline,run-baseline
P3_control_sub-002,"[54.554289328549565, -11.952198089520683, 80.0655452913818]","[57.989730402701646, -60.81426861613066, 73.00428757029796]","[73.78054790741582, 16.780517943855994, 44.3652870224429]","[10.132346678232032, 3.1567062953254195, 95.15251594860966]",P3,control,sub-002,sham,ses-baseline,run-baseline
P1_target_sub-015,"[73.92349872672337, -57.920121979643056, 7.362450465035553]","[63.84436649140998, -75.75674423271997, 29.0656069659908]","[71.56748599373081, -66.62671719988164, -21.17154055470859]","[78.87967003966466, -28.97944031895187, 13.45142993077483]",P1,target,sub-015,sham,ses-baseline,run-baseline
P6_target_sub-6114,"[60.75682518934854, -72.831633133671, -7.5647951631968295]","[15.119940799446935, -107.83848109437888, -6.243470658231299]","[66.25459183159158, -37.8168488340983, -55.627405966948814]","[74.239477815331, -49.19685780299617, 45.39871396536039]",P6,target,sub-6114,sham,ses-baseline,run-baseline
P5_target_sub-5019,"[-49.331021129214605, 0.4840660956060397, 77.82797421788904]","[-31.31091171871286, 46.94471196311817, 79.34071406197074]","[-74.498417290334, -9.507963435760661, 38.16133905593216]","[-16.992083933992767, -34.98899167320436, 89.19122637256092]",P5,target,sub-5019,sham,ses-baseline,run-baseline
P1_target_sub-042,"[73.55202110261209, -55.12299664459289, -12.763857889635263]","[68.85573761643008, -74.67470572395632, 8.835079853395992]","[67.04605820920159, -62.16963245303448, -41.12212784009381]","[80.97993253735063, -26.94934153950609, -6.085600253060529]",P1,target,sub-042,sham,ses-baseline,run-baseline
P2_target_sub-2006,"[-24.400509493869105, -51.32828614743834, 82.37377559622358]","[-65.84116808829614, -14.698428071499581, 66.85641698580677]","[-8.464273141964739, -83.38088240524941, 35.560984934752426]","[22.129367632743122, -20.237265582622044, 102.72196571617539]",P2,target,sub-2006,sham,ses-baseline,run-baseline
P1_target_sub-049,"[70.64850635043773, -63.617010688394636, 11.927052027966894]","[63.90300019874153, -80.80340576677877, 35.505460352680664]","[62.61969432864162, -72.2023101525194, -15.416033654104362]","[77.78031830742992, -35.249899332352626, 16.07802833039032]",P1,target,sub-049,sham,ses-baseline,run-baseline
P7_target_sub-107,"[49.17452255384206, 20.461715624033165, 70.69096741975886]","[39.394107094324816, -12.098643491882521, 91.1254199491505]","[67.65920909565415, 13.315344836751661, 36.3278039251938]","[21.699076263198723, 48.55401311172256, 69.08328571543407]",P7,target,sub-107,sham,ses-baseline,run-baseline
P2_target_sub-2001,"[-23.186129964012803, -57.30540933843634, 71.96328004378493]","[-67.11868200582488, -21.004051943959645, 61.42836131540181]","[-8.799306421357649, -86.19231134665682, 23.035810248201226]","[23.70094673572279, -27.11067384632097, 91.8687803303097]",P2,target,sub-2001,sham,ses-baseline,run-baseline
P3_control_sub-073,"[51.19111447657823, -29.467954432595956, 56.002825380757315]","[53.148472104002614, -77.40966032373196, 44.13443561159922]","[71.28077873157747, 1.983456289146331, 23.839432498974368]","[9.839466761453265, -13.32337640265852, 77.44072274420445]",P3,control,sub-073,sham,ses-baseline,run-baseline
P3_target_sub-028,"[-67.25617426865983, -44.15847628311534, 51.678159507643834]","[-66.94273312083217, -4.223039340202324, 49.566876548209855]","[-67.12137623009035, -63.86825639042988, 17.05994176232815]","[-47.58090269941973, -60.61827975178982, 81.6324951202256]",P3,target,sub-028,sham,ses-baseline,run-baseline
P7_control_sub-070,"[51.299182738912066, -37.165233225314175, 71.13945569342091]","[48.62461520575644, -83.87009062114589, 55.98206129620066]","[74.94766780614084, -6.989514197021172, 40.303589877280395]","[7.570274081669829, -18.706753047809865, 85.23524251697181]",P7,control,sub-070,sham,ses-baseline,run-baseline
P7_target_sub-106,"[49.580794423637165, 23.03616461668213, 48.11746579543111]","[41.42984609146675, -11.817983381163092, 65.63270109840012]","[67.53606197439629, 20.27014219507109, 13.237924509401847]","[20.973669787451794, 50.50136852436149, 49.3432720801036]",P7,target,sub-106,sham,ses-baseline,run-baseline
P1_control_sub-012,"[-46.54039788271937, -30.61195403036396, 80.32107098812884]","[-32.73921386531936, 17.021122153379274, 85.54019800516066]","[-73.37903642051694, -40.346595704526244, 41.44279323811903]","[-12.075822498805211, -64.69150032239602, 89.26168799484991]",P1,control,sub-012,sham,ses-baseline,run-baseline
P2_control_sub-2000,"[4.6837424807114525, 6.226611085050546, 108.18568643311036]","[-30.695113720902793, -10.244966698162687, 101.06659763251898]","[35.88386721665896, -17.397226292384666, 101.57683249091083]","[8.842334190554372, 44.773705475012356, 98.3841664359887]",P2,control,sub-2000,sham,ses-baseline,run-baseline
P1_control_sub-057,"[-49.21152723601372, -31.66624824835886, 67.18961367908838]","[-37.51344331523985, 16.750671978668283, 68.37317758862922]","[-71.4682435787811, -45.458986965900934, 26.16348773001763]","[-12.346203455455578, -62.22149283340582, 79.21458347064042]",P1,control,sub-057,sham,ses-baseline,run-baseline
P1_target_sub-024,"[67.66647653379844, -72.95334484912745, 15.764764751982378]","[58.58412771688755, -91.4198106593462, 37.583007850900366]","[61.531893994366484, -79.69736918556814, -12.702881234647736]","[73.48400326873546, -44.61757755902302, 22.49610433604666]",P1,target,sub-024,sham,ses-baseline,run-baseline
P3_target_sub-003,"[-65.26202634135505, -57.78675441791517, 51.19031972504806]","[-69.3316369590712, -18.364932041231235, 55.51877066221165]","[-65.79519196475549, -72.57894222861317, 14.238210358043117]","[-45.157397061495274, -77.30797513830719, 78.64701604948816]",P3,target,sub-003,sham,ses-baseline,run-baseline
P6_target_sub-6201,"[59.8850928067319, -75.06099233162111, -45.81077286510967]","[12.236532592248325, -107.61327167747183, -46.789067496346696]","[63.446520019124776, -33.022192112747, -86.39885546368323]","[77.16587224899261, -62.514568794488916, 9.121139754269514]",P6,target,sub-6201,sham,ses-baseline,run-baseline
P7_target_sub-064,"[48.05928201019295, 25.399812122217003, 58.43711373638545]","[34.68344294341865, -7.693833031247479, 75.89994418964447]","[70.81428268305217, 19.33342003960751, 26.803763513583558]","[22.33153616982639, 55.322759965636365, 55.19165263115761]",P7,target,sub-064,sham,ses-baseline,run-baseline
P3_target_sub-033,"[-76.00609975493252, -46.76527443466841, 38.97514290309062]","[-75.98438739471305, -7.2997093052264725, 44.76173575508842]","[-74.7990679579264, -60.2043770502021, 1.5737555486932164]","[-58.68102347665955, -69.00582242453059, 66.31439216664747]",P3,target,sub-033,sham,ses-baseline,run-baseline
P1_control_sub-1107,"[-47.35366917739296, -26.99168492878985, 64.44612330512949]","[-29.785640040711467, 19.474247834762906, 66.04722899446007]","[-72.37473955663255, -36.77630477920598, 24.64901788114988]","[-14.451505559261182, -62.45497823757324, 74.96873531618641]",P1,control,sub-1107,sham,ses-baseline,run-baseline
P6_control_sub-6106,"[-63.17861209970393, 23.653796545526145, 45.811348577596966]","[-24.550707292106022, 51.69522866457363, 58.0621023517537]","[-73.29585626200836, 23.72916681593803, -2.4818645518703324]","[-65.11077711673488, -20.956573445357535, 67.40002560310305]",P6,control,sub-6106,sham,ses-baseline,run-baseline
P7_control_sub-069,"[47.87860064682619, -32.63115996409823, 75.93094471064849]","[45.36047997196894, -79.3493445753111, 61.25170420868599]","[75.27342761960797, -3.0540205133837994, 47.989511721087155]","[4.043476219372473, -13.016423304473793, 87.36738251826425]",P7,control,sub-069,sham,ses-baseline,run-baseline
P8_control_sub-2512,"[52.81811407214312, 12.726357751469124, 74.59187045243154]","[55.63807447462183, -34.82221052653014, 62.71610815842177]","[75.40402161169, 44.474336948260934, 43.784532901354815]","[8.149453636562159, 28.125747834531783, 89.63658529231327]",P8,control,sub-2512,sham,ses-baseline,run-baseline
P1_target_sub-033,"[75.7753886308302, -50.742643588602135, 8.805405528435479]","[68.93754962489186, -70.89547711941158, 29.509770335488685]","[74.17855219345667, -57.996019110341244, -20.244648992618174]","[80.8566333418312, -22.386611551836115, 16.785450148510265]",P1,target,sub-033,sham,ses-baseline,run-baseline
P3_control_sub-050,"[51.12907498469351, -20.3407288708772, 87.91342894724447]","[50.456216626067715, -68.43131333494911, 76.19916599553495]","[73.93455623073287, 9.526251685122446, 55.952243469418114]","[8.951453470305232, -2.3151026240468733, 105.82070593932431]",P3,control,sub-050,sham,ses-baseline,run-baseline
P4_control_sub-4013,"[-5.623914292277927, -10.896402765069906, 81.12392356257143]","[-38.93931024465005, -28.14268298256574, 69.19420564288667]","[26.664959683419635, -30.848406427788625, 69.9973001495476]","[-4.186444099908919, 28.603403421963307, 75.47604691636978]",P4,control,sub-4013,sham,ses-baseline,run-baseline
P3_control_sub-058,"[41.58165738568426, -14.196046636309243, 80.4827958868164]","[49.302237159199905, -62.266358232391, 73.752981299085]","[61.4932702000694, 17.026485714269484, 47.532320519246255]","[-3.0712241448686863, -0.898542615814792, 95.94017209824821]",P3,control,sub-058,sham,ses-baseline,run-baseline
P4_target_sub-4003,"[-72.01893826240415, 41.11609830493969, 3.6430291759593474]","[-51.75504882197398, 80.90378702235665, 24.44633972827321]","[-69.65178165255249, 37.5107329171497, -46.00207380045849]","[-73.2605830564165, -1.1930388204819613, 29.74966235495181]",P4,target,sub-4003,sham,ses-baseline,run-baseline
P1_control_sub-075,"[-40.97622563141215, -26.355517230003915, 83.50181183399052]","[-21.11336304191775, 19.44482229577392, 82.25997825660099]","[-70.66828759962567, -36.30619541471485, 45.84602347219068]","[-8.826618704649015, -62.40149858373562, 91.42538651043118]",P1,control,sub-075,sham,ses-baseline,run-baseline
P7_target_sub-079,"[50.71887912706655, 39.75934334225119, 52.883205834535495]","[43.27870382365097, 4.316930348257168, 68.8417001949881]","[69.5094442431996, 38.1027850031677, 17.79997418458329]","[20.48294893637428, 64.97909740579736, 53.93780527361837]",P7,target,sub-079,sham,ses-baseline,run-baseline
P1_control_sub-049,"[-46.17498028431796, -23.155849311995983, 84.9579096337776]","[-29.40621088387329, 23.63770407367712, 82.01403921175458]","[-71.9353709083377, -38.377358818396566, 47.74671599220162]","[-14.129080725846007, -56.58676612250448, 101.60742582906461]",P1,control,sub-049,sham,ses-baseline,run-baseline
P3_control_sub-028,"[49.508566999824694, -7.578642513457435, 82.70444585928082]","[55.61401125279666, -56.227353199070464, 76.48561739007307]","[64.48261127707303, 21.00983733057634, 45.247810083197436]","[5.206322811286607, 4.894764013513775, 98.91146949804059]",P3,control,sub-028,sham,ses-baseline,run-baseline
P5_control_sub-5020,"[-73.19320003612793, 34.16495247773967, 25.0925940245255]","[-44.91515973589407, 66.30179562119001, 49.625721352089144]","[-79.95614236774274, 43.52759865280116, -23.050941471665784]","[-72.76426066648123, -13.161006761281007, 40.092717020523615]",P5,control,sub-5020,sham,ses-baseline,run-baseline
P1_target_sub-045,"[71.27808357142266, -56.1613305019128, 21.030395257834126]","[61.5181070234428, -73.73873386957757, 43.143486783898105]","[67.60241482350845, -65.02231140004747, -7.2966937753182695]","[76.33456660368601, -27.192840547256793, 26.559891586676283]",P1,target,sub-045,sham,ses-baseline,run-baseline
P8_target_sub-2510,"[-54.070935871894015, 58.16052210652382, 62.10578777540936]","[-21.45438938945453, 78.74428908003846, 71.82361898010465]","[-65.79949370689305, 62.458370272576985, 24.535480493093758]","[-56.5879606899151, 21.33256900672374, 76.85853072752822]",P8,target,sub-2510,sham,ses-baseline,run-baseline
P3_control_sub-017,"[45.07186946863925, -24.49772527925535, 56.55541289949044]","[43.47233052186375, -72.97514321315181, 48.570364257222515]","[66.56539889223123, 1.8468890148933705, 20.706315698316615]","[2.355023899531757, -5.177185152188829, 70.93501336666434]",P3,control,sub-017,sham,ses-baseline,run-baseline
P5_target_sub-5018,"[-44.7585409382487, 8.787280555072185, 64.7113131387239]","[-33.39081122057569, 57.3371833914296, 63.49605341528355]","[-68.19008552879724, -7.98814024806491, 26.204369978622616]","[-9.92448926133401, -22.149283722338232, 81.15932331723828]",P5,target,sub-5018,sham,ses-baseline,run-baseline
P1_control_sub-037,"[-31.10992209276604, -13.738525296469541, 95.26480569193411]","[-11.361272203044493, 31.892454096891296, 92.63188465354627]","[-68.87269851441384, -22.991966437999007, 64.50688585123751]","[0.261988498481698, -51.41890587805881, 102.13456210721574]",P1,control,sub-037,sham,ses-baseline,run-baseline
P7_control_sub-084,"[50.04167736596801, -23.730960582163558, 61.41471112172332]","[55.30511231783195, -70.1751984938609, 47.90542348405498]","[69.8700950259318, 10.092141219371783, 31.025919931580205]","[4.51825556830537, -12.001963771544833, 76.79161804617752]",P7,control,sub-084,sham,ses-baseline,run-baseline
P8_control_sub-2520,"[54.58259854036802, 0.9385761575160516, 82.90213710984538]","[54.69795554171643, -45.43612726092983, 67.14624667796164]","[72.59862598955026, 33.66100453936657, 50.750647860808634]","[11.516926266162894, 15.69526292830302, 101.58691140108773]",P8,control,sub-2520,sham,ses-baseline,run-baseline
P1_target_sub-058,"[72.53691113849081, -47.91029078367949, 10.293514942559522]","[65.09964145379455, -65.30743691652017, 33.46881149584138]","[68.37042850250164, -58.14811282860408, -17.51343507204489]","[75.959386116739, -18.63465332237848, 14.364657636076723]",P1,target,sub-058,sham,ses-baseline,run-baseline
P1_control_sub-1112,"[-47.31635666109622, -27.62686362278684, 63.94146920910408]","[-32.97582003756519, 20.167203344271673, 64.28722646140929]","[-70.3236582694359, -42.02500324539891, 23.319019415135244]","[-14.537421125041636, -60.483644324365784, 80.50168243472065]",P1,control,sub-1112,sham,ses-baseline,run-baseline
P7_target_sub-036,"[52.67809372007546, 40.75852566590791, 65.85605771942342]","[42.12740074655714, 6.901443726978176, 84.04684879816263]","[73.91681092307995, 36.359620608926335, 32.65916096029504]","[24.93287217285405, 68.91490603686513, 64.44608424313489]",P7,target,sub-036,sham,ses-baseline,run-baseline
P3_control_sub-068,"[47.98258223124363, -11.534222501449038, 72.55388261567106]","[56.72932340957772, -59.25768449103746, 63.55953975771939]","[66.71295369703104, 20.172369875993997, 39.81826868924155]","[0.6096173692026899, -1.7196882729653005, 82.32679745213534]",P3,control,sub-068,sham,ses-baseline,run-baseline
P8_control_sub-2516,"[44.08889774966, 12.683248108808678, 114.5664469966922]","[53.30766236150639, -33.29028305681221, 100.20181806049835]","[59.90360584470267, 47.63503502173014, 83.17838634886289]","[-2.349159609489238, 19.590854130290246, 128.4946820644316]",P8,control,sub-2516,sham,ses-baseline,run-baseline
P1_control_sub-048,"[-44.99250494536704, -30.24347880490626, 87.22112522302483]","[-33.84513541841506, 18.21152287410946, 84.90175409545706]","[-71.58235677881629, -46.434470623179074, 51.370744345840976]","[-7.712912557658609, -60.46802301523582, 99.20502627850878]",P1,control,sub-048,sham,ses-baseline,run-baseline
P7_target_sub-062,"[47.490230607171334, 27.602778743421553, 54.910824299124386]","[38.60121032422654, -5.976363548758989, 73.96239406666047]","[69.98195803498653, 23.65273591665415, 22.23780572786424]","[19.66167885703304, 55.968793073664216, 54.01700429444952]",P7,target,sub-062,sham,ses-baseline,run-baseline
P3_target_sub-017,"[-60.57604029917949, -56.44947357874354, 30.499294058364317]","[-60.8161364706549, -17.06290212263102, 27.0849098584225]","[-60.616081221726056, -75.63959226286734, -4.331813851090957]","[-33.86651641025774, -70.3273802292082, 56.35714895625115]",P3,target,sub-017,sham,ses-baseline,run-baseline
P7_target_sub-080,"[63.089546298748324, 41.46867437262607, 54.054193058363296]","[55.34675057679163, 8.445701324231871, 74.76943035412896]","[79.09540982477122, 35.93530402857961, 18.10369692341674]","[36.618530520221555, 70.68045107232868, 56.85759635808328]",P7,target,sub-080,sham,ses-baseline,run-baseline
P3_control_sub-066,"[54.954388904618526, -17.315731033746996, 65.94279955167035]","[57.994134205408386, -65.5938974294887, 56.50657354798033]","[73.26258542055595, 13.633160275056376, 31.95815103126976]","[13.285513149788434, -2.2153915161299738, 86.91574027505708]",P3,control,sub-066,sham,ses-baseline,run-baseline
P3_target_sub-029,"[-72.28789731881413, -50.22418113399417, 50.842906309712255]","[-69.47571303126294, -10.520055970954532, 51.34473907086869]","[-74.81743922300916, -65.89929586824307, 14.383102178498316]","[-46.18400885516898, -68.68848858610154, 74.00185844505371]",P3,target,sub-029,sham,ses-baseline,run-baseline
P1_control_sub-031,"[-53.63298244409257, -23.88353269855519, 70.59031536556192]","[-42.70196558031427, 24.793439747823566, 69.01538671434886]","[-75.73636653643098, -41.04005808262602, 31.456686194830702]","[-17.920527693454744, -53.663689459565944, 87.33898585224229]",P1,control,sub-031,sham,ses-baseline,run-baseline
P7_control_sub-086,"[50.024586277539875, -17.96202906270658, 75.99663022011423]","[51.94822759664184, -66.67055246956735, 67.37974403647445]","[67.88264353775762, 10.046983890519263, 39.51105798426321]","[5.862682715198826, -1.9809450019335277, 90.910916782627]",P7,control,sub-086,sham,ses-baseline,run-baseline
P3_control_sub-033,"[47.40685671250083, -30.884778701805047, 87.89183689965076]","[45.90109124578938, -77.09263899696938, 70.88759559004535]","[71.64050520928065, 1.5023703845195326, 59.15909277879035]","[4.4965394044157865, -14.241490286151945, 104.848186017595]",P3,control,sub-033,sham,ses-baseline,run-baseline
P3_target_sub-043,"[-63.151476329538376, -71.76299928384874, 40.255135599273316]","[-72.47943224184942, -33.71424996956627, 44.38634328390358]","[-62.04885172865831, -85.26295675468127, 2.912206661137047]","[-33.83269452381654, -84.75193116617014, 63.726854606961425]",P3,target,sub-043,sham,ses-baseline,run-baseline
P1_target_sub-022,"[80.6518598698609, -53.622602392733256, -1.5073667009583562]","[74.34404760888796, -74.97623641591436, 18.576344706060993]","[74.9895464135093, -58.412712809764635, -30.51073207788893]","[84.10053040351083, -25.44693853093533, 7.705030643146426]",P1,target,sub-022,sham,ses-baseline,run-baseline
P7_target_sub-039,"[53.18286266988414, 32.07900328098423, 60.480471735913916]","[43.07101786851511, -0.3757027157231862, 80.97623861488526]","[74.43943661496593, 25.803138500656363, 27.44439841816045]","[25.423451110127807, 60.312354718839835, 58.14542441154733]",P7,target,sub-039,sham,ses-baseline,run-baseline
P7_target_sub-048,"[49.688691868728164, 30.03439263981114, 70.23803093908188]","[41.27747558934113, -4.113346365666957, 88.5615149778947]","[71.43817841867802, 26.53172428938538, 37.293548578424996]","[19.654844076686757, 55.79660662444787, 67.44694163183733]",P7,target,sub-048,sham,ses-baseline,run-baseline
P3_target_sub-046,"[-65.1500044764878, -53.410176726396514, 47.36672867428987]","[-63.98317717481483, -14.335076319819786, 54.369791582877895]","[-66.34340366069233, -63.46565274946009, 8.727362232465502]","[-41.41047248606513, -75.75181544946875, 70.16025036334018]",P3,target,sub-046,sham,ses-baseline,run-baseline
P6_control_sub-6111,"[-66.45523613679546, 10.648231218784803, 37.16449266869123]","[-39.7165270143178, 50.32076167783477, 49.928616874742026]","[-77.57236715557684, 5.451758458708025, -10.508706566034673]","[-60.980594655265676, -30.81057382507377, 63.72039643083927]",P6,control,sub-6111,sham,ses-baseline,run-baseline
P5_target_sub-5005,"[-54.493740698041684, 6.919111028272205, 69.53496409298305]","[-39.08023767913508, 54.33300925624902, 70.61286091806005]","[-78.79994757896159, -6.97576531969395, 29.48655033380011]","[-23.171485936352333, -27.36508421444853, 86.95912336580743]",P5,target,sub-5005,sham,ses-baseline,run-baseline
P6_target_sub-6111,"[66.49177168270171, -67.3018348940866, -33.33596120851983]","[21.75076647602551, -103.2770099256183, -32.83935353961307]","[62.550789054211236, -30.12280642286298, -72.67639610317642]","[78.91631642973283, -45.19616499623145, 20.57748866524585]",P6,target,sub-6111,sham,ses-baseline,run-baseline
P6_control_sub-6116,"[-57.92839135664493, 14.093868959166999, 23.030958483121196]","[-26.42199901283961, 50.01323398019226, 35.5235224662774]","[-67.58017683873786, 10.019997996357727, -25.400154252441236]","[-54.14524608683584, -28.858312887903235, 48.027394572834524]",P6,control,sub-6116,sham,ses-baseline,run-baseline
P4_control_sub-4016,"[-1.3969088699842713, -5.909609602981406, 63.65028814472981]","[-37.2869922159786, -19.7484330276815, 53.701967995892545]","[29.096006036924724, -29.362636237908127, 53.73653989849656]","[4.149630689396569, 33.55208050824285, 60.87721879913027]",P4,control,sub-4016,sham,ses-baseline,run-baseline
P5_control_sub-5009,"[-69.01473565716344, 41.46301034490675, 40.07515549222051]","[-37.66453966277208, 78.02671754553504, 52.40919577828565]","[-72.92957928171734, 34.12998464783047, -8.865012276034774]","[-67.16869346994316, -0.03345864927620032, 67.74251862211734]",P5,control,sub-5009,sham,ses-baseline,run-baseline
P4_target_sub-4008,"[-66.31893218710472, 38.05717268108747, 25.503614934191535]","[-37.06637359750669, 72.47286775964521, 46.10019781023138]","[-72.25024632406442, 41.51974405933008, -23.89333765080041]","[-64.96911240072879, -8.065550536635579, 44.664811089100176]",P4,target,sub-4008,sham,ses-baseline,run-baseline
P6_target_sub-6127,"[65.24949585815676, -66.6163337509916, -37.09365743993973]","[23.312827614823252, -105.34329125532386, -37.32348587561449]","[66.37901962130141, -27.110973873233245, -81.274786682373]","[80.73338420844327, -49.07084203055147, 17.466677111678766]",P6,target,sub-6127,sham,ses-baseline,run-baseline
P1_target_sub-034,"[74.34629960667581, -48.68199709594154, 15.845895333515616]","[67.66745731935765, -65.13555132600759, 39.97515614194646]","[68.28026846865407, -59.40861190529416, -11.189589640132427]","[79.19879905683405, -19.27569748802416, 19.06126677834226]",P1,target,sub-034,sham,ses-baseline,run-baseline
P1_control_sub-013,"[-48.99608062396525, -24.112843953488, 81.72404555564384]","[-34.87178818588259, 23.603213007707247, 79.8309831914272]","[-73.62774691928176, -40.503017445071194, 43.19920032808891]","[-15.521229682328716, -55.71588535277026, 98.68991089871439]",P1,control,sub-013,sham,ses-baseline,run-baseline
P5_control_sub-5005,"[-69.97545114324708, 48.01866205708014, 23.260382829187375]","[-43.51991222529935, 86.32433734221351, 39.12116092627937]","[-73.22539767377907, 42.086271543289875, -25.180374990771945]","[-70.19514612262806, 6.992449223521164, 51.34013093908711]",P5,control,sub-5005,sham,ses-baseline,run-baseline
P1_target_sub-002,"[72.57594007713725, -58.52620989893777, 8.710319444945723]","[66.09027182085333, -73.92788254326518, 33.43351339945591]","[64.32139770929167, -69.30855090430077, -18.01472206525596]","[79.5496601637296, -29.632987400708352, 10.875412969303454]",P1,target,sub-002,sham,ses-baseline,run-baseline
P4_control_sub-4018,"[-1.7940954644932423, -14.55490223836985, 96.50075722359614]","[-35.44890375751699, -31.549142413525683, 83.95667372916533]","[31.79517758064558, -32.645544086490744, 85.25830504231979]","[-1.3178689027025547, 25.22755337090445, 100.58566501285077]",P4,control,sub-4018,sham,ses-baseline,run-baseline
P8_target_sub-2506,"[-47.96516853814175, 49.78652581272039, 39.8915207068688]","[-20.25403155235564, 75.7017786392391, 50.38952403809039]","[-62.06788118251413, 52.59546038547448, 2.844735987030976]","[-46.628665968955204, 13.494088349781716, 56.04631752537442]",P8,target,sub-2506,sham,ses-baseline,run-baseline
P1_control_sub-034,"[-34.0558419990059, -13.434545509872585, 91.53534325448322]","[-16.35003848196699, 32.63475155725228, 85.3632399801592]","[-66.1461556591021, -27.887153318481456, 57.342424792273974]","[-0.5650020502216591, -48.03177529565805, 101.81380387262053]",P1,control,sub-034,sham,ses-baseline,run-baseline
P1_target_sub-006,"[72.62396405232018, -64.61124453114964, 16.357488354147367]","[64.2967563340861, -81.7494899058857, 39.428050338037615]","[64.85754050332741, -72.94667596976453, -11.241052512373834]","[78.11870317162804, -35.559573980455184, 21.291682526689616]",P1,target,sub-006,sham,ses-baseline,run-baseline
P1_control_sub-028,"[-47.16149098460934, -16.791735280730755, 85.97619745632691]","[-34.86884058044122, 31.092134746721968, 79.57033991038854]","[-67.77367108352067, -37.10190032929121, 47.0197781043653]","[-11.720875083864104, -45.52259596217235, 104.25567070177607]",P1,control,sub-028,sham,ses-baseline,run-baseline
P3_control_sub-003,"[50.73117118657641, -40.30870283105078, 86.6356527913943]","[41.242692639171224, -85.23804608750216, 71.58777182626953]","[70.78581729631334, -11.781820750894553, 52.30627748072099]","[12.192441071597877, -18.580278217210765, 108.10074385663263]",P3,control,sub-003,sham,ses-baseline,run-baseline
P7_target_sub-022,"[53.21626008181886, 29.216776590547337, 71.56957975804143]","[43.67513451625925, -6.833913255307969, 85.55874223010653]","[73.4792495286323, 28.486173663270897, 37.58281647783789]","[24.46242231895522, 56.148629413572316, 73.24501929144492]",P7,target,sub-022,sham,ses-baseline,run-baseline
P1_control_sub-050,"[-49.2602209993573, -16.495947842503888, 87.80226434026461]","[-36.07111225839867, 31.56587710635586, 86.99423539029871]","[-75.88432692477849, -31.927874243482773, 49.7363795952193]","[-15.134285123220973, -48.537252821666144, 103.54110805614866]",P1,control,sub-050,sham,ses-baseline,run-baseline
P1_target_sub-062,"[77.90335654897338, -55.6031387927957, -8.682599687280351]","[72.7012630444619, -73.67960060577171, 14.641032470366058]","[71.17335323951116, -64.87152484531944, -36.25453240354673]","[81.31264524382864, -26.3875275232628, -4.03792540346848]",P1,target,sub-062,sham,ses-baseline,run-baseline
P7_target_sub-016,"[43.06777844027033, 47.802572017740424, 59.10899431605333]","[40.28072392272867, 15.506552681077704, 82.03814796452879]","[63.39551967479424, 43.039838991397936, 25.198361695239395]","[10.457724173102052, 69.8196022423815, 56.075655870003565]",P7,target,sub-016,sham,ses-baseline,run-baseline
P1_target_sub-014,"[79.85164522441133, -56.891383898149314, 2.02496630151168]","[71.00982467132876, -73.96788670092155, 25.00822553231591]","[72.1650156379414, -65.10306576890106, -25.67816860487436]","[84.3726647892351, -27.863281468272934, 7.0622622751883375]",P1,target,sub-014,sham,ses-baseline,run-baseline
P1_target_sub-1113,"[74.18576935076821, -54.64850402177431, -8.279750967557293]","[66.34549704240514, -74.4638228802282, 12.807812157842717]","[67.81325755886482, -60.56494580921797, -36.85033022620271]","[78.82167605841003, -26.548267254988, -0.3666928908350812]",P1,target,sub-1113,sham,ses-baseline,run-baseline
P7_control_sub-082,"[47.94227297553024, -30.631610551426387, 62.078911197882434]","[48.938195398945304, -77.14253270612033, 45.336169841092925]","[73.03760795983862, 3.392572795960255, 35.85572998996276]","[4.190152148416916, -14.860351774283103, 79.41441886086771]",P7,control,sub-082,sham,ses-baseline,run-baseline
P5_target_sub-5022,"[-45.59340653936524, -5.807911143319344, 78.19121624875353]","[-36.72070021830507, 43.22078849206292, 76.09239341949174]","[-71.68798106561415, -24.11618644318435, 40.91524495862191]","[-7.963677509350188, -34.1027376957982, 92.17057567566586]",P5,target,sub-5022,sham,ses-baseline,run-baseline
P1_control_sub-055,"[-49.535895869724165, -35.211621792699965, 88.48736319189747]","[-37.67250702451884, 13.134431948503641, 87.8367064454456]","[-69.23983686334192, -50.30921364289691, 48.131407028382775]","[-13.13006721380624, -65.12812549033882, 103.59856852677316]",P1,control,sub-055,sham,ses-baseline,run-baseline
P3_target_sub-3101,"[-72.11501312988743, -53.46019098144658, 42.79644449542496]","[-72.19743130203807, -13.833222518092487, 45.55473189538389]","[-73.45830806869907, -67.53297839069084, 5.817186190909951]","[-45.59584569160995, -71.70772270814786, 65.86688687730285]",P3,target,sub-3101,sham,ses-baseline,run-baseline
P1_target_sub-036,"[72.68159457235693, -57.87622279115394, 3.706415408546867]","[66.70173994166379, -75.31876755543209, 25.89480060417814]","[66.2891760922562, -66.47011503922317, -24.261019921586332]","[79.45376766315682, -29.323302714859047, 9.030144176911444]",P1,target,sub-036,sham,ses-baseline,run-baseline
P8_target_sub-2511,"[-52.181803150063814, 40.8014091287671, 83.69637678446153]","[-24.231180183718834, 66.95847370278523, 92.76870132747501]","[-71.45442566232869, 46.27017901146169, 49.46690725743531]","[-46.720299751486976, 3.1430873156673487, 95.43985176631128]",P8,target,sub-2511,sham,ses-baseline,run-baseline
P1_target_sub-064,"[71.62928398444986, -63.72552044908027, -3.576347053094852]","[63.990968800264774, -80.61200856461109, 19.894060379319512]","[62.57879385316164, -71.65728146701684, -30.840300263078966]","[79.29195562576125, -35.12474936555823, 0.9113262845342943]",P1,target,sub-064,sham,ses-baseline,run-baseline
P1_control_sub-024,"[-46.97748050662784, -23.708937887027858, 90.89151923268084]","[-27.50504906557162, 22.213880161883232, 91.50467800167672]","[-73.70308534579966, -33.41489619891914, 52.29788727596519]","[-16.100349123294134, -60.518177476303165, 102.34336764529579]",P1,control,sub-024,sham,ses-baseline,run-baseline
P3_target_sub-089,"[-71.48371293266194, -49.59824200407885, 35.52376648747086]","[-70.64329627826469, -10.351146837905935, 42.636059569913606]","[-70.12354426230264, -60.018379836308966, -2.9364731710528886]","[-50.04440384400296, -71.46666341120255, 59.0127373851558]",P3,target,sub-089,sham,ses-baseline,run-baseline
P5_control_sub-5016,"[-80.23878363544776, 33.516881510335075, 25.09551874455687]","[-58.51613114310717, 73.96431351012905, 43.03784038305674]","[-74.16295094262026, 27.714729674515528, -23.85558597909995]","[-75.08957836497808, -8.117649632957923, 51.88857011859004]",P5,control,sub-5016,sham,ses-baseline,run-baseline
P1_control_sub-033,"[-53.469630842851736, -29.502656182446373, 83.9299040351608]","[-39.674653326478314, 18.31451566244483, 84.94864990311008]","[-76.46735983085765, -42.46119675152784, 43.13900799789072]","[-17.963689487784468, -61.11499649742423, 96.27686714188704]",P1,control,sub-033,sham,ses-baseline,run-baseline
P7_target_sub-096,"[57.7170423516435, 32.69192050803647, 43.98197271120407]","[52.30437658664874, -2.083531431628187, 62.342746660717786]","[73.89787854021554, 30.485889094598942, 8.108380455217421]","[28.488451049948996, 59.105772941713965, 47.58784466708613]",P7,target,sub-096,sham,ses-baseline,run-baseline
P5_target_sub-5020,"[-49.22235502086374, -20.579729331349633, 59.420246266913004]","[-34.522887629330924, 25.23791198294384, 71.74116148766883]","[-77.84691777631042, -23.586538947322065, 21.356963688627207]","[-14.830769447469175, -55.62928450272376, 61.80248103413201]",P5,target,sub-5020,sham,ses-baseline,run-baseline
P3_control_sub-055,"[41.29416264051883, -33.59038337675264, 96.5097541962461]","[46.31386859393643, -80.2233656825566, 82.48549384037447]","[63.38479545786275, -0.34304317733489464, 67.08216429602854]","[-4.984523211873727, -20.67006371488614, 108.40170893858452]",P3,control,sub-055,sham,ses-baseline,run-baseline
P7_target_sub-011,"[48.098012714099234, 30.725260861702083, 58.063287704605045]","[39.25920494941991, -1.7151770148254528, 79.20118902047761]","[68.17306171325858, 24.074044091069933, 24.232470105133267]","[20.12677866341366, 58.66801913123816, 56.24755693877305]",P7,target,sub-011,sham,ses-baseline,run-baseline
P6_control_sub-6114,"[-61.527943743862835, 14.1567831686434, 50.27885271730577]","[-31.968441286189993, 52.39663454697612, 60.99346994720524]","[-68.63655290159546, 5.637338033961388, 2.0823609143513866]","[-59.84393698162541, -25.944029722680444, 79.91300397395848]",P6,control,sub-6114,sham,ses-baseline,run-baseline
P5_target_sub-5006,"[-50.499382356075564, 7.538905524224146, 80.59434089863734]","[-39.80098098509041, 55.96097044492704, 75.33238579696142]","[-73.4466187059093, -13.674597880185356, 43.391383348169846]","[-17.67311343397389, -20.7178643931975, 104.62150084946092]",P5,target,sub-5006,sham,ses-baseline,run-baseline
P3_target_sub-066,"[-65.37591748760457, -59.07992587481204, 43.003690248975886]","[-71.14247479010207, -19.739354400792767, 43.21904396631966]","[-65.31294245043476, -76.0020286415386, 7.046405159570542]","[-37.50995422677462, -72.04141004954363, 67.4188812092458]",P3,target,sub-066,sham,ses-baseline,run-baseline
P6_control_sub-6119,"[-64.35431348379234, 24.1336070782727, 48.6531824581813]","[-29.290431485842362, 56.19904844309684, 62.97011581297884]","[-71.38080739852563, 23.235899779768182, -0.24974368246470524]","[-61.495073821011616, -20.810372543714458, 69.35701358132447]",P6,control,sub-6119,sham,ses-baseline,run-baseline
P1_control_sub-039,"[-48.99728947929437, -13.682622583036917, 79.25588113992666]","[-32.92344275024644, 33.19910650610843, 76.01200073816736]","[-76.0799202176504, -28.816463140269732, 41.731603690173905]","[-15.716029689646538, -47.014681582508324, 94.34927508948081]",P1,control,sub-039,sham,ses-baseline,run-baseline
P7_target_sub-032,"[46.07572519311441, 23.993886175893078, 69.42484645426276]","[34.96522613336917, -10.92289564318792, 84.7977831802349]","[68.53316157808048, 21.762598120345828, 36.62903420834802]","[18.744360284522347, 52.25607812257571, 69.31176759231303]",P7,target,sub-032,sham,ses-baseline,run-baseline
P3_control_sub-025,"[47.05492824597055, -23.367549938076024, 93.98939704149403]","[40.70664721670512, -71.48607009156795, 85.36581476609341]","[69.98873306070041, 1.0751146073029505, 58.0386721739462]","[6.414776504944096, -0.06973702445614616, 108.97625978461346]",P3,control,sub-025,sham,ses-baseline,run-baseline
P7_control_sub-021,"[54.73455439584313, -20.622954050599194, 72.95639912357244]","[61.897932743960006, -68.56426505079588, 66.27088978168422]","[69.57641869141729, 9.501854192652765, 36.146775025232024]","[10.282928573060504, -8.78309234804014, 91.01474588787553]",P7,control,sub-021,sham,ses-baseline,run-baseline
P7_control_sub-060,"[59.44775066401744, -29.19106990679033, 69.79607313549252]","[57.332505986366414, -76.07278163617394, 53.38732752910269]","[76.6099059972646, 4.365137034921952, 37.170244212568534]","[19.364617235265797, -14.370407730608626, 93.50906791118801]",P7,control,sub-060,sham,ses-baseline,run-baseline
P2_target_sub-2023,"[-27.36625185224862, -74.41923741574513, 24.18187650029454]","[-69.19173367994779, -33.831799343836764, 21.037755612667723]","[-9.144888751370159, -88.64812955050728, -30.464559255553468]","[17.684896339366123, -53.135797232334, 55.171041820275995]",P2,target,sub-2023,sham,ses-baseline,run-baseline
P5_control_sub-5003,"[-78.22436822244003, 37.22240778955676, 47.87775114018469]","[-52.500495529321384, 75.06228367245912, 66.91788505657206]","[-75.2210542347854, 34.98474444636142, -1.7181044233118654]","[-72.46548957219073, -6.466685405149803, 70.26661086778118]",P5,control,sub-5003,sham,ses-baseline,run-baseline
P7_target_sub-063,"[60.338958796491944, 35.299446371124496, 69.86432576583816]","[51.81019699529303, 0.18260518284356975, 86.56102671006907]","[78.8879348548781, 33.27308603707263, 34.82804886714991]","[31.676725042027723, 62.280564701684604, 71.79657565223869]",P7,target,sub-063,sham,ses-baseline,run-baseline
P7_target_sub-085,"[47.34262802848513, 44.94015334195725, 56.49819744876635]","[41.3217955592784, 12.603774592668234, 78.61477018789114]","[63.97866268804331, 37.02252392847797, 21.655691752366813]","[16.21301576044002, 68.94033433561701, 53.371693586541575]",P7,target,sub-085,sham,ses-baseline,run-baseline
P6_control_sub-6115,"[-60.84741949586657, 19.641975269552866, 44.1312020267438]","[-31.827108693882778, 57.80203135728573, 57.01708756565843]","[-70.9973676350323, 15.045696291443615, -4.531488340864058]","[-56.39583162605427, -22.37570280409708, 70.47778193414676]",P6,control,sub-6115,sham,ses-baseline,run-baseline
P1_control_sub-1101,"[-47.2118153809375, -19.8940901094654, 70.28609789198714]","[-36.78803050271053, 28.403399021641977, 71.24323934038445]","[-69.83423596787597, -36.163144691147245, 29.977267515420365]","[-11.702714620679922, -49.79247035193538, 86.24165239291676]",P1,control,sub-1101,sham,ses-baseline,run-baseline
P3_control_sub-005,"[50.931886717223215, -39.15255267690195, 76.8430257888496]","[50.03523466779337, -86.0427120669287, 61.82762642196444]","[72.37203971301314, -6.958240308768947, 46.01998653115667]","[7.806597870561566, -22.698729397935043, 94.0637819393377]",P3,control,sub-005,sham,ses-baseline,run-baseline
P1_control_sub-017,"[-40.34491017270502, -25.97011103208638, 56.28848996757216]","[-28.428190979814854, 21.957865699325144, 50.047340614227124]","[-65.42419733231249, -45.89101637736871, 19.8638451581701]","[-4.4236627475476205, -54.82090259788588, 73.18615377088092]",P1,control,sub-017,sham,ses-baseline,run-baseline
P5_control_sub-5010,"[-67.63714446813816, 38.63187838456144, 32.44784446853604]","[-39.229418178563925, 76.39508630730211, 46.12969382735714]","[-72.1080162767196, 31.70908513372323, -16.54804308349747]","[-65.77021398430361, -2.4819021231515928, 60.33061090753378]",P5,control,sub-5010,sham,ses-baseline,run-baseline
P1_target_sub-1102,"[72.31911407766007, -63.867182729605496, -4.53166694066742]","[61.86385280474514, -81.8677899744219, 16.97478559304775]","[68.24332099920146, -71.38393308914311, -33.273562822930145]","[77.40898400705221, -35.40646870058256, 2.035589340614224]",P1,target,sub-1102,sham,ses-baseline,run-baseline
P2_control_sub-2006,"[0.9671446236491146, 18.347929386820187, 105.27933066667664]","[-34.80026072260144, 2.440349648061179, 100.22593140457415]","[31.868930238488467, -5.644622257572398, 100.82937169423649]","[5.718123391026881, 56.730616010139386, 96.16169274687226]",P2,control,sub-2006,sham,ses-baseline,run-baseline
P7_control_sub-038,"[40.572779332100204, -4.860942776600809, 78.36421229617808]","[52.69770636847727, -52.326921190117794, 73.56576812714266]","[60.28968049095024, 26.57452766828657, 45.582323784342805]","[-7.051744866691001, 3.879042425372838, 87.825831717914]",P7,control,sub-038,sham,ses-baseline,run-baseline
P3_target_sub-058,"[-68.28710468185794, -46.75661080214959, 52.35368408264586]","[-65.38641982284805, -7.097250283037267, 51.343108052247786]","[-68.78964678950524, -64.16308488199692, 16.384672414681027]","[-44.82004898389199, -64.38792989136229, 78.78442420232237]",P3,target,sub-058,sham,ses-baseline,run-baseline
P7_target_sub-050,"[60.65857604064763, 29.03185781389593, 70.72849153733308]","[45.6272978056705, -1.9159733267218668, 90.591161723258]","[78.2078855649872, 19.516331708351252, 36.28206813030328]","[38.116214835021594, 61.71651571534086, 69.90366659681888]",P7,target,sub-050,sham,ses-baseline,run-baseline
P1_target_sub-037,"[79.80885730375077, -53.33637283318836, 1.979594056035492]","[69.72144968384144, -69.6922726444769, 24.59181004152968]","[72.56617659223708, -61.497982508931926, -25.88745611985472]","[86.20797934263443, -24.82798289464499, 7.173613167738899]",P1,target,sub-037,sham,ses-baseline,run-baseline
P3_control_sub-090,"[50.124501436667856, -7.746781161684541, 63.90123767207672]","[60.280127615017854, -55.17971734826999, 57.065752749702014]","[63.94380056005058, 22.918186728071348, 27.404254748220183]","[4.567359601918442, 1.1727239090166899, 80.22044166140482]",P3,control,sub-090,sham,ses-baseline,run-baseline
P7_target_sub-095,"[50.87184779291636, 30.2714885069224, 51.681068309825264]","[43.10230896341781, -3.70339595779466, 70.62770844033187]","[70.80101014691142, 25.79835092168591, 17.939649072868516]","[19.989960514370736, 54.41652877303776, 48.58943646384216]",P7,target,sub-095,sham,ses-baseline,run-baseline
P4_control_sub-4012,"[-0.8205370144849615, -11.987082683552218, 103.51544815381402]","[-35.21118890531515, -29.088305586025403, 93.64632491966138]","[31.639404061672423, -32.751040249780395, 93.63798807007714]","[1.2584190040307757, 27.479978878744564, 98.11912624455475]",P4,control,sub-4012,sham,ses-baseline,run-baseline
P3_target_sub-012,"[-68.07847704694734, -53.92641659702321, 46.90609385873646]","[-68.63666461535709, -14.61909822770612, 53.611807587474246]","[-73.125110227119, -66.30348099273603, 9.777279687513115]","[-47.89799151615939, -76.60161094200161, 71.30622972558021]",P3,target,sub-012,sham,ses-baseline,run-baseline
P3_control_sub-048,"[51.311956152701725, -29.227877600561857, 84.14114998421934]","[52.55481057756056, -77.0622830944654, 73.02509109166226]","[73.58848907185246, 1.2708674263988649, 52.443842823745854]","[7.711326973796909, -12.55004792599284, 100.78763069083249]",P3,control,sub-048,sham,ses-baseline,run-baseline
P2_control_sub-2005,"[4.926982547843255, 8.969309467605305, 87.83001674775399]","[-30.083611121003596, -8.182580477817822, 80.19662798827095]","[37.29998989322734, -12.405590956329414, 79.1181625377942]","[7.336466719443129, 48.760716173263155, 85.57909417203075]",P2,control,sub-2005,sham,ses-baseline,run-baseline
P2_target_sub-2014,"[-29.060866525354626, -69.47439454751036, 44.64283094429667]","[-69.26070990940971, -28.407623138254728, 37.623180670135795]","[-10.163014921668797, -85.77541136501915, -8.892251592739756]","[15.354176538052652, -45.52197439595364, 74.5948327217876]",P2,target,sub-2014,sham,ses-baseline,run-baseline
P7_target_sub-070,"[55.735495046496474, 21.6210419484046, 54.543256263979636]","[47.16112525726294, -12.586830164810092, 72.62304044725558]","[75.13160951874887, 17.23512122743377, 20.14391577536523]","[25.457140503646546, 47.0354370635801, 52.78845357479216]",P7,target,sub-070,sham,ses-baseline,run-baseline
P7_target_sub-045,"[52.91599524628151, 26.12287479117192, 68.25856673990761]","[38.53388917167627, -4.219824651607548, 89.53540567168079]","[71.29917120689875, 15.78870157433883, 34.59321888917665]","[30.182768587534063, 58.50768514440837, 66.11917768030894]",P7,target,sub-045,sham,ses-baseline,run-baseline
P2_target_sub-2012,"[-33.04688992100338, -56.96874869398442, 41.493167580614966]","[-65.48770588276963, -7.962351512418998, 39.0083284500337]","[-25.692207606649497, -79.50507576898639, -12.77418948600483]","[19.070626566331875, -44.130508750544664, 64.95837784089655]",P2,target,sub-2012,sham,ses-baseline,run-baseline
P7_target_sub-074,"[53.03325003823346, 21.022266915870347, 71.88709795583073]","[43.824378531036, -14.99982199901287, 86.20347639096813]","[72.31186735364332, 20.762563417112183, 37.37939345077794]","[24.61255165144307, 48.32160678437774, 74.71490500171139]",P7,target,sub-074,sham,ses-baseline,run-baseline
P6_control_sub-6112,"[-64.38100958105923, -1.6095497231029956, 46.89408789327424]","[-42.97318354602865, 40.66737313129901, 62.229530317720354]","[-67.76508230211336, -8.11109039516062, -2.3753653804872403]","[-57.190034310663975, -42.75693923502177, 74.17155234260473]",P6,control,sub-6112,sham,ses-baseline,run-baseline
P5_target_sub-CO,"[-47.53040789629919, -1.4377041680655562, 65.85186087636738]","[-30.26247860532291, 45.21506199601465, 66.97669190644204]","[-70.184920781628, -13.423945373726731, 24.568514490952605]","[-16.384444853846162, -36.43824339203532, 81.68886193115156]",P5,target,sub-CO,sham,ses-baseline,run-baseline
P6_control_sub-6136,"[-70.57582443355794, 6.930101222925924, 23.946339454784134]","[-50.01884866075871, 45.661594856495874, 47.091471054394795]","[-73.32252016437246, 8.079928257582898, -25.93164812497399]","[-72.46944783944348, -37.1652191988814, 47.148665233995295]",P6,control,sub-6136,sham,ses-baseline,run-baseline
P1_target_sub-060,"[78.69373936269244, -45.36390052782297, -4.824356324261138]","[76.90139499703952, -66.17556632814859, 15.079704474419536]","[76.5726309961444, -52.00728926708149, -33.99219805136629]","[81.10056195787816, -16.830622433596005, 3.797541319763775]",P1,target,sub-060,sham,ses-baseline,run-baseline
P7_target_sub-097,"[44.643525400542295, 27.170695129995, 54.647162589121535]","[36.12633989666777, -6.825550832880953, 73.52994557092407]","[61.734876299578396, 21.639261156591477, 19.559744503967814]","[15.445792817847375, 53.48751620392877, 53.96717685131747]",P7,target,sub-097,sham,ses-baseline,run-baseline
P6_target_sub-6108,"[61.55433919612769, -70.49964957455386, -17.558390949147636]","[15.69445703486896, -104.75085852219784, -12.26215840558822]","[63.873044970591685, -32.56908580472973, -62.73282529180144]","[77.57826665609656, -48.578456877167014, 35.41815902902976]",P6,target,sub-6108,sham,ses-baseline,run-baseline
P6_target_sub-6129,"[69.21697706102556, -66.17640617028786, -22.673485515214598]","[29.591957749366877, -108.16736722702528, -26.336799527148038]","[69.60581794366516, -27.38020622873762, -66.40068554020114]","[77.41373458296692, -45.253999193133104, 32.702583203748944]",P6,target,sub-6129,sham,ses-baseline,run-baseline
P6_target_sub-6109,"[66.94044318868805, -71.28773084712874, -21.090608619669723]","[25.479558281406273, -111.57395304705778, -19.698283709520123]","[67.41620769753816, -32.981844720598026, -67.01041775632976]","[74.35030059036728, -49.494635193591954, 31.416330177377528]",P6,target,sub-6109,sham,ses-baseline,run-baseline
P8_target_sub-2504,"[-45.43515374005517, 64.79595959506368, 70.10045311151349]","[-12.021144070426896, 85.09487176931914, 76.41292867423007]","[-60.393187971208825, 67.66475151748871, 33.66673003354434]","[-48.745787270923714, 29.35186628166766, 87.78419003203246]",P8,target,sub-2504,sham,ses-baseline,run-baseline
P1_control_sub-006,"[-48.22249139234159, -24.459318172809862, 89.85561506860388]","[-31.38329047694049, 22.248361184150966, 87.05589235738852]","[-73.71084206597055, -39.22769130122721, 51.701902456510425]","[-15.528385568365149, -58.0285748154505, 105.40537846289543]",P1,control,sub-006,sham,ses-baseline,run-baseline
P7_control_sub-103,"[49.9621545701572, -11.5278484818199, 59.23674488149833]","[54.242648872549616, -59.08959005408726, 48.827522651798574]","[65.2705251645162, 19.488920127407535, 23.911203599778798]","[6.718430644826495, 1.2606842270798984, 79.19176321491786]",P7,control,sub-103,sham,ses-baseline,run-baseline
P7_target_sub-058,"[46.48882224277413, 35.084732582470146, 64.60002791030676]","[31.46874329718518, 4.078699159402873, 84.71860692752112]","[65.83380786122318, 25.531150190495673, 31.285135089022123]","[23.41440234861476, 66.95957858357211, 62.20330219375859]",P7,target,sub-058,sham,ses-baseline,run-baseline
P3_target_sub-009,"[-66.46870962384882, -65.43880038546222, 53.99511630984534]","[-67.73739216915618, -25.968516071779327, 56.293413104372576]","[-64.72155228290136, -79.49573222505576, 16.83380450785259]","[-40.02738813210066, -82.24675209811073, 78.23992573436644]",P3,target,sub-009,sham,ses-baseline,run-baseline
P6_target_sub-6130,"[52.658997553127904, -85.41487022090148, -59.34399347385994]","[-0.06364553368580722, -109.73351654002934, -56.15582632390444]","[59.2793210579602, -46.461465491513074, -103.13442934106564]","[71.66537614205579, -69.91713783709314, -5.18843778337939]",P6,target,sub-6130,sham,ses-baseline,run-baseline
P7_control_sub-052,"[49.42331848058799, -17.87337998245671, 75.69657394058835]","[52.788865959926426, -66.03730217743407, 67.18741964672752]","[68.4413935835955, 12.104260922913136, 41.22872530615904]","[6.1204938587606055, -2.9431733773929647, 93.14595336867335]",P7,control,sub-052,sham,ses-baseline,run-baseline
P3_control_sub-022,"[47.98010960156618, -29.52424671312509, 83.82678888490985]","[57.481270706359524, -74.80946575871384, 66.96006011518124]","[69.43044754866038, 8.477769003543779, 59.939999819102226]","[1.7277943943335239, -21.174431309974075, 98.49218771201143]",P3,control,sub-022,sham,ses-baseline,run-baseline
P7_target_sub-026,"[51.03528636054292, 20.809320375757736, 64.30663905924229]","[42.375043464231354, -12.972659945045754, 83.41363765271608]","[69.48734042620488, 15.790085210444794, 29.448748055264467]","[22.761107231568744, 48.209013879156856, 63.95754580426008]",P7,target,sub-026,sham,ses-baseline,run-baseline
P8_control_sub-2508,"[47.29175871718738, 7.087501740542085, 93.14325011065283]","[51.861076683032685, -41.57623951330245, 84.8651607365187]","[68.56504509957229, 37.380438202977565, 60.49537146746005]","[2.5293354744275716, 22.090196952880113, 107.4115068778711]",P8,control,sub-2508,sham,ses-baseline,run-baseline
P3_control_sub-3101,"[42.4563533789503, -32.91781572986937, 77.6360873548195]","[43.064195707141614, -79.94131889613185, 62.44660765452631]","[68.03422818505149, -0.986132593964322, 49.76381682938601]","[-1.7633535506098623, -16.076702751650696, 91.10796583764053]",P3,control,sub-3101,sham,ses-baseline,run-baseline
P3_target_sub-032,"[-67.82806797525791, -55.49607053666498, 47.76196929621162]","[-68.00113897178805, -15.840113117159683, 50.98914451988235]","[-69.33604064572683, -69.59570182265499, 10.792166007226015]","[-43.83259299551646, -74.68252971916671, 72.21299519604801]",P3,target,sub-032,sham,ses-baseline,run-baseline
P2_target_sub-2002,"[-25.752130469772002, -58.87788654458527, 59.058930759787266]","[-66.55751855736067, -18.069384773882742, 50.29363497477615]","[-10.968889169164543, -83.4465831320311, 7.132625519144224]","[22.44107241505265, -34.03822780981019, 83.71704502260674]",P2,target,sub-2002,sham,ses-baseline,run-baseline
P3_control_sub-057,"[57.103162765596636, -32.134423570584126, 63.879078204614636]","[53.05243768991166, -78.89519817711773, 48.414286682662144]","[76.97912851459279, -0.7309326444818713, 31.305589625245513]","[15.997782574354334, -14.192247771277843, 84.47180715987815]",P3,control,sub-057,sham,ses-baseline,run-baseline
P3_target_sub-056,"[-70.67257566800937, -76.14514678046298, 45.51264093431633]","[-77.52317564810276, -36.880933186308226, 48.051324614217265]","[-63.358842105714395, -87.27396653121579, 8.19636559102173]","[-42.080913660245955, -87.67457307200831, 70.17838481408299]",P3,target,sub-056,sham,ses-baseline,run-baseline
P6_control_sub-6122,"[-66.99956699055076, 22.849425801313433, 37.2255646152704]","[-35.80170782185493, 59.42694601736745, 49.24780827236038]","[-72.60709235395805, 15.36608539947154, -11.704310670951802]","[-63.64160184788658, -18.541054005310055, 64.43724193541156]",P6,control,sub-6122,sham,ses-baseline,run-baseline
P3_target_sub-030,"[-66.215601998118, -68.7317553521899, 56.06260015143486]","[-73.46255866025452, -29.836646618357232, 55.13187114056077]","[-60.953857334984974, -85.10905809200986, 20.326998054198974]","[-38.66361117254667, -79.47504210519806, 82.58498408547759]",P3,target,sub-030,sham,ses-baseline,run-baseline
P7_target_sub-087,"[53.22395368282819, 45.172842443482295, 28.705593396888272]","[45.52228440014657, 12.412529789374268, 49.81248138231799]","[70.34359892771857, 37.89167629968337, -6.0036340407908515]","[23.67823349169439, 70.923449638732, 26.890500219659437]",P7,target,sub-087,sham,ses-baseline,run-baseline
P6_control_sub-6131,"[-69.79821424513834, 11.246784855272283, 48.98440433738827]","[-39.26307669438197, 46.967699164269035, 64.20531606627017]","[-77.39594857438227, 10.815748356514625, 0.3738973429992808]","[-62.38957730485538, -33.661025152763216, 69.06199905840312]",P6,control,sub-6131,sham,ses-baseline,run-baseline
P7_control_sub-109,"[44.98289015371486, -36.5494722038192, 69.98960563581834]","[51.26601457826991, -82.03419883665204, 52.959175822251325]","[68.3438020837186, -0.9322880345026336, 45.00668867386476]","[-1.7475748860648581, -24.807352298498234, 81.07615080594869]",P7,control,sub-109,sham,ses-baseline,run-baseline
P8_target_sub-2520,"[-44.84276729297665, 55.499860070361855, 59.434356030901505]","[-15.92249111542184, 80.1806178183841, 70.76995818149162]","[-56.45024447807401, 58.02815184477749, 21.421452341828864]","[-46.3122436422212, 19.507000331657366, 76.49834378872823]",P8,target,sub-2520,sham,ses-baseline,run-baseline
P7_control_sub-078,"[48.01735100403368, -31.939343520911397, 70.86147517878308]","[52.42960323783949, -78.03986994874953, 53.577243128696196]","[68.3089157565413, 4.305840655890783, 44.061831494239975]","[5.276335480344375, -20.238775538153895, 91.24861187601896]",P7,control,sub-078,sham,ses-baseline,run-baseline
P6_target_sub-6116,"[54.49887344398466, -83.6187524896317, -45.63091927031213]","[3.0548027261846515, -109.95944490488898, -44.76851778416942]","[61.2397541998706, -44.37628205479773, -87.75571308818725]","[68.45456490980622, -62.846298425908515, 8.5315015213459]",P6,target,sub-6116,sham,ses-baseline,run-baseline
P1_control_sub-1113,"[-44.78302775564094, -31.31871900086145, 70.13663009874722]","[-32.0983356574811, 16.80471611169668, 72.63183809225576]","[-70.43067264480167, -43.865910026453584, 30.55949055213451]","[-9.096820623443664, -63.31443349031926, 81.12824118621825]",P1,control,sub-1113,sham,ses-baseline,run-baseline
P3_target_sub-057,"[-69.75922279413169, -55.24463358563281, 28.545476059002905]","[-71.71722062208431, -15.66786835879769, 33.754429481847]","[-71.404471841619, -68.89684542213386, -8.966980908688793]","[-47.83828273027693, -75.39599220222487, 53.99940053171692]",P3,target,sub-057,sham,ses-baseline,run-baseline
P6_control_sub-6135,"[-66.6211335230527, 25.983058640809034, 33.27434178100773]","[-35.95348510463495, 61.12812052289743, 51.13506003277883]","[-74.92806332483985, 26.599743244665966, -15.34960214506457]","[-64.85503358038392, -18.804690723343715, 54.47079423237523]",P6,control,sub-6135,sham,ses-baseline,run-baseline
P6_control_sub-6117,"[-64.47164029144314, 24.252163614743566, 26.27375248754443]","[-28.855189199465656, 54.74200932919736, 41.26136327373545]","[-71.64627948546399, 25.649085857096882, -22.41073139949709]","[-62.79920507900104, -21.583443914881713, 45.34509701340597]",P6,control,sub-6117,sham,ses-baseline,run-baseline
P7_control_sub-014,"[50.3992281106714, -22.777664094365747, 86.91214125148404]","[54.93837090573432, -70.45440959655265, 75.28476813951423]","[71.02501883398911, 8.829849044891027, 54.960825186745474]","[5.0059555053398554, -9.313892476746359, 101.33346303193736]",P7,control,sub-014,sham,ses-baseline,run-baseline
P1_target_sub-018,"[73.6621496228903, -55.217741932685925, 1.3843100593435587]","[69.3355411154656, -76.10986453532945, 21.552465470572315]","[73.12134422491162, -62.20875256570958, -27.645241459803177]","[81.14581310095221, -27.980087266371907, 9.942752458604215]",P1,target,sub-018,sham,ses-baseline,run-baseline
P6_target_sub-6106,"[56.72930911421866, -78.03124307528266, -45.68924649524369]","[3.55711635555304, -100.89189927568191, -46.05912658025652]","[67.40107166344008, -38.15129592897641, -87.8395974841277]","[76.96030778414706, -65.4342322072182, 8.392922205561009]",P6,target,sub-6106,sham,ses-baseline,run-baseline
P7_target_sub-030,"[39.83533908807103, 26.693004793333234, 76.87182209527056]","[30.027631721135098, -7.1005063260840595, 95.54863349413391]","[61.327256524717434, 21.51229837906861, 44.241344794825075]","[10.862583950617932, 53.16789068854313, 72.7978491907786]",P7,target,sub-030,sham,ses-baseline,run-baseline
P7_target_sub-055,"[44.124965139892, 22.509787459208866, 79.11042661388906]","[35.02166831657618, -11.722281212755592, 97.19100729549207]","[66.4787173844287, 18.900645212873506, 46.356044465676725]","[15.070257998758986, 49.32926579516997, 77.0751473720147]",P7,target,sub-055,sham,ses-baseline,run-baseline
P7_control_sub-044,"[47.018373952698056, -16.56859108227467, 70.85303950202676]","[56.35591112504057, -64.26806772391276, 60.8426524949272]","[66.49586830527794, 16.735010418653015, 40.02819683998243]","[0.5787695865687885, -6.349488562887497, 83.44475030022663]",P7,control,sub-044,sham,ses-baseline,run-baseline
P3_target_sub-048,"[-71.07642769108931, -53.07119378795039, 50.324033591206906]","[-72.08447974669778, -13.177353642923471, 51.48069709889879]","[-71.11922227154784, -69.51080602332868, 14.198307816998646]","[-49.862847006231235, -70.86611313931243, 77.68161702876357]",P3,target,sub-048,sham,ses-baseline,run-baseline
P2_control_sub-2002,"[6.85249809037083, 7.422225838895795, 90.29134705771249]","[-28.51257603478017, -9.370553861230837, 83.68011743219719]","[38.4457188565081, -15.568586949772667, 83.42593948149536]","[10.337376633317337, 45.88758872383319, 80.33749865553791]",P2,control,sub-2002,sham,ses-baseline,run-baseline
P8_control_sub-2507,"[55.501239343553145, -11.146848265072224, 83.25724662498216]","[53.15237120911691, -56.98575416998518, 66.05031410119523]","[77.07484558497103, 22.55097096198772, 53.77418397921915]","[14.47298596113509, 5.398284251438768, 105.14812633509558]",P8,control,sub-2507,sham,ses-baseline,run-baseline
P2_control_sub-2020,"[1.3437992145462145, -3.694183350522961, 85.4995920347855]","[-34.10667976066713, -17.501015350753317, 75.73287529997357]","[31.71866915625557, -25.94289003037493, 74.09038797812654]","[6.262020758659236, 35.702079532179845, 81.67994566631037]",P2,control,sub-2020,sham,ses-baseline,run-baseline
P1_target_sub-025,"[71.35883648356116, -53.68979213805985, 23.14708888561542]","[63.201232110600586, -69.56470498439691, 47.13978789963439]","[65.9614094981041, -64.44978648169115, -4.051432792780055]","[77.36404791139356, -24.574449837828084, 26.395628422103076]",P1,target,sub-025,sham,ses-baseline,run-baseline
P1_target_sub-023,"[76.69083516019172, -55.39450790990268, 5.2078868299968475]","[70.20261536640443, -73.34195462669035, 28.23895555301546]","[72.13065294116525, -64.9067549718278, -22.87115278190682]","[83.88542833282025, -26.895627987538074, 10.18868350910565]",P1,target,sub-023,sham,ses-baseline,run-baseline
P5_target_sub-5015,"[-48.95858719766101, -4.666781593140441, 85.58142603993753]","[-37.196268365612454, 43.28121592149158, 89.06058040720434]","[-79.68311870074288, -17.368400318230176, 49.615528703102925]","[-12.899354590599529, -37.221133568326366, 95.41518083642787]",P5,target,sub-5015,sham,ses-baseline,run-baseline
P7_target_sub-034,"[42.37457010685931, 43.41242770438538, 66.69359499192387]","[35.877676153284604, 10.099410165435566, 87.05569733583532]","[63.82127928613441, 38.29082046939136, 33.77520181024132]","[10.777975414221126, 66.32580410889601, 61.72592643091144]",P7,target,sub-034,sham,ses-baseline,run-baseline
P3_control_sub-037,"[54.79115648292473, -13.932167771222678, 84.36216938582326]","[57.88253961165746, -61.868978347934025, 71.69931704727749]","[76.65169329892399, 18.740540470439413, 54.11362896028002]","[10.938177796751816, 0.4683500194270925, 102.06117892705052]",P3,control,sub-037,sham,ses-baseline,run-baseline
P3_control_sub-059,"[43.66668397377799, -32.39346580954868, 82.32924880711928]","[41.76982322891851, -80.04782514286069, 71.68623206802299]","[66.95845282500127, -4.54604918664592, 48.981692507338934]","[0.6225222889155777, -12.670586200777553, 96.32046203362789]",P3,control,sub-059,sham,ses-baseline,run-baseline
P2_control_sub-2023,"[3.2110581662101887, -11.703822395433416, 69.72366684073542]","[-32.16470084012747, -26.91379199979631, 60.15229178213678]","[34.54442234835058, -33.91682364816604, 59.121871046284376]","[6.997788008370338, 27.679976872451913, 64.56378753543218]",P2,control,sub-2023,sham,ses-baseline,run-baseline
P3_target_sub-038,"[-70.85430915817466, -46.73699177804715, 38.733493089872695]","[-72.2236312686712, -7.064334561440952, 35.69423024189667]","[-66.35939335043535, -66.26867035563141, 4.352391888970643]","[-50.042632071958224, -60.86528725921084, 68.86987505499192]",P3,target,sub-038,sham,ses-baseline,run-baseline
P1_target_sub-029,"[74.68144108304739, -64.2806942946562, 6.641463525186933]","[64.4973562519075, -81.78785426671942, 28.732921774692954]","[70.66936659328645, -72.64251617641023, -21.815450807919902]","[80.7481205020848, -35.764604939795504, 12.400153331718164]",P1,target,sub-029,sham,ses-baseline,run-baseline
P7_target_sub-098,"[50.500344293964666, 38.41079107654153, 51.978751100391236]","[45.16038392450375, 4.400410332317309, 71.97568603458008]","[68.2126235627415, 34.71684126112165, 16.481308000489825]","[21.610878437545967, 64.58550069264172, 53.868780699711856]",P7,target,sub-098,sham,ses-baseline,run-baseline
P7_target_sub-083,"[51.37427343116199, 45.01114743531574, 36.07828267586936]","[43.977221847966554, 13.601399768057531, 59.54300346082498]","[71.3285638751561, 37.33791924478148, 2.424323942876448]","[23.557425187824645, 71.98743025904123, 33.59064575252181]",P7,target,sub-083,sham,ses-baseline,run-baseline
P7_control_sub-025,"[47.05492824597055, -23.367549938076024, 93.98939704149403]","[40.70664721670512, -71.48607009156795, 85.36581476609341]","[69.98873306070041, 1.0751146073029505, 58.0386721739462]","[6.414776504944096, -0.06973702445614616, 108.97625978461346]",P7,control,sub-025,sham,ses-baseline,run-baseline
P6_target_sub-6137,"[63.27556147689993, -68.15585744506147, -18.874678619728865]","[22.676732096317558, -108.97375641136192, -20.246608056276767]","[63.60886385119205, -30.218014551827533, -64.69872302497326]","[71.23663567158215, -44.74001199731329, 35.548496130471136]",P6,target,sub-6137,sham,ses-baseline,run-baseline
P7_control_sub-015,"[47.53409463355042, -23.980152587302012, 77.48092025766275]","[49.083154749264985, -71.42775948186947, 64.63364247715812]","[67.16609064966343, 7.488856925523217, 44.54737908876349]","[3.766325971193778, -8.722674998685413, 94.12462885664506]",P7,control,sub-015,sham,ses-baseline,run-baseline
P1_control_sub-020,"[-44.58664154669969, -17.54007153268517, 72.46933709121208]","[-33.51925298712664, 30.93057956347304, 68.64671542361114]","[-70.28225772006374, -36.78424293251647, 36.10530244953253]","[-10.174166282298021, -47.41173005836713, 91.79678761549683]",P1,control,sub-020,sham,ses-baseline,run-baseline
P3_control_sub-012,"[47.924008419382496, -29.18182034181446, 82.04777728206778]","[56.998391340074335, -75.33085859798551, 66.94636781328032]","[69.23689137752851, 7.853070246293681, 57.165825437688504]","[1.850365918468276, -19.706030850188576, 97.48639013748198]",P3,control,sub-012,sham,ses-baseline,run-baseline
P6_control_sub-6113,"[-67.79137798283337, 13.018917953319566, 41.14001389316007]","[-39.278623084302666, 49.93964268297073, 56.7762830133476]","[-70.20954757529694, 8.558918702526283, -8.340062776439945]","[-65.59664804172193, -29.722787111441534, 66.56292658198734]",P6,control,sub-6113,sham,ses-baseline,run-baseline
P4_target_sub-4011,"[-74.53997746102509, 44.54979044580506, 36.45957155298411]","[-46.74745595149378, 80.96213345400349, 55.66171243328769]","[-78.94295876605364, 44.08527728711425, -12.985021679051606]","[-71.1134634547913, 0.08912571489443555, 58.08254616345437]",P4,target,sub-4011,sham,ses-baseline,run-baseline
P6_control_sub-6129,"[-64.92418984314577, 24.192757690303498, 50.77129230509116]","[-32.12024445676544, 59.20767924820012, 63.654307831751865]","[-74.42507830820533, 21.628056483510946, 2.0331091774627605]","[-60.712100530701036, -19.589093669782745, 73.94151727155166]",P6,control,sub-6129,sham,ses-baseline,run-baseline
P6_target_sub-6125,"[63.95994442822943, -74.92503320961177, -24.2118288857057]","[18.215533678399225, -109.90759456182597, -22.43538923952272]","[67.85931340136273, -39.91066782929652, -71.31587447537146]","[73.80036471115055, -50.581469857560826, 28.962440290359226]",P6,target,sub-6125,sham,ses-baseline,run-baseline
P8_target_sub-2523,"[-57.92732967220635, 43.05188740022129, 58.421384740205504]","[-33.00005585995143, 71.29587037789442, 70.14377251009508]","[-64.55955827963814, 41.682043508970985, 19.36250191304872]","[-54.19412459974863, 7.568232445543947, 75.7567407810689]",P8,target,sub-2523,sham,ses-baseline,run-baseline
P7_control_sub-036,"[48.71147397023383, -15.07982204104149, 82.21012826850868]","[53.01159858612679, -62.945893571503014, 70.99114065043221]","[70.97240744451794, 17.60954661570263, 52.15155817816968]","[5.176690878057132, -1.03977525847975, 100.17447587687487]",P7,control,sub-036,sham,ses-baseline,run-baseline
P1_control_sub-1111,"[-44.9086890919531, -14.935390415366003, 78.24661623669597]","[-28.03343342595535, 30.166207356713038, 65.25663663958643]","[-70.50196685480877, -36.17990690880646, 42.26226562811585]","[-8.768181205815337, -44.650347584566696, 93.65473301498848]",P1,control,sub-1111,sham,ses-baseline,run-baseline
P8_target_sub-2522,"[-53.272334832703, 76.63435682582686, 79.14557065803241]","[-23.39518098698584, 102.51885719309212, 81.46221080950298]","[-70.73796460996029, 72.99030948421093, 43.7534224586408]","[-49.75616061183546, 43.31831520005812, 100.60455545332862]",P8,target,sub-2522,sham,ses-baseline,run-baseline
P7_target_sub-060,"[50.71967899262817, 34.89016347008001, 64.65059977422399]","[43.92074071079467, 0.39310450653024803, 83.06013586754585]","[68.28756835072117, 31.792496656353155, 29.169893507463893]","[21.687249036840672, 61.61571312438666, 66.15347797448166]",P7,target,sub-060,sham,ses-baseline,run-baseline
P6_target_sub-6126,"[71.42892740004102, -65.0536869711389, -50.34237706675264]","[30.436497141033545, -106.67350611767367, -52.945657077351576]","[69.04894304233468, -23.251406565418726, -92.35361483414091]","[82.17933227563988, -48.086579719957896, 5.9531518767675]",P6,target,sub-6126,sham,ses-baseline,run-baseline
P3_control_sub-089,"[56.33793402584863, -25.75093823610788, 73.88932715299195]","[60.596185715502095, -71.40204903100158, 56.06313519728241]","[74.86179046880918, 10.675129877093694, 45.678492687562276]","[12.956533301447735, -15.189374248647821, 94.96956707022571]",P3,control,sub-089,sham,ses-baseline,run-baseline
P6_control_sub-6107,"[-53.02706044123707, 30.36252509026856, 55.154434739292036]","[-18.023908848412187, 65.18208007414805, 59.14926753847372]","[-67.05335130433917, 20.68145207342794, 9.314831629009559]","[-49.0872559013377, -9.205260690747798, 84.98624414381716]",P6,control,sub-6107,sham,ses-baseline,run-baseline
P3_target_sub-068,"[-70.19630080407548, -54.122954097253285, 37.261427112333145]","[-71.07634574913723, -14.354190890858582, 36.264944604990255]","[-64.45724686190198, -70.87550710930023, 1.583303195070013]","[-46.23120137335626, -69.03648978658971, 64.6138817200912]",P3,target,sub-068,sham,ses-baseline,run-baseline
P7_control_sub-093,"[50.84179905609347, -25.716880048984127, 69.86673476179341]","[44.21729775806303, -73.10323280072485, 57.73234923261664]","[71.95624661373766, 2.6535216240193416, 35.02280304510395]","[12.959043167464213, -3.950068556643192, 92.37046218281161]",P7,control,sub-093,sham,ses-baseline,run-baseline
P8_target_sub-2503,"[-58.94395947502659, 55.764259604445364, 61.72819776296145]","[-33.17269106981605, 84.43023811390084, 70.84376184760823]","[-69.44817967761404, 53.022168212587616, 23.61115125957985]","[-57.22836705066242, 21.690123502019958, 82.35551229532234]",P8,target,sub-2503,sham,ses-baseline,run-baseline
P7_target_sub-019,"[50.97073329815519, 21.791331831699875, 62.994476910381444]","[40.10098478311133, -12.163877888174557, 80.7600714651212]","[70.8934142543188, 17.023616923792886, 29.02229419998218]","[24.126915478298553, 51.010226013524786, 62.77058069808158]",P7,target,sub-019,sham,ses-baseline,run-baseline
P6_target_sub-6135,"[66.11443238862654, -59.32185097454903, -42.0490200364287]","[27.30993198661516, -99.82639704187469, -48.868594305060306]","[71.51337253370026, -18.275362063700015, -84.389291830474]","[81.28424920593265, -45.48604713579234, 13.8804111966187]",P6,target,sub-6135,sham,ses-baseline,run-baseline
P1_target_sub-031,"[76.85170679062539, -58.79701569208313, -2.282825870554762]","[68.76026298497175, -76.48539590827431, 20.272107256397042]","[70.85494827121919, -67.01861406674405, -30.070022780888088]","[83.24258657521047, -30.103007421194956, 3.125402944529212]",P1,target,sub-031,sham,ses-baseline,run-baseline
P8_control_sub-2523,"[42.882544912248456, -4.406600842390187, 87.7629545309619]","[45.62459420267839, -50.6953497305887, 73.50130707805965]","[63.280570068433846, 27.57524352851998, 56.47776136535031]","[-2.824805808197004, 9.712325492398362, 99.38303733702861]",P8,control,sub-2523,sham,ses-baseline,run-baseline
P1_control_sub-011,"[-48.17858247580506, -23.60585801641471, 77.84427407041025]","[-32.08232681515339, 23.438448660322447, 75.34279941412434]","[-75.58752023083021, -38.41013905484711, 40.61716809369988]","[-15.27725611374233, -57.047335577429685, 92.85035481588783]",P1,control,sub-011,sham,ses-baseline,run-baseline
P8_control_sub-2503,"[41.904565695522805, 7.433317641618871, 92.06566492435854]","[44.379744349981166, -40.93835792285034, 83.3653625888947]","[63.032802751733634, 36.83693151322254, 58.36351734464988]","[-2.6583745607175286, 23.002419469242074, 105.42432404915158]",P8,control,sub-2503,sham,ses-baseline,run-baseline
P5_control_sub-5017,"[-62.58962470677253, 30.36732409743477, 30.4299673002741]","[-35.1331932012887, 66.9975691657434, 47.47252495961135]","[-68.78309996097354, 30.14502558301908, -18.986432635997797]","[-59.67559758812113, -13.81892960324536, 53.38201605300501]",P5,control,sub-5017,sham,ses-baseline,run-baseline
P3_control_sub-038,"[40.572779332100204, -4.860942776600809, 78.36421229617808]","[52.69770636847727, -52.326921190117794, 73.56576812714266]","[60.28968049095024, 26.57452766828657, 45.582323784342805]","[-7.051744866691001, 3.879042425372838, 87.825831717914]",P3,control,sub-038,sham,ses-baseline,run-baseline
P4_control_sub-4002,"[-2.621100590746777, -16.826999250614435, 83.1788602554137]","[-36.709663508505756, -33.280536741440024, 71.6935154138259]","[29.434775096896246, -37.024738012104876, 71.7235733862633]","[-0.512526783771927, 22.58100613670983, 77.99215528719755]",P4,control,sub-4002,sham,ses-baseline,run-baseline
P1_control_sub-052,"[-43.51481448392489, -17.048044193765715, 80.5191547712614]","[-28.010297693506367, 30.145943275855807, 76.07841598815502]","[-70.45077910910157, -33.00167733421581, 43.85310678465691]","[-10.07105796517752, -49.55189602277775, 95.92786921447161]",P1,control,sub-052,sham,ses-baseline,run-baseline
P7_target_sub-086,"[48.871718437804, 36.30856639350723, 55.63985427740209]","[38.64962270031721, 5.090472392081917, 78.12444587185696]","[67.12441018894918, 26.626338822875095, 21.820249054420184]","[21.566253421260598, 64.57518735243092, 52.06056044749143]",P7,target,sub-086,sham,ses-baseline,run-baseline
P7_target_sub-082,"[53.01029365903679, 34.38988848556688, 51.33540403729603]","[41.99772612320288, -0.516319075547172, 66.88013755641394]","[72.8090594426094, 31.699592422364685, 16.9745378276188]","[26.073347143990155, 63.00258553219912, 52.90002372152443]",P7,target,sub-082,sham,ses-baseline,run-baseline
P7_control_sub-011,"[46.32498253195444, -26.618458634193747, 78.22026440365848]","[47.72337788751434, -74.81644011655044, 67.87784750947775]","[67.5428881967794, 3.4567331502618055, 44.92917942386812]","[3.018510940534627, -9.975034432606073, 95.42986019174249]",P7,control,sub-011,sham,ses-baseline,run-baseline
P4_target_sub-4019,"[-57.37214354961282, 46.553981668899944, 47.57592507673783]","[-20.348690241323453, 76.25679549581797, 62.95426441182494]","[-70.27430849314405, 52.230771523436616, 1.2971058407855238]","[-56.15002389089799, -0.4547027573925403, 63.41886692559977]",P4,target,sub-4019,sham,ses-baseline,run-baseline
P7_target_sub-018,"[46.21134822004607, 30.706716970807765, 67.02747388330401]","[41.289290116770815, -4.882634040410858, 84.09197719917125]","[66.6301273393596, 30.634135365689406, 33.326964671903994]","[14.830670585383638, 54.514768720100435, 67.31777450110583]",P7,target,sub-018,sham,ses-baseline,run-baseline
P7_control_sub-102,"[54.273464262315635, -25.173234683360903, 54.99636506295004]","[57.342098736442054, -71.63208763512583, 39.085708203567684]","[72.92971194221109, 9.061736499073103, 24.468968749913117]","[10.086864981159021, -12.873140731854598, 73.06761446584787]",P7,control,sub-102,sham,ses-baseline,run-baseline
P6_control_sub-6121,"[-67.57768696753861, 11.342253778534035, 35.06907742365097]","[-39.32799844523117, 49.57403274460021, 50.018948996974736]","[-71.61741071050051, 5.44067092289764, -14.084197290314984]","[-66.54323403421296, -30.425219526472652, 62.213486482345964]",P6,control,sub-6121,sham,ses-baseline,run-baseline
P8_control_sub-2519,"[46.24957584889885, 1.507480831499775, 81.01890481103926]","[44.828782729048775, -46.949726317305114, 72.9067626008289]","[65.98367182612446, 28.10768007551989, 44.57348240198096]","[3.808955125951215, 20.234594472430967, 96.71272593444824]",P8,control,sub-2519,sham,ses-baseline,run-baseline
P6_control_sub-6101,"[-69.65529493331151, 6.239212670095682, 4.4967798969405015]","[-53.65153813574082, 47.791991020191304, 25.982736257522852]","[-68.49153086839131, 3.068634126506341, -45.35656299170964]","[-70.52737831462568, -35.582445922561185, 30.567962368501764]",P6,control,sub-6101,sham,ses-baseline,run-baseline
P2_target_sub-2000,"[-26.060793636342506, -71.03222071861366, 69.508002291268]","[-69.20299443418016, -33.749432068682935, 59.979575633413255]","[-6.717533121046502, -92.56212524844955, 18.105381720255938]","[16.804065167268693, -45.55080581248023, 100.05535846512826]",P2,target,sub-2000,sham,ses-baseline,run-baseline
P8_target_sub-2519,"[-45.920942081167254, 55.425806075339096, 63.96311027766756]","[-13.219184613415395, 77.45157956901626, 67.59960958911537]","[-61.944273706887884, 55.53605796884961, 27.63768901515246]","[-45.355690192981726, 19.953207313365823, 82.10289811562622]",P8,target,sub-2519,sham,ses-baseline,run-baseline
P1_control_sub-032,"[-49.72151866988185, -29.74383459135682, 76.4455703654609]","[-35.39081596129891, 17.89639583899716, 77.11776669741361]","[-72.79517605759226, -42.766610137987904, 36.19618940917297]","[-15.38526394051911, -62.27978862929682, 89.9603754217683]",P1,control,sub-032,sham,ses-baseline,run-baseline
P3_control_sub-030,"[47.952585058758075, -28.795251361056255, 86.22764315184712]","[47.57785080632547, -76.75601291358235, 75.97703426697313]","[67.51323630964069, -0.007602458651631644, 51.43467197177482]","[5.442757104024438, -11.480123754693675, 103.54600158325324]",P3,control,sub-030,sham,ses-baseline,run-baseline
P8_control_sub-2515,"[45.83255102970063, 8.849499665637, 92.48276057295146]","[52.44080827292728, -38.569633481413355, 80.7018900277237]","[65.18732346164114, 41.807800596240654, 60.960114825627464]","[0.21162852215185013, 19.929749425358438, 106.82643013312808]",P8,control,sub-2515,sham,ses-baseline,run-baseline
P5_target_sub-5007,"[-49.15527231451957, -27.3180875767442, 58.875427361829196]","[-42.93670989095113, 22.00850033001406, 61.189089617456055]","[-69.61823375955663, -42.253707510053076, 16.778362061553022]","[-7.657019545609423, -51.840073463337205, 68.2494007691346]",P5,target,sub-5007,sham,ses-baseline,run-baseline
P2_control_sub-2012,"[10.272653872981248, 7.73067956667717, 82.3554465712315]","[-24.46664552137725, -8.671826639505154, 73.08117395974052]","[40.652329887166005, -12.82744632129006, 67.67783944485546]","[12.237313962233763, 47.34459898231978, 78.26794881153918]",P2,control,sub-2012,sham,ses-baseline,run-baseline
P7_control_sub-085,"[47.3837363025659, -16.156978864148158, 78.13713630301537]","[52.342881791842224, -64.55320332988721, 69.45575680915448]","[67.22970741299439, 14.237930639461894, 44.917917804639025]","[2.4577786000308457, -1.6913090206643349, 92.70579719239727]",P7,control,sub-085,sham,ses-baseline,run-baseline
P6_control_sub-6102,"[-68.97017500929812, 21.191515509811932, 47.458604634188184]","[-40.707962085686056, 59.043422192866714, 62.941092690373246]","[-76.63029403105075, 17.497344362675587, -0.9387704374360676]","[-66.79335671632515, -21.364276337141707, 72.99916305898199]",P6,control,sub-6102,sham,ses-baseline,run-baseline
P1_target_sub-063,"[83.9288314738266, -34.79207254212408, 0.5960206473031656]","[78.99096114232653, -56.16993340690723, 20.818652576657215]","[83.12724552685816, -39.046945065829725, -28.486655101859267]","[86.4258983479598, -6.432855230728378, 9.316783272256385]",P1,target,sub-063,sham,ses-baseline,run-baseline
P2_target_sub-2013,"[-18.16639496901708, -59.641720529325546, 62.73952530296424]","[-62.536937124265734, -23.057993126007883, 55.101362329698404]","[-6.2263291960848175, -87.31359464466003, 12.01189050040806]","[28.7682011014935, -29.400693438179164, 79.94745676262613]",P2,target,sub-2013,sham,ses-baseline,run-baseline
P6_control_sub-6127,"[-67.86357996129182, 19.8554406383088, 40.18555045605643]","[-40.0661638343543, 57.984438725796124, 55.87396927149631]","[-77.54014630395618, 17.400324001001504, -8.661236640694781]","[-64.90686235788347, -23.187585315985626, 65.32839424785614]",P6,control,sub-6127,sham,ses-baseline,run-baseline
P2_control_sub-2009,"[11.349662175625149, -3.0196600769858604, 71.22660467569646]","[-22.498466978482597, -19.29524195919719, 58.31142059303628]","[44.33407991377967, -20.997914228558713, 58.56281590941276]","[12.24772440695362, 36.553425137110175, 76.15611186723815]",P2,control,sub-2009,sham,ses-baseline,run-baseline
P1_target_sub-035,"[76.4197283517263, -53.701129179411076, 4.698176338204784]","[71.09608421275692, -71.87844924029298, 28.504279125097803]","[73.36820356278508, -64.86677450375855, -22.48122254481747]","[83.78531856366502, -25.01732106005043, 8.24307094437277]",P1,target,sub-035,sham,ses-baseline,run-baseline
P7_control_sub-026,"[46.12637305308194, -35.457544725820405, 82.8402648674346]","[47.72858824714118, -82.96996889523588, 69.63629833027271]","[68.19815313420608, -4.322762511392725, 51.372682733822664]","[1.4135402236168944, -19.65562732474625, 95.74310011239022]",P7,control,sub-026,sham,ses-baseline,run-baseline
P8_control_sub-2524,"[43.770706774632316, 6.678512932554085, 102.01336436619539]","[48.78162016170227, -40.753071074012695, 91.65727571149675]","[63.079126215796315, 37.597110791991106, 68.2841330529975]","[-2.087842547012989, 19.298333822478508, 114.01941294090528]",P8,control,sub-2524,sham,ses-baseline,run-baseline
P1_target_sub-075,"[65.88636188178425, -74.01852699402146, 4.115171939840636]","[55.70670411220567, -91.15060166685134, 26.316328380289463]","[58.195581917181144, -80.32263328693664, -23.993836961716013]","[76.07905915643447, -46.696346154842466, 10.373213935304742]",P1,target,sub-075,sham,ses-baseline,run-baseline
P6_control_sub-6108,"[-66.13248683179518, 14.667450359723901, 41.875876988875625]","[-37.337488370243356, 53.14107598057225, 53.51600469810513]","[-65.78250801285651, 6.115720535229185, 3.3493232744800174]","[-61.18435806274911, -25.187375757285217, 70.89110611284204]",P6,control,sub-6108,sham,ses-baseline,run-baseline
P7_target_sub-092,"[43.9012629791637, 38.81977359698183, 59.16600284796047]","[37.55712565194119, 6.776323506278888, 81.85280025278654]","[64.96141378160823, 32.71140867067015, 25.914974351746658]","[13.673408520938105, 63.60852917406218, 55.50604201907804]",P7,target,sub-092,sham,ses-baseline,run-baseline
P6_control_sub-6133,"[-70.16308555239097, 19.7014157324691, 26.66194794392443]","[-42.47634474317625, 57.76916305119426, 42.9334289506146]","[-73.26682597921271, 14.892104734108203, -22.94789752829858]","[-69.00834198545809, -22.667002095156807, 52.983407621820504]",P6,control,sub-6133,sham,ses-baseline,run-baseline
P8_target_sub-2505,"[-61.82719627837073, 53.6665134145721, 54.34653293485545]","[-38.473533264742656, 84.29347867030336, 63.75882345155094]","[-78.71090869884638, 53.549624816647984, 18.55525785836375]","[-55.396298724358466, 18.63934196125313, 72.2440923669035]",P8,target,sub-2505,sham,ses-baseline,run-baseline
P4_control_sub-4015,"[4.724696315251524, -18.245831576758004, 75.5494513876349]","[-31.976973569144135, -31.027206227510508, 67.5175438619509]","[33.84925833648128, -41.19936470111987, 61.474214174238725]","[10.580616810568845, 21.179864705688484, 73.33721953445342]",P4,control,sub-4015,sham,ses-baseline,run-baseline
P3_control_sub-021,"[54.73455439584313, -20.622954050599194, 72.95639912357244]","[61.897932743960006, -68.56426505079588, 66.27088978168422]","[69.57641869141729, 9.501854192652765, 36.146775025232024]","[10.282928573060504, -8.78309234804014, 91.01474588787553]",P3,control,sub-021,sham,ses-baseline,run-baseline
P6_target_sub-6132,"[63.168379039946196, -70.1906676898209, -30.589743094778736]","[17.665961983908755, -105.32352409828593, -29.513757289549734]","[63.44465702556832, -33.51079557341818, -71.5914693709487]","[73.73232000685462, -45.77644809199946, 22.867259448883274]",P6,target,sub-6132,sham,ses-baseline,run-baseline
P1_control_sub-046,"[-42.870759446822426, -36.45359414946329, 80.75701838774279]","[-30.487486859054577, 11.575157957085159, 85.13755952196055]","[-68.01113883251784, -47.22631657167444, 40.541379597347024]","[-6.8280664670204745, -68.69703470169856, 90.58651888781564]",P1,control,sub-046,sham,ses-baseline,run-baseline
P3_target_sub-023,"[-62.95927211399633, -60.818668529997865, 61.28592195186178]","[-66.65377794680722, -21.392996739459207, 59.519376049241274]","[-66.98808576826667, -78.97521864836779, 26.490072460792604]","[-32.0571974867084, -73.61663717016803, 82.46345289636825]",P3,target,sub-023,sham,ses-baseline,run-baseline
P1_target_sub-1111,"[73.06943065347302, -64.2243463548046, 9.761769438809248]","[65.29429955535161, -77.90594003903436, 35.25759783798852]","[65.77154970502329, -76.71893127084262, -16.272465709059695]","[78.92774162201098, -34.97899976450241, 10.417604717327013]",P1,target,sub-1111,sham,ses-baseline,run-baseline
P7_target_sub-025,"[45.20467441941171, 34.00405447232355, 78.14148802502915]","[36.7859299641739, 1.5407407338473653, 99.29335999728193]","[64.50553881599966, 26.54940799097913, 44.76278745452474]","[15.267707364744323, 59.3910341788573, 73.71638686829723]",P7,target,sub-025,sham,ses-baseline,run-baseline
P1_target_sub-038,"[74.54534589956442, -38.879410734717574, 4.7914789088388]","[71.39899588263954, -55.828555752938385, 29.333799329765053]","[68.59723573847492, -50.626191707439816, -22.11442485654646]","[78.3670210753139, -9.702941245469683, 7.5156761487016395]",P1,target,sub-038,sham,ses-baseline,run-baseline
P3_control_sub-052,"[49.42331848058799, -17.87337998245671, 75.69657394058835]","[52.788865959926426, -66.03730217743407, 67.18741964672752]","[68.4413935835955, 12.104260922913136, 41.22872530615904]","[6.1204938587606055, -2.9431733773929647, 93.14595336867335]",P3,control,sub-052,sham,ses-baseline,run-baseline
P5_control_sub-5021,"[-69.44496621441597, 41.800649959452805, 23.071691983390135]","[-42.61449019045361, 79.46639106625175, 40.919263438256145]","[-73.3033120878324, 38.95706773949106, -26.632510721366348]","[-69.80955710596919, -0.79975561068821, 48.70853552618881]",P5,control,sub-5021,sham,ses-baseline,run-baseline
P3_target_sub-005,"[-65.19872967757412, -65.57942274132638, 51.58136838964055]","[-64.81779546486864, -26.088023876362918, 54.49329024318313]","[-67.20956261558423, -79.09359235639396, 14.400076238562766]","[-37.85763032428648, -83.7473933640284, 73.55668455207763]",P3,target,sub-005,sham,ses-baseline,run-baseline
P8_target_sub-2521,"[-40.73874996667019, 57.12338498929629, 75.54398655028271]","[-9.32972078498106, 79.28204509866147, 84.89299258607667]","[-55.07465172361747, 61.40854090415445, 38.868173357758934]","[-42.74218336980289, 20.583005557008843, 91.40607582188724]",P8,target,sub-2521,sham,ses-baseline,run-baseline
P3_control_sub-046,"[50.759658569076926, -42.46380821155598, 77.36876637767095]","[45.681140409733906, -86.35868575155698, 57.389630485593884]","[69.62256081891788, -9.181154304285084, 46.482649471071916]","[10.075329912488334, -25.986273582914222, 99.29299145281408]",P3,control,sub-046,sham,ses-baseline,run-baseline
P7_target_sub-009,"[43.584033889638306, 24.83988493776665, 70.85718372409211]","[36.43350884849161, -10.881621099871992, 86.5117049289314]","[65.59864721440063, 24.386321942511834, 38.27626073805515]","[12.114602939201227, 48.68139849603395, 68.60959303174643]",P7,target,sub-009,sham,ses-baseline,run-baseline
P3_target_sub-016,"[-66.67897721166936, -51.03092883968886, 41.344410381780975]","[-70.33529035785472, -11.396262077859335, 42.280711369541436]","[-60.84654856774258, -66.24578100280777, 5.2208638611971665]","[-44.52663170533257, -66.59708959530445, 69.12999504691324]",P3,target,sub-016,sham,ses-baseline,run-baseline
P6_target_sub-6105,"[56.867876182806725, -77.30988932867977, -42.39298819204962]","[7.898999456969195, -108.55767252948972, -39.41166102607358]","[57.625177938181935, -35.77630521951455, -84.49982363196362]","[75.64753591894257, -60.49578811548794, 11.276326095180206]",P6,target,sub-6105,sham,ses-baseline,run-baseline
P4_control_sub-4011,"[-8.12768665297888, -10.213237902470784, 96.16803127425403]","[-42.20388714605451, -25.36722999269084, 82.7473649874686]","[24.116210337409353, -31.183113738562902, 86.12526632307647]","[-4.754868398286634, 29.490245790685446, 94.59863017604917]",P4,control,sub-4011,sham,ses-baseline,run-baseline
P3_target_sub-010,"[-60.958507784240766, -54.70683503301952, 58.128691015753056]","[-64.26092603715082, -15.080108079916155, 57.71735238809252]","[-60.25558368187673, -72.19096676969018, 22.347331969845115]","[-36.33877178583651, -70.05282901157649, 84.65876049505759]",P3,target,sub-010,sham,ses-baseline,run-baseline
P3_target_sub-022,"[-63.645090057831396, -74.44057900141185, 44.30720942120153]","[-72.91960269151998, -36.517792212295355, 50.401803541743966]","[-60.32228305777089, -85.37768344136958, 6.119638774908445]","[-35.031451359559576, -88.70914844786601, 67.18323520036381]",P3,target,sub-022,sham,ses-baseline,run-baseline
P7_target_sub-043,"[56.29431202941521, 17.120998466400867, 57.57498268149761]","[44.40103761910842, -15.54770014289243, 76.78482049784688]","[72.1279441143069, 10.873109882636765, 22.03260893920369]","[33.44248632948087, 49.488440041406704, 60.97175965899945]",P7,target,sub-043,sham,ses-baseline,run-baseline
P4_target_sub-4006,"[-74.9081162327388, 38.05262694061653, 41.01590842151146]","[-50.94718078943388, 78.20931554360159, 57.23582763041597]","[-77.18256134197898, 32.44519877649339, -8.375486433067188]","[-71.88191930274039, -3.5388243146369076, 68.58907055649796]",P4,target,sub-4006,sham,ses-baseline,run-baseline
P3_target_sub-052,"[-69.23734420710501, -38.70457467363541, 45.189712645532545]","[-68.28448444706918, 1.0200001279271396, 45.26145176710536]","[-68.37037000572228, -56.23205693581761, 9.284946741411257]","[-49.99650896356758, -57.35755194430236, 74.25822834706649]",P3,target,sub-052,sham,ses-baseline,run-baseline
P4_control_sub-4010,"[-0.1044204262091486, -8.868878782738049, 98.75157895923418]","[-35.835135416836195, -24.32345395839108, 90.46011764404571]","[31.009085329561824, -30.935519118952417, 87.4014902133507]","[3.7339447744108174, 30.877827070367736, 97.03779499412957]",P4,control,sub-4010,sham,ses-baseline,run-baseline
P2_target_sub-2009,"[-10.700935887614884, -74.91468488943725, 25.927783193859174]","[-54.812496612534176, -37.20608105399285, 20.653143553668396]","[6.1538588414442135, -93.46073284097123, -28.017230119928445]","[32.83457391105041, -49.728454344306954, 53.76750572056704]",P2,target,sub-2009,sham,ses-baseline,run-baseline
P8_target_sub-2507,"[-45.73653159062701, 51.64897233402517, 77.84225943628785]","[-13.688461415334153, 72.97394911834287, 86.74359715613869]","[-62.41394200725646, 59.65160846822019, 42.69150908663105]","[-44.93549113063714, 13.197362099797465, 88.25120065259287]",P8,target,sub-2507,sham,ses-baseline,run-baseline
P7_target_sub-046,"[56.84144382191363, 18.389088968885495, 63.73953704763894]","[47.01563321154456, -15.837556839827108, 81.682058562497]","[70.11200676384229, 14.304003933391584, 26.488013523416946]","[32.01903579835573, 48.88578745091477, 69.31768602082664]",P7,target,sub-046,sham,ses-baseline,run-baseline
P7_target_sub-037,"[56.24973307882765, 41.00788237761204, 68.49915344573519]","[49.198707910463206, 6.556397784668946, 86.73787288684963]","[76.93992460985433, 38.73892623854537, 34.62517993855946]","[26.706785728137575, 67.3072310138234, 68.83327593265032]",P7,target,sub-037,sham,ses-baseline,run-baseline
P1_control_sub-016,"[-49.835316309692494, -15.722096272187779, 76.12044924575842]","[-36.92701981295057, 32.33016008303807, 74.12340094739733]","[-71.32121939712032, -32.35668309277175, 35.987970031075015]","[-14.447680539775197, -46.190446844976556, 92.27906861954096]",P1,control,sub-016,sham,ses-baseline,run-baseline
P4_target_sub-4004,"[-64.39073735083993, 30.850117110621042, 37.26828214272807]","[-34.651118067605424, 66.14866989628536, 54.69843561971577]","[-76.1485119952469, 34.17101283390406, -11.007976522632477]","[-58.25771849605829, -15.103622795740606, 55.402983524795594]",P4,target,sub-4004,sham,ses-baseline,run-baseline
P3_target_sub-034,"[-62.4254523953397, -45.404463831907066, 63.51469613892402]","[-61.82354063921425, -5.795065559157891, 60.279281373443396]","[-64.15648683535707, -64.51356381456377, 28.797476722945277]","[-36.25561232883916, -60.432993145010364, 89.15124911677039]",P3,target,sub-034,sham,ses-baseline,run-baseline
P7_control_sub-059,"[43.66668397377799, -32.39346580954868, 82.32924880711928]","[41.76982322891851, -80.04782514286069, 71.68623206802299]","[66.95845282500127, -4.54604918664592, 48.981692507338934]","[0.6225222889155777, -12.670586200777553, 96.32046203362789]",P7,control,sub-059,sham,ses-baseline,run-baseline
P7_control_sub-031,"[48.46287283958224, -25.084798302065327, 77.06151699656913]","[48.0430675467068, -72.8093687659749, 66.04738142050041]","[72.04282602797994, 3.789742980596848, 44.74151178197028]","[4.557880974663432, -6.563175107662165, 90.21776321146967]",P7,control,sub-031,sham,ses-baseline,run-baseline
P7_target_sub-069,"[40.52095834943691, 27.78745391798293, 71.99801408783249]","[33.13356757741391, -9.977738790544754, 82.4294871969483]","[65.57696257105259, 31.11602148027113, 42.51704145532951]","[8.50636140892167, 50.97172473290998, 68.41544896511301]",P7,target,sub-069,sham,ses-baseline,run-baseline
P6_target_sub-6112,"[60.02073986364777, -70.56955917720806, -22.298465651026564]","[16.18806478130369, -107.77073521844004, -20.92505357772825]","[58.9608518326913, -30.978150844557547, -66.22682217936534]","[76.69672184813902, -52.332204106566735, 31.74420577336435]",P6,target,sub-6112,sham,ses-baseline,run-baseline
P2_control_sub-2003,"[1.312097975512222, 4.685825008831585, 92.50021130677774]","[-32.40986363631871, -14.81398023954842, 85.67568485758662]","[34.5707016274322, -15.871162215672435, 86.01046848954383]","[1.8847162226393666, 43.70122461907479, 84.07515437972528]",P2,control,sub-2003,sham,ses-baseline,run-baseline
P1_target_sub-057,"[73.8724158269677, -60.53363640259289, -11.648992315619637]","[64.7601914435585, -78.98775748769512, 10.0048577890754]","[67.58118594450413, -67.03011479245413, -39.92745274048905]","[80.67322156502217, -32.22401360713624, -4.656232629574328]",P1,target,sub-057,sham,ses-baseline,run-baseline
P5_target_sub-5004,"[-50.223283324634366, 8.912495682480044, 79.76580020972148]","[-32.97968367993375, 55.48744596308754, 78.49564983402628]","[-74.83823442654332, -4.507903326387046, 39.255674283906444]","[-17.59833494798191, -24.960079268512175, 94.65188036246818]",P5,target,sub-5004,sham,ses-baseline,run-baseline
P3_target_sub-040,"[-67.38251831071463, -36.43006747611277, 34.34661175973602]","[-67.1432142859923, 3.178319921756812, 34.15143796221806]","[-68.7837697842737, -52.772635131183776, -1.9703939788877904]","[-40.72725372218535, -53.349385000120634, 58.2206455710574]",P3,target,sub-040,sham,ses-baseline,run-baseline
P8_target_sub-8137,"[-52.53496808434354, 33.6722027216135, 73.36171091112634]","[-25.80539929091024, 60.09555590103788, 86.30625940954268]","[-69.65420978336064, 41.379820122752236, 38.865004885498706]","[-46.693156459477784, -4.5866213959874855, 82.50264982230536]",P8,target,sub-8137,active,ses-baseline,run-baseline
P1_target_sub-1118,"[78.02124592236316, -45.93427905027753, -0.46170126122115906]","[64.10358051595672, -69.57651836592571, 28.089416644979906]","[68.9891245520928, -54.69098607306803, -37.82436118716312]","[82.98478796989038, -7.664151420171484, 8.479847220324858]",P1,target,sub-1118,active,ses-baseline,run-baseline
P4_target_sub-4152,"[-71.07197850631913, 51.338548547555035, 14.910712589007266]","[-41.32105156122996, 86.42558794369073, 33.28833139510838]","[-77.3700925965023, 50.76878894450326, -34.69038936966585]","[-72.87037768358931, 7.970904083756918, 38.77537223744374]",P4,target,sub-4152,active,ses-baseline,run-baseline
P1_target_sub-1141,"[70.1619275901204, -63.44787685638196, 2.70200338476036]","[58.082476651719006, -88.55137032346849, 30.295491023279382]","[59.8015373884653, -70.3116038662937, -34.734129630391315]","[78.03560156793927, -25.845691581824273, 13.116157708599195]",P1,target,sub-1141,active,ses-baseline,run-baseline
P4_target_sub-4196,"[-59.5372494447217, 39.756430175073895, 26.159818322444835]","[-31.704904995395587, 78.01829701593144, 40.57986704083049]","[-71.25727675331635, 35.98484041132682, -22.009368650127737]","[-59.20112582622916, -1.9531213339553646, 53.3802886880322]",P4,target,sub-4196,active,ses-baseline,run-baseline
P8_control_sub-8120,"[48.1606406196937, 4.828770703862067, 59.077040429601595]","[53.39094864037786, -46.08965692275521, 42.782026478854824]","[69.79135529289675, 43.16419626334206, 26.767736853932167]","[-0.17161037852611627, 17.76644563687227, 79.69104316992059]",P8,control,sub-8120,active,ses-baseline,run-baseline
P3_target_sub-3198,"[-59.12977847865603, 13.666500670512, 33.43398486279883]","[-30.210811332565594, 51.526433323489705, 46.19732493081089]","[-65.2444925835713, 6.741084316662657, -15.516984011662862]","[-56.734738175384116, -27.406510654204858, 61.36295079091553]",P3,target,sub-3198,active,ses-baseline,run-baseline
P4_target_sub-4160,"[-69.30409004675174, 31.479997364157835, 40.7625115663184]","[-38.19222106720743, 66.35842760033748, 58.43800127657945]","[-82.3290875562809, 37.78959832049165, -5.499316858250591]","[-59.57143542851654, -15.713254456845135, 53.53593000216947]",P4,target,sub-4160,active,ses-baseline,run-baseline
P3_target_sub-3135,"[-77.1666933269863, -0.08475060594883566, 31.472249410048434]","[-61.07290432457728, 37.17954868900866, 58.62045140511856]","[-75.53459484364481, 4.882898241854203, -18.203223398774437]","[-78.96705365114117, -45.62236336374261, 51.20810146474577]",P3,target,sub-3135,active,ses-baseline,run-baseline
P8_target_sub-8192,"[-49.28884214772387, 49.4251990808159, 80.76740052223107]","[-18.95269074219513, 74.72743037902593, 81.64677604966828]","[-67.43260088787241, 47.10095863858883, 45.860189491710635]","[-42.808520562941105, 14.304031773297398, 98.53718628129658]",P8,target,sub-8192,active,ses-baseline,run-baseline
P3_control_sub-3117,"[50.923426749563795, -11.988400373898067, 69.53604492253493]","[53.675427664714746, -65.19250135729153, 60.5347461596664]","[71.08400303145955, 19.103553184714986, 30.02806947319132]","[2.58890133975154, 5.304715147675569, 85.61055981923136]",P3,control,sub-3117,active,ses-baseline,run-baseline
P3_target_sub-3164,"[-73.97443016114067, 7.4841053981870695, 15.198303130613368]","[-50.40326217176695, 48.68734003954886, 29.03744226046471]","[-72.17255486600273, -2.402811040633727, -33.7699605942563]","[-70.88250473626465, -31.745133402689792, 45.7285373688783]",P3,target,sub-3164,active,ses-baseline,run-baseline
P4_target_sub-4182,"[-66.37686271264437, 44.81663647517354, 26.2216329520902]","[-34.54776212358655, 79.92262090350054, 40.52710216542709]","[-72.82639251359119, 40.538867074502505, -21.251972500268884]","[-63.92503824448943, 1.4995310357894578, 50.62796166660994]",P4,target,sub-4182,active,ses-baseline,run-baseline
P4_target_sub-4115,"[-81.6190218951836, 29.429386076344098, 31.424978158916797]","[-60.68730631945891, 68.4717414365891, 53.90186545843809]","[-80.42429512916542, 29.3829639170996, -18.152622805519837]","[-79.89526597583848, -14.296880581693014, 54.41857641879677]",P4,target,sub-4115,active,ses-baseline,run-baseline
P2_control_sub-2217,"[78.08168187121707, -33.76190638769146, -16.376532934921432]","[65.58642586038982, -58.15073215380641, 12.500129673988155]","[66.0963496483695, -41.10102136423223, -53.75233188868148]","[84.22388851208726, 4.145322434502073, -6.8181103337465165]",P2,control,sub-2217,active,ses-baseline,run-baseline
P3_target_sub-3140,"[-74.59752065372281, 6.79370710692443, 17.112493299958867]","[-48.99978008642112, 42.48652852157402, 40.240177862075534]","[-77.15270790265737, 10.026317947544703, -32.62241828572526]","[-72.15669605121036, -39.126530305228485, 36.151613515434896]",P3,target,sub-3140,active,ses-baseline,run-baseline
P3_target_sub-3196,"[-66.29793479060244, 24.5309697828306, 29.927179657698463]","[-34.97252377571478, 60.52931726746992, 43.86618485862867]","[-75.50968782413774, 22.184944557385386, -18.81155996440871]","[-60.6933051323648, -19.31869317272008, 52.57239216745461]",P3,target,sub-3196,active,ses-baseline,run-baseline
P2_target_sub-2268,"[-23.737801826190402, -71.08118076033942, 58.9026111660412]","[-60.94039265399166, -20.931205687727317, 54.2801518130171]","[-12.752059387459706, -89.77449235753056, -0.872742819658798]","[30.957240103956025, -48.736446484916385, 81.85876392183374]",P2,target,sub-2268,active,ses-baseline,run-baseline
P4_target_sub-4145,"[-70.26286424638594, 37.37206634340476, 31.49427041293337]","[-38.43165170535536, 70.92359704304054, 49.62340157272641]","[-75.15765245229002, 38.444602966468864, -17.614923943898347]","[-66.68454899196064, -8.234181078981683, 50.26067514061701]",P4,target,sub-4145,active,ses-baseline,run-baseline
P2_control_sub-2278,"[78.18254260246476, -23.806220626137236, 1.023876302878988]","[66.93918842891955, -46.84316794285024, 31.618242234747523]","[70.7254247830623, -36.483688221981005, -35.99034852165619]","[79.94292715594175, 15.47571816747921, 6.948281268081921]",P2,control,sub-2278,active,ses-baseline,run-baseline
P5_control_sub-5001,"[-66.0708154192913, 35.84771243881447, 15.5075844295188]","[-41.0053659450921, 74.50701695486585, 33.11892417711591]","[-66.49169439554224, 31.288555152715592, -33.01672989291322]","[-65.81256832798871, -5.899750638807317, 42.81302239286344]",P5,control,sub-5001,active,ses-baseline,run-baseline
P8_target_sub-8142,"[-54.176590289188134, 70.23190694156322, 74.03794815896104]","[-23.740675355510838, 94.50298015768294, 79.19907262715492]","[-67.30867505564656, 66.40082731856431, 36.768343784721026]","[-54.72625113473451, 37.34229284400014, 96.38118414289636]",P8,target,sub-8142,active,ses-baseline,run-baseline
P5_target_sub-5110,"[-50.60136293016123, -6.856580574364696, 70.99579387261717]","[-33.127204824744766, 44.91799206801652, 70.73430652232307]","[-75.44067953274777, -21.598898403745846, 25.732862818297747]","[-13.800678449272135, -42.99155573799269, 87.0138111385055]",P5,target,sub-5110,active,ses-baseline,run-baseline
P4_target_sub-4166,"[-71.6476595662734, 37.04828620684243, 30.435197445618467]","[-46.84497226339623, 75.75451893430404, 48.345018564786535]","[-74.91490353397644, 35.60968559638781, -18.80719536436695]","[-63.84968361437862, -7.185721069107334, 51.99411682604777]",P4,target,sub-4166,active,ses-baseline,run-baseline
P1_target_sub-1146,"[72.35392341636474, -48.69660233067236, -7.288559576477534]","[63.79636664771805, -73.98505000236648, 22.44161054394532]","[64.35188332677755, -59.342860556693445, -44.95217776032967]","[79.21948661190922, -10.20651401141862, 0.8602433621783007]",P1,target,sub-1146,active,ses-baseline,run-baseline
P3_target_sub-3217,"[-60.97672272787603, 24.358782179310065, 12.019428324833433]","[-30.78823549763959, 60.305387915077816, 27.882280541289905]","[-68.67851340771067, 21.646235536013247, -36.914022935833046]","[-61.651947258552724, -17.67586290327034, 37.94571020691921]",P3,target,sub-3217,active,ses-baseline,run-baseline
P2_target_sub-2286,"[-25.993407057304136, -62.43689315351764, 90.08401640374366]","[-67.42544974079043, -18.79884023350037, 74.12355234653664]","[-9.285761586787652, -93.55449935747232, 36.54470210860651]","[24.48251912384781, -31.48711212409457, 110.98875035027105]",P2,target,sub-2286,active,ses-baseline,run-baseline
P2_control_sub-2225,"[74.75713682151992, -28.592358300807533, -16.069171527688066]","[64.24436769117105, -54.52072234528956, 12.457207018784064]","[68.2100272126692, -37.80048744079006, -54.38838405464636]","[80.81055678732993, 8.908246022052593, -6.128810005694847]",P2,control,sub-2225,active,ses-baseline,run-baseline
P2_target_sub-2282,"[-11.570360830945567, -44.4006395930919, 76.7481322825668]","[-55.265101898206225, -5.339642923443575, 61.03694899962531]","[5.900215909417828, -74.93347551324925, 23.20277457199725]","[37.8649723855672, -9.14371277658138, 95.20475936005394]",P2,target,sub-2282,active,ses-baseline,run-baseline
P1_control_sub-1182,"[-50.92719048118323, -28.9859446533289, 64.00083099058523]","[-41.28790138758528, 24.767039638847844, 68.56644866412692]","[-70.16289155782995, -43.154552473335514, 17.48161136088366]","[-10.841748587784085, -61.749600564267745, 79.4706948595174]",P1,control,sub-1182,active,ses-baseline,run-baseline
P5_target_sub-5164,"[-38.69197175085813, 15.725198502789965, 44.90868053426553]","[-19.50174924312157, 66.9537062467946, 42.042430646095546]","[-66.8800934940439, 0.3427232428729654, 2.1640505292281045]","[-3.011870204539052, -21.96439111592374, 60.13990125805244]",P5,target,sub-5164,active,ses-baseline,run-baseline
P1_control_sub-1198,"[-50.72324047326324, -24.35230198045407, 58.87478976102386]","[-31.18568421876685, 26.353345815054702, 55.801058970799836]","[-71.15829883243636, -39.610655729247924, 13.27097360013929]","[-14.204617739419511, -60.566229998893476, 75.25622705503349]",P1,control,sub-1198,active,ses-baseline,run-baseline
P3_target_sub-3156,"[-71.66241831003073, 4.70875792024065, 34.02124825386141]","[-40.257869515041385, 37.96726682323766, 53.404653227042786]","[-77.31501669516629, 9.90245437903177, -15.120090234831645]","[-65.02888693109104, -42.30400144507809, 48.97578408080594]",P3,target,sub-3156,active,ses-baseline,run-baseline
P2_target_sub-2272,"[-28.103110732059633, -63.358478558191365, 67.21451251110564]","[-70.8213316710241, -19.297524859011457, 53.27079530985688]","[-9.033237486446483, -89.47467852186648, 12.918517053802177]","[21.79463178550064, -34.35732699292157, 93.13140357143259]",P2,target,sub-2272,active,ses-baseline,run-baseline
P8_target_sub-8111,"[-43.935248438401096, 49.4837955421256, 75.90236353348517]","[-13.451699227561718, 73.56341731737623, 82.30849798594856]","[-59.55640574189578, 50.40978680573561, 39.4948113374735]","[-42.75236372214962, 13.834928112627724, 93.71334336944942]",P8,target,sub-8111,active,ses-baseline,run-baseline
P1_target_sub-1123,"[71.87034325884444, -59.382051654997866, 10.298634641990663]","[57.07615328222387, -80.04043154493945, 40.93315726201185]","[65.31387787482886, -72.84122662178198, -26.54604141573795]","[76.7241406278448, -20.096375868025746, 14.940297407416148]",P1,target,sub-1123,active,ses-baseline,run-baseline
P1_target_sub-1131,"[70.0945733289778, -65.206559828225, 0.9125419697256874]","[55.240441437089224, -86.4348655848381, 31.15230947854803]","[58.733845067234434, -74.52862602667587, -36.12314617017939]","[79.78194199474711, -27.33603497158368, 8.305994843834922]",P1,target,sub-1131,active,ses-baseline,run-baseline
P3_target_sub-3175,"[-64.589762981473, 23.780583322742032, 22.63556443276097]","[-33.68686475718309, 60.482787136904, 35.28541140063219]","[-70.08023249749412, 17.12505938584528, -26.533519602690134]","[-62.0881890638254, -17.834220121860394, 49.84256065139892]",P3,target,sub-3175,active,ses-baseline,run-baseline
P5_target_sub-5119,"[-53.02498465163587, -2.7778106389929467, 76.2713210659703]","[-44.005748989988135, 51.08181513295896, 77.1613904548831]","[-72.13819019078389, -19.648799650406357, 29.220819930697026]","[-10.21729086720399, -31.701423226253105, 90.3840590419583]",P5,target,sub-5119,active,ses-baseline,run-baseline
P8_target_sub-8177,"[-56.90238754878499, 59.8766560875387, 53.444510515603895]","[-32.763870853944596, 91.09645053004104, 57.49214081632767]","[-70.10996760688828, 52.6247171625217, 16.832129100235253]","[-49.897468449337794, 28.06371462983005, 76.45716872518202]",P8,target,sub-8177,active,ses-baseline,run-baseline
P8_target_sub-8146,"[-50.445888841239565, 53.493035411662596, 60.65707205379946]","[-21.00962257427136, 78.61247485902344, 69.23098237792291]","[-65.66753506864372, 56.0114876296318, 23.874017551637067]","[-49.62507542087774, 17.39891899770401, 77.71047379599389]",P8,target,sub-8146,active,ses-baseline,run-baseline
P3_control_sub-3107,"[47.67258684900376, -19.768778383409998, 73.05243896732463]","[45.86671504310144, -72.76577297530571, 62.970836593591926]","[71.97193396241313, 10.468316243235973, 34.83608005581824]","[0.33387375080928683, 1.1380905272382797, 88.86884542883718]",P3,control,sub-3107,active,ses-baseline,run-baseline
P3_target_sub-3200,"[-65.19614246056567, 22.9770487327685, 36.86547060064757]","[-30.78186798631112, 56.22119083016399, 49.516004808161824]","[-74.0586603181975, 21.84579923520755, -11.547596987313915]","[-59.93604851580326, -21.965485600461296, 57.22423377296627]",P3,target,sub-3200,active,ses-baseline,run-baseline
P1_control_sub-1137,"[-49.723257884220935, -18.813376982540635, 62.636019089846435]","[-30.57083142863019, 32.47231584589051, 62.828838774290084]","[-76.87201359986553, -31.158949991234127, 19.673362822986963]","[-13.107665669784177, -56.98986338046943, 76.0359604632932]",P1,control,sub-1137,active,ses-baseline,run-baseline
P4_target_sub-4212,"[-74.47231720663017, 27.120400768722465, 16.509930611741268]","[-51.760114048260164, 65.6389041489322, 36.46002177612258]","[-79.54272696924161, 28.013184393192503, -33.190732203506414]","[-69.00998603491792, -17.332001500693337, 38.390110861661086]",P4,target,sub-4212,active,ses-baseline,run-baseline
P2_target_sub-2258,"[-21.786098849297634, -74.6291601524879, 45.77505080829227]","[-68.25071227904093, -34.61254068402961, 35.55122534658704]","[-0.8654736210773468, -91.93003234168287, -12.231394808680331]","[25.120485588446694, -42.71210299975668, 73.83027889391137]",P2,target,sub-2258,active,ses-baseline,run-baseline
P2_control_sub-2246,"[78.65991254426653, -26.289617176244096, 13.9810260885641]","[70.49954212996678, -47.279842025631716, 46.81561266269827]","[67.03445160968899, -40.54672788025212, -21.34250031483673]","[81.70344920368314, 13.089975185393605, 17.653108639409687]",P2,control,sub-2246,active,ses-baseline,run-baseline
P1_control_sub-1117,"[-40.5672479252029, -16.45660961106203, 84.06815302857864]","[-25.15748663908736, 34.72767723171197, 73.47261210225147]","[-70.37180952851946, -37.03016849370188, 45.49849949506092]","[1.0933267761690892, -49.0330681460848, 94.19263871083005]",P1,control,sub-1117,active,ses-baseline,run-baseline
P1_target_sub-1140,"[74.55208218421953, -52.48875824423783, -2.6047429843749135]","[66.26682327753173, -75.64020810278744, 28.601988503027147]","[64.55701796895576, -64.75523000778193, -39.20839047750467]","[80.79777905054124, -13.53840207910844, 3.384355711544552]",P1,target,sub-1140,active,ses-baseline,run-baseline
P3_target_sub-3161,"[-60.082260030892165, 9.196149193854508, 16.949395048783163]","[-33.61460708820294, 48.36617631677718, 30.988434432024736]","[-63.96912437961773, 2.595265385823704, -32.19494399745385]","[-58.10421116714486, -31.65138160892627, 45.40857720837278]",P3,target,sub-3161,active,ses-baseline,run-baseline
P6_target_sub-6215,"[58.36130325037154, -71.97304188347697, -19.227712678019767]","[13.98474698664333, -108.55342703661812, -15.260791436727997]","[58.206601399925056, -35.37578555855705, -66.31893942091271]","[74.02037521526836, -47.56551342063869, 32.52699254933187]",P6,target,sub-6215,active,ses-baseline,run-baseline
P8_control_sub-8103,"[49.6150134839905, 12.283429652334831, 70.32292444516806]","[50.18209743679671, -40.88935519614235, 64.25318633142533]","[67.69960791287279, 39.56421184176419, 27.118625319432365]","[0.8638287418317169, 30.64240686115278, 85.39223724506287]",P8,control,sub-8103,active,ses-baseline,run-baseline
P8_control_sub-8171,"[44.89230708833696, -3.581464622495183, 87.37155316436379]","[50.78339307350561, -54.24410305702289, 70.87579747662035]","[66.36948670985738, 33.71373310436107, 53.99899039439459]","[-6.19639583052826, 8.869111063308724, 101.16478637319314]",P8,control,sub-8171,active,ses-baseline,run-baseline
P2_control_sub-2232,"[76.03197002115074, -16.43200851181737, 19.138233617797567]","[63.843729799824416, -38.1175229583682, 50.049352550925825]","[67.63670403307337, -30.088432283085165, -17.40770955781428]","[77.03633581780707, 22.79155467133245, 23.86981388601204]",P2,control,sub-2232,active,ses-baseline,run-baseline
P8_control_sub-8139,"[51.09333796300994, -3.36330738292901, 92.12923250099703]","[47.16565479851528, -55.34989864837311, 77.6062773729472]","[73.85615118046071, 27.609719817440247, 53.98737631899721]","[3.2388538698821936, 17.41390400474948, 105.71919204241804]",P8,control,sub-8139,active,ses-baseline,run-baseline
P4_target_sub-4210,"[-74.60293699184889, 34.19787551488257, 10.74731402279543]","[-53.59671298212498, 73.29851634685922, 32.710842029434595]","[-73.49347505947254, 34.15905992696529, -39.17443818266978]","[-69.85474092645373, -9.92853075933779, 32.775242127871536]",P4,target,sub-4210,active,ses-baseline,run-baseline
P5_target_sub-5136,"[-44.135600193925, 4.575652759296567, 81.73319644945477]","[-20.339690599230114, 53.06037576988337, 72.34891651449203]","[-76.44893327334465, -10.605471492863902, 42.10274094200592]","[-9.302795535589564, -34.05977979321438, 94.85779005724895]",P5,target,sub-5136,active,ses-baseline,run-baseline
P8_control_sub-8157,"[52.24992961834127, -0.2386860458335287, 85.07292033481804]","[52.882997769978374, -52.53390455881934, 72.2693521109501]","[71.33599967782737, 31.888640356236056, 45.612175349931356]","[3.203784937346947, 16.99122074495518, 99.81102285620689]",P8,control,sub-8157,active,ses-baseline,run-baseline
P8_control_sub-8117,"[52.63616697088607, -10.245568829044053, 88.2485444394881]","[46.328850641440795, -60.63945154980476, 70.56121777020093]","[75.2917944798101, 21.957411168678455, 51.186196698503814]","[5.75267609587467, 11.208560494222382, 105.07101053667584]",P8,control,sub-8117,active,ses-baseline,run-baseline
P2_control_sub-2239,"[65.32561412581039, -39.39547481922457, -2.90740370463569]","[55.49254527390531, -58.00750031534259, 30.848459194935234]","[54.0123140892968, -54.990378450135665, -37.83014942075674]","[72.83225735398013, -0.3937120176072547, -1.6691086824307626]",P2,control,sub-2239,active,ses-baseline,run-baseline
P8_target_sub-8118,"[-42.72903337110333, 52.59786032643927, 75.34864309024873]","[-14.217516571156851, 79.22215997687839, 83.4850696431304]","[-57.35990755225699, 53.30014620821758, 38.97976324813458]","[-40.37056497379585, 16.95236355046452, 92.68473492222694]",P8,target,sub-8118,active,ses-baseline,run-baseline
P1_control_sub-1134,"[-39.92309883170304, -4.13772491904782, 62.0069986401013]","[-18.080246389278816, 45.60598418748823, 54.23600122271732]","[-72.93966904819396, -19.955488306146773, 23.051632658980004]","[-5.591515286169417, -43.2177942597061, 76.84153340902789]",P1,control,sub-1134,active,ses-baseline,run-baseline
P8_control_sub-8133,"[47.06822756976286, 0.7647974745269157, 93.98716026510449]","[44.4913697618373, -51.21514039646294, 78.94024452732681]","[69.14568911903194, 33.686890157951915, 57.540876710971496]","[0.04977363695059989, 20.494181195500982, 112.22839811145307]",P8,control,sub-8133,active,ses-baseline,run-baseline
P3_control_sub-3149,"[60.829497333423035, -30.09785886592157, 66.04556134640323]","[58.69882879930566, -81.19463135659139, 50.39124557461896]","[79.42588277154414, 4.038079098411707, 28.679296118682398]","[14.225157248746243, -12.39102881447178, 87.29761342173973]",P3,control,sub-3149,active,ses-baseline,run-baseline
P5_control_sub-5167,"[-65.66067731407644, 36.92668276911311, 29.514934664605335]","[-39.42770234512169, 76.9007768015274, 43.564164233895184]","[-67.94153703438532, 30.263189370961218, -19.56902742844505]","[-58.85266242538249, -4.957026080121363, 55.48185015134575]",P5,control,sub-5167,active,ses-baseline,run-baseline
P5_control_sub-5104,"[-66.1233963869358, 29.1310377051749, 44.10671087976283]","[-39.24033803843749, 68.24114303631659, 57.24708199508372]","[-73.22221381042395, 25.306708342329735, -4.8418783114739705]","[-56.41918719066837, -13.731505158307659, 67.36618780319708]",P5,control,sub-5104,active,ses-baseline,run-baseline
P1_target_sub-1134,"[72.19856308392376, -59.180407414700404, -16.1952463271214]","[62.28842846817849, -79.35151789606637, 16.72252488615828]","[58.125909378395335, -71.84943874986386, -50.969201546347016]","[77.97119299846936, -20.142205122237762, -12.590605287327655]",P1,target,sub-1134,active,ses-baseline,run-baseline
P1_control_sub-1155,"[-40.7306749670153, -14.987970349686366, 82.7137262139055]","[-18.34365248078682, 34.86060332825466, 77.3497340531777]","[-73.64794312199166, -28.21595573011041, 43.171862408097304]","[-6.494374222072281, -54.853514437556505, 95.7042078886709]",P1,control,sub-1155,active,ses-baseline,run-baseline
P3_control_sub-3128,"[41.696523175464435, -20.8500929897416, 66.22791878813963]","[42.7942933172873, -73.7951946990339, 53.877255560152115]","[64.41060516216547, 11.045832315028475, 28.564480622308707]","[-7.8678482623133625, -3.0634236586030585, 78.07903410511783]",P3,control,sub-3128,active,ses-baseline,run-baseline
P7_target_sub-7106,"[53.0585721919986, 18.1378758260302, 53.213909223763004]","[43.20455385596537, -22.025828037475545, 70.63037304827415]","[76.99378145622369, 17.304075678823335, 16.011285124336325]","[19.815325977609213, 47.76485383361488, 53.415796326765786]",P7,target,sub-7106,active,ses-baseline,run-baseline
P1_control_sub-1120,"[-44.58513358188043, -29.8013572681178, 63.065026845679334]","[-35.19906968531035, 23.95366636496225, 56.96276444997104]","[-70.30998745180257, -50.92836416194045, 21.738231503543393]","[0.6149469248253525, -57.777050121712946, 72.36642884202563]",P1,control,sub-1120,active,ses-baseline,run-baseline
P7_control_sub-7121,"[-43.14111177786697, 8.37133668724478, 52.194651274422434]","[-17.668259341981646, 56.612948546332504, 46.82970471929262]","[-69.20096888834577, -6.073377752882948, 7.431814707169284]","[-11.896870639599113, -31.925578187069576, 70.08057402758621]",P7,control,sub-7121,active,ses-baseline,run-baseline
P4_target_sub-4158,"[-68.37309856656368, 39.676061020064935, 25.5206191168562]","[-39.05878582497099, 76.15520217483775, 42.90085372021081]","[-74.32544813539737, 37.70722470011741, -23.304063815203584]","[-69.06644482523582, -3.7752542153110427, 49.99602689104658]",P4,target,sub-4158,active,ses-baseline,run-baseline
P2_control_sub-2224,"[78.64897690281703, -20.9510505188485, 16.888081293551167]","[69.93253482055145, -45.065737298033646, 47.291007098158985]","[69.87734933166773, -33.04459446089036, -20.076246564406166]","[79.14788240460969, 18.00507804619188, 23.6667896185873]",P2,control,sub-2224,active,ses-baseline,run-baseline
P4_target_sub-4144,"[-68.40304351498305, 47.8986304832805, 36.856156450376666]","[-40.24389773947481, 86.53414739997326, 50.46133372579768]","[-74.61133196569217, 43.292249446475644, -11.45758830020663]","[-61.23712101380849, 5.005016376172587, 61.0526233693515]",P4,target,sub-4144,active,ses-baseline,run-baseline
P2_target_sub-2237,"[-25.7747295905102, -55.87708400704096, 78.157609642964]","[-67.19328095930888, -13.566041877396835, 60.17185386685827]","[-10.364035437898119, -89.93063282182494, 26.913758067215127]","[26.2287625286464, -24.200315745666565, 96.52432531358349]",P2,target,sub-2237,active,ses-baseline,run-baseline
P4_target_sub-4204,"[-64.69605427985779, 41.1374379224921, 10.50698887147171]","[-32.514804266488554, 76.77680634937538, 23.06079154629812]","[-69.12954203118463, 35.60487990297862, -38.4832194566576]","[-60.621189837415194, -1.5903683559656514, 35.92676488504037]",P4,target,sub-4204,active,ses-baseline,run-baseline
P1_target_sub-1124,"[72.15532564226693, -58.53214241546746, 11.043729477314166]","[57.38195684438599, -79.25963325916734, 41.658619542103615]","[65.89240236155037, -72.10731755279485, -25.832096822646992]","[76.71708940170257, -19.185254161510738, 15.686624306346607]",P1,target,sub-1124,active,ses-baseline,run-baseline
P5_target_sub-5138,"[-44.123223751247366, -8.767563555475485, 71.68001162263677]","[-31.509209819038606, 44.22374025593528, 77.36844148690928]","[-67.71968988231615, -20.553314290894118, 24.783647079548736]","[-4.475501074260383, -43.54384122960005, 84.17050147140277]",P5,target,sub-5138,active,ses-baseline,run-baseline
P2_target_sub-2213,"[-17.709420008744363, -84.10279579193593, 13.407831679160433]","[-61.98091189243093, -41.637801612589804, 8.024285476184291]","[3.891357261646672, -90.25005674335706, -46.64417931403252]","[28.620987586176618, -53.8151898204069, 44.31172333047666]",P2,target,sub-2213,active,ses-baseline,run-baseline
P5_control_sub-5130,"[-68.20227969345947, 44.36278747394713, 20.700233908961366]","[-32.54687421483802, 76.73130042588664, 32.257115542333224]","[-75.92131370086204, 40.35779464573144, -28.070861003409224]","[-64.17302978784615, 0.8220350387515574, 44.17935844808309]",P5,control,sub-5130,active,ses-baseline,run-baseline
P4_target_sub-4161,"[-64.90591662708489, 32.80552425255663, 28.8350556342056]","[-31.792175960331527, 65.78190372757614, 45.5667934839332]","[-74.6011645070955, 35.2178135813646, -19.72562536644017]","[-63.35039987303637, -12.897354214926025, 48.5747940661354]",P4,target,sub-4161,active,ses-baseline,run-baseline
P4_control_sub-4160,"[75.34827065539115, -24.0648764971515, -23.483809684833034]","[63.549474275331676, -53.17021804439714, 1.0900063805850224]","[65.60433317654864, -26.878939947283648, -62.12317576473287]","[80.40475700864287, 12.030845645128899, -8.409090795240386]",P4,control,sub-4160,active,ses-baseline,run-baseline
P5_target_sub-5121,"[-45.17383956413573, -2.822611682573997, 84.46382378698367]","[-26.129896283406794, 48.49210425252354, 86.10563837094888]","[-74.29296217838872, -13.432207178729177, 41.922661748840405]","[-9.589211809496357, -41.62030157227867, 96.15463996592031]",P5,target,sub-5121,active,ses-baseline,run-baseline
P5_control_sub-5150,"[-69.3893647754689, 35.283315539739, 38.909238047527936]","[-42.686260941719894, 71.63753669913797, 58.00931706644699]","[-72.95179644933609, 34.967785073953074, -10.988173038998486]","[-68.98400587272427, -8.57621078047215, 62.22668236486184]",P5,control,sub-5150,active,ses-baseline,run-baseline
P5_control_sub-5138,"[-55.114584683541004, 45.36581442375183, 49.684699654236105]","[-21.526231709340998, 78.13090435586709, 64.76901634485866]","[-70.8085726146627, 49.78743130995605, 3.5074005211214296]","[-49.75395660672113, -0.563988445124415, 66.24382087559134]",P5,control,sub-5138,active,ses-baseline,run-baseline
P1_target_sub-1186,"[70.9909595219897, -56.204589621135675, -6.592473594556264]","[62.5040192700438, -82.68422599485632, 20.702401895921557]","[65.76877792661269, -64.82424209236586, -44.30258843665806]","[77.29541367755785, -18.849233316300467, 4.279252075247415]",P1,target,sub-1186,active,ses-baseline,run-baseline
P3_target_sub-3183,"[-73.5730204722871, 10.616218147834417, 17.845887967188535]","[-48.23911516373643, 49.44185816046916, 30.841020451131694]","[-73.29315480814581, 2.62155797203544, -31.14462402045434]","[-67.65131353896363, -30.029125470586415, 45.577530265705356]",P3,target,sub-3183,active,ses-baseline,run-baseline
P4_control_sub-4139,"[68.62022681558777, -33.77512694982196, -1.794566013781776]","[55.80605680160845, -57.637100508444604, 27.393461257366056]","[58.01573688606812, -42.19407303266587, -39.060951312393975]","[75.56948460381423, 3.946059314642684, 7.2404615646954165]",P4,control,sub-4139,active,ses-baseline,run-baseline
P8_target_sub-8178,"[-55.13173190236163, 55.89262192193897, 62.2830831683706]","[-25.70242018594225, 79.82027372371589, 72.14051126744884]","[-68.03123884099278, 60.49071848772641, 25.05040800588106]","[-51.33245041184113, 18.037410985520264, 74.26349940649223]",P8,target,sub-8178,active,ses-baseline,run-baseline
P1_target_sub-1184,"[71.68900257185373, -61.64942416121257, -25.757412983539897]","[62.140071178546435, -85.35098128928476, 4.373086647274742]","[59.221775097965896, -71.5398950182895, -61.961299095197134]","[75.58886494970773, -22.565379751459698, -18.07001479589307]",P1,target,sub-1184,active,ses-baseline,run-baseline
P3_target_sub-3197,"[-62.78346171932824, 23.51711832731897, 60.35616560402426]","[-33.38403938940275, 61.36085143261511, 72.94501751872359]","[-73.13832430252218, 19.30227151406011, 12.086590274308318]","[-56.83571300579053, -19.24575932251829, 84.99725390484537]",P3,target,sub-3197,active,ses-baseline,run-baseline
P4_target_sub-4133,"[-68.10402072640323, 30.855015025063434, 31.5817107906238]","[-42.527769531378354, 69.37735508840366, 48.27568180844902]","[-73.63696616593883, 28.623142190501106, -18.02751724753436]","[-62.83536124150294, -12.290861825399821, 55.33649299360219]",P4,target,sub-4133,active,ses-baseline,run-baseline
P4_control_sub-4204,"[67.53712934436724, -33.04748896172163, -21.6144284697691]","[54.54990608317822, -56.004194099169354, 8.216996572624796]","[54.897601936765014, -41.16285207650186, -58.14583129246242]","[75.43088340513071, 4.767604657286335, -13.505151337877667]",P4,control,sub-4204,active,ses-baseline,run-baseline
P1_target_sub-1120,"[77.14188690016907, -53.339310263745865, -18.777848708730968]","[69.7749558535544, -76.9178438709795, 12.186174931691088]","[68.69679801560203, -65.94334540128477, -55.14470345894185]","[83.43748953529092, -14.620463025706446, -12.68712328684365]",P1,target,sub-1120,active,ses-baseline,run-baseline
P5_control_sub-5145,"[-68.40421418457176, 43.279445241906835, 37.63878718893153]","[-40.662788965134936, 82.29372457107887, 49.39092314761049]","[-74.5812237452721, 35.336554165721715, -10.558807112515614]","[-64.38442247098327, 2.944672255952546, 66.53361595540285]",P5,control,sub-5145,active,ses-baseline,run-baseline
P5_target_sub-5135,"[-49.9434682922542, 6.597767542430247, 83.31699893539553]","[-31.10349482584659, 57.77185143962318, 79.17941044678136]","[-79.50308293180554, -9.140409873488407, 42.45203661453181]","[-13.669527314150189, -30.37592538863173, 99.1943447157511]",P5,target,sub-5135,active,ses-baseline,run-baseline
P1_target_sub-1143,"[75.77339056541324, -60.56801990078393, -7.882526111124683]","[62.364756999766044, -84.22681469137085, 21.195638720833372]","[63.744276044380484, -68.00889310834066, -45.07740650716797]","[81.45690652708294, -22.31405945446999, 1.2641976198128708]",P1,target,sub-1143,active,ses-baseline,run-baseline
P1_control_sub-1123,"[-47.16273803639507, -22.262483871897363, 76.87780005873704]","[-38.36138264357653, 31.360014308716522, 71.71623815010739]","[-69.87806811495444, -44.83513769434911, 34.06544359610866]","[-5.124611743476036, -50.952886458119075, 95.53815780294288]",P1,control,sub-1123,active,ses-baseline,run-baseline
P4_control_sub-4114,"[72.8653509724043, -12.669258418456566, -0.04983355218324729]","[66.9621628611752, -38.74289435412364, 29.514334328784862]","[63.789933005577254, -23.6081502896852, -36.95324524145604]","[73.14631941533288, 26.15831698510145, 8.41481307114675]",P4,control,sub-4114,active,ses-baseline,run-baseline
P1_control_sub-1195,"[-46.62444950206143, -19.753057543846, 74.48680892623081]","[-30.861045016714595, 32.601538110828415, 70.62078112016094]","[-72.73873748404843, -37.53148860501084, 31.922328255281887]","[-8.052457023202198, -54.4874386039473, 89.38190152207615]",P1,control,sub-1195,active,ses-baseline,run-baseline
P1_target_sub-1179,"[72.44981508724973, -52.68455588676917, -8.578607911493206]","[62.93998955825779, -80.1955314710329, 18.23723484680949]","[66.75107710675397, -60.22996578640231, -47.266335205039134]","[76.50619589405157, -15.477280558631444, 3.0928787499791515]",P1,target,sub-1179,active,ses-baseline,run-baseline
P4_target_sub-4116,"[-79.21438026766913, 34.847013756009034, 23.518940907295768]","[-51.567014367023646, 71.31001954515774, 42.12409528852806]","[-79.44848626816082, 32.59592619436639, -25.82768039858797]","[-77.92803010106407, -8.524700920598832, 47.01682354636875]",P4,target,sub-4116,active,ses-baseline,run-baseline
P1_control_sub-1201,"[-47.9125872513167, -29.450648269166866, 75.63364234202074]","[-32.950306491293965, 23.17140972594206, 77.88995711023226]","[-73.63847555039597, -42.95215275802934, 31.203235702166545]","[-9.195988596540124, -65.27449989064773, 88.3301507738586]",P1,control,sub-1201,active,ses-baseline,run-baseline
P2_target_sub-2217,"[-34.62873696901207, -64.40747001483116, 41.72651219829127]","[-73.89689949477321, -15.103213070453872, 36.62221923259342]","[-18.579955284647966, -83.58747929830291, -17.448834016500456]","[18.435697739516563, -43.82567479985228, 68.6399500083914]",P2,target,sub-2217,active,ses-baseline,run-baseline
P7_control_sub-7104,"[-46.06625434969817, -28.532332006396967, 68.6472272704824]","[-33.54148742213047, 24.346652364501843, 63.308638525818175]","[-66.8977730062367, -47.71386503648477, 23.817661924866716]","[-4.113323286393056, -58.90056687715067, 82.94732389554315]",P7,control,sub-7104,active,ses-baseline,run-baseline
P3_control_sub-3198,"[40.34703494453783, -34.08568798112563, 81.6809156434959]","[34.45549024723415, -84.77348196328718, 65.64065980159538]","[67.43600058583684, -5.143134172064355, 45.225243381814245]","[-7.583445565979309, -10.430883783739914, 90.44572831815088]",P3,control,sub-3198,active,ses-baseline,run-baseline
P8_target_sub-8189,"[-57.22190062395447, 49.4788613531608, 76.65474619846394]","[-29.850535060941525, 77.05109542778322, 83.60844479825388]","[-68.77956712294424, 47.565795287663256, 38.93572171783546]","[-51.559303328196165, 14.134660821873883, 94.32413060279487]",P8,target,sub-8189,active,ses-baseline,run-baseline
P5_target_sub-5152,"[-47.04102132992324, 7.447155926400764, 74.65200695784434]","[-29.71197911085304, 59.46078120196441, 73.67508509219441]","[-78.10533715737624, -6.532940843891164, 34.45313994391659]","[-9.84081548843385, -29.67388147851151, 87.37809891939774]",P5,target,sub-5152,active,ses-baseline,run-baseline
P1_control_sub-1209,"[-43.67336904637573, -36.868306611038925, 62.7624906620184]","[-30.62957148422833, 16.424844139625307, 63.05396892270822]","[-70.35589584851623, -50.887103127676035, 19.482280775417568]","[-0.9235853106776672, -69.18861776108709, 69.44524142757956]",P1,control,sub-1209,active,ses-baseline,run-baseline
P8_control_sub-8129,"[50.05622147833196, -2.7086303517589267, 68.5133510138656]","[53.2381670454973, -52.694095883466325, 48.4980669858593]","[68.88544561775767, 35.86329277069871, 35.154907666902474]","[0.8335705755872063, 9.324486668637299, 86.73697893547221]",P8,control,sub-8129,active,ses-baseline,run-baseline
P1_control_sub-1136,"[-45.79395305038673, -18.699014511034065, 70.3491827129598]","[-26.217047346968926, 32.159000421867226, 66.41180920297256]","[-68.90172358193742, -35.56106867341364, 25.744258207914175]","[-11.552748522764718, -55.08222880314763, 90.12704557963406]",P1,control,sub-1136,active,ses-baseline,run-baseline
P4_target_sub-4157,"[-71.93120633083906, 47.844246266162834, 21.495766368043473]","[-46.3402687018337, 85.97492199176806, 39.84983482217475]","[-77.73806112460518, 45.21595724938158, -27.578497362258652]","[-75.29647816368713, 6.109158487908604, 48.18095051463883]",P4,target,sub-4157,active,ses-baseline,run-baseline
P3_target_sub-3209,"[-67.91024397917943, 19.7382423154754, 37.40428639840386]","[-40.38975241099052, 56.013708867523576, 57.341595441869664]","[-77.76828589335561, 22.746471489122854, -10.082660156618017]","[-65.61268377674561, -25.781882670639824, 57.09643444642678]",P3,target,sub-3209,active,ses-baseline,run-baseline
P7_control_sub-7110,"[-48.36317886630636, -27.531334038879436, 61.49659157108001]","[-35.23478462719811, 25.602229823102125, 63.815372079239495]","[-72.98427395719261, -41.32818256584185, 17.952088463320337]","[-8.712133591424175, -61.88702564095804, 74.68992274458056]",P7,control,sub-7110,active,ses-baseline,run-baseline
P4_target_sub-4137,"[-73.3995128443053, 40.90435832777693, 34.9686451812154]","[-50.67427461503223, 82.6215213649558, 48.40645800055975]","[-73.97373310260022, 31.748536983739754, -14.271431755119718]","[-68.00170822151581, 1.3640105613765372, 64.55948104176522]",P4,target,sub-4137,active,ses-baseline,run-baseline
P8_target_sub-8131,"[-60.49502145092206, 51.63404311739017, 65.13401535466569]","[-31.604298328714133, 77.03063736904303, 73.12818657462446]","[-74.4152915528738, 53.15194192373498, 28.30687271021258]","[-56.01554322886453, 15.124896046288791, 80.09660167844817]",P8,target,sub-8131,active,ses-baseline,run-baseline
P3_control_sub-3182,"[47.70469657440407, -12.666442073897032, 78.08767737306724]","[55.49201681110492, -65.04212831044575, 64.97513241572054]","[68.72215661280102, 23.940563631760654, 43.67194333452636]","[-2.889163186572572, -0.6513275018310015, 92.00073745883822]",P3,control,sub-3182,active,ses-baseline,run-baseline
P2_target_sub-2022,"[-28.860039539835498, -53.84200139151247, 78.91510249500062]","[-70.1923746487183, -11.755789350128861, 58.78535100606532]","[-8.100371966771606, -82.64945972510948, 25.5607615814767]","[20.47876452548491, -19.5821738891738, 98.8343738486943]",P2,target,sub-2022,active,ses-baseline,run-baseline
P1_target_sub-1145,"[77.7169895751366, -57.72832313354837, -8.034799623289443]","[63.366736641487066, -84.16684428585174, 18.024019461025855]","[73.09669057831077, -64.72095251524992, -46.84407081465348]","[83.97600986765335, -20.17660936785849, 4.204225301714608]",P1,target,sub-1145,active,ses-baseline,run-baseline
P8_control_sub-8121,"[60.42404925256253, 15.811197168095399, 81.1084429277703]","[57.93044183489396, -36.39284387498791, 70.5871047253196]","[71.93836023870293, 44.973022426598085, 37.38642475048925]","[13.903542283494383, 33.27821720883486, 101.30561361169889]",P8,control,sub-8121,active,ses-baseline,run-baseline
P4_control_sub-4177,"[73.65835850021263, -25.054356604085967, -26.900686980583032]","[62.47985633935777, -52.05037727538199, -0.17543478242867777]","[67.31022115519889, -32.57443169422361, -65.35427366205903]","[76.98669413757652, 13.0629345336419, -15.22811473544905]",P4,control,sub-4177,active,ses-baseline,run-baseline
P4_target_sub-4218,"[-69.5775985698914, 39.50261031366437, 2.402771399603809]","[-46.17872347453191, 80.58543480699339, 16.388902875856107]","[-67.03801122617249, 27.80856028898246, -46.13296043544967]","[-73.43049895116063, 2.0455219080639395, 35.177694863197516]",P4,target,sub-4218,active,ses-baseline,run-baseline
P2_control_sub-2254,"[76.81635061620233, -36.477169123913534, 7.478757606899023]","[59.69216459276456, -59.90232713268564, 34.73018113885715]","[70.28181768235697, -43.99340899541499, -31.017425093991847]","[84.95400484247077, 0.8493736709040794, 18.02810363295053]",P2,control,sub-2254,active,ses-baseline,run-baseline
P4_target_sub-4127,"[-69.5630963780292, 52.610204850279835, 44.23809145053277]","[-41.998500367358744, 92.22137036325876, 53.41777661368565]","[-78.43217370224696, 44.043723154181016, -3.5466993365756028]","[-60.98235567145416, 12.307259158169611, 71.88449510836433]",P4,target,sub-4127,active,ses-baseline,run-baseline
P5_target_sub-5155,"[-43.39578370857743, -8.993180162385613, 69.12420204396264]","[-23.295914532167018, 41.986499930106156, 69.49705902796487]","[-70.5309055703237, -18.39473256658747, 25.218311939910123]","[-5.387908722585043, -46.955624939861735, 77.03284914815599]",P5,target,sub-5155,active,ses-baseline,run-baseline
P8_control_sub-8106,"[53.55040652885051, 13.108071369943533, 101.74856746371533]","[53.981233640898445, -39.36146171113223, 89.86333293427431]","[73.75018604086932, 45.03127020209077, 62.91181514952716]","[4.712673425196088, 30.160938280965713, 115.68018824364971]",P8,control,sub-8106,active,ses-baseline,run-baseline
P5_control_sub-5113,"[-73.5283135508451, 29.61300185222667, 36.81399097817981]","[-43.23959908299919, 61.53512205308898, 59.036376921075025]","[-77.96594376596035, 35.877698043467426, -12.256697567094434]","[-70.48114596721483, -17.606421028809404, 51.94116478232961]",P5,control,sub-5113,active,ses-baseline,run-baseline
P8_target_sub-8197,"[-53.21861388301833, 42.104844598070635, 65.09843699966316]","[-28.4621899970969, 72.88044355050745, 69.14668115237113]","[-68.66285109188932, 35.98793398298081, 29.052515443254926]","[-47.69199535688897, 10.133429688606535, 88.2699205742369]",P8,target,sub-8197,active,ses-baseline,run-baseline
P2_control_sub-2280,"[66.71093941244857, -37.33095398021286, -5.943485784786524]","[55.22681978206914, -59.317936059804595, 24.845891694806653]","[52.08323395675642, -46.336758150881, -41.83754404335564]","[73.51816045209335, 1.0157120204381542, 0.9954277141101195]",P2,control,sub-2280,active,ses-baseline,run-baseline
P3_control_sub-3181,"[44.91400151415966, -33.28030813796716, 69.04620908031546]","[42.21121067733443, -84.12706944760819, 52.103181760267184]","[65.82958246730459, -0.213277632256141, 32.659689560150184]","[-3.1697796998460106, -14.224095950351606, 84.78464688744077]",P3,control,sub-3181,active,ses-baseline,run-baseline
P3_target_sub-3189,"[-69.339476552598, 22.036023332775102, 42.92244077954237]","[-40.807347839217464, 61.204975015706026, 54.595061652594865]","[-74.3685751317328, 14.446700084943682, -5.723289178644125]","[-61.32571376366442, -19.16086580058954, 69.34085811162178]",P3,target,sub-3189,active,ses-baseline,run-baseline
P3_control_sub-3199,"[53.357578698259736, -25.701992623670733, 68.2489214426754]","[53.529845599759305, -76.94242445661824, 53.026851918788125]","[77.29359975308222, 9.083945726432136, 33.91338407552728]","[5.0117918498985965, -8.90933556362537, 85.44975170659953]",P3,control,sub-3199,active,ses-baseline,run-baseline
P3_control_sub-3155,"[48.28847222553127, -6.941295102673643, 71.28531268199737]","[57.64556137181216, -59.53509378442211, 62.563921319210486]","[68.0043329357886, 27.12461705847562, 33.43433058198601]","[-3.7472551278685, 3.49166194478882, 81.95175541946585]",P3,control,sub-3155,active,ses-baseline,run-baseline
P4_control_sub-4110,"[77.449273258615, -30.09073313639047, -17.781194882286332]","[65.28184792144148, -58.44764012109288, 6.889502003116798]","[70.38171368413424, -34.30885973359755, -56.65686056266807]","[78.27786976497615, 6.958034872699927, -3.5294472402599535]",P4,control,sub-4110,active,ses-baseline,run-baseline
P5_control_sub-5166,"[-64.50753872948049, 36.48350576186684, 34.476987097056075]","[-41.97567673833328, 75.69311988891349, 53.41574216220054]","[-68.12931407690795, 34.38213238323696, -15.256513704656765]","[-63.0402021229461, -6.3740377111299535, 59.64497261622154]",P5,control,sub-5166,active,ses-baseline,run-baseline
P3_target_sub-3182,"[-65.9575040443972, 25.750025186701198, 34.1905130189953]","[-38.559873013835094, 64.82501167946427, 47.80575859229946]","[-72.56472919107134, 20.997410186913964, -14.58493719195948]","[-59.569049881205665, -16.543993998777147, 59.78928631270704]",P3,target,sub-3182,active,ses-baseline,run-baseline
P7_control_sub-7106,"[-48.8650187751702, -28.0511809173951, 63.039886735731265]","[-29.926284963955613, 23.097743504170555, 61.00975668346747]","[-73.51246031994218, -41.83622936970224, 17.763065909140646]","[-11.259975327516326, -64.14187837147372, 77.11408863717614]",P7,control,sub-7106,active,ses-baseline,run-baseline
P1_target_sub-1148,"[75.38829661181866, -59.86643273921343, -12.6634443463609]","[63.374829619327656, -83.0795105219745, 17.079395828262914]","[62.62904156761359, -68.29112034553116, -49.34443911535537]","[83.38582720835917, -21.668193246888606, -4.206484157873023]",P1,target,sub-1148,active,ses-baseline,run-baseline
P1_target_sub-1222,"[74.22118737256291, -54.310429863363034, -16.02298950918117]","[64.79363380098131, -77.58886674066838, 14.764634379294195]","[66.54134843816529, -66.91172547161277, -52.978795454762654]","[77.48858592310087, -15.11936636303448, -9.885407074346881]",P1,target,sub-1222,active,ses-baseline,run-baseline
P8_target_sub-8204,"[-52.09243018104473, 50.24338742187707, 68.62376035770997]","[-23.408769400544134, 76.70623274112373, 75.83844528999649]","[-67.38036522373396, 50.13780435060417, 32.7346364246631]","[-50.2727589284734, 15.255701156628305, 87.59683420164899]",P8,target,sub-8204,active,ses-baseline,run-baseline
P1_target_sub-1117,"[71.32617398328584, -57.740224080912164, 5.8440712995432404]","[58.992176200407364, -77.42211575615683, 37.93695865525256]","[62.21504186574342, -72.30105348566929, -30.04243003553966]","[77.78826141720873, -18.457706685084503, 9.053873040718926]",P1,target,sub-1117,active,ses-baseline,run-baseline
P3_target_sub-3129,"[-68.90191903210386, 8.48667530953102, 38.467084529862]","[-44.58745468659794, 48.62703266966541, 54.52728776988078]","[-71.90633601935642, 4.163520101527376, -10.85423134963616]","[-60.41371870996512, -34.0492851594738, 62.79116518395271]",P3,target,sub-3129,active,ses-baseline,run-baseline
P4_control_sub-4182,"[70.37774505203416, -40.33954442843234, -6.397807171971277]","[57.21659165237358, -64.53638942751223, 22.712582684485014]","[64.18416800319014, -50.4220992072574, -44.5217104922856]","[78.67039619329694, -2.6212623112968454, 2.0790589390716177]",P4,control,sub-4182,active,ses-baseline,run-baseline
P3_control_sub-3142,"[50.69906999043756, -31.5609661582568, 56.82521311327644]","[49.03931817510498, -82.33636589132641, 39.1254083365792]","[67.80514872795669, 3.094211204370325, 18.600753342326424]","[2.549102337424745, -15.446577553186128, 74.2876646749865]",P3,control,sub-3142,active,ses-baseline,run-baseline
P4_control_sub-4190,"[61.4236774509992, -39.2703555558161, -4.3120944303551605]","[50.77945217169276, -63.83355656210659, 24.76223198129368]","[48.21690123521478, -46.56369627409992, -40.79511482701584]","[68.92407521503753, -1.6420305209862747, 5.281470452732109]",P4,control,sub-4190,active,ses-baseline,run-baseline
P1_control_sub-1161,"[-39.33740979439083, -16.9938349437977, 77.98696911906234]","[-22.38500924433195, 34.16223440354395, 68.17335520304943]","[-72.57584994372854, -34.83047108881992, 40.166388161227566]","[1.5855437683263685, -51.813258438260384, 85.16960421626847]",P1,control,sub-1161,active,ses-baseline,run-baseline
P4_target_sub-4197,"[-74.75032482081009, 35.51365233356424, -3.19620986149466]","[-48.988122448874286, 70.53027525018355, 20.14390061210275]","[-72.24998214398225, 38.24551100992061, -52.358847581043555]","[-71.26222948896466, -9.991037926804598, 15.588294703237883]",P4,target,sub-4197,active,ses-baseline,run-baseline
P8_target_sub-8119,"[-54.509266495826694, 55.219451318751304, 57.0836909913284]","[-26.759708139970794, 82.21002651653791, 66.08828142755007]","[-71.31478573766066, 57.858060072459566, 21.701867050759038]","[-50.577763363186456, 18.726811322239385, 72.53665391158714]",P8,target,sub-8119,active,ses-baseline,run-baseline
P2_control_sub-2248,"[76.13377044975803, -32.39450730636973, -8.9002266010545]","[60.10181938049349, -7.851077462701815, -49.87233189169352]","[60.0642123836219, -8.04155338185326, -50.5880014126693]","[51.4705870648836, -11.5778181697013, -46.6921162935524]",P2,control,sub-2248,active,ses-baseline,run-baseline
P6_target_sub-6207,"[62.6276054398105, -75.16919344715573, -39.7167706445947]","[16.5380688665569, -109.4116092869837, -40.900901017193945]","[60.47346549251441, -32.547101942892326, -80.89379151016175]","[75.52068793808438, -55.93448493227785, 15.24367925930854]",P6,target,sub-6207,active,ses-baseline,run-baseline
P3_target_sub-3208,"[-74.6316542091817, 22.996945475300866, 16.445306732583663]","[-54.2980281508338, 64.86277551920344, 34.310227737932365]","[-79.1518287943063, 18.19847474875735, -32.93627166608133]","[-72.67584624334131, -18.15345841837818, 44.395888433826755]",P3,target,sub-3208,active,ses-baseline,run-baseline
P1_control_sub-1157,"[-48.59444818866007, -28.103035743425036, 63.210745346741625]","[-29.659674815606998, 23.01541686094351, 61.19522158074255]","[-73.49968537114356, -41.842555027754145, 18.058011995163213]","[-11.01014130986901, -64.23695820079503, 77.13512182894269]",P1,control,sub-1157,active,ses-baseline,run-baseline
P8_control_sub-8178,"[42.3090673547386, 5.422536503304873, 80.70853142003851]","[48.92382096179857, -45.611253753711495, 63.251502917819025]","[62.69914947610402, 44.42220754366478, 48.72494567900412]","[-7.7000678971564085, 16.78022969772914, 96.81668627476265]",P8,control,sub-8178,active,ses-baseline,run-baseline
P1_target_sub-1128,"[74.87213665105736, -49.740952402527135, 5.165287078100484]","[67.00390009045529, -79.21845061369791, 30.463504014339556]","[71.4188263479055, -55.82558413638473, -34.21187388778819]","[80.2221304554854, -12.771909197029126, 19.09387943782655]",P1,target,sub-1128,active,ses-baseline,run-baseline
P2_target_sub-2283,"[-23.53089429211597, -79.36089516229127, 43.1182991486383]","[-73.19415355134669, -40.66456603001306, 40.736812752403296]","[-1.0650382399567102, -87.37372750647519, -16.48729624328992]","[21.04373773303137, -51.661811490635756, 78.16273089895441]",P2,target,sub-2283,active,ses-baseline,run-baseline
P8_target_sub-8134,"[-55.286766708244194, 56.7561344143513, 55.11287397432067]","[-27.85705053886585, 84.88138807585814, 57.86618672716481]","[-69.08100985744149, 50.209837192314794, 18.531071941172367]","[-50.39791351134136, 24.439901306968288, 77.83989097644965]",P8,target,sub-8134,active,ses-baseline,run-baseline
P3_target_sub-3102,"[-70.45885055463924, 16.4441066750184, 31.407051794483603]","[-44.81085561308374, 57.35538434180426, 43.29761900837408]","[-73.25420612231835, 7.08063532974126, -17.08427257153363]","[-63.711959262124665, -23.597894335772658, 60.23694140641125]",P3,target,sub-3102,active,ses-baseline,run-baseline
P5_control_sub-5155,"[-65.45538063894773, 27.974670051160103, 32.574431710477135]","[-35.87311227903929, 63.13544801973781, 48.85283527433335]","[-68.64312628826941, 27.408854702731336, -16.940560306140036]","[-61.54543202357809, -16.683390353560096, 54.29792851005897]",P5,control,sub-5155,active,ses-baseline,run-baseline
P8_control_sub-8169,"[50.16032428952127, -1.4480694233115088, 78.70657898925056]","[43.49554037015801, -53.440718644236114, 66.56234996478057]","[68.52290589775095, 27.290821884971724, 36.656049212332356]","[4.109230334269162, 21.2260597106525, 95.9240924650729]",P8,control,sub-8169,active,ses-baseline,run-baseline
P1_control_sub-1154,"[-54.161981083782194, -28.955576582419834, 73.46922055854209]","[-40.01283500943499, 23.60616705265643, 70.11177928745099]","[-76.1577508072969, -47.54596749877643, 28.733716532189298]","[-14.238152820053724, -61.37615680464584, 90.38483212599603]",P1,control,sub-1154,active,ses-baseline,run-baseline
P2_control_sub-2291,"[71.38497329034423, -29.929666576706268, 9.97512670934703]","[60.23064606396586, -57.016190548465495, 37.02140673721998]","[64.17463785081539, -37.034976183167196, -28.189328678133418]","[74.63586709078982, 7.821595241064003, 21.464907700947006]",P2,control,sub-2291,active,ses-baseline,run-baseline
P7_target_sub-7111,"[48.53374915307813, 42.6032216276061, 50.11977266657763]","[38.494669640838566, 2.2080851206835916, 66.58677564035914]","[69.69773310100099, 39.45906022172425, 10.989895534376135]","[13.88829822058766, 69.87416300023835, 48.109742468738915]",P7,target,sub-7111,active,ses-baseline,run-baseline
P3_control_sub-3184,"[48.08766798474253, -25.89185820639023, 70.70414371231128]","[57.74172784845266, -77.32093228133157, 56.050290343642466]","[65.90868478242906, 10.927166617067881, 34.63613898778189]","[-3.5230794897458924, -16.63751117853206, 84.47025792348353]",P3,control,sub-3184,active,ses-baseline,run-baseline
P4_control_sub-4215,"[68.7122310947859, -33.027426501134435, -7.6148022085247264]","[56.14877663166748, -58.01814709565758, 19.748130250522927]","[64.26854395770302, -42.40828177703356, -46.1253662764275]","[75.78087244831336, 4.857376226342235, 2.503707696203384]",P4,control,sub-4215,active,ses-baseline,run-baseline
P5_target_sub-5148,"[-41.9582788153005, -2.6106196571870197, 77.38984560115]","[-27.556273349779012, 50.06645516678347, 79.44650525464338]","[-65.49129368350069, -16.027124182172912, 32.4873353212655]","[-2.594951222073962, -37.181253966633236, 90.58904617962229]",P5,target,sub-5148,active,ses-baseline,run-baseline
P3_target_sub-3184,"[-76.297864852194, 9.169028513693808, 16.847250533323766]","[-48.678979569741266, 47.22952400385956, 30.405032366587864]","[-77.18838435698375, 1.3105488779070489, -32.47889998411595]","[-72.69125179997472, -31.497172186443173, 44.59230169938215]",P3,target,sub-3184,active,ses-baseline,run-baseline
P3_control_sub-3136,"[46.01216974557056, -20.698957739236434, 62.76896860444813]","[47.75629002686441, -72.60083331908146, 47.57452327436705]","[68.70658917790848, 14.261493683590528, 27.658977244567716]","[-3.5937415843588965, -4.782615782344647, 76.33657320838279]",P3,control,sub-3136,active,ses-baseline,run-baseline
P3_control_sub-3204,"[44.63887076006023, -26.980279118575897, 75.092468834392]","[50.42384665416054, -76.87553080374887, 54.97098477405952]","[66.24538805037014, 13.136371332216047, 45.69582706551723]","[-4.535141351160788, -15.426926005927172, 93.84707368312979]",P3,control,sub-3204,active,ses-baseline,run-baseline
P3_target_sub-3103,"[-64.88150544463326, 14.851198726589432, 2.1472065414663746]","[-40.84743639124057, 54.23149701889906, 20.062580957384466]","[-65.58371529935893, 10.079266840980527, -47.49998442147489]","[-65.751629019363, -26.708046604236376, 29.49101749306045]",P3,target,sub-3103,active,ses-baseline,run-baseline
P5_control_sub-5120,"[-71.1570826568999, 43.45339518486586, 27.1602103019425]","[-38.91230755564387, 77.56428290340145, 42.28193860871631]","[-76.76311554590576, 41.55347128108754, -22.224974539204148]","[-70.97704102802946, -0.14959188198191842, 50.97121783640444]",P5,control,sub-5120,active,ses-baseline,run-baseline
P2_control_sub-2221,"[63.97160202282873, -40.409133478230366, 12.163703436856833]","[51.92649880428187, -59.91535414838114, 44.80647000604618]","[52.971185500986586, -53.90259074950765, -23.373298232970033]","[73.39765927128622, -1.8846956909001364, 15.334382975073934]",P2,control,sub-2221,active,ses-baseline,run-baseline
P1_target_sub-1207,"[76.58054073516736, -54.328219872611605, -23.423189881935798]","[66.45522733383041, -80.21536857207421, 5.151511146099961]","[68.78289583171667, -63.44437035323089, -61.450076075953326]","[80.26772551916464, -15.998799067040002, -13.700810750600116]",P1,target,sub-1207,active,ses-baseline,run-baseline
P1_control_sub-1124,"[-46.55684570711457, -23.107611583041102, 77.3765934788171]","[-38.249850551681725, 30.57874782063992, 72.13258610470183]","[-69.60631995997292, -45.92023829633085, 34.86380103195178]","[-4.113454598029161, -51.40781399027452, 95.55285831865261]",P1,control,sub-1124,active,ses-baseline,run-baseline
P4_target_sub-4172,"[-69.80706872860736, 35.005532478484334, 35.9810613076392]","[-37.933397056235776, 69.49195353935127, 51.31209917627729]","[-74.82785245555965, 34.96120981872231, -12.550440876609182]","[-62.32830703533723, -10.551687848094996, 54.727702409788854]",P4,target,sub-4172,active,ses-baseline,run-baseline
P8_target_sub-8170,"[-53.64334018763663, 35.690955508035195, 83.49864602748167]","[-25.1720980350757, 62.01699790530412, 90.4340449458678]","[-66.66686045176371, 35.70997452501076, 46.27953790937348]","[-48.37411032891286, -0.4363865402759114, 99.34347356090345]",P8,target,sub-8170,active,ses-baseline,run-baseline
P2_control_sub-2253,"[75.93476126583937, -38.9662655677915, 26.695239195155]","[62.772698728837845, -57.03399509013072, 59.061190495199284]","[62.84866069492089, -51.37669768887651, -8.639652190697639]","[87.58517563133469, -1.2055330832525373, 29.51301017410796]",P2,control,sub-2253,active,ses-baseline,run-baseline
P3_control_sub-3202,"[46.39276054440754, -35.0584790670598, 61.21015429410903]","[45.97128146332412, -86.0643580787651, 42.256550169000455]","[69.87760366531965, 1.864351528042802, 28.80124170545405]","[-1.6304820349520213, -18.109053958125003, 79.01201412112754]",P3,control,sub-3202,active,ses-baseline,run-baseline
P2_target_sub-2229,"[-27.732471035298065, -70.8971943321145, 37.875426922058864]","[-73.54555803751688, -28.627190998919527, 28.03912800481287]","[-5.2513382539428735, -86.76778184200029, -19.089421960263994]","[18.731322560135492, -42.22479742738927, 70.06993270899495]",P2,target,sub-2229,active,ses-baseline,run-baseline
P2_target_sub-2241,"[-33.096187409092096, -59.51021115107644, 94.28239602837137]","[-68.54963048897943, -7.329728338593623, 84.77604472466781]","[-20.82446955247963, -84.43824097440036, 36.47053946692877]","[22.15362601429015, -40.024783516957065, 118.17284052748323]",P2,target,sub-2241,active,ses-baseline,run-baseline
P4_control_sub-4216,"[69.13256262107996, -27.0366502298782, -38.19687028205914]","[59.03005386653145, -56.07878586900208, -12.809458758336369]","[62.106298335247885, -31.668004872006527, -77.16703932230166]","[74.62966637475834, 9.748180003733449, -23.861141983544712]",P4,control,sub-4216,active,ses-baseline,run-baseline
P6_control_sub-6217,"[-60.49851011191143, 16.999742043966467, 39.0374888162652]","[-34.74366975270287, 58.50971074577248, 47.85153985180581]","[-68.7356220027888, 6.322023218219486, -8.419132568719002]","[-52.629218034465495, -21.711922706541756, 69.04936914363162]",P6,control,sub-6217,active,ses-baseline,run-baseline
P8_target_sub-8202,"[-48.0979805220135, 49.0436611283705, 64.26282481519206]","[-22.76307372385877, 78.89260720560416, 69.83835066041526]","[-63.608415305641394, 44.894893395695554, 28.296907966593306]","[-43.663828200771015, 15.98656553610052, 86.037166518436]",P8,target,sub-8202,active,ses-baseline,run-baseline
P2_control_sub-2263,"[83.11419201930943, -13.569685152093868, -6.29138376747959]","[73.57610274708196, -38.8568022509513, 22.895175539501054]","[77.46265163257284, -25.008337887520327, -44.056522877062605]","[82.4794270264629, 25.376296743684556, 1.7690757655041993]",P2,control,sub-2263,active,ses-baseline,run-baseline
P1_target_sub-1226,"[67.80150236988352, -63.0751830020367, -11.772463492475401]","[54.31670539452679, -89.12597787841318, 15.343766617253621]","[62.357900841187465, -70.40464746962269, -50.65557840537676]","[75.15380987238537, -25.721283403854095, -0.3176554792486625]",P1,target,sub-1226,active,ses-baseline,run-baseline
P2_target_sub-2201,"[-27.8165399524313, -72.85812086718533, 35.80052914925267]","[-71.42439080316167, -28.229838749212856, 30.124969795021844]","[-7.67581008579303, -88.01748888546383, -23.474455376784928]","[20.567538574665605, -48.57503111653415, 67.93595821219373]",P2,target,sub-2201,active,ses-baseline,run-baseline
P4_control_sub-4157,"[74.72150757979944, -25.93974661166523, -8.559268172166137]","[65.05523731919487, -52.584287103205334, 19.58906742011427]","[64.99316153760132, -33.85743729653971, -46.31140249461125]","[76.73549198646575, 12.490832534770835, 1.5602511862348352]",P4,control,sub-4157,active,ses-baseline,run-baseline
P6_control_sub-6211,"[-55.293837215146105, 22.2339668857898, 35.69134475100547]","[-27.115912330138105, 61.285532639824844, 47.917170019114394]","[-68.77011401931571, 16.332847846503867, -11.96317163585611]","[-55.876827822002156, -17.58576559050639, 65.6349056131966]",P6,control,sub-6211,active,ses-baseline,run-baseline
P1_target_sub-1193,"[72.93550082315308, -53.8394510506958, -25.833235141400735]","[61.10009846071595, -79.5170404335146, 2.1188730292321742]","[65.86315936314418, -62.082625922505585, -64.22663869312917]","[80.5623175044398, -16.32242054387203, -15.229725296840044]",P1,target,sub-1193,active,ses-baseline,run-baseline
P8_control_sub-8177,"[48.428569707766265, 15.988171498674836, 81.253014183113]","[55.42311564462297, -37.46766540175882, 77.69539854826031]","[66.7041988838201, 45.49037010706831, 39.51894173748744]","[-1.051194515073831, 31.574095467192464, 96.53195591212614]",P8,control,sub-8177,active,ses-baseline,run-baseline
P1_control_sub-1200,"[-43.97785858119277, -22.296354609310868, 51.1301930840796]","[-24.899157808550576, 28.938920260097643, 52.493260076244766]","[-71.91297880589164, -33.548006348783915, 6.878634675277877]","[-7.63373209394766, -60.80574554815415, 62.777152652050745]",P1,control,sub-1200,active,ses-baseline,run-baseline
P5_target_sub-5123,"[-48.12006657075187, -4.339250023677516, 67.75856845207757]","[-34.02618875123561, 48.633128281874036, 69.06952332908561]","[-65.2638529333327, -18.5103057164628, 19.318815585057663]","[-8.92891401699194, -37.05892747157033, 83.01605590327951]",P5,target,sub-5123,active,ses-baseline,run-baseline
P1_target_sub-1115,"[81.4189938007122, -50.502298267013366, 5.299725589393783]","[70.82218427840783, -77.29068903887122, 32.561510231305746]","[74.3385187111401, -58.96355282164807, -33.08087744036294]","[79.4479587890756, -12.29965106028709, 15.669653581515648]",P1,target,sub-1115,active,ses-baseline,run-baseline
P3_target_sub-3123,"[-61.15319851552736, 18.61802764176657, 38.52363822455593]","[-28.418027805717276, 53.18384276313214, 52.51364698154271]","[-68.27029215722621, 16.34298029586979, -10.49885257125734]","[-56.27286185100651, -25.869231864276735, 60.61828112572254]",P3,target,sub-3123,active,ses-baseline,run-baseline
P6_control_sub-6212,"[-65.88562732942523, 6.81745568556983, 30.111440583764004]","[-33.50737790194274, 42.674373093566984, 40.72850998542608]","[-72.38114584525373, 0.742497939695422, -18.61071546929526]","[-57.378581461756035, -35.746444104655765, 53.88550099574833]",P6,control,sub-6212,active,ses-baseline,run-baseline
P5_control_sub-5108,"[-71.68994698462447, 36.96209950982057, 17.579534887367334]","[-47.403361424276426, 78.90574496155625, 27.955327856023846]","[-73.33572137632581, 26.03678381515925, -30.93923089938767]","[-64.66763198325388, -1.214658469591475, 49.07223851581109]",P5,control,sub-5108,active,ses-baseline,run-baseline
P7_target_sub-7105,"[39.15213923473837, 37.37884415345173, 51.6800760502546]","[30.694362871379916, -0.13807093773684098, 73.96180072969625]","[60.22793305670041, 30.48830921334887, 13.06389217200459]","[4.402557104450181, 64.18820350264043, 47.31265581518796]",P7,target,sub-7105,active,ses-baseline,run-baseline
P3_control_sub-3133,"[45.42822455807846, -48.903239947355964, 72.44833210315153]","[44.283878074495476, -98.10055279396086, 50.49968393002497]","[70.38658314489028, -11.26127298188606, 42.03616053873397]","[-3.4038686192341587, -31.7444171533724, 88.5697265914207]",P3,control,sub-3133,active,ses-baseline,run-baseline
P6_control_sub-6209,"[-73.02851691615331, 16.01501296897087, 17.350350276286132]","[-51.04234278106595, 58.603566423169504, 29.249086970847078]","[-73.41346783107946, 4.5779719372920775, -30.294175454053914]","[-70.73883473602729, -21.606382927689396, 50.024899524598375]",P6,control,sub-6209,active,ses-baseline,run-baseline
P1_control_sub-1204,"[-48.1966180475029, -33.86196342126053, 59.021460916939596]","[-38.25348718857476, 20.00935996136666, 60.068949957022305]","[-68.77309592004224, -51.14359642853767, 13.582453374145107]","[-8.102445842447773, -65.39325362242248, 76.59530114677122]",P1,control,sub-1204,active,ses-baseline,run-baseline
P2_target_sub-2216,"[-29.18234403280663, -71.14772562750193, 47.3079188187163]","[-70.07147044012986, -23.49747944136601, 38.932184863612775]","[-11.373535068811556, -91.57044649757587, -10.74727345676107]","[22.10889387951581, -46.04834389966047, 74.26377883108617]",P2,target,sub-2216,active,ses-baseline,run-baseline
P3_control_sub-3162,"[53.33889262471481, -24.813429126563932, 57.582477546603535]","[57.01352280004566, -77.07979160253639, 42.2174878940211]","[67.2881991898893, 11.580347399093569, 20.00036388975922]","[5.895583769946137, -12.089290916080518, 79.6601316992556]",P3,control,sub-3162,active,ses-baseline,run-baseline
P4_target_sub-4185,"[-74.6165846582501, 31.441903254729, 12.474345730735331]","[-50.28585912908845, 68.29042175259843, 34.922124716407474]","[-77.14263829529327, 34.904285217246596, -37.11802345871054]","[-69.12798195715624, -14.50716111517426, 31.030222107571312]",P4,target,sub-4185,active,ses-baseline,run-baseline
P3_control_sub-3210,"[51.17217605680529, -48.38468562772283, 67.8007135242125]","[42.177787276973426, -96.86363198586163, 47.153700152198326]","[74.28221268134808, -14.966022363727387, 32.29632417423054]","[5.553449677565475, -25.821634102861843, 86.28727930178397]",P3,control,sub-3210,active,ses-baseline,run-baseline
P5_target_sub-5142,"[-52.27874827364257, 18.240064764403467, 73.51564590581019]","[-30.631761099189124, 68.09434501532017, 66.03192236619]","[-72.42226778746688, -1.5298892566649924, 28.426527646622482]","[-18.868855478282057, -17.52037718132101, 96.65052348615444]",P5,target,sub-5142,active,ses-baseline,run-baseline
P1_control_sub-1227,"[-45.01567747806197, -33.5412206696982, 71.98432173423863]","[-27.091584535852277, 18.104341257872868, 74.84196773876393]","[-77.18304343831967, -44.19344438634916, 31.36873564401279]","[-6.605350038255499, -71.3577997747265, 78.40995005997421]",P1,control,sub-1227,active,ses-baseline,run-baseline
P5_target_sub-5115,"[-42.35265627321014, 3.48349225593865, 76.6173811408104]","[-17.288418257781053, 52.190191066726385, 76.64917912457001]","[-77.55577567027417, -3.9851593004221826, 36.297248409211655]","[-10.507685973773919, -39.54303885415827, 85.14335715167071]",P5,target,sub-5115,active,ses-baseline,run-baseline
P3_control_sub-3165,"[55.11897875721596, -38.30097043716557, 54.24581409710157]","[55.62628299512601, -87.47283527562624, 32.39418579048973]","[75.79693259731096, 1.3221997836851762, 24.058075192588376]","[7.906826791715947, -24.909657610635655, 77.2192496094069]",P3,control,sub-3165,active,ses-baseline,run-baseline
P4_target_sub-4136,"[-78.37085083647713, 41.355739373676464, 47.3088846543846]","[-55.410582997083566, 82.19273710038024, 61.06289116387542]","[-80.76404773217249, 33.082889896714185, -1.8945323429297471]","[-76.13024106197439, 1.8211014000738819, 77.10249942598536]",P4,target,sub-4136,active,ses-baseline,run-baseline
P3_target_sub-3215,"[-61.63052164916377, 10.56884388776338, 15.063196475348533]","[-40.57068595403475, 48.78550494061722, 36.75151614845447]","[-60.795585510317046, 9.968410431812355, -34.944646460127764]","[-61.98200219765823, -32.92734242186285, 38.392897415485365]",P3,target,sub-3215,active,ses-baseline,run-baseline
P8_control_sub-8110,"[49.3372614919431, -11.7449844656119, 84.12171764794003]","[37.00409958059779, -61.852714943940384, 70.22608518446711]","[75.62928250525496, 14.204060380001097, 45.430099322905676]","[6.191040944781748, 16.08642685334734, 100.01415743480325]",P8,control,sub-8110,active,ses-baseline,run-baseline
P1_control_sub-1168,"[-45.22456585589804, -15.805669461327602, 68.72532162378519]","[-30.32767796291357, 36.31173778673621, 60.63203299246399]","[-65.51626595092071, -37.905346443317306, 24.91322433651778]","[-5.944267900919144, -47.20652300850625, 87.78071417714847]",P1,control,sub-1168,active,ses-baseline,run-baseline
P3_target_sub-3153,"[-71.24227002399967, 21.93922949292077, 35.96006833708554]","[-37.58656485285401, 55.12636030250376, 51.024483857089095]","[-78.15135140355228, 22.534848485779314, -13.074502268952315]","[-64.31904361547369, -23.158160823643144, 54.366756601326436]",P3,target,sub-3153,active,ses-baseline,run-baseline
P3_target_sub-3122,"[-70.5176687097975, 27.335545913364438, 18.312022515001267]","[-43.83830975635328, 68.62991932844243, 26.02150292045292]","[-73.65474639345804, 13.867489555515316, -29.38302650169408]","[-63.50566043125849, -10.003811354439877, 50.15593413355379]",P3,target,sub-3122,active,ses-baseline,run-baseline
P1_target_sub-1125,"[73.81184065136337, -54.43275363657684, -0.44977293712382993]","[62.1535910520764, -79.36047122418745, 28.43748724378616]","[66.13546813293834, -64.28194498018435, -38.39388346767674]","[77.7041705926757, -15.834381307551622, 8.51834831616084]",P1,target,sub-1125,active,ses-baseline,run-baseline
P2_control_sub-2223,"[67.73168281094239, -19.90367475047073, -6.281586003306303]","[58.71326254960298, -42.7407611750816, 24.778908182178032]","[61.1519921660678, -33.655461087937844, -42.97404208695103]","[70.24029584087098, 18.029567053803905, -1.096361962293412]",P2,control,sub-2223,active,ses-baseline,run-baseline
P5_control_sub-5146,"[-72.09501590865243, 39.165052313604235, 20.681442354093402]","[-52.49174993046686, 82.61677019431501, 29.808191164134612]","[-68.94879239012994, 22.81657558572466, -26.26561159142022]","[-71.60613702349382, 5.079564053390268, 56.911155281197274]",P5,control,sub-5146,active,ses-baseline,run-baseline
P3_target_sub-3178,"[-66.75953058735807, 23.888916587078636, 23.9817347859052]","[-35.17680494512059, 58.13953172827621, 40.9299173355721]","[-73.98197772419572, 23.775094094705192, -25.462524528691098]","[-66.56798730387123, -20.36107479632837, 46.992303485002026]",P3,target,sub-3178,active,ses-baseline,run-baseline
P1_control_sub-1162,"[-46.48735301793303, 8.733012889667963, 53.20898213738576]","[-17.371476209636363, 54.26739482475921, 45.31535037621176]","[-72.45013920200059, -7.126027663972498, 8.53509184036597]","[-18.94986563022171, -31.244784587438545, 75.72312588032013]",P1,control,sub-1162,active,ses-baseline,run-baseline
P1_control_sub-1183,"[-33.46655931997077, -20.129632975334466, 67.98543304318821]","[-20.38840337388862, 32.68952567924284, 62.91533864248469]","[-62.30567457659187, -38.29883549411336, 27.738318594585724]","[7.709963535960163, -53.279787356516536, 78.70439100254403]",P1,control,sub-1183,active,ses-baseline,run-baseline
P8_target_sub-8145,"[-57.547526674651, 49.659808187194066, 46.11957481707646]","[-26.21590929921978, 71.2215732712158, 56.662243987602295]","[-72.02348596936844, 56.8864486487959, 10.121356850064709]","[-58.175269836751305, 11.649722301975869, 58.36055380389052]",P8,target,sub-8145,active,ses-baseline,run-baseline
P1_target_sub-1196,"[71.0384545854846, -58.2993312989594, -17.310015933056032]","[57.76350565597544, -80.7907375020087, 12.546287881123341]","[61.73886802636309, -68.85773682100441, -54.44237183038443]","[75.83505046129231, -19.465288713098563, -10.356962121360473]",P1,target,sub-1196,active,ses-baseline,run-baseline
P8_target_sub-8107,"[-50.08367273989566, 62.130723361001294, 80.31915127211833]","[-21.65597893632794, 88.45756261995899, 85.96298179986759]","[-63.87496363654154, 58.881733947321635, 43.28569856682408]","[-47.95339243283852, 28.253202500300723, 101.27277056013357]",P8,target,sub-8107,active,ses-baseline,run-baseline
P7_target_sub-7114,"[45.36120599369783, 22.1755755832701, 50.11244322154567]","[34.76700111633037, -15.500092560300335, 71.39271772266058]","[68.4511136011299, 16.709334134117604, 12.83723254893934]","[13.360856969714916, 52.81481054045488, 47.58983203136118]",P7,target,sub-7114,active,ses-baseline,run-baseline
P3_control_sub-3147,"[49.12953121134907, -27.889271538273434, 66.97607932416953]","[50.208737671254625, -79.20168638751865, 49.55446883852294]","[69.83326248335845, 7.905700378659059, 32.04667141445557]","[-0.17673361481794564, -12.248191887305596, 82.22109754472024]",P3,control,sub-3147,active,ses-baseline,run-baseline
P3_control_sub-3130,"[51.426793945643965, -25.722159316868034, 67.63414923270513]","[49.76516046072433, -76.48764999961456, 52.004551590046155]","[72.59383557525, 8.131861714689595, 30.561998553231952]","[3.31821452929326, -7.782299519033802, 84.68601227467884]",P3,control,sub-3130,active,ses-baseline,run-baseline
P4_control_sub-4104,"[69.21819366670104, -28.7935198045697, 5.701592367360263]","[52.27339736213685, -50.73397946213854, 34.117510767631295]","[61.45000362239817, -38.86436320222623, -31.73607248057591]","[72.23553983857887, 10.283372423914663, 13.120270970365473]",P4,control,sub-4104,active,ses-baseline,run-baseline
P1_target_sub-1138,"[73.1002832316981, -48.2635290933531, 4.261842257535013]","[64.31047262819004, -71.23583710701384, 35.636278879171066]","[65.27474573507646, -61.58820658564579, -32.423492914968286]","[78.02267686201974, -9.001677484158506, 9.667588447017975]",P1,target,sub-1138,active,ses-baseline,run-baseline
P3_control_sub-3153,"[55.641904221349364, -32.98306799910717, 64.87225067443447]","[52.235362881562295, -83.21150045973097, 44.27619799773451]","[78.43139251016208, 3.929368163279742, 32.48371405669808]","[9.520770519142268, -15.50907241968164, 87.38884432827447]",P3,control,sub-3153,active,ses-baseline,run-baseline
P8_control_sub-8202,"[47.09800170513703, 5.57294722496444, 85.72005799778162]","[46.629380901004076, -47.80440985239661, 78.83328806066292]","[65.70383376107834, 32.816562572586164, 42.83604839405689]","[-1.0222705643428613, 24.785977338486852, 99.61095472698993]",P8,control,sub-8202,active,ses-baseline,run-baseline
P7_control_sub-7117,"[-42.20196382693614, -34.243594800702034, 64.98977331146347]","[-28.02190522903433, 18.720234618368746, 66.10612771285894]","[-71.08869331904928, -47.656674894942604, 23.747931388530795]","[-1.6089665518416865, -68.74832255453096, 74.54017425544778]",P7,control,sub-7117,active,ses-baseline,run-baseline
P2_control_sub-2206,"[73.6474487932894, -16.1365360890462, 29.92197485726153]","[62.350091734124135, -37.339533032320965, 61.48131497171609]","[63.56741968505092, -29.12671128966711, -5.880532890425637]","[79.05154429307572, 22.774981601086406, 34.460334933589714]",P2,control,sub-2206,active,ses-baseline,run-baseline
P1_control_sub-1178,"[-45.33593841542906, -3.31208572311454, 52.24741223422206]","[-25.606060064234967, 47.111096613898646, 43.54610100122727]","[-70.21191993745208, -24.37056677055974, 9.218682040985337]","[-10.24422800017264, -38.436148796272576, 73.35068188707835]",P1,control,sub-1178,active,ses-baseline,run-baseline
P4_target_sub-4130,"[-73.08798768893716, 39.81219031857224, 16.514110944435267]","[-48.927339355448524, 79.76404236109063, 29.726775464013194]","[-74.00469039281545, 30.177451501846633, -32.40704508040031]","[-72.31875222427296, 1.3104388833126719, 48.25724756973725]",P4,target,sub-4130,active,ses-baseline,run-baseline
P3_control_sub-3170,"[54.83940941956636, -16.3633367873204, 51.50251198878167]","[53.19007575793916, -69.29823049766702, 38.71671384884732]","[73.85663790256328, 15.367273722517842, 11.825739181019255]","[7.227739220746478, 2.3273074164193517, 69.57522802483012]",P3,control,sub-3170,active,ses-baseline,run-baseline
P8_target_sub-8154,"[-50.173377530379604, 47.413768177854074, 69.12093068694587]","[-19.9667797265641, 71.54087555415225, 76.95057342714423]","[-65.36892564373123, 49.64160012576494, 32.90166877617407]","[-49.478412622433, 11.198725874175251, 85.96866105832133]",P8,target,sub-8154,active,ses-baseline,run-baseline
P4_control_sub-4137,"[66.09878399406813, -26.1936629317821, 12.6622499111304]","[55.154373777875364, -49.12848259816632, 43.182542250317695]","[59.268886044683875, -38.91447119178147, -24.53443541268818]","[71.15741337781928, 12.76702208071023, 18.66947972501363]",P4,control,sub-4137,active,ses-baseline,run-baseline
P8_control_sub-8102,"[40.853947138738995, 22.871909899048433, 84.0956881258001]","[54.65181772109369, -27.78790080114566, 73.47824173800502]","[57.690061335944485, 58.787471055190586, 47.24420676517016]","[-10.991218843660679, 28.34659080438102, 97.21057067689625]",P8,control,sub-8102,active,ses-baseline,run-baseline
P8_target_sub-8125,"[-43.56064010123333, 48.524794721682234, 77.10840919066096]","[-13.397571578334347, 73.35350614461017, 83.5073044726249]","[-60.442425989231836, 51.24946151100301, 41.54797496088488]","[-40.02068350966193, 11.721896419147791, 91.94028179243655]",P8,target,sub-8125,active,ses-baseline,run-baseline
P1_target_sub-1161,"[71.4462194192223, -51.08756190715483, -3.9196701705431836]","[61.502359578606104, -72.51857163465479, 28.03336888984161]","[60.9884207620058, -64.0310382294283, -39.98393154645354]","[79.8013759802072, -12.610874608917209, 0.7414023742736854]",P1,target,sub-1161,active,ses-baseline,run-baseline
P8_target_sub-8159,"[-39.788465721860064, 64.17084184764533, 73.147321008166]","[-3.722120193512107, 80.13477610780313, 75.90973459419654]","[-58.01520394507978, 70.98891502499225, 39.05020377639035]","[-42.933663014930474, 26.722670359203818, 86.56440242922666]",P8,target,sub-8159,active,ses-baseline,run-baseline
P2_target_sub-2274,"[-20.8641591949057, -70.13027555300197, 54.6048606829737]","[-65.01157724088816, -27.60472059623081, 43.56654512008129]","[1.0879540649758686, -87.61281973248285, -2.831595163199858]","[25.869005568732135, -38.79076514873115, 83.86158327161179]",P2,target,sub-2274,active,ses-baseline,run-baseline
P8_control_sub-8195,"[55.14578872987, 10.15088713001223, 92.46815702600152]","[57.99417329404573, -42.85568920635859, 81.49573072054778]","[72.18645564211901, 42.24652183774212, 52.356157478023896]","[6.946618912864748, 26.094330474715292, 111.32242174325593]",P8,control,sub-8195,active,ses-baseline,run-baseline
P1_target_sub-1168,"[72.12015864772167, -50.002463376031734, 4.5453876283628105]","[65.2430817192352, -71.48587889001637, 37.091726837261106]","[62.10550722547418, -65.00024950872378, -30.808558629402242]","[74.32020879985771, -10.418968739266688, 7.707059604180638]",P1,target,sub-1168,active,ses-baseline,run-baseline
P6_target_sub-6206,"[57.342467097546795, -77.8403874373745, -31.5532938037977]","[8.634197124911006, -107.88586638581262, -33.47049252391994]","[65.15151577969473, -37.45932995421993, -75.34454652112693]","[71.78377472288349, -60.065865433850625, 23.265583988839676]",P6,target,sub-6206,active,ses-baseline,run-baseline
P6_control_sub-6213,"[-66.37894239748123, 12.023855860863465, 52.206915635081536]","[-39.285441943546914, 51.120042635152274, 65.97900263418418]","[-71.40164669734833, 7.249063329061649, 3.044458804089256]","[-59.095541530273856, -30.504544396528708, 77.05826123973505]",P6,control,sub-6213,active,ses-baseline,run-baseline
P8_target_sub-8180,"[-59.93624433225214, 62.8478492612875, 68.33770559905177]","[-38.094721454705144, 94.34443716474435, 78.60377976427141]","[-68.79313693306337, 58.4707345964132, 29.858267659744698]","[-56.6100105846164, 29.562610609281972, 89.94760011477736]",P8,target,sub-8180,active,ses-baseline,run-baseline
P7_target_sub-7113,"[58.67613523468534, 23.868457270978734, 52.80600726182286]","[49.30559261257412, -12.503888227433007, 76.48861050533588]","[72.56263856728798, 14.759540052581759, 11.651482930908504]","[28.06528046046952, 55.92543296412154, 54.44470194079854]",P7,target,sub-7113,active,ses-baseline,run-baseline
P3_target_sub-3127,"[-72.66893073262857, -10.33446109958043, 25.98036468533193]","[-54.60775951669973, 29.12014326092971, 49.98072709126686]","[-71.15171865637016, -7.804053267301886, -23.603711744946814]","[-64.72631042507794, -54.936885664486404, 45.74877556877785]",P3,target,sub-3127,active,ses-baseline,run-baseline
P4_control_sub-4221,"[68.6738560187585, -32.1265970078463, -0.9373055572451596]","[59.75263410702605, -59.2524285574446, 26.63000567688329]","[53.14033007118786, -36.804463041451385, -37.25934662316576]","[73.58375451402337, 5.340628170046897, 11.343021102338962]",P4,control,sub-4221,active,ses-baseline,run-baseline
P3_control_sub-3166,"[48.33475233756314, -27.6602013093263, 63.871926748072404]","[48.037126797136, -79.54094426615258, 47.22780858453262]","[69.8817839812677, 7.291048261216737, 28.05014736886727]","[-0.036547591137911256, -11.313524139457625, 80.79447412233684]",P3,control,sub-3166,active,ses-baseline,run-baseline
P4_control_sub-4107,"[66.79658714957226, -31.736392668520434, 6.800685123843587]","[55.340176087314184, -56.954619515864735, 35.57837885504337]","[60.20759170477292, -41.8211187154396, -31.080970586951093]","[68.89818081080054, 7.158416534822182, 15.5957454285048]",P4,control,sub-4107,active,ses-baseline,run-baseline
P4_target_sub-4103,"[-66.30646158856553, 31.301386913980167, 42.81647711337043]","[-35.70638929739242, 67.93724524612017, 56.88148934832075]","[-69.92560934151491, 27.72704505851566, -6.036705991315659]","[-59.90854048185696, -12.36349219842866, 65.77535571064975]",P4,target,sub-4103,active,ses-baseline,run-baseline
P4_control_sub-4125,"[73.80307073096174, -19.100473298777, 1.0791153107485645]","[66.21220735424353, -44.068809123810915, 30.05070516434179]","[66.0232228557543, -29.429233068488056, -36.38796961653822]","[78.00583925890767, 19.544663360281028, 9.802522509088888]",P4,control,sub-4125,active,ses-baseline,run-baseline
P4_control_sub-4113,"[71.81532541489611, -20.967056300946467, 21.111650439270097]","[66.40420683570431, -44.86769839792373, 51.86357322529446]","[65.05069818135216, -34.775790366656494, -15.774550444804948]","[71.03493466029656, 17.63631012843387, 26.461172993541528]",P4,control,sub-4113,active,ses-baseline,run-baseline
P3_target_sub-3180,"[-68.89524189932676, 9.469116706811986, 37.47309297069537]","[-39.407763971817104, 42.238637633795804, 60.19759233841082]","[-69.55645288263342, 14.55753002993844, -11.9938736095853]","[-65.24552258338774, -37.44400040068382, 52.75901062769104]",P3,target,sub-3180,active,ses-baseline,run-baseline
P1_control_sub-1135,"[-46.5123962374819, -41.2212715275009, 69.69546595481897]","[-37.59865359791984, 12.611075256819996, 69.0934759084394]","[-72.79493896224334, -58.05519312801156, 25.861707794600225]","[-1.0552195160090294, -69.09757777937534, 76.26871451970041]",P1,control,sub-1135,active,ses-baseline,run-baseline
P5_target_sub-5109,"[-44.7160821789903, 9.540223226293714, 67.1739480461628]","[-28.29268099368155, 61.47261152358015, 67.77912893492815]","[-69.45060959241275, -4.835249416186907, 22.169194265135527]","[-7.142260803563932, -26.5347553804963, 81.24935764104741]",P5,target,sub-5109,active,ses-baseline,run-baseline
P8_control_sub-8107,"[51.95002431621317, 13.202021274328033, 105.068235594162]","[46.96447389630025, -39.39206718890466, 96.35118046491563]","[74.35301452802514, 40.806187145070446, 63.91896463080318]","[5.996169852229899, 36.39788076934117, 121.35861075209378]",P8,control,sub-8107,active,ses-baseline,run-baseline
P4_control_sub-4167,"[64.62576737054702, -37.49199035322533, -1.91353039789281]","[50.25787551344634, -60.404479385689996, 26.953216085376067]","[55.94457899795047, -46.8939073105967, -39.47258156684893]","[70.87518658879203, 0.7647539887659093, 6.380663797413547]",P4,control,sub-4167,active,ses-baseline,run-baseline
P1_control_sub-1163,"[-44.94800946598743, -42.4115230422443, 57.206780487310965]","[-33.26915024073957, 10.150295225074418, 66.67062776017093]","[-73.08820710245294, -51.06988404322305, 12.72516611315769]","[-3.670545411492473, -77.31875890010994, 63.55626367743089]",P1,control,sub-1163,active,ses-baseline,run-baseline
P3_control_sub-3159,"[50.516120680132566, -37.33558714441883, 70.35804314570326]","[52.41548879488548, -87.13905517823285, 49.425409001333875]","[71.17703195951665, 2.046154370687593, 39.473789732610015]","[2.292492630400509, -23.375263929113324, 90.00395407784582]",P3,control,sub-3159,active,ses-baseline,run-baseline
P3_control_sub-3141,"[48.9483002606228, -16.0731862658932, 75.4671316281637]","[52.22861180964312, -67.14028338289788, 58.048047547727776]","[72.12321628499464, 20.46041121752144, 42.51953032671801]","[-1.3067357213467508, -1.8347520394434003, 89.55188872719125]",P3,control,sub-3141,active,ses-baseline,run-baseline
P4_target_sub-4138,"[-73.1055491816046, 34.0983565138222, 26.334482700461802]","[-44.53943855148371, 70.07321005410418, 43.87060635184107]","[-79.41741977132556, 34.541372272288896, -23.17413486089046]","[-68.31135948512434, -10.771190960352516, 47.33697107813843]",P4,target,sub-4138,active,ses-baseline,run-baseline
P2_target_sub-2252,"[-28.193031036495032, -67.86503771808756, 19.6111178125466]","[-68.17106629224062, -19.93377590577913, 18.194531683887345]","[-15.13539500380679, -84.62241602732401, -40.0626931668145]","[25.771783213922134, -47.77820071419805, 46.922753098962616]",P2,target,sub-2252,active,ses-baseline,run-baseline
P6_control_sub-6205,"[-70.24186237648964, 12.972173587855501, 24.58906011429413]","[-48.01478496273335, 56.30111937882533, 34.68354126352838]","[-75.53581429049177, 1.6790273018347597, -22.894815284103903]","[-61.3991408196188, -25.426337202479285, 55.286430049502]",P6,control,sub-6205,active,ses-baseline,run-baseline
P3_control_sub-3180,"[48.010780250050765, -47.94729784764076, 66.03130543789497]","[40.978761353030485, -93.8755340946565, 39.15500679005846]","[73.44532599203548, -8.84376049780366, 37.62346855999489]","[2.433038120736682, -29.545965184669924, 88.8285537210312]",P3,control,sub-3180,active,ses-baseline,run-baseline
P8_target_sub-8121,"[-48.0998205955516, 73.17888972994177, 56.0897472993519]","[-15.00261326201669, 93.58297963849124, 61.87942648396033]","[-60.410312487361026, 71.62478550423172, 18.249709061009753]","[-51.14034784401766, 39.44387763736751, 76.74333208851486]",P8,target,sub-8121,active,ses-baseline,run-baseline
P3_target_sub-3211,"[-71.84807709628137, 11.222619207398452, 26.64627046866627]","[-47.694653892313646, 48.64554423122713, 48.233114625855755]","[-78.22960539368407, 14.118180418264012, -22.82768810772249]","[-67.78396279299106, -34.25400906809081, 46.71187373538709]",P3,target,sub-3211,active,ses-baseline,run-baseline
P5_target_sub-5127,"[-41.665298623341066, 3.61590416454632, 81.5431202772258]","[-28.439739548013332, 56.607441790795015, 79.12069501622344]","[-68.09417909764692, -12.827950786743166, 40.240214818826765]","[-0.6222812722563491, -29.979263777187395, 92.89364683826024]",P5,target,sub-5127,active,ses-baseline,run-baseline
P3_control_sub-3121,"[46.46131600378976, -15.4845697678048, 57.8343727560813]","[48.34394733937757, -66.78239337395388, 40.14771769705267]","[69.36252352117889, 21.13517102268381, 25.502239132526636]","[-2.6747775745161073, -0.21498816379706953, 74.20993506321072]",P3,control,sub-3121,active,ses-baseline,run-baseline
P8_control_sub-8165,"[53.7234000401157, 5.11744644088225, 96.8949200614688]","[54.15009341958399, -47.92603639060408, 85.35134277414699]","[74.73902392735248, 37.87985718282454, 58.98385451309928]","[7.407217819376045, 23.69043448082945, 118.52407993263365]",P8,control,sub-8165,active,ses-baseline,run-baseline
P3_target_sub-3113,"[-67.91864445563823, 19.881568808281035, 17.851125154087764]","[-40.892607751143764, 60.32969071551344, 26.58616434253405]","[-68.66574521300906, 7.3934058712283575, -30.41668532934878]","[-62.021546204231555, -18.167243082819052, 49.3490443684103]",P3,target,sub-3113,active,ses-baseline,run-baseline
P4_control_sub-4135,"[63.0268842397914, -36.0520003264096, -21.247534213953]","[52.64435010895135, -62.83667647331238, 6.111558849289949]","[51.100017412101884, -41.24345759348788, -58.85030702303547]","[71.61542737074657, 0.7639137071508585, -9.241618771545022]",P4,control,sub-4135,active,ses-baseline,run-baseline
P5_control_sub-5163,"[-70.0408113756779, 37.3895726174563, 8.373963801399801]","[-46.18919793772349, 77.42308909580366, 25.793946977544053]","[-77.79764891734747, 34.547391229017805, -40.70993444492938]","[-69.20372517227894, -4.290509078858882, 35.08283257689019]",P5,control,sub-5163,active,ses-baseline,run-baseline
P1_target_sub-1202,"[75.88018102339527, -45.95329468768821, -13.314330988121533]","[69.97285257551091, -74.47035884498409, 13.295868449492147]","[68.79096804367384, -53.46012087749918, -51.80878205849671]","[77.29266887590074, -8.225946259753716, -1.1388291798311627]",P1,target,sub-1202,active,ses-baseline,run-baseline
P4_target_sub-4214,"[-70.01608185884017, 37.236428519550536, 27.330956803892565]","[-44.92115676085706, 74.52636532167166, 47.46514032557679]","[-80.05453140717415, 40.443690008846886, -20.699849173296037]","[-63.37675670663109, -8.507196835849392, 45.984923247536145]",P4,target,sub-4214,active,ses-baseline,run-baseline
P2_target_sub-2288,"[-18.024967652907435, -74.0758084748451, 87.6944785430736]","[-65.24727572102222, -37.43023647297706, 73.71198686592048]","[3.518406106294047, -94.58774386060412, 31.23273513612172]","[26.959831805352287, -34.37228158809834, 107.70513787939683]",P2,target,sub-2288,active,ses-baseline,run-baseline
P1_control_sub-1215,"[-50.640317693267065, -16.93462678150243, 63.21638846885696]","[-33.49132304042801, 34.44597019937873, 58.792940276690885]","[-73.20606210218341, -34.7282770533333, 18.967559723379217]","[-13.772923797467774, -51.00175788988462, 81.83974832579838]",P1,control,sub-1215,active,ses-baseline,run-baseline
P4_target_sub-4184,"[-72.98192470311425, 41.5866236586384, 20.33539635697443]","[-44.28307000800277, 78.36168131761524, 37.15178373649475]","[-76.47720290786998, 38.94695543362033, -29.239929172061967]","[-71.13460677293263, -2.0374387498155344, 44.75851247290596]",P4,target,sub-4184,active,ses-baseline,run-baseline
P2_target_sub-2211,"[-16.376696207161, -78.67932594305746, 55.12448551554534]","[-67.00010512892761, -43.00651172101403, 46.332904627434665]","[9.06663643980919, -89.21761311066192, -2.482512797262921]","[24.73189722147887, -45.292189264482126, 88.98606502006817]",P2,target,sub-2211,active,ses-baseline,run-baseline
P8_control_sub-8192,"[46.902882663657266, -8.04403767945079, 96.33413457827827]","[32.5096643892659, -59.02466617754337, 88.80535718888548]","[74.47459148778438, 12.980911962177954, 54.784588304775745]","[5.346102041080955, 23.716703065448648, 110.5214345316296]",P8,control,sub-8192,active,ses-baseline,run-baseline
P4_control_sub-4122,"[66.87251437514716, -29.93228251901883, 14.955716938367301]","[56.467817600373145, -52.781657756717024, 45.477305533585636]","[56.708769476779466, -41.09637846907367, -21.99620221408163]","[72.7266840512284, 8.627102768201015, 21.934843493651197]",P4,control,sub-4122,active,ses-baseline,run-baseline
P1_target_sub-1174,"[74.4488069519482, -54.362045820729634, -10.228541310355984]","[66.84144130879547, -77.26063617989618, 20.853935975739162]","[63.17124774290822, -66.72161467699804, -46.07552760638554]","[77.33193947493916, -15.048299302793094, -4.343248093810637]",P1,target,sub-1174,active,ses-baseline,run-baseline
P5_control_sub-5107,"[-67.5469546096199, 43.11222551927963, 33.51849810863113]","[-37.62684690383972, 77.36457633918934, 53.20292151864564]","[-73.69299107815546, 46.59123102395554, -15.65249448614493]","[-65.98402374677958, -2.9054626418903897, 52.414846974699906]",P5,control,sub-5107,active,ses-baseline,run-baseline
P8_target_sub-8114,"[-41.77973932180557, 47.9361579086943, 91.53625585646313]","[-9.654999932025357, 70.26486312559001, 96.60397649088316]","[-59.29410903824986, 52.06167737305477, 56.49068655700862]","[-40.09693842548732, 10.755320728687163, 105.88312504406903]",P8,target,sub-8114,active,ses-baseline,run-baseline
P5_control_sub-5124,"[-70.57751984020594, 39.53887274408434, 30.516103319849105]","[-45.333172985959294, 78.28234489741136, 47.06144463767976]","[-73.98862455832025, 35.85577518999976, -19.172958336766637]","[-67.97356736430687, -2.9918022012292202, 56.48302056734657]",P5,control,sub-5124,active,ses-baseline,run-baseline
P3_target_sub-3110,"[-74.75631969269097, 9.93857372431083, 24.891361699692165]","[-49.6956399030871, 48.35862085220356, 42.65327842821159]","[-73.77907272935754, 6.849429999504817, -24.494032899140475]","[-70.50807005220015, -32.96421818695941, 49.233958695616636]",P3,target,sub-3110,active,ses-baseline,run-baseline
P4_control_sub-4159,"[73.5004023634386, -27.627172760325266, -23.851124272290434]","[63.49372081792136, -55.81287127453909, 2.4928985289820726]","[65.81919179784876, -33.62786823421801, -62.513090923280025]","[77.72178235531167, 9.728041847518313, -11.243933765335688]",P4,control,sub-4159,active,ses-baseline,run-baseline
P1_control_sub-1116,"[-48.75531745201044, -33.56227559026083, 69.60459129494461]","[-34.631637697273035, 19.31324208454494, 65.42684712897878]","[-71.07638109333487, -51.74103547333285, 25.094369993576475]","[-7.573473002709714, -64.9934283288762, 82.590868031208]",P1,control,sub-1116,active,ses-baseline,run-baseline
P4_target_sub-4102,"[-74.54172708493418, 43.769345577797594, 40.9617963406933]","[-45.96250342535667, 80.65299819917077, 54.761336095915965]","[-76.79418826093033, 37.24808657311259, -8.309705110329949]","[-72.94428700020588, 2.4441686178054116, 68.52523505683088]",P4,target,sub-4102,active,ses-baseline,run-baseline
P3_control_sub-3156,"[51.79950952173153, -46.905785278246775, 67.12930034786123]","[48.27262971216268, -93.59845204563742, 40.3947205282401]","[75.30359259857111, -6.551805187764664, 38.42756830997948]","[3.8888098248422738, -31.665936264999726, 86.28589234795304]",P3,control,sub-3156,active,ses-baseline,run-baseline
P3_target_sub-3205,"[-64.66595176695704, 7.6911515621496065, 29.237190555486297]","[-35.95477199066512, 43.5632256817068, 47.53119778106282]","[-66.29119815187093, 6.697644643394288, -20.396600413246475]","[-60.16958587616843, -37.118432154625275, 50.51357825352109]",P3,target,sub-3205,active,ses-baseline,run-baseline
P1_target_sub-1126,"[67.53255934955966, -63.245189229125494, -2.2467582855140034]","[53.34082500914848, -84.69304624119407, 28.27703996947635]","[59.34625627336802, -74.53103130589295, -39.57951586520295]","[78.5140155989409, -25.650589207777763, 4.068768734142866]",P1,target,sub-1126,active,ses-baseline,run-baseline
P5_control_sub-5151,"[-71.19703337461733, 51.41316804812237, 33.65019916158793]","[-44.30167924804684, 89.83311258918256, 48.939193751009356]","[-75.70568309755802, 44.88768445127257, -15.765405491069426]","[-70.66196003103713, 10.642456689840863, 61.8439264611609]",P5,control,sub-5151,active,ses-baseline,run-baseline
P1_target_sub-1227,"[72.11148643923298, -60.14430771067983, -9.96637562614747]","[61.848477686973396, -86.95570080162842, 17.485907927591374]","[62.28892787506382, -66.5476093218086, -48.06996352003346]","[79.82908666225785, -23.01472325393599, 1.3824364155015838]",P1,target,sub-1227,active,ses-baseline,run-baseline
P4_control_sub-4197,"[69.99156678783517, -36.11835294368217, -38.4069410740862]","[54.30008856185747, -63.75251099190819, -14.226840064694365]","[58.97562834646937, -37.088451278946, -76.49293130720207]","[76.12167788227907, 0.13517740808726963, -22.921525405436356]",P4,control,sub-4197,active,ses-baseline,run-baseline
P8_target_sub-8115,"[-43.81685559184499, 39.73842882134037, 72.21717968337278]","[-11.917878340774575, 60.31738312281775, 82.59457022693427]","[-60.23939089475879, 49.232284715652824, 37.64203068026256]","[-44.26113965749702, 1.1265841987980463, 81.83970855099805]",P8,target,sub-8115,active,ses-baseline,run-baseline
P4_control_sub-4170,"[62.339867567417464, -33.204269730473165, -18.1719552481624]","[54.667773409054675, -60.286810474260044, 9.571815505383872]","[51.02135682345425, -39.96741780794884, -55.86518574631227]","[70.28203435747776, 4.0634970797001015, -7.055148768723032]",P4,control,sub-4170,active,ses-baseline,run-baseline
P4_control_sub-4178,"[68.82363533584062, -15.572670340639968, -4.22559129061625]","[60.37347569707505, -39.367194280319126, 26.41524811045846]","[55.87278443760797, -26.033542290500886, -40.29359291810602]","[72.97425811474719, 23.12462909107801, 3.3366966543397316]",P4,control,sub-4178,active,ses-baseline,run-baseline
P1_control_sub-1145,"[-50.04641819355883, -33.648110114710065, 69.36026109065944]","[-36.86377143639983, 19.011924411830773, 75.33779952954926]","[-76.34508490806338, -45.86312315647794, 23.93271695419349]","[-11.52460695505918, -69.49461304580471, 82.71293793351991]",P1,control,sub-1145,active,ses-baseline,run-baseline
P1_control_sub-1180,"[-49.92353246376056, -29.05310329328857, 67.60351827574256]","[-40.006999197939386, 24.850421667879456, 68.58281294437755]","[-70.68550854809158, -46.38225222236973, 22.223771752098237]","[-8.488897225903406, -60.03105982128661, 82.5587126146214]",P1,control,sub-1180,active,ses-baseline,run-baseline
P3_control_sub-3209,"[50.50092354315643, -30.255500151209503, 71.6161350875563]","[57.84589582410922, -79.85958190571891, 51.7678340390481]","[72.41536892192833, 10.176076533493033, 43.288668672280046]","[0.08339243146780079, -19.539067174963392, 88.18613081631784]",P3,control,sub-3209,active,ses-baseline,run-baseline
P5_target_sub-5120,"[-51.32333934844897, -1.1266712388350537, 65.81388073966001]","[-30.274315224263066, 49.37963752369375, 67.32263061430395]","[-81.67064594611429, -11.10902707011447, 24.15702227471468]","[-16.81697856604518, -41.32503046071779, 78.17883069416135]",P5,target,sub-5120,active,ses-baseline,run-baseline
P3_control_sub-3116,"[56.19131681141369, -15.2004928444382, 69.71923282636634]","[55.77651943673154, -68.1012051528203, 58.392477065494795]","[76.36892399795482, 16.03031847705817, 30.111407724796578]","[8.199384905998828, 2.852820044393044, 86.47119410527492]",P3,control,sub-3116,active,ses-baseline,run-baseline
P4_control_sub-4201,"[68.84342041640006, -39.389630596659, -9.219845534077036]","[58.28380479082555, -64.48199928467164, 19.61382921155604]","[56.05779782762815, -46.408973176500155, -45.476988071609995]","[74.20742703254412, -1.3168095188961386, 0.49097450813648613]",P4,control,sub-4201,active,ses-baseline,run-baseline
P2_target_sub-2273,"[-37.5268093639235, -45.09977708433587, 90.27510832253928]","[-68.72360270856062, 5.565696293854391, 69.8389817632019]","[-25.11252332285938, -80.04153725106687, 38.348353544298185]","[18.77862490934221, -22.991294087042146, 111.37275203779926]",P2,target,sub-2273,active,ses-baseline,run-baseline
P5_target_sub-5168,"[-39.299164513690165, -7.586602894496036, 75.1609685456367]","[-30.04930921018463, 46.229440723565176, 74.0516662351888]","[-69.06749267752129, -24.457125679283003, 36.03350224515643]","[5.22509169274275, -37.46659376499722, 82.17394570221865]",P5,target,sub-5168,active,ses-baseline,run-baseline
P4_control_sub-4150,"[69.74858113012151, -26.3841436136487, -13.320407000651132]","[58.945090495860136, -51.809664516858525, 14.767397842001028]","[66.0472836625724, -36.82761131919132, -51.68361804650353]","[70.88130485306043, 12.474813194521568, -4.555648377415807]",P4,control,sub-4150,active,ses-baseline,run-baseline
P6_target_sub-6211,"[57.068148898230596, -80.9292084454796, -29.53663344980893]","[8.83046173691724, -112.20583880880929, -27.008719360236753]","[62.191429706980614, -44.45100256908267, -75.82568565210038]","[75.14099789381595, -59.15882528284749, 22.726911363046366]",P6,target,sub-6211,active,ses-baseline,run-baseline
P1_target_sub-1119,"[72.57912502276766, -51.21202761818886, -2.4677251521114]","[62.36363779068277, -75.42788795873601, 27.386587639765708]","[63.9644864629149, -62.57959065119319, -39.58977777411808]","[74.52611810431918, -14.682938275993363, 3.8928860655111674]",P1,target,sub-1119,active,ses-baseline,run-baseline
P1_control_sub-1143,"[-55.1216331378839, -31.0143999535016, 68.0006378332584]","[-39.922101852582976, 21.473316191104704, 66.86838988657087]","[-77.17192746601734, -46.87029771752367, 22.25984106990037]","[-15.692815000586242, -64.58357097013807, 83.31032387206088]",P1,control,sub-1143,active,ses-baseline,run-baseline
P3_target_sub-3155,"[-67.89430578603516, 17.696401142788464, 10.872191749338667]","[-46.50955611492097, 60.37237300769365, 22.39718457057285]","[-65.62845221769993, 4.283047806798852, -37.20940065860657]","[-68.62020392933165, -18.730630275760024, 44.99722167913659]",P3,target,sub-3155,active,ses-baseline,run-baseline
P4_target_sub-4188,"[-71.08118816881183, 36.500540159455305, 16.584451208658635]","[-47.99512350867582, 75.35978704805827, 34.684510736675904]","[-75.72696454330645, 34.78577157783473, -32.9813155467157]","[-68.45898122530593, -6.317633166323858, 41.28195788749037]",P4,target,sub-4188,active,ses-baseline,run-baseline
P8_control_sub-8127,"[53.69334187301877, -0.934881908508053, 81.19424112921011]","[49.29952515286974, -52.02080717722605, 65.03687858364232]","[74.03610522801748, 33.02636821194229, 43.91614758667633]","[8.632376689452721, 18.537020388965782, 103.78767071075907]",P8,control,sub-8127,active,ses-baseline,run-baseline
P3_control_sub-3124,"[47.13895141594986, -31.418854202556968, 72.74090100801915]","[45.63250944818232, -82.19839791145826, 54.711290068898464]","[69.27883882823424, 3.060794861857897, 37.229805239463246]","[-1.9949671854924147, -13.581765804042515, 85.40594249650698]",P3,control,sub-3124,active,ses-baseline,run-baseline
P7_control_sub-7119,"[-55.03883982137771, -18.605390052613867, 59.695071481206696]","[-37.383514635694645, 33.006072772196326, 54.02561627428444]","[-72.64927131750633, -38.57486642540392, 14.329134287385912]","[-18.57164896215217, -51.80192691592255, 80.11289032690259]",P7,control,sub-7119,active,ses-baseline,run-baseline
P3_target_sub-3212,"[-74.4478367856499, 18.4207436658747, 12.459638382908068]","[-52.25134874937247, 58.343982169160356, 31.73049539135151]","[-75.33244202955625, 14.629640912444533, -32.06490262523636]","[-74.4789980264611, -24.10650573942998, 38.64367713720955]",P3,target,sub-3212,active,ses-baseline,run-baseline
P8_control_sub-8152,"[47.30983293337621, -14.5899752302536, 79.5105298742857]","[37.159329414827546, -65.10675526881754, 63.784839398795285]","[71.6115200712663, 14.469347019882013, 40.97079019559786]","[2.3948328166721966, 11.13056872851231, 95.38365096592479]",P8,control,sub-8152,active,ses-baseline,run-baseline
P5_target_sub-5114,"[-45.1198840655224, 2.684934320021137, 60.07628967398296]","[-22.547141104309233, 52.59147643061139, 59.349518835110956]","[-72.00452806483517, -8.505554311723616, 15.546044572098092]","[-10.239683959287873, -36.88936337684827, 72.12973342423295]",P5,target,sub-5114,active,ses-baseline,run-baseline
P3_control_sub-3140,"[55.6821591280547, -51.619273738472, 55.49216267395433]","[46.833183799408445, -97.09956546978765, 28.82558489060383]","[81.11819240921022, -14.42262639118805, 25.96140304626854]","[10.912373785488594, -31.606123255218204, 79.89713977785064]",P3,control,sub-3140,active,ses-baseline,run-baseline
P2_control_sub-2262,"[76.5062994769697, -26.794190456819432, -7.109047010185853]","[65.46870002316687, -52.32013052235791, 21.242365388977557]","[68.41146719775404, -35.99798852398365, -44.972004368429545]","[79.03652259430771, 11.783672448044065, 2.531815136742476]",P2,control,sub-2262,active,ses-baseline,run-baseline
P3_target_sub-3166,"[-65.5070558694394, 4.128339894842857, 17.5930862746498]","[-39.63450960136587, 43.337440079674735, 33.48858086269116]","[-67.40714254664576, -1.2631668431713088, -31.878283147942316]","[-59.682780789254736, -37.86809950238589, 43.51292210899673]",P3,target,sub-3166,active,ses-baseline,run-baseline
P1_control_sub-1109,"[-48.709347498100904, -11.4753011743017, 67.96037593628932]","[-29.09999835378145, 39.29243775403908, 62.07413834638205]","[-70.3585359452983, -29.517098110340402, 23.88202889626525]","[-12.534466345094895, -47.26489164182854, 86.00510643033674]",P1,control,sub-1109,active,ses-baseline,run-baseline
P2_control_sub-2215,"[70.29521556839761, -27.327315480722532, 2.738410068627843]","[60.727283762763754, -51.47377217286932, 33.00002682257696]","[62.15399647700308, -38.46713087509864, -34.35482024820083]","[74.77333598748088, 11.486938300637785, 9.914390620390355]",P2,control,sub-2215,active,ses-baseline,run-baseline
P7_target_sub-7108,"[52.0522832720057, 47.85611188243993, 39.88035089971523]","[45.58214168331799, 10.050480787381805, 62.6706928207662]","[72.83858365621028, 42.03805561039915, 1.098001999552011]","[16.412679898761827, 74.24445528690774, 37.3517727500203]",P7,target,sub-7108,active,ses-baseline,run-baseline
P4_control_sub-4121,"[68.74124242443143, -42.6124723937376, -9.114980410250263]","[54.627020897638516, -65.42985438148037, 20.299800717725326]","[55.9236864642053, -50.009478075614254, -45.77336547696797]","[76.05516442402212, -4.754592019499381, -0.21248727866360095]",P4,control,sub-4121,active,ses-baseline,run-baseline
P5_control_sub-5169,"[-59.62072376264566, 46.029088473060334, 40.68457200850107]","[-26.6089378842307, 82.49761237647107, 47.433550723101796]","[-70.08662453576923, 34.03021837655074, -5.4650971326155835]","[-59.8117604315799, 8.639834450999285, 73.21815205621931]",P5,control,sub-5169,active,ses-baseline,run-baseline
P8_control_sub-8158,"[47.045681733947596, -3.3608908320330966, 97.19218903732913]","[46.386463810427315, -54.6699891682452, 80.14826419036498]","[66.21531114368891, 32.2066870438207, 61.10875179353293]","[0.23227075862598823, 13.787050273577739, 117.38397878026613]",P8,control,sub-8158,active,ses-baseline,run-baseline
P2_target_sub-2278,"[-30.750772923546734, -65.60726356653032, 60.6014480239499]","[-73.01106974977006, -20.68725601523126, 47.5064934037959]","[-11.931232600674996, -90.52626950196495, 5.459025443011375]","[18.416588572176888, -38.257539296023644, 87.56761696069651]",P2,target,sub-2278,active,ses-baseline,run-baseline
P3_control_sub-3179,"[55.59564403288683, -27.520152634336398, 63.74501919340594]","[47.521370087029474, -79.15955814107362, 50.93500202389526]","[73.62042785319828, 2.5311825882509895, 22.214081731074813]","[12.69231264538502, -4.59069663681545, 87.11470405486195]",P3,control,sub-3179,active,ses-baseline,run-baseline
P2_target_sub-2245,"[-25.554642712849233, -59.649354603647396, 74.4246859952334]","[-64.2352356493807, -11.806916110784309, 62.28722086485597]","[-14.652810412208657, -90.71393864426219, 19.44206037151766]","[27.624874993751046, -35.38388510445506, 95.153044372025]",P2,target,sub-2245,active,ses-baseline,run-baseline
P3_control_sub-3164,"[57.331145180248136, -28.04232663515863, 69.4466407578719]","[55.00067615778706, -80.77736701424563, 57.65697671946478]","[81.559255182083, 3.2798153748379812, 32.39351953768135]","[10.799849448326597, -6.9125140630946555, 88.05745761775893]",P3,control,sub-3164,active,ses-baseline,run-baseline
P1_target_sub-1176,"[65.69714035907428, -60.259561082626306, -14.437444792032766]","[55.83874727341965, -83.38156730062683, 16.251216669395106]","[54.68345982017469, -71.02348152294346, -51.196902957699656]","[71.18223047056937, -21.71832654913429, -7.297613553096663]",P1,target,sub-1176,active,ses-baseline,run-baseline
P7_target_sub-7119,"[48.87538348057033, 39.13364284085233, 42.816197357407795]","[35.9879006623679, 3.176117851483362, 66.17555935079463]","[68.34351224160326, 28.210501569034697, 4.310065394564414]","[17.456931610303307, 69.59767197624194, 37.700901817997455]",P7,target,sub-7119,active,ses-baseline,run-baseline
P8_control_sub-8134,"[48.21372863974926, 19.577965271772666, 82.9940650274245]","[53.17081086521268, -33.90827650101953, 76.27411622543137]","[67.28516094449986, 48.70778816161634, 41.31221928409173]","[-2.038550185679864, 34.48323132842468, 95.54487327207907]",P8,control,sub-8134,active,ses-baseline,run-baseline
P5_target_sub-5143,"[-41.46194585527346, 7.560066724417787, 85.03086652136734]","[-25.598265640311357, 59.52038219696997, 78.58739158639573]","[-67.43893649817086, -11.751589676436465, 43.14769863950078]","[-2.3074087174259383, -26.064428986103973, 100.61036248416434]",P5,target,sub-5143,active,ses-baseline,run-baseline
P4_control_sub-4218,"[62.84985403572813, -32.5436608828973, -10.688905000387733]","[52.73083595007794, -54.80675820930746, 20.83143437295953]","[53.09299073204299, -44.67742410279506, -47.095845252849244]","[70.8224524049828, 5.744197719895255, -5.256445313489932]",P4,control,sub-4218,active,ses-baseline,run-baseline
P4_target_sub-4146,"[-64.88069840902794, 37.9440469718987, 26.266556800398266]","[-38.41879597858976, 75.88559791473807, 42.93567425535196]","[-67.82488177379396, 33.501047059106526, -23.307981986098817]","[-65.08340437337517, -4.316020346336991, 52.5029254165651]",P4,target,sub-4146,active,ses-baseline,run-baseline
P1_control_sub-1144,"[-53.87226802938297, -26.04949225838223, 59.17652934610093]","[-43.46506512601096, 27.879524930733034, 59.53413009272329]","[-74.37542596961505, -44.687236753019036, 14.039141065780827]","[-14.923971932443717, -58.0598487163778, 79.02673594038414]",P1,control,sub-1144,active,ses-baseline,run-baseline
P7_target_sub-7109,"[43.836283340023535, 23.756812925298732, 62.36425826393537]","[30.977252971362645, -14.618923581809899, 81.3148041838889]","[66.85756224089066, 17.84112196696623, 25.451779258023162]","[11.796257865508892, 53.90679633863527, 58.11243531577308]",P7,target,sub-7109,active,ses-baseline,run-baseline
P8_control_sub-8126,"[47.05381360585923, 0.12942662278185466, 106.33668260059467]","[53.88361271623418, -50.405433535908784, 90.61076622843225]","[70.45173547062429, 37.94128535794104, 74.3631562537199]","[-3.5476193033150163, 12.742356055465125, 121.18825598439992]",P8,control,sub-8126,active,ses-baseline,run-baseline
P3_control_sub-3197,"[54.111267612892966, -29.4449088016102, 94.96480393326361]","[50.64628196220283, -81.95279397814241, 82.30751471995582]","[81.25700230885913, 1.8039445772980947, 60.142151657883055]","[8.463864747667138, -6.678870136299553, 112.7886508842262]",P3,control,sub-3197,active,ses-baseline,run-baseline
P2_control_sub-2245,"[76.03198539304596, -34.79020310226583, 8.310721157532553]","[62.39972484549828, -55.84263143101098, 39.00509394034022]","[66.9594307623083, -46.70046922816296, -28.60819363165695]","[83.03344788689418, 3.871716981908024, 13.89354702595852]",P2,control,sub-2245,active,ses-baseline,run-baseline
P4_target_sub-4181,"[-69.57962872061944, 51.66002186273334, 24.481452299467197]","[-41.37563329082792, 91.46922807523475, 34.42512295582143]","[-69.55526588675332, 37.00213834573459, -22.51650374500385]","[-69.82613139268494, 15.091951708113386, 58.31538131012809]",P4,target,sub-4181,active,ses-baseline,run-baseline
P3_target_sub-3204,"[-75.87339928476511, 16.25793768663337, 26.493295614506934]","[-53.073531647044014, 53.873939397073045, 48.9976315142556]","[-75.01678436312982, 17.555763728392805, -22.70180463777483]","[-76.70908889167497, -28.1763721972373, 49.158797990658236]",P3,target,sub-3204,active,ses-baseline,run-baseline
P2_target_sub-2206,"[-27.715057122942568, -48.16996959869317, 92.30199101478833]","[-69.52388269609968, -4.032220374629909, 76.57370776539157]","[-12.706770546846501, -81.90325543555855, 39.84187286010056]","[24.1059045106297, -18.525429804203732, 112.6929925075058]",P2,target,sub-2206,active,ses-baseline,run-baseline
P3_control_sub-3211,"[50.5024022897419, -36.584392700338064, 66.55115739103017]","[50.5730337429676, -85.84865828672183, 44.216631603294786]","[75.53865078802669, 2.8631684610835393, 38.28841358588526]","[3.1714883031761167, -20.99026579794153, 87.67851293625534]",P3,control,sub-3211,active,ses-baseline,run-baseline
P1_target_sub-1166,"[66.30482007655543, -61.719301801890005, -18.451436828636]","[49.714129879309084, -84.42327022416113, 9.884937471131309]","[58.060583243441314, -70.31907074909982, -56.49477468908519]","[73.42298062897119, -23.772472953909368, -9.687955373265257]",P1,target,sub-1166,active,ses-baseline,run-baseline
P8_control_sub-8136,"[59.1110226661859, -3.2774149359533133, 102.13553921218801]","[55.40030306166016, -53.877429582368265, 85.83569212204348]","[82.91474641728811, 30.170711508438472, 67.19224149832802]","[13.123625570166343, 17.604865494399434, 121.85999229164116]",P8,control,sub-8136,active,ses-baseline,run-baseline
P2_target_sub-2220,"[-30.6878868391763, -53.332520608378566, 82.3787247437073]","[-67.48576035044502, -4.674117377435525, 66.46434595753057]","[-17.6097632922133, -85.20276897057127, 28.514225062366418]","[23.270579112129433, -27.832061731373123, 102.30659925316415]",P2,target,sub-2220,active,ses-baseline,run-baseline
P8_control_sub-8141,"[52.57964977025409, 9.609728211818949, 80.3630460061338]","[59.732002602448055, -42.707739615491974, 71.33556647979997]","[69.33367883011549, 42.62778116697894, 40.606908114480994]","[2.95819596377569, 22.53774639930014, 97.7834733584048]",P8,control,sub-8141,active,ses-baseline,run-baseline
P5_control_sub-5132,"[-64.10157788186063, 36.8406254399357, 22.1544365013042]","[-39.037423449681064, 76.25378523282274, 38.05121162652271]","[-67.57054933556468, 31.204355784054705, -27.30473939007355]","[-64.09822366132822, -4.366332681830851, 50.226069405367355]",P5,control,sub-5132,active,ses-baseline,run-baseline
P2_target_sub-2203,"[-25.9750327756466, -52.08078091470103, 74.58621766939733]","[-61.91824744535563, -2.978772370506291, 58.58077911708149]","[-19.622005363164494, -87.1872338574463, 22.06814027056095]","[30.851948396556157, -27.36408481494273, 86.72881314455525]",P2,target,sub-2203,active,ses-baseline,run-baseline
P5_control_sub-5154,"[-66.43630761032023, 55.761786048846, 37.13787920007793]","[-38.24838381431765, 93.36817574399484, 53.25424806751212]","[-70.00073428209906, 51.54289889665706, -10.69623092481267]","[-64.8385133172983, 13.87079045540989, 63.25951594949488]",P5,control,sub-5154,active,ses-baseline,run-baseline
P3_control_sub-3172,"[57.040392437920765, -38.51159170380243, 85.770988102271]","[55.03261024126033, -89.57538865605046, 67.46583859698661]","[76.71898348663456, -1.6552869743416967, 50.541227671458174]","[11.379189556801865, -21.224549796164062, 108.4025291697556]",P3,control,sub-3172,active,ses-baseline,run-baseline
P8_control_sub-8190,"[48.69583736091647, 11.210840183314803, 104.48503845215733]","[51.77798096155229, -40.92330975522639, 90.49320942746685]","[70.28271111467754, 45.79076744937901, 68.66880074607424]","[-0.7548769148039871, 26.9572597027063, 120.96965198228357]",P8,control,sub-8190,active,ses-baseline,run-baseline
P1_control_sub-1140,"[-46.52174384066597, -14.2259193140422, 69.5439211256609]","[-29.36698319061271, 37.36375886829478, 64.45434791091722]","[-71.43907823892266, -32.23326539235278, 26.260230755247758]","[-8.54488291443438, -48.786979570492576, 85.43070859822845]",P1,control,sub-1140,active,ses-baseline,run-baseline
P4_target_sub-4105,"[-77.595334251308, 46.73068902387706, 20.97765442450037]","[-52.32312568707964, 85.16971401708088, 37.75570250479059]","[-80.34246840175598, 42.079595307101556, -28.724388951538277]","[-77.35205385273368, 4.882996224352558, 48.168391594605104]",P4,target,sub-4105,active,ses-baseline,run-baseline
P2_control_sub-2244,"[73.38643337820717, -37.41214513530047, -4.832783490112567]","[61.80774587573308, -58.83687208332696, 26.56119225467936]","[59.51615974826604, -47.806535778587886, -40.77376101589843]","[81.95801596888249, 0.8199826072945263, 1.019777120966959]",P2,control,sub-2244,active,ses-baseline,run-baseline
P6_target_sub-6216,"[58.78429229329493, -71.25376639036783, -27.5745061707976]","[10.989046000977304, -103.26162491501074, -30.9793625415866]","[60.97829829383754, -28.441492604993936, -69.63887639628604]","[68.77346993532439, -51.68488806861928, 27.891113897781448]",P6,target,sub-6216,active,ses-baseline,run-baseline
P5_target_sub-5170,"[-40.496087659797865, -12.773294582786434, 76.06623734883773]","[-23.422443689461282, 39.04365117670502, 79.60892627888533]","[-74.5304074537496, -22.607096178218796, 37.0546670413169]","[-2.571038375816138, -50.96692997034617, 82.27159758236259]",P5,target,sub-5170,active,ses-baseline,run-baseline
P8_target_sub-8179,"[-56.893793793661665, 45.22897125807943, 77.64604140360554]","[-28.533338448441203, 71.59758554470052, 85.91507194972314]","[-72.99843748265582, 47.28516921954285, 41.86672951575269]","[-53.186357727285674, 8.987570459463392, 93.80150175900893]",P8,target,sub-8179,active,ses-baseline,run-baseline
P2_target_sub-2270,"[-17.785052520240033, -76.16475485221494, 58.44767881090644]","[-63.74632351198999, -34.295274679731, 53.33501007737212]","[-0.31975113251470977, -92.54907622480698, -0.3391275961151254]","[30.961843758535984, -47.854675225844936, 86.75452430768912]",P2,target,sub-2270,active,ses-baseline,run-baseline
P2_target_sub-2226,"[-19.53276251802023, -63.82749269754953, 66.00954865859985]","[-65.98995210214565, -25.932183545639244, 51.712103798139765]","[1.6492575563100293, -89.37468565893906, 11.702945896061035]","[27.179623294524227, -28.206077721702602, 90.47749934153339]",P2,target,sub-2226,active,ses-baseline,run-baseline
P4_target_sub-4178,"[-66.0301265350699, 51.40802818310013, 37.10276942358084]","[-35.31818861101975, 88.56719929581502, 48.906867419671194]","[-71.35272879824291, 44.310760885598775, -11.561121932940297]","[-61.65175555711029, 9.756347577383268, 63.73848045051657]",P4,target,sub-4178,active,ses-baseline,run-baseline
P1_control_sub-1150,"[-47.335599369931494, -18.770079953754134, 66.7194962527667]","[-32.068999183387, 33.43460965018248, 60.87259572450812]","[-72.8179503333761, -37.598670926593385, 24.893683697168946]","[-7.682817895259645, -52.00909545866839, 83.00613489725622]",P1,control,sub-1150,active,ses-baseline,run-baseline
P4_control_sub-4200,"[67.16639245216597, -27.69384345034757, -3.278745479559723]","[57.559903239232135, -53.274595003243334, 24.9101689501363]","[59.30744989050934, -36.844619481231746, -41.20596995317295]","[70.35331366458348, 10.769675267441082, 6.442891277028831]",P4,control,sub-4200,active,ses-baseline,run-baseline
P3_control_sub-3110,"[51.457951785188605, -26.59359298751927, 72.18285902165952]","[55.38851326274861, -76.78022138411592, 53.4857665375933]","[73.07504029815304, 11.751873554168478, 40.393694930256586]","[1.568634347027352, -14.28086698325945, 88.66744683467702]",P3,control,sub-3110,active,ses-baseline,run-baseline
P2_target_sub-2254,"[-16.8757263836482, -76.0233198543319, 55.087821687291004]","[-64.85991283940503, -35.817155821344706, 48.95469457874447]","[5.312268934384568, -86.77430886468217, -4.648498304909264]","[28.040635123382863, -45.83902726505203, 87.7807449533368]",P2,target,sub-2254,active,ses-baseline,run-baseline
P4_target_sub-4143,"[-67.5313773068487, 42.487298881578404, 29.946787300944933]","[-38.02492276875776, 79.28423440189204, 46.332707603612285]","[-73.97529634803318, 42.00096598153067, -18.712787712350778]","[-60.549910091045845, -2.4248863403886505, 50.34438604088315]",P4,target,sub-4143,active,ses-baseline,run-baseline
P3_control_sub-3174,"[49.037640773293965, -42.81334537855893, 66.15522382277528]","[44.99730108156087, -92.22387742585973, 44.42382513932409]","[73.75554860940586, -6.268949969533667, 35.22500804396947]","[2.2225517992826807, -23.725703751012997, 85.70147882575064]",P3,control,sub-3174,active,ses-baseline,run-baseline
P1_target_sub-1133,"[70.5028773849608, -43.93397478205717, -14.327639927022298]","[57.35683129106528, -69.34198823290242, 12.949663723387946]","[66.04192735903952, -53.01712143797919, -53.0071476615095]","[73.07177961088873, -5.8189160350177795, -4.2216717143907685]",P1,target,sub-1133,active,ses-baseline,run-baseline
P8_target_sub-8138,"[-42.68800786809007, 59.35415806562014, 86.0093101889525]","[-9.079895077861908, 79.47186479690563, 90.592442770898]","[-60.39296063360076, 63.76307108309462, 50.70421496799458]","[-43.25563721008877, 22.563326870685604, 101.18222032404778]",P8,target,sub-8138,active,ses-baseline,run-baseline
P6_target_sub-6209,"[61.94419541844024, -68.92435575344253, -33.53940440860203]","[17.51496806363648, -105.6624640690462, -30.6779984591228]","[66.31332583247826, -33.52601333643658, -81.3699344636021]","[74.35250318411029, -43.819224197937565, 18.988693623097845]",P6,target,sub-6209,active,ses-baseline,run-baseline
P3_control_sub-3193,"[55.14910769661477, -29.9564531043614, 63.88721495963217]","[59.14968495339892, -81.13743404238605, 47.408651031783016]","[77.31133018944533, 8.11792314269083, 31.753262310970097]","[7.529054867263125, -16.329440331432764, 85.75934357631925]",P3,control,sub-3193,active,ses-baseline,run-baseline
P1_control_sub-1148,"[-43.54629969778381, -23.04009620034533, 73.09345632747277]","[-23.91954083724012, 27.854697067853188, 69.31800891839076]","[-75.81973259502128, -36.207028841159584, 32.6377635621998]","[-5.386549400912336, -60.725132799100464, 81.24180316156087]",P1,control,sub-1148,active,ses-baseline,run-baseline
P2_target_sub-2248,"[-31.455226870254233, -62.15731090238403, 62.108702572038794]","[-74.44492776474122, -18.267626042436778, 47.87437761897452]","[-12.372233390122442, -87.55223655400293, 6.545048010328108]","[17.667520141007422, -32.110555870745856, 86.70800002634861]",P2,target,sub-2248,active,ses-baseline,run-baseline
P1_control_sub-1169,"[-54.42093920203596, 0.628041784602819, 59.825313486049026]","[-41.871729126447306, 53.13262024767551, 50.80568167414138]","[-75.81682849233871, -24.76281375980046, 17.903345275643854]","[-16.926741327989593, -28.976635490981348, 85.44414200208918]",P1,control,sub-1169,active,ses-baseline,run-baseline
P1_control_sub-1156,"[-50.240952265861466, -23.086211669805166, 68.6051228060915]","[-30.030761095096924, 27.435908420776137, 73.36312365696445]","[-73.60297073360856, -32.41331900422815, 22.451492239703168]","[-17.47263175266997, -63.95386237625921, 83.67931703142926]",P1,control,sub-1156,active,ses-baseline,run-baseline
P3_target_sub-3193,"[-72.58163926487977, 2.73842701291086, 31.123737578129266]","[-42.41917662521276, 39.58459725720091, 45.88044950998524]","[-79.36776477794179, 1.047237973546598, -17.845836541210367]","[-65.1307614028442, -41.46119304391935, 52.84576385308594]",P3,target,sub-3193,active,ses-baseline,run-baseline
P4_control_sub-4156,"[69.2965492379341, -24.593055875910533, -13.822919703836732]","[59.78864185372315, -50.8236413961995, 13.662762388521356]","[63.476077207042486, -33.870654973363976, -52.10651726412135]","[72.40330727799818, 13.787894455448065, -3.7940653363316974]",P4,control,sub-4156,active,ses-baseline,run-baseline
P4_target_sub-4108,"[-68.64743523943514, 49.5552749857378, 21.326629822221403]","[-38.605088122321774, 86.68041052574137, 34.32985584482063]","[-72.75504675639813, 42.04580121437986, -27.83027161442792]","[-68.507416523373, 8.823420921050754, 50.147173457478225]",P4,target,sub-4108,active,ses-baseline,run-baseline
P6_target_sub-6217,"[66.35001864592253, -68.8252027592193, -18.456981666733768]","[21.282475145508666, -104.89406950762927, -14.896707518061458]","[70.88761745230407, -34.647216625406244, -66.8289980246531]","[76.81833403543439, -40.798700389449735, 32.74209344083365]",P6,target,sub-6217,active,ses-baseline,run-baseline
P3_target_sub-3136,"[-66.32420293217103, 15.314603001938266, 18.9846335227078]","[-40.44292631428028, 54.94697583696855, 33.810689613406126]","[-72.14738780299191, 10.603739806931364, -30.190619536474095]","[-60.47388646323072, -26.846565260063368, 44.87018332322267]",P3,target,sub-3136,active,ses-baseline,run-baseline
P5_target_sub-5153,"[-43.732551568406734, 8.581031930469273, 78.9474748153199]","[-22.260020414316376, 58.196482713246624, 70.05881122420713]","[-71.84545776447268, -10.095056060618953, 37.74672977377717]","[-9.078309700297519, -27.996641960364027, 98.45663633575975]",P5,target,sub-5153,active,ses-baseline,run-baseline
P5_control_sub-5170,"[-68.05692094445051, 35.2514123400382, 29.436900315996166]","[-36.72568172444896, 69.21386321617813, 46.0674497276683]","[-75.40415495195708, 34.92972103805949, -19.987912677646186]","[-68.8356518772594, -8.215986558916573, 53.13521457019575]",P5,control,sub-5170,active,ses-baseline,run-baseline
P7_control_sub-7124,"[-46.83239113721183, -24.482036819873002, 74.21165534442324]","[-38.29686702677727, 28.679041774681618, 63.351406398313756]","[-68.7625149773789, -50.25439808249126, 32.783345821938376]","[-1.8877907667772238, -49.66785734698599, 90.0241659823322]",P7,control,sub-7124,active,ses-baseline,run-baseline
P7_target_sub-7104,"[35.68924107409967, 30.453646526809834, 56.005866645643266]","[30.42296707857151, -9.378421628709265, 75.87175987572606]","[60.9634426672798, 29.40251056393789, 19.63353124175405]","[-1.3415270896609548, 53.87077851453537, 51.09538164985592]",P7,target,sub-7104,active,ses-baseline,run-baseline
P1_control_sub-107,"[-47.77050578930004, -30.873451775601904, 85.49739374397438]","[-33.819090670780454, 21.902154380318414, 82.02181715387039]","[-72.80448344006774, -48.70964938946384, 42.799160950465755]","[-7.190535021499189, -63.50529594926165, 99.26354726380283]",P1,control,sub-107,active,ses-baseline,run-baseline
P2_target_sub-2261,"[-31.275274162551767, -65.66524781538699, 40.30977221793783]","[-66.57500216120074, -15.445597982125516, 27.40925647597735]","[-15.102731762146192, -90.98492937213157, -15.854749335741559]","[21.423453997179365, -43.30501617596837, 67.19647248533711]",P2,target,sub-2261,active,ses-baseline,run-baseline
P4_control_sub-4130,"[69.39427184465796, -25.13794959279093, 5.241648952328593]","[61.42497113455795, -48.568323036955064, 36.20821337622599]","[60.57489729534416, -37.85485240366588, -31.509353383508554]","[71.2668610565154, 13.702758587294975, 11.22846963603872]",P4,control,sub-4130,active,ses-baseline,run-baseline
P3_control_sub-3173,"[49.82977556880403, -13.120790402636366, 65.12071643919006]","[55.17557422419682, -66.29577536930323, 58.731231202791434]","[68.26392448740576, 17.345348393504178, 23.877145647644824]","[0.3341690502237591, 2.2881859727282805, 80.14091963801724]",P3,control,sub-3173,active,ses-baseline,run-baseline
P2_control_sub-2256,"[72.93319189676637, -29.225295450960402, 5.2571764787171835]","[61.526126502612584, -53.01837984073689, 35.14454325622462]","[61.82837255992523, -38.58499882828769, -31.929210506640032]","[79.22232300959794, 8.977400744014616, 13.176086693299247]",P2,control,sub-2256,active,ses-baseline,run-baseline
P1_target_sub-1180,"[74.83046671671254, -45.744972839441935, -1.4454798051978164]","[69.32662132279292, -72.20519082789733, 27.23703067727741]","[67.12731829101571, -56.04091902616305, -39.154900615679324]","[76.48270415077256, -7.094414407814278, 7.952993802975538]",P1,target,sub-1180,active,ses-baseline,run-baseline
P2_target_sub-2295,"[-27.215120381185837, -63.137901124433995, 59.06243258211]","[-69.10510910318023, -18.065264332388697, 48.91180719838289]","[-12.82462476525012, -89.38782089378418, 2.424256373383439]","[25.30523695708608, -34.93428420198624, 80.91443081799406]",P2,target,sub-2295,active,ses-baseline,run-baseline
P4_control_sub-4198,"[66.09733374601039, -28.989748016162466, -12.681417623666768]","[56.02589122317206, -56.47368712938429, 14.285591127786198]","[56.1249230084459, -34.809808066228335, -50.76260405969967]","[73.30780341502135, 8.126633314095455, -0.500957130531777]",P4,control,sub-4198,active,ses-baseline,run-baseline
P8_target_sub-8160,"[-52.78694413444379, 52.46523804311843, 73.10979183810274]","[-23.01724429395738, 76.93715275834543, 81.14574274931884]","[-66.74968713183571, 53.59213934114917, 35.97016994569847]","[-51.91126237500816, 16.556481715073044, 90.41836031908574]",P8,target,sub-8160,active,ses-baseline,run-baseline
P3_control_sub-3114,"[50.4388618846779, -22.646606070595965, 61.37762296715504]","[48.58634363809996, -74.07857200258069, 44.26172232893248]","[71.86031801135962, 11.743102564423499, 25.417715464037492]","[3.4757371799237733, -4.532558589449346, 80.8208436054544]",P3,control,sub-3114,active,ses-baseline,run-baseline
P8_target_sub-8135,"[-46.2614244537736, 58.05298300882669, 63.79056761519104]","[-15.728293736561545, 82.9922341374661, 64.47037178799076]","[-64.54154178945552, 53.30536700420217, 28.881984278532467]","[-45.00510289758012, 26.54293779342928, 88.28058267447544]",P8,target,sub-8135,active,ses-baseline,run-baseline
P1_target_sub-1192,"[75.13029403556403, -48.914274267269604, -21.59345252097403]","[66.29698699106078, -76.17911552559174, 5.9690606520505956]","[66.76499815698685, -56.07814396397491, -59.96931228227396]","[84.00598073062187, -11.893142641341518, -10.270538946417636]",P1,target,sub-1192,active,ses-baseline,run-baseline
P5_control_sub-5148,"[-60.893949776525034, 37.9239023234517, 33.919272868861135]","[-37.34108194137284, 77.159597192787, 52.37205664717458]","[-66.6389629966663, 36.057521474811004, -15.44247685960538]","[-60.192883764428764, -4.9539981905307435, 59.45612311293884]",P5,control,sub-5148,active,ses-baseline,run-baseline
P3_target_sub-3202,"[-69.10857014931584, 15.0717025118759, 19.454601049042534]","[-41.55058072715143, 51.64853918353921, 37.66576476355678]","[-70.650375718633, 12.287116807867665, -29.111418408391806]","[-64.0672465394708, -29.175957526776273, 42.27617312129926]",P3,target,sub-3202,active,ses-baseline,run-baseline
P3_target_sub-3167,"[-65.70590562434526, 9.363164411701247, 18.953480210975034]","[-37.743941546471824, 47.07743531881162, 35.08443958082163]","[-67.59596164105929, 2.7519481888562, -30.022943800279357]","[-67.19143218357685, -31.933124679202745, 46.72791143703439]",P3,target,sub-3167,active,ses-baseline,run-baseline
P8_control_sub-8187,"[53.409435518493666, -3.0295669885344565, 83.21554146023762]","[52.88302376186396, -55.20083087301757, 68.93637963081625]","[67.65759336984422, 30.231900397993698, 43.179395876195564]","[6.632463331182032, 13.001130558488402, 104.50978290445804]",P8,control,sub-8187,active,ses-baseline,run-baseline
P8_control_sub-8128,"[43.43166176459173, 4.603242966673974, 101.547022439277]","[44.458137986829485, -46.015259338003794, 84.47011605154694]","[65.98205931565161, 39.03837896352056, 65.94284975983186]","[-7.249518143088293, 20.164768967217782, 111.74434758447582]",P8,control,sub-8128,active,ses-baseline,run-baseline
P3_target_sub-3106,"[-60.403997768102165, 17.31443903686947, 40.094324085910465]","[-29.235497836793883, 53.96144395172071, 51.19610932982183]","[-73.47028170868832, 14.451538927245439, -6.904725979620786]","[-54.337613524136756, -26.18653657244194, 63.70785010280297]",P3,target,sub-3106,active,ses-baseline,run-baseline
P8_target_sub-8176,"[-61.72250238508891, 41.2295879022002, 50.591097877161964]","[-38.003572867760425, 71.96013043212395, 58.60940743979703]","[-69.55428627609716, 36.1108276136667, 12.234314397718535]","[-54.64234843083448, 7.5033189660643576, 70.66447681480889]",P8,target,sub-8176,active,ses-baseline,run-baseline
P4_target_sub-4135,"[-63.104859087933136, 41.95112195191827, 28.19050516067917]","[-30.183944726216065, 75.09488724232891, 43.63574570344766]","[-71.82353193942835, 42.9793228073528, -19.67361825660287]","[-60.96408602082305, -3.5600048698383135, 48.399692534275744]",P4,target,sub-4135,active,ses-baseline,run-baseline
P3_control_sub-3201,"[38.77739872244444, -30.608597805295066, 70.49497214074283]","[45.64004847148806, -80.75476901904975, 52.062308174651]","[60.967206459311925, 7.833934322919182, 39.207398734721494]","[-12.795881369546562, -18.708976765378853, 80.4318225079531]",P3,control,sub-3201,active,ses-baseline,run-baseline
P4_control_sub-4129,"[70.09576089366107, -16.3652087495974, 14.1834455362564]","[56.80975777577184, -38.42154564344079, 44.59197269495217]","[65.99111925930754, -29.783796555816537, -23.095143395478136]","[75.33527899969425, 22.6014658296345, 19.625426694060053]",P4,control,sub-4129,active,ses-baseline,run-baseline
P5_control_sub-5119,"[-65.09517664812233, 48.86532501481357, 47.22780723963356]","[-33.20169273875596, 82.91608861381198, 61.4851998110301]","[-77.65393093435961, 49.36245560109575, -0.4163755483834177]","[-60.56878052735488, 4.249978785924309, 68.39970850326782]",P5,control,sub-5119,active,ses-baseline,run-baseline
P5_control_sub-5115,"[-59.741697562249236, 51.6262120715299, 37.51545642300554]","[-23.403367367946174, 82.64443570802426, 50.70164584480257]","[-72.91868427139666, 52.08169765169504, -10.366222260721331]","[-60.49581359821469, 7.412559433544729, 59.946189541112474]",P5,control,sub-5115,active,ses-baseline,run-baseline
P2_control_sub-2219,"[78.5259672560603, -29.476457555382368, -11.09784699428239]","[67.67717990165703, -57.62989675148397, 14.977244868823872]","[70.21129865638964, -34.75466309984364, -49.772771337405025]","[83.08177038044504, 7.674819461350315, 2.313802623906503]",P2,control,sub-2219,active,ses-baseline,run-baseline
P3_target_sub-3124,"[-65.77006835843059, 14.424553591408133, 22.8201415958815]","[-42.305346633737706, 54.34709460808354, 40.67888875052415]","[-66.24620977593453, 9.173569232813056, -25.898980661720476]","[-62.63493000665476, -27.664761238415554, 49.21855133075802]",P3,target,sub-3124,active,ses-baseline,run-baseline
P2_target_sub-2255,"[-27.998368401097533, -59.957357624631435, 80.1277578246804]","[-66.04920319941213, -11.306931218522775, 67.09955250931793]","[-13.784679353329512, -87.51156881499953, 24.10657713601689]","[24.174340366698694, -34.635808685534116, 101.88615575051098]",P2,target,sub-2255,active,ses-baseline,run-baseline
P7_control_sub-7113,"[-39.26349651067813, -30.5214769958198, 80.23981522620254]","[-23.860086038780636, 21.883911385039152, 77.95578170472903]","[-71.00335921976306, -45.06363318870601, 40.41256804516059]","[1.9703379000789987, -64.78152894067136, 85.1134982223683]",P7,control,sub-7113,active,ses-baseline,run-baseline
P3_target_sub-3134,"[-65.32872063989294, 13.561458704084965, 25.8594721307086]","[-39.788776978885835, 53.36253333112256, 40.737165312395945]","[-70.77451149397326, 8.625317348020266, -23.45208707627578]","[-59.07921093834757, -28.61998690735376, 51.70012055220761]",P3,target,sub-3134,active,ses-baseline,run-baseline
P2_control_sub-2236,"[77.88757415467303, -31.0112457963116, -7.558222383196757]","[62.91811260435446, -52.910585346332745, 22.118739767942422]","[68.96307794758246, -41.763489049103484, -44.97081086869319]","[81.69919129062113, 7.575846567978602, -0.9643571459244437]",P2,control,sub-2236,active,ses-baseline,run-baseline
P1_target_sub-1204,"[72.61228727376788, -52.7749723091378, -23.272701167487032]","[63.929068526958645, -75.94599283063815, 3.213167589102224]","[64.53011541084953, -62.72890113774155, -60.71186051037419]","[77.11342874579643, -14.452481147992152, -14.704735365070535]",P1,target,sub-1204,active,ses-baseline,run-baseline
P3_target_sub-3104,"[-70.79068595753405, 22.063930161055936, 13.764393541991767]","[-47.13596822341919, 64.15800006312084, 25.382471536389613]","[-69.60402558536656, 8.693716306832007, -33.89747824693188]","[-65.59341642123287, -15.639025086620686, 45.36889836017413]",P3,target,sub-3104,active,ses-baseline,run-baseline
P4_control_sub-4171,"[73.64601835762613, -22.529020613490868, -20.50555146723717]","[67.7953920651763, -47.78452048003498, 9.76374173386723]","[60.90511126182824, -32.70360459965545, -56.92431172836988]","[78.01549063990448, 16.119335488095512, -12.491394655517364]",P4,control,sub-4171,active,ses-baseline,run-baseline
P5_control_sub-5152,"[-69.17663664602843, 51.728828209668, 33.960058895082106]","[-37.47325415252127, 87.56486731216138, 46.66008961833708]","[-79.25356279082604, 48.07994165079579, -14.745342162006052]","[-66.74140060081275, 9.228253853959986, 59.64352062846444]",P5,control,sub-5152,active,ses-baseline,run-baseline
P2_control_sub-2235,"[74.20892079046843, -25.42539778312523, -2.490301474568183]","[65.44911663445392, -47.83397972205665, 29.339473892633258]","[66.30523711235959, -39.43558791737678, -39.04981979865552]","[77.71086415126092, 13.820909770008187, 2.4182307979839606]",P2,control,sub-2235,active,ses-baseline,run-baseline
P1_control_sub-1191,"[-48.4087144193634, -28.012555573883333, 61.034441478432164]","[-32.38014843124418, 24.19683281282237, 64.08965008040585]","[-72.74263865674565, -40.93917062718009, 15.38118475767984]","[-11.722673088948026, -64.69069607775526, 76.32676841151462]",P1,control,sub-1191,active,ses-baseline,run-baseline
P4_target_sub-4128,"[-70.7853782726229, 34.42077503075446, 36.9532831591776]","[-42.725816536303114, 72.19516307898208, 51.18383103727682]","[-74.47898536528504, 29.216151994063946, -12.55555445161029]","[-67.70649541855195, -7.403419986862673, 63.53204514861627]",P4,target,sub-4128,active,ses-baseline,run-baseline
P2_target_sub-2247,"[-22.921968958925067, -74.37083514484684, 46.29696553259447]","[-72.14852630778427, -35.72675882819564, 42.605524095384]","[-3.887091642105572, -91.18080274507062, -12.081032218192002]","[24.60903700907706, -45.30184241133706, 77.39178348075164]",P2,target,sub-2247,active,ses-baseline,run-baseline
P8_target_sub-8195,"[-46.33256916686397, 67.02168531047788, 71.4960092064632]","[-12.468508841487973, 86.29697029808379, 77.08851693002764]","[-57.36366481041243, 66.18561526731759, 33.586801698944846]","[-48.20989128025243, 31.723024936356687, 89.41182324487215]",P8,target,sub-8195,active,ses-baseline,run-baseline
P5_target_sub-5145,"[-53.935372212683866, 3.0968558054759896, 78.45043743495171]","[-41.07214368453969, 56.16181838511151, 74.50527361673795]","[-76.13176974313559, -17.301576380511055, 34.4793272827943]","[-14.840070948216862, -28.293148942507102, 97.15814553823836]",P5,target,sub-5145,active,ses-baseline,run-baseline
P1_control_sub-1189,"[-50.39821758456364, -36.518944336692336, 55.56298657358874]","[-35.10862479968845, 15.48835718642473, 61.101749491780545]","[-70.61642775860929, -46.82621762008537, 6.854350648026597]","[-12.21567252394791, -72.22688627100013, 68.61591412722511]",P1,control,sub-1189,active,ses-baseline,run-baseline
P5_control_sub-5139,"[-75.02619850952046, 40.982781558831796, 32.874179915441694]","[-45.817782605909734, 76.33801791126905, 51.39193655575987]","[-79.59443325737264, 39.77869202379265, -15.2141247784344]","[-75.92510731636533, -2.9862252767424864, 56.35366257128922]",P5,control,sub-5139,active,ses-baseline,run-baseline
P6_target_sub-6212,"[56.61974717121593, -74.97729230965314, -47.7550325505313]","[6.892208205379505, -104.60315590861208, -47.076137297392286]","[63.24599101990909, -39.638568876172556, -85.08705063806269]","[71.21521558836426, -54.86798094050106, 6.119630208967069]",P6,target,sub-6212,active,ses-baseline,run-baseline
P2_control_sub-2243,"[78.61591794392784, -22.5033582803879, -4.5728837029935505]","[68.43645028821294, -48.18375290782744, 24.049415612400466]","[68.4975138706971, -31.460205783024133, -42.09175415923282]","[80.42246237040364, 15.865216989575146, 5.186496779807105]",P2,control,sub-2243,active,ses-baseline,run-baseline
P3_target_sub-3187,"[-61.383658284467735, 25.364517163166937, 16.681727114646932]","[-29.13204493345774, 61.49156967218911, 27.791713846254844]","[-69.23967774738026, 18.40734707462383, -31.51279106923183]","[-57.69330494250797, -16.40551340736585, 43.43535457877103]",P3,target,sub-3187,active,ses-baseline,run-baseline
P2_control_sub-2231,"[76.16312685287507, -16.4633834550702, -0.9492364137597722]","[65.99154156902624, -40.11128836160325, 29.576759656070905]","[66.9694994029762, -27.748409084923388, -38.085434701196334]","[80.43973785089992, 22.183992804349295, 6.055878872261487]",P2,control,sub-2231,active,ses-baseline,run-baseline
P4_target_sub-4110,"[-74.35972245774667, 29.8630771375463, 18.090471340066202]","[-51.71377104396938, 67.55289847308384, 40.658085653819974]","[-75.83311874172627, 32.31009299332112, -28.788808191284595]","[-70.49998160584371, -14.695357329138922, 38.64668209374048]",P4,target,sub-4110,active,ses-baseline,run-baseline
P8_target_sub-8103,"[-51.99274447111217, 56.1577676991831, 42.57241747098857]","[-23.272462979156703, 83.08473775986837, 46.4908888514093]","[-61.710902931761886, 48.3109229954846, 5.007763097443563]","[-49.677452585029734, 24.13103561991124, 66.21276149252978]",P8,target,sub-8103,active,ses-baseline,run-baseline
P5_target_sub-5172,"[-52.78947399637363, -4.975586444392837, 44.193829740131896]","[-35.4635161025261, 46.720096107579884, 45.439787419581876]","[-71.30428067858522, -19.10753882496109, -3.4824025089407127]","[-16.59778800152019, -40.98084030974008, 62.459845020479186]",P5,target,sub-5172,active,ses-baseline,run-baseline
P3_control_sub-3126,"[49.435308532595464, -23.1237661416483, 73.70949938158793]","[49.802403802758086, -75.39173530005803, 59.57527272488683]","[69.74986011230838, 10.157607023441274, 36.429798612318095]","[2.198519356604955, -5.772008182088121, 93.3793625709566]",P3,control,sub-3126,active,ses-baseline,run-baseline
P1_target_sub-1137,"[77.49200771467427, -51.644687101102306, -17.0229257600418]","[67.37394881773602, -77.39217771565404, 11.357731829828676]","[69.83447316120223, -60.59229897802399, -55.160374880868346]","[83.68223757740105, -13.657790209516907, -7.09963392188557]",P1,target,sub-1137,active,ses-baseline,run-baseline
P1_control_sub-1175,"[-45.75734466298547, -21.833578936399302, 68.37556906358147]","[-29.308709961914275, 30.28960542512636, 68.03061307735781]","[-75.57509902726687, -37.37439265758263, 26.326749595861713]","[-8.667534757083452, -58.32694977607387, 83.35313620436264]",P1,control,sub-1175,active,ses-baseline,run-baseline
P3_control_sub-3178,"[59.0632572119841, -32.56841375056317, 55.26038932287227]","[56.624361413939866, -82.97155555559296, 36.57098267289031]","[77.45325109084625, 3.8124863963234903, 20.839342949034005]","[14.121268012078248, -15.54753211519618, 80.79272128686233]",P3,control,sub-3178,active,ses-baseline,run-baseline
P4_target_sub-4215,"[-64.7198862436422, 38.528370743797, 33.484768033286166]","[-36.411290912405114, 75.99600001775491, 49.2158922913317]","[-77.55526606166259, 38.53307093004516, -13.772476519633448]","[-59.785745224457855, -5.609248484107639, 55.70436896943819]",P4,target,sub-4215,active,ses-baseline,run-baseline
P2_control_sub-2211,"[82.79854441830487, -12.474512393880199, -6.696031116367983]","[75.9257611223039, -38.706271172673844, 22.75908457828536]","[75.70777692025197, -23.67397736550318, -44.38478298402001]","[82.53355784555811, 26.36765752829196, 2.0104702490033137]",P2,control,sub-2211,active,ses-baseline,run-baseline
P5_control_sub-5144,"[-69.51363484494466, 43.6680041421661, 44.39645794620833]","[-40.24110537308211, 80.20609771404435, 60.60601685845474]","[-77.6223627020265, 43.641971767955866, -4.546189594847749]","[-64.0788332029656, -0.9252530653134589, 65.58930225642703]",P5,control,sub-5144,active,ses-baseline,run-baseline
P1_control_sub-1126,"[-51.676720149609736, -18.310687457347566, 61.92675790390516]","[-35.6533206115815, 34.20037630484251, 61.45619764520123]","[-73.77841351923293, -34.99830832551471, 17.146525895837954]","[-17.1304285281932, -54.1964968459378, 83.21660461528961]",P1,control,sub-1126,active,ses-baseline,run-baseline
P5_target_sub-5163,"[-50.8841969476837, -0.08486812247021669, 57.047379183559535]","[-32.920408931277635, 51.7193294876688, 58.82067874664682]","[-75.62997340434276, -13.397457828662937, 11.580474735779596]","[-15.134568348082437, -37.447956931017046, 72.07201363111989]",P5,target,sub-5163,active,ses-baseline,run-baseline
P3_control_sub-3139,"[42.41929414956886, -29.924750460258863, 80.66046915936944]","[46.52424962832397, -80.32818306732058, 61.78107736055075]","[66.34206785234178, 7.821138869746177, 49.9554673324254]","[-7.8985313350480375, -15.503495918199478, 94.14414405503368]",P3,control,sub-3139,active,ses-baseline,run-baseline
P1_target_sub-1218,"[71.845712362708, -56.708668818794564, -15.122704729734366]","[64.22646556999833, -83.55364921749691, 13.19061221315606]","[60.440000667732306, -64.43517152959649, -52.27678340751296]","[76.41880953180626, -18.436742785584087, -4.7412490447217115]",P1,target,sub-1218,active,ses-baseline,run-baseline
P4_control_sub-4222,"[71.4814008749903, -35.160776875729, -2.317309360836912]","[57.76343566711204, -57.951396895846074, 26.743453486893454]","[64.5755498364575, -45.67258533638514, -39.91841040194197]","[77.5944736209686, 3.257485156107632, 5.494913146644895]",P4,control,sub-4222,active,ses-baseline,run-baseline
P2_target_sub-2230,"[-38.3090855026987, -68.5632310987301, 53.65023038219487]","[-78.3892343679157, -21.100749530477263, 42.07548077601274]","[-18.800830826340732, -91.74900523862058, -2.20567197316368]","[12.26053442828494, -43.05815892808008, 83.14968565413947]",P2,target,sub-2230,active,ses-baseline,run-baseline
P3_control_sub-3203,"[49.478098268015835, -27.400884629713463, 63.801683743127796]","[48.91983949770248, -79.58937736677771, 49.1690657752603]","[72.85009113759081, 5.583688973267678, 28.655863490985617]","[1.1850549478405548, -7.729131742578782, 79.1737841811131]",P3,control,sub-3203,active,ses-baseline,run-baseline
P4_target_sub-4216,"[-67.51398083972883, 34.8868847301302, 17.208365672494832]","[-39.92967934721519, 70.85738457063775, 36.11988750453171]","[-75.58912849916182, 37.82216447769837, -31.92792466123337]","[-60.32168026639912, -10.872169760212904, 35.16150182288312]",P4,target,sub-4216,active,ses-baseline,run-baseline
P1_control_sub-1188,"[-46.49357965788679, -34.581871393402366, 54.787503124203134]","[-34.226919539998036, 18.547117559775018, 54.09771737134265]","[-69.99870663816499, -50.353363674271996, 10.459705877818863]","[-4.734775078177515, -66.8457840896396, 67.3778736182665]",P1,control,sub-1188,active,ses-baseline,run-baseline
P4_control_sub-4173,"[71.58002223818914, -20.130467909473733, -23.666116881281166]","[62.32436943008076, -51.0095155163702, -0.5899654220587283]","[63.57915081121495, -22.02974305825486, -62.74473087662598]","[76.6467879206067, 15.635433174537596, -6.943696578089578]",P4,control,sub-4173,active,ses-baseline,run-baseline
P2_target_sub-2231,"[-17.88182269061433, -70.04593302072679, 49.6153514396863]","[-68.04474650764814, -34.755129464308226, 41.78967016331042]","[9.174284234945597, -76.04011654126981, -8.359718262203303]","[22.584688019223943, -37.174798894239345, 86.45768757233955]",P2,target,sub-2231,active,ses-baseline,run-baseline
P4_target_sub-4206,"[-70.11880043783266, 24.4031057960203, 21.06052077002683]","[-42.467478988830216, 60.29815527954957, 40.81675785766472]","[-76.32147649361129, 28.696725808259497, -28.135785954661298]","[-61.16717028873448, -21.72140728978386, 37.5087113623985]",P4,target,sub-4206,active,ses-baseline,run-baseline
P4_control_sub-4105,"[65.35183680868877, -30.080094772252966, 3.014104427576157]","[50.55282121253369, -53.62801528885782, 31.579661648701045]","[58.76994086785611, -39.50409149183497, -35.01583231148965]","[73.09960743530178, 7.935816521126318, 11.972033913642642]",P4,control,sub-4105,active,ses-baseline,run-baseline
P3_control_sub-3119,"[44.89199476465413, -25.864382018469797, 76.27624818327514]","[47.30067567909243, -77.15197036146209, 59.77303893326856]","[67.1630326279919, 9.261780820278803, 41.37890590516084]","[-5.588105234959659, -10.259407995733095, 88.34093943771322]",P3,control,sub-3119,active,ses-baseline,run-baseline
P3_control_sub-3186,"[56.97693626724976, -25.920543114888, 61.96302082277257]","[58.55207772504161, -77.27758843866971, 45.24507177824318]","[76.25072500272925, 10.564038648332403, 27.777145626577376]","[9.741339283136911, -11.602258282198497, 83.86426771868605]",P3,control,sub-3186,active,ses-baseline,run-baseline
P1_target_sub-1220,"[70.0979875577632, -67.56830412219726, -11.672302662391099]","[55.8421585658852, -89.61432336400915, 18.263755331003942]","[58.554792265916646, -76.08075696591018, -48.82840319762578]","[78.59664748519481, -29.680041269527084, -4.038104724769964]",P1,target,sub-1220,active,ses-baseline,run-baseline
P3_control_sub-3212,"[44.843019465470604, -29.740835801776736, 67.40921042186513]","[55.04416410297224, -80.40877587620533, 52.32354085155095]","[66.73664554537403, 9.33762338486935, 36.80033678965171]","[-6.860364047494187, -19.14290423604953, 79.50251182320154]",P3,control,sub-3212,active,ses-baseline,run-baseline
P5_control_sub-5103,"[-63.726366436348535, 41.277097984511606, 35.478432604322535]","[-40.17405375193692, 83.6213278390236, 44.71990481387097]","[-65.085579070016, 26.696972531278366, -12.239804271379567]","[-61.64236428371095, 5.415516668046366, 70.06452336740286]",P5,control,sub-5103,active,ses-baseline,run-baseline
P7_control_sub-7123,"[-47.19668206000503, -26.55506542901217, 60.854478186875575]","[-34.13756352683955, 26.388527010012687, 55.33171435595087]","[-73.79603535816888, -45.20996431096024, 19.819679542259635]","[-5.101395233770906, -58.40503557927393, 72.80476944744015]",P7,control,sub-7123,active,ses-baseline,run-baseline
P8_control_sub-8150,"[58.99367694968729, 0.3658306438468823, 80.33844404459519]","[63.98353377270775, -48.95551603875407, 60.579450548646996]","[68.34365422399654, 39.46207191843357, 43.9978503349333]","[11.138867580925018, 7.692548348520074, 104.45830773328926]",P8,control,sub-8150,active,ses-baseline,run-baseline
P3_control_sub-3144,"[50.37289551874523, -23.269039392018897, 66.10503584417127]","[53.796765753486426, -75.49145047958645, 52.76252484313308]","[70.10660115740487, 10.919516032438658, 28.752252834244064]","[0.8810175225031817, -8.819700506355677, 81.85443415148778]",P3,control,sub-3144,active,ses-baseline,run-baseline
P8_target_sub-8127,"[-50.22821916252153, 66.30037560378693, 64.6899259961736]","[-18.36262892086628, 87.97279734201682, 72.66624870411847]","[-64.45942723503116, 69.79621107516097, 27.70330183405643]","[-50.51767326792023, 29.637666657625996, 79.96472134355544]",P8,target,sub-8127,active,ses-baseline,run-baseline
P5_target_sub-5165,"[-53.70318493692863, 9.463080409793946, 52.6105792475156]","[-34.78773612428582, 60.954150051897955, 49.72980711163969]","[-79.49863491570558, -8.279982748175154, 8.647722914155171]","[-21.279507739273672, -26.87627316913702, 75.32279560597753]",P5,target,sub-5165,active,ses-baseline,run-baseline
P4_target_sub-4183,"[-71.54329711491476, 45.89139679735174, 36.54467980360601]","[-38.56000365479651, 80.09942061247693, 50.477200281685974]","[-79.04483268068026, 44.52229111676221, -12.091883321529444]","[-65.8736040396708, 0.9813551187477053, 57.435072478754535]",P4,target,sub-4183,active,ses-baseline,run-baseline
P1_control_sub-1221,"[-48.6918498589545, -18.240086753161364, 77.1742729909389]","[-34.48520461658162, 34.193113128308084, 73.9187130964395]","[-75.11762587559137, -35.85338913123522, 33.80552559668759]","[-8.543262495940821, -51.57047839756937, 91.97491827285525]",P1,control,sub-1221,active,ses-baseline,run-baseline
P8_control_sub-8163,"[57.07719878008023, 17.262295185403236, 96.03547617796306]","[60.836392261186056, -36.59790805545468, 90.05496778601379]","[75.48006909876042, 46.91542429117626, 54.43473829243294]","[9.428183860274743, 34.510997644844885, 115.26426851588467]",P8,control,sub-8163,active,ses-baseline,run-baseline
P6_control_sub-6206,"[-60.51483772494567, 7.84241610894514, 37.634345169718735]","[-32.06401117981673, 45.38300890118309, 52.726652105700744]","[-63.2536887659689, 2.6733322326866538, -10.843067580959108]","[-54.82648528543919, -35.018755822856, 61.81490145511658]",P6,control,sub-6206,active,ses-baseline,run-baseline
P4_control_sub-4138,"[74.26699209012027, -34.19410287858533, -25.9782851237659]","[63.473930457981886, -60.811240181723726, 0.5017415044138138]","[62.71122958760047, -39.17975486928366, -63.71899145022365]","[81.24615394831415, 2.706947440840324, -13.26040380945979]",P4,control,sub-4138,active,ses-baseline,run-baseline
P2_target_sub-2259,"[-23.886390118152864, -50.20614536777493, 73.407099453348]","[-57.23488956668796, 1.0597053858666223, 57.761016764595084]","[-19.282909095408613, -84.6077999925715, 19.669580858858]","[33.749668388992156, -27.87665108236946, 83.779642800867]",P2,target,sub-2259,active,ses-baseline,run-baseline
P3_control_sub-3112,"[51.444953461379896, -30.708743231834333, 69.17401308109993]","[51.730993886942, -82.32130676833208, 54.01293463067601]","[69.41607564272307, 3.5804587479704777, 31.00376444451462]","[2.8251144662023204, -14.49488353979582, 86.37551854629514]",P3,control,sub-3112,active,ses-baseline,run-baseline
P8_target_sub-8132,"[-54.76084312906033, 32.69584516314603, 81.1233029647437]","[-26.997997178542175, 59.61450760408997, 89.56482884570711]","[-70.00132327337501, 35.38854144887148, 44.54332744159872]","[-47.373951778813094, -4.487492863293209, 93.47998547912452]",P8,target,sub-8132,active,ses-baseline,run-baseline
P2_control_sub-2289,"[72.73753127670403, -20.333717253186368, 23.236624083978068]","[66.31567434866952, -43.63660611536495, 54.96315995994769]","[64.2182689650948, -34.22048619128456, -13.0876836786629]","[73.02475480961168, 19.047531484362917, 28.333035667490634]",P2,control,sub-2289,active,ses-baseline,run-baseline
P8_target_sub-8143,"[-47.12185025448972, 61.44819994124983, 65.36319967270913]","[-17.111872305701013, 86.46991174683573, 69.4436279532691]","[-59.64855380537663, 56.091267789349736, 27.972282870596832]","[-46.8606100393412, 29.15755133927756, 88.63367309687091]",P8,target,sub-8143,active,ses-baseline,run-baseline
P3_target_sub-3126,"[-63.76763618278514, 14.870287243618899, 38.41663712744403]","[-32.202237791624775, 51.13056386695128, 50.15694896504555]","[-74.12524961080727, 10.727619466926123, -10.02439687378758]","[-58.6079639838204, -27.855680460021905, 63.18210464481461]",P3,target,sub-3126,active,ses-baseline,run-baseline
P8_control_sub-8185,"[50.42573095930677, 8.643617067165977, 90.95223956712316]","[42.66035625572946, -42.35252312797561, 77.27724038869584]","[76.25294700011894, 37.605432192969324, 52.822621191018506]","[4.50229291251517, 33.14675956100641, 106.46764238136217]",P8,control,sub-8185,active,ses-baseline,run-baseline
P4_target_sub-4187,"[-74.91462967359071, 35.8650501546223, 12.7370936630951]","[-50.81238649423151, 76.15940108657678, 28.869827924440614]","[-77.59298927285434, 32.713547159733615, -36.64172434586982]","[-63.46058005444409, -7.043635864198319, 35.37314257699098]",P4,target,sub-4187,active,ses-baseline,run-baseline
P3_control_sub-3118,"[57.7315398594964, -32.33219422143683, 70.41779064781309]","[55.623388725070036, -80.55225871896211, 48.79579118411676]","[79.75326889251093, 4.829674462076487, 38.36285118474613]","[9.211887430960903, -15.984806822337369, 89.0384269971778]",P3,control,sub-3118,active,ses-baseline,run-baseline
P4_target_sub-4151,"[-70.1656214698897, 28.00119493775777, 32.8282618961367]","[-44.242168703656446, 65.66663023746392, 51.79086031742334]","[-76.68260656941422, 29.987537490820333, -16.102544500097093]","[-61.01078038757412, -17.430664884109508, 51.105328001683866]",P4,target,sub-4151,active,ses-baseline,run-baseline
P2_control_sub-2265,"[66.09922725863919, -41.4125856158025, -8.13191514492393]","[51.35241070210802, -61.6098805357158, 22.82993080164535]","[53.24699062303432, -51.29760602598666, -44.4604839653954]","[75.60917819397761, -3.484626543761395, -2.2937288460464673]",P2,control,sub-2265,active,ses-baseline,run-baseline
P8_target_sub-8163,"[-47.36797943642511, 66.1148136950755, 74.22315807473443]","[-14.997040763581658, 88.70381976743771, 78.05448559222948]","[-63.55188325094654, 65.5511366683955, 38.25591298492637]","[-47.26013945601383, 31.548523823399382, 94.06376396816172]",P8,target,sub-8163,active,ses-baseline,run-baseline
P3_target_sub-3174,"[-69.3883384260347, 10.167460985383796, 29.189022642288535]","[-42.72151410066906, 47.264280476873395, 48.4575152072702]","[-71.99858732987366, 10.693594478601673, -20.393519123552213]","[-63.49775804708053, -34.60912943465397, 49.928053930719564]",P3,target,sub-3174,active,ses-baseline,run-baseline
P7_control_sub-7126,"[-47.495890205876094, -28.042549613217968, 67.25809863978304]","[-32.56293526350012, 24.565171208385205, 64.61030434854491]","[-70.07954476176444, -45.76312420777619, 22.651981780319726]","[-8.408103592397989, -61.86622278276042, 83.27678532566836]",P7,control,sub-7126,active,ses-baseline,run-baseline
P3_target_sub-3162,"[-65.08942113866938, 13.637145117194466, 22.3674227660231]","[-34.96331517958854, 50.006188652141375, 36.79354059511992]","[-68.36952624305682, 9.295152570342385, -26.926520663089484]","[-60.17029056255646, -29.130889120977194, 46.86614670236731]",P3,target,sub-3162,active,ses-baseline,run-baseline
P3_control_sub-3189,"[48.9685874468949, -15.747144919482565, 85.53092816127933]","[54.21261431702252, -68.41307484974676, 73.93732966760709]","[72.42586963410814, 18.91178281629854, 50.70031881286782]","[-1.2313303389075279, -0.7907524141083556, 99.20684857162054]",P3,control,sub-3189,active,ses-baseline,run-baseline
P3_target_sub-3142,"[-65.14620316274016, 9.13414254667386, 17.903200004267465]","[-36.482784666359265, 47.03294373992406, 32.51621664460776]","[-69.28175994204936, 4.896907657309924, -31.220706998173934]","[-60.76674867149444, -33.585709246003255, 43.125106585679106]",P3,target,sub-3142,active,ses-baseline,run-baseline
P2_control_sub-2207,"[70.31880275067687, -33.356856512978, -0.920158006235264]","[58.46558211171663, -59.60651364204831, 26.642273195192423]","[61.943729405896065, -40.44021613867405, -39.16726863412819]","[75.7333703977651, 4.172214537707575, 10.318370030969252]",P2,control,sub-2207,active,ses-baseline,run-baseline
P2_target_sub-2281,"[-30.3365191318395, -45.083015545667735, 89.7969700054076]","[-64.15600608200474, 6.581914813048296, 76.06395523402433]","[-24.848237653189358, -80.94498767577063, 37.773600804427794]","[27.031139558963595, -25.776645684511063, 107.96408985602447]",P2,target,sub-2281,active,ses-baseline,run-baseline
P2_control_sub-2260,"[77.1651260297744, -18.8516440938967, -8.625265713092412]","[65.87836784639329, -45.588727260618924, 18.605245640973383]","[68.70389926939792, -25.986754171314065, -46.845003700853205]","[80.27461550773178, 19.071569961860586, 3.1108357946983425]",P2,control,sub-2260,active,ses-baseline,run-baseline
P4_control_sub-4164,"[75.76312968909517, -26.90005420944063, -2.9846495676827467]","[65.17287383390601, -54.61540041060574, 23.378006097180872]","[71.66212900944079, -34.56837861582114, -42.03313427081771]","[75.5960501579708, 11.026980012846192, 8.865696091659895]",P4,control,sub-4164,active,ses-baseline,run-baseline
P7_target_sub-7123,"[57.55136292670263, 30.031533082230066, 31.525436797510565]","[49.72767511108103, -4.79683886290695, 58.063748835462384]","[73.71308156757297, 18.96237234915655, -8.388483274009156]","[26.401221216326245, 61.983547398273515, 31.312682460391148]",P7,target,sub-7123,active,ses-baseline,run-baseline
P8_control_sub-8162,"[53.93725525615897, 18.812413312825864, 71.91192885294056]","[56.242965209805334, -34.62373393153219, 66.27143665856586]","[73.62965548193223, 47.56421402743309, 29.92420989283752]","[5.671210075933032, 37.013571458998804, 88.44968861505947]",P8,control,sub-8162,active,ses-baseline,run-baseline
P5_target_sub-5124,"[-51.1676841977032, 6.0768143565445, 73.30973986141267]","[-30.570831684911088, 56.806648111961415, 73.7935293042997]","[-74.41356880014038, -5.463939669967882, 27.49211177901411]","[-16.488073370529726, -33.0687387531067, 87.98566963671892]",P5,target,sub-5124,active,ses-baseline,run-baseline
P8_control_sub-8143,"[60.3688531756, 10.877762529150667, 90.13517871520169]","[62.921247105087254, -41.949551297825494, 82.07082711433415]","[75.32724466555042, 41.07586090768964, 47.58178648068681]","[13.239517650011525, 27.324699940152016, 110.61530936112241]",P8,control,sub-8143,active,ses-baseline,run-baseline
P4_control_sub-4207,"[67.18605873546069, -38.26755138429633, -1.19447427586446]","[52.44994147838481, -60.469886555472044, 28.417127671290793]","[58.49908154888532, -48.66719472534038, -38.73272021133106]","[71.90177804061359, 0.41528732534351537, 6.1677480462525365]",P4,control,sub-4207,active,ses-baseline,run-baseline
P2_target_sub-2236,"[-24.654994043711365, -80.1145295388012, 39.94175608817434]","[-71.57605683270725, -39.96965794949978, 29.495080789997743]","[2.387947323199842, -90.49219085554502, -17.547297414348698]","[17.353343037949653, -49.75303635105007, 75.98139372248765]",P2,target,sub-2236,active,ses-baseline,run-baseline
P7_control_sub-7115,"[-49.454575709129806, -18.929840221732732, 65.72983427334219]","[-34.32713398268875, 33.30331872038895, 60.173396200855024]","[-71.85891031511954, -39.009415834816785, 22.576675238013443]","[-11.492612341603436, -51.85053206769134, 84.83599018358504]",P7,control,sub-7115,active,ses-baseline,run-baseline
P8_target_sub-8150,"[-38.033652889905596, 45.4795311665771, 74.89465451381552]","[-4.4921227029265385, 65.75759809845383, 80.4973905322312]","[-53.819527532694316, 50.44448012586682, 38.913600644889094]","[-37.181949013256855, 7.636816524123606, 87.43233082593709]",P8,target,sub-8150,active,ses-baseline,run-baseline
P1_target_sub-1139,"[83.8760956665696, -45.12220067424523, -13.572313393426732]","[76.61585360438316, -68.7251757206472, 17.283792801794032]","[73.72677376707446, -56.96073246902834, -49.56103625440625]","[83.72914628910928, -6.36974775719301, -6.9142430547912355]",P1,target,sub-1139,active,ses-baseline,run-baseline
P3_target_sub-3173,"[-55.70447198684423, 26.240864462389567, 30.980685375289266]","[-22.95918725706496, 62.70583619129929, 37.04501042199474]","[-68.0034502745503, 16.012187901697946, -15.591931499899886]","[-52.45575353142449, -13.101547154686067, 61.64743821539546]",P3,target,sub-3173,active,ses-baseline,run-baseline
P3_control_sub-3206,"[57.499518216591525, -30.093422405321267, 53.417381371674026]","[60.79837018513803, -81.2759264258551, 34.55340796991977]","[74.76684057170333, 9.081289408111969, 19.595462796033882]","[10.808824251781088, -17.67541674915666, 77.29970402816097]",P3,control,sub-3206,active,ses-baseline,run-baseline
P3_target_sub-3144,"[-63.88154693185543, 10.44133227615008, 33.0390927780342]","[-32.58599066548336, 47.67630299995225, 43.01887327047975]","[-73.39047677976649, 4.997389685190187, -14.749742213050329]","[-55.81439002034092, -32.17587017636005, 57.504262441443224]",P3,target,sub-3144,active,ses-baseline,run-baseline
P1_target_sub-1203,"[74.05481820069633, -55.931987687995594, -10.764849455311525]","[63.11212004423337, -83.12533040833182, 15.669622049891448]","[65.69104164281808, -61.59466987007431, -48.475201361799584]","[81.16299597481706, -19.110350155924294, 1.657806443792789]",P1,target,sub-1203,active,ses-baseline,run-baseline
P5_control_sub-5136,"[-58.216343307578065, 45.85806750584563, 40.325266524453404]","[-21.449482482587978, 78.06691484878274, 48.25317382270621]","[-70.17533891270497, 39.14526183383751, -6.777790853307333]","[-59.33671712164491, 5.399442307001181, 69.19901792775731]",P5,control,sub-5136,active,ses-baseline,run-baseline
P5_control_sub-5156,"[-65.0413239857985, 29.319048281427968, 22.394256112238796]","[-49.2670110177698, 69.07703757700402, 46.75843817937766]","[-63.33353319126203, 29.90203256164215, -27.585501304117336]","[-67.19959879015882, -14.587077253933133, 45.908970284875146]",P5,control,sub-5156,active,ses-baseline,run-baseline
P3_target_sub-3188,"[-61.703687717397464, 15.414307046618902, 33.7963527121062]","[-31.620730548361724, 51.05435616972963, 51.03132611454706]","[-67.41618069086964, 13.902709489813171, -15.759365512734616]","[-61.450849709841656, -28.46515617294905, 57.46529639296834]",P3,target,sub-3188,active,ses-baseline,run-baseline
P1_target_sub-1189,"[72.47165579964133, -55.734511813121905, -15.124662205528134]","[63.694645522896394, -84.61570257766961, 9.969515629197375]","[70.53361216693183, -62.222486914863204, -54.31425061521497]","[77.62712125336576, -19.04260208034398, -1.706800678251303]",P1,target,sub-1189,active,ses-baseline,run-baseline
P1_target_sub-1144,"[79.57583784324233, -48.3508001426768, -8.270676931725177]","[70.31006570335305, -73.33756704570465, 21.156673115613444]","[76.27088313771642, -60.49045680107277, -46.16324455739511]","[80.32652373343188, -9.45846058098533, -0.9132034608367678]",P1,target,sub-1144,active,ses-baseline,run-baseline
P2_target_sub-2250,"[-25.8598663039788, -61.18246116169447, 30.14703656027163]","[-63.87932466363236, -14.520805910611454, 14.923084267512033]","[-11.157162786282045, -86.52656473006975, -26.805035130079492]","[27.201643441603988, -31.51978164679843, 47.296818200049614]",P2,target,sub-2250,active,ses-baseline,run-baseline
P3_target_sub-3172,"[-67.56816290282264, 20.66025980195427, 44.62876665285824]","[-40.18268433225705, 57.49626492669188, 63.92075465615045]","[-76.86209626421224, 22.206588512574314, -3.7809879599071308]","[-66.45346314029072, -23.598979008179263, 67.33822615989128]",P3,target,sub-3172,active,ses-baseline,run-baseline
P5_target_sub-5141,"[-38.009555721836904, 13.328598749605833, 83.67437009869188]","[-20.9253708250052, 64.7909915450114, 75.09936369242496]","[-68.21654760610875, -6.471766680710132, 45.85315889340875]","[-1.4494698679744926, -21.82372869943287, 103.10694983299067]",P5,target,sub-5141,active,ses-baseline,run-baseline
P1_control_sub-1193,"[-54.878799600486666, -31.32820823720017, 52.251875206771864]","[-41.82706938714524, 22.0106508341333, 54.90627766631823]","[-74.48583019063298, -45.737739853606996, 5.470953270958125]","[-15.97644541391724, -64.9146490070594, 68.23161757956956]",P1,control,sub-1193,active,ses-baseline,run-baseline
P3_control_sub-3134,"[52.50014098794793, -25.408744883199265, 63.188428299546864]","[55.7975718253759, -77.05177649834174, 48.45759630662865]","[68.72291335613858, 9.807115494733958, 25.405785302872538]","[3.6947858075129236, -11.293254417956646, 81.34463032968065]",P3,control,sub-3134,active,ses-baseline,run-baseline
P8_control_sub-8180,"[50.50506235482453, 21.601008731798164, 98.72880766473644]","[59.76022230641577, -30.22163401081217, 87.9569280522074]","[61.95915117190178, 55.25478469738069, 57.52557195515385]","[1.059005790313616, 31.775043206046185, 118.07253357519367]",P8,control,sub-8180,active,ses-baseline,run-baseline
P3_target_sub-3143,"[-62.97774686965966, 20.609467868548098, 12.301883632554533]","[-34.98073488970646, 60.35753071091511, 20.66793918692676]","[-68.58582234322138, 8.701897641240311, -34.738900063794794]","[-59.227995920756456, -17.54394728659364, 44.3696097571408]",P3,target,sub-3143,active,ses-baseline,run-baseline
P2_target_sub-2264,"[-19.964262461122832, -78.42438020522746, 45.773386479324564]","[-67.86770166437381, -38.95073781264193, 35.05776764389998]","[6.171209657060005, -90.83231299578331, -11.168103845460017]","[22.04835233472705, -46.22733032877096, 78.80370326194297]",P2,target,sub-2264,active,ses-baseline,run-baseline
P1_target_sub-1150,"[76.77304353833433, -49.91783735475377, -12.7455799853334]","[67.49798707633487, -73.20835010177669, 18.13759578778842]","[68.34956336002566, -62.814754592327645, -48.984250885198286]","[79.00643848377354, -10.665824724649468, -6.863917578725422]",P1,target,sub-1150,active,ses-baseline,run-baseline
P8_control_sub-8173,"[45.342231567173705, 14.515826722514433, 87.33719443604794]","[50.16251653609376, -37.80719543283308, 76.50411274135834]","[63.709650428401424, 46.32421657082615, 47.50872554776804]","[-5.117306424422547, 28.18930081109881, 101.51858637590229]",P8,control,sub-8173,active,ses-baseline,run-baseline
P3_control_sub-3158,"[44.6706020408752, -12.8873153120664, 74.24431666756921]","[52.82361032123332, -64.60316033135787, 60.08658277038034]","[63.94828533332963, 24.14856781373026, 39.23666298441749]","[-6.0805073241340155, -1.541195126518786, 89.56611371028201]",P3,control,sub-3158,active,ses-baseline,run-baseline
P3_target_sub-3177,"[-58.345698604698136, 8.515291814647776, 29.665037334852432]","[-27.97631554108706, 44.65931395943125, 44.64973431690828]","[-68.2062577369543, 8.422976642319194, -16.9283707005367]","[-51.05361951961239, -36.812838350865164, 48.91353225335055]",P3,target,sub-3177,active,ses-baseline,run-baseline
P7_control_sub-7105,"[-50.97999981427103, -30.51667392484063, 66.42380842048976]","[-40.475569423480245, 23.33403093254096, 65.77032883638157]","[-72.61347753488494, -48.295064138191826, 21.63488999280632]","[-8.99884948496045, -61.300826086017956, 80.55305712046109]",P7,control,sub-7105,active,ses-baseline,run-baseline
P4_target_sub-4122,"[-64.90297239308528, 47.72078420081237, 41.369432821035566]","[-36.229258217256515, 85.59931854299134, 55.19397920235428]","[-70.4117127948486, 40.156857136094715, -6.96123926538446]","[-66.76377256973376, 7.655323144227396, 70.63727727814486]",P4,target,sub-4122,active,ses-baseline,run-baseline
P1_control_sub-1223,"[-48.240205220777334, -36.689628974683835, 66.59219016040309]","[-35.430594145177935, 16.302584154878957, 68.07306783770768]","[-69.86473591130697, -50.852510711584586, 21.537498448594665]","[-7.240033706157351, -69.31820001557928, 78.78616263524363]",P1,control,sub-1223,active,ses-baseline,run-baseline
P2_target_sub-2262,"[-26.916282380244898, -67.38771599054628, 56.85475572266294]","[-71.10215096043311, -23.770058737658672, 47.288900745546215]","[-11.01011616946574, -92.35301561297803, 0.4441167549206607]","[23.867860881169452, -38.133236692414414, 80.341604549918]",P2,target,sub-2262,active,ses-baseline,run-baseline
P5_target_sub-5139,"[-53.52373567919333, -10.8922985698264, 79.59329781931517]","[-37.09207606140157, 41.38949067986974, 82.70922067143798]","[-81.7580987798758, -21.409289077696915, 36.30887422870814]","[-13.63128187809342, -46.38987130245357, 86.4454401525165]",P5,target,sub-5139,active,ses-baseline,run-baseline
P1_target_sub-1198,"[68.48418003069683, -59.26227703957414, -8.77209164531113]","[55.508586861605565, -82.68354241184205, 20.677509163649297]","[61.443787101619876, -70.41631500456174, -46.01457100520544]","[71.28955130355709, -20.224658947593497, -1.3916511035450203]",P1,target,sub-1198,active,ses-baseline,run-baseline
P1_control_sub-1211,"[-49.401712152204105, -26.219978236116933, 59.76687593078094]","[-28.25712062187343, 24.053729999010734, 62.77484935843686]","[-78.38796589164043, -35.38969322766953, 15.913735444490534]","[-16.372305311372454, -67.06233476375552, 73.47607179337041]",P1,control,sub-1211,active,ses-baseline,run-baseline
P2_target_sub-2224,"[-18.6289162508067, -70.84395990916529, 71.07098960914023]","[-71.07998321247636, -38.831683269757356, 58.34420763873885]","[8.469331926003349, -90.51514098224473, 16.26902002149367]","[21.923959283940885, -33.675389742504734, 102.50629936433256]",P2,target,sub-2224,active,ses-baseline,run-baseline
P5_control_sub-5106,"[-67.44063609560624, 33.40758504356187, 45.059086832377666]","[-44.825870504714565, 75.00526043527893, 58.03761199711523]","[-72.35924015214813, 25.074590439035944, -3.7482799606460757]","[-65.36193304665495, -5.717364193984417, 75.56513802294629]",P5,control,sub-5106,active,ses-baseline,run-baseline
P1_control_sub-1133,"[-51.53173413956457, -30.024157404396465, 49.40313343575317]","[-42.29136750143639, 24.126157908419344, 50.252222527419285]","[-72.71632770093007, -47.032763706087536, 3.884832052804561]","[-8.900932547711728, -59.568406079352286, 63.22074291983279]",P1,control,sub-1133,active,ses-baseline,run-baseline
P8_control_sub-8170,"[45.9884949788596, -8.392637298358027, 101.04447244498499]","[43.58833192670548, -59.25143114562876, 84.03631394637638]","[64.7129744892761, 24.162650884485902, 62.4814998969808]","[-3.045577969032463, 9.17334917334904, 115.84095185197158]",P8,control,sub-8170,active,ses-baseline,run-baseline
P4_control_sub-4141,"[72.00071643535152, -23.817225060117067, 6.170876141344091]","[61.954897781069555, -47.57724591164941, 36.510884069275185]","[62.02966605723235, -34.77333759579203, -30.67310514287468]","[75.00914927774217, 15.057072608010921, 13.184202985113291]",P4,control,sub-4141,active,ses-baseline,run-baseline
P4_control_sub-4109,"[74.77981576319327, -9.419806970686935, -11.989785357767067]","[70.53452310676828, -39.31178108628781, 14.135694218380925]","[66.56160258357421, -15.93773053695963, -50.52140263396063]","[73.49218914528848, 27.857853662311122, 1.3596417320446121]",P4,control,sub-4109,active,ses-baseline,run-baseline
P4_target_sub-4201,"[-69.647609405558, 35.17476226848944, 27.29274953313897]","[-42.4265381675719, 73.67677013163558, 43.097996501722406]","[-74.41405945816093, 32.52940416407272, -15.438765151140508]","[-66.17761698290794, -7.4965340504191795, 52.926731471201585]",P4,target,sub-4201,active,ses-baseline,run-baseline
P5_control_sub-5105,"[-55.831599073181366, 60.3260162200691, 17.2482482502979]","[-19.377653244561884, 93.23866496517468, 24.5953816276425]","[-71.37002065568615, 55.701273212778815, -29.02461961586779]","[-53.975797247809744, 18.510500820256166, 44.018227237876594]",P5,control,sub-5105,active,ses-baseline,run-baseline
P4_target_sub-4104,"[-73.9114940576091, 48.93054604906194, 28.6916305156297]","[-44.80059486233365, 85.85229095289232, 44.258360160675316]","[-75.28521573818662, 42.54733709829539, -19.901131043596497]","[-73.29683553370919, 7.037188252434359, 55.10150362279697]",P4,target,sub-4104,active,ses-baseline,run-baseline
P1_control_sub-1130,"[-50.78925618247047, -37.913510702307896, 70.81992864195324]","[-36.72487514122536, 14.376760276691437, 78.21727413161923]","[-74.10603924454132, -47.76217010968375, 23.956925435115085]","[-11.706757290756812, -73.29092718025552, 81.90794431702001]",P1,control,sub-1130,active,ses-baseline,run-baseline
P6_target_sub-6213,"[51.79202504058183, -69.5346774617271, -28.542924091657635]","[2.131382031788504, -98.74101692522032, -26.82023267350264]","[57.70570608341266, -29.110658109187085, -72.1327382239844]","[72.72285511172271, -53.935031602352424, 24.615414487905298]",P6,target,sub-6213,active,ses-baseline,run-baseline
P7_target_sub-7120,"[45.83315568402023, 41.29641144111113, 47.14936003830354]","[35.21955419529261, 3.614042786289213, 68.50859412439462]","[70.89420953535748, 35.18074832803506, 10.691063739481145]","[12.252611074416631, 69.88202235614139, 41.72584714679043]",P7,target,sub-7120,active,ses-baseline,run-baseline
P2_target_sub-2219,"[-22.60222480671453, -70.7321660408394, 46.772288089994596]","[-66.25368495899146, -25.379612118904262, 46.02692674879404]","[-7.488423162240989, -86.22465766274729, -13.786379515489829]","[29.05859603610366, -49.35837019249241, 76.5094856986666]",P2,target,sub-2219,active,ses-baseline,run-baseline
P4_control_sub-4146,"[59.70189414037244, -36.425957761009606, -13.3918004968221]","[48.870570597141885, -61.49620520428478, 15.676336636156478]","[47.67747434584799, -43.514594730555665, -50.70580212677408]","[69.13228859012547, 0.9535181994015265, -3.8971692911317346]",P4,control,sub-4146,active,ses-baseline,run-baseline
P2_control_sub-2261,"[69.312758506119, -32.61617958528577, -14.224310227440567]","[57.93965550944474, -55.29908009618428, 16.458461659950586]","[60.646436956898896, -44.667984288308006, -51.11192259474071]","[73.73041228177233, 6.400367147013872, -8.03367698354949]",P2,control,sub-2261,active,ses-baseline,run-baseline
P1_target_sub-1147,"[72.4315157714385, -59.6321173997896, 8.71948322942016]","[56.975410791214635, -82.99493238476224, 36.93826070506497]","[65.75813260445489, -68.89159910426456, -29.279054601494117]","[77.42247862367118, -21.23696945459791, 17.503696665103035]",P1,target,sub-1147,active,ses-baseline,run-baseline
P2_control_sub-2279,"[69.58574295815481, -31.17494321780367, -4.199870591316031]","[59.92281158628772, -57.39366390692983, 24.31056484900446]","[63.51037216745118, -39.69969740925144, -40.881674637075804]","[77.5820213277862, 5.932770700667652, 5.688668685100681]",P2,control,sub-2279,active,ses-baseline,run-baseline
P1_control_sub-1141,"[-49.77607060483143, -40.53553188934307, 71.27100904619466]","[-40.47369810188247, 13.396685636892503, 72.68677988685076]","[-70.33936466004825, -57.18510405638211, 25.16634381656598]","[-6.70543629703713, -70.2067411894867, 84.11765368198199]",P1,control,sub-1141,active,ses-baseline,run-baseline
P5_target_sub-5151,"[-54.2305533298495, 7.673382529329057, 82.45581068912627]","[-38.31736206731131, 60.13050117992925, 81.62184235211781]","[-77.56084126660434, -8.56613257489545, 37.265889155197684]","[-17.03521430891596, -27.67035868356681, 100.01738838134831]",P5,target,sub-5151,active,ses-baseline,run-baseline
P2_target_sub-2289,"[-20.4744017010152, -63.328375974108006, 85.32813402178307]","[-64.02774661118156, -20.628506514870114, 74.04155703015311]","[-3.1430803923222386, -86.54494456214638, 27.988508621523543]","[29.15099329347564, -31.785321962651608, 108.26347724985065]",P2,target,sub-2289,active,ses-baseline,run-baseline
P4_control_sub-4176,"[67.89343742290093, -26.03981599348857, -1.5128310564706275]","[58.043898337503876, -49.39282590571864, 28.89841285733941]","[58.6235209578345, -37.49933339184595, -38.522439711870476]","[72.54084585688658, 12.847470739925633, 5.399807704540506]",P4,control,sub-4176,active,ses-baseline,run-baseline
P4_control_sub-4186,"[74.18822266419589, -29.126869429690235, -22.8802021944698]","[62.60463008991523, -56.14286479403587, 3.740607469451277]","[62.59752150166884, -34.316546163280776, -60.33664822864464]","[78.18934796407336, 8.24464285059639, -10.363785881964853]",P4,control,sub-4186,active,ses-baseline,run-baseline
P2_control_sub-2255,"[69.37647294713854, -25.840943635762965, 18.6351557552454]","[58.5979936501964, -48.63333642604239, 49.36931713589319]","[62.93647768974518, -38.87981403850482, -18.48318819279867]","[71.99231501491144, 12.895601905593038, 24.486036791073374]",P2,control,sub-2255,active,ses-baseline,run-baseline
P2_target_sub-2239,"[-33.6911488686656, -59.030415056179066, 53.19335397059459]","[-61.10095954792948, -4.415647800547385, 37.005805986979766]","[-19.754780213724523, -88.21626986638694, -2.0367722047718266]","[21.62902294010167, -41.41674094400036, 77.42889016821853]",P2,target,sub-2239,active,ses-baseline,run-baseline
P4_control_sub-4126,"[65.93679057706267, -32.57083531447396, -2.53323417411132]","[53.54792730111069, -59.84663325070784, 23.256761132730876]","[58.26423710910221, -37.36771372673873, -41.12261873255846]","[74.45179935497423, 3.8218567891180015, 10.433628689515116]",P4,control,sub-4126,active,ses-baseline,run-baseline
P1_target_sub-1135,"[73.4669682351571, -55.873826928871665, -10.780992750210865]","[64.09416854284696, -82.68830868607745, 16.963787665313227]","[61.81819901112528, -62.762057101439055, -48.139429693093895]","[75.41274978204696, -17.706035398828497, 0.7194548004348805]",P1,target,sub-1135,active,ses-baseline,run-baseline
P2_target_sub-2209,"[-20.971374769578432, -60.15781600147417, 75.35034314707754]","[-67.885547618381, -20.12480463980287, 62.5967030934428]","[0.39988325819584836, -85.39930943341056, 21.33046615023993]","[25.556854257072327, -29.51343025036994, 106.50242232600527]",P2,target,sub-2209,active,ses-baseline,run-baseline
P4_control_sub-4162,"[68.72923567567393, -42.32573141895876, -24.969135250306767]","[51.15777724152916, -69.14620915053014, -1.3570349584764343]","[58.205920789261434, -42.17747763673403, -63.236703083526926]","[77.71963935417344, -7.307878727114059, -8.83450750215148]",P4,control,sub-4162,active,ses-baseline,run-baseline
P5_control_sub-5114,"[-61.527341305050804, 36.95460727454553, 23.905931174910336]","[-29.68492593404092, 71.94235949053753, 38.523883851807355]","[-65.83199359287397, 33.44188921606468, -25.473414383260106]","[-59.50879729421912, -6.551566944710377, 48.05605572118799]",P5,control,sub-5114,active,ses-baseline,run-baseline
P8_target_sub-8133,"[-53.2824372092475, 43.0270758014876, 82.81792853833254]","[-26.791380447780742, 70.90910092420565, 90.9965594334333]","[-70.33807585440388, 45.2618645923264, 47.31455753318438]","[-46.05909110350385, 6.343199253461009, 96.39696374081024]",P8,target,sub-8133,active,ses-baseline,run-baseline
P4_target_sub-4167,"[-72.4104949002186, 36.511357303570264, 19.05200797046507]","[-47.030293359621325, 75.86900301754122, 34.847065629920095]","[-74.64974645003234, 30.84310705973216, -30.51577368624108]","[-69.74131440113634, -5.202651889975713, 46.24403078948623]",P4,target,sub-4167,active,ses-baseline,run-baseline
P8_control_sub-8132,"[56.89503259359034, -8.602826212373854, 91.37587701734685]","[56.79303445428268, -58.95295657476256, 73.55522233981345]","[75.02997050164264, 28.2053905018594, 55.69234369140985]","[10.06139413409698, 6.345829650709808, 114.22002160323741]",P8,control,sub-8132,active,ses-baseline,run-baseline
P4_control_sub-4149,"[62.966188214579866, -35.6021090505906, -8.698073597339848]","[53.1498922101023, -59.97900256750236, 21.011188552836842]","[51.005914078068955, -45.20354529686084, -45.36475544743272]","[64.79368398904565, 3.2902975705105604, -0.10834690437414618]",P4,control,sub-4149,active,ses-baseline,run-baseline
P2_target_sub-2244,"[-18.826554680527835, -70.58343560257619, 55.000483020493334]","[-64.00897096689864, -29.05481839719088, 43.62979740736794]","[1.3672436375315002, -91.27478051518675, -1.612598008882304]","[28.75406073687008, -38.292800633447285, 80.74512611102585]",P2,target,sub-2244,active,ses-baseline,run-baseline
P1_target_sub-1163,"[77.55652530580205, -57.95435245780137, -26.7333829208964]","[63.73759185851571, -85.85566510024705, -2.5318904228732246]","[69.79859465514473, -60.86153621096861, -65.67934512697867]","[84.12903889199337, -22.094181264125726, -11.580874332914398]",P1,target,sub-1163,active,ses-baseline,run-baseline
P5_control_sub-5123,"[-64.02630004016883, 30.491015144803, 25.8205052843619]","[-43.627679170477826, 71.33366051988682, 43.82171875106043]","[-68.07080848395562, 27.592679587688803, -23.78630167012319]","[-60.12603057457758, -11.889810161172612, 51.732014756257556]",P5,control,sub-5123,active,ses-baseline,run-baseline
P3_control_sub-3106,"[53.8727469428081, -24.6770275059054, 67.4578693345733]","[55.32511228028144, -76.52637218213455, 51.62089964098702]","[72.19434400899291, 10.577361275559149, 30.087451270068122]","[5.147780294853651, -10.018149098966909, 86.0049514015336]",P3,control,sub-3106,active,ses-baseline,run-baseline
P1_target_sub-1171,"[83.82734787230841, -54.44126820824676, -15.566993879817133]","[74.38288554936385, -83.828214810717, 9.147848180317503]","[76.58593290935576, -58.79020198875976, -54.55556756576878]","[86.7939863431179, -17.634741611969286, -1.047430078838599]",P1,target,sub-1171,active,ses-baseline,run-baseline
P3_control_sub-3195,"[57.265993999155, -9.833598119443373, 73.4057859508283]","[63.99238894658605, -61.4734252637539, 59.93624743758059]","[76.30345789455312, 26.92951335697626, 38.172029034528585]","[9.455226048571024, 2.635963466085356, 95.30888697348274]",P3,control,sub-3195,active,ses-baseline,run-baseline
P6_target_sub-6138,"[54.742203711018796, -70.63117051998961, -28.4202459842537]","[8.213127969502992, -104.47451508544246, -30.249455431630725]","[61.015815369516766, -30.152514157109536, -72.23916917088702]","[71.72717385345878, -54.659050789546086, 26.38934777712284]",P6,target,sub-6138,active,ses-baseline,run-baseline
P8_control_sub-8149,"[62.393057488403066, -5.588122023967363, 98.3894269027226]","[53.27213200534881, -57.31063292070261, 85.7598414307731]","[84.41060496184407, 23.859223512850686, 58.237746811342745]","[20.03811654974929, 18.9734032416795, 120.89819291110852]",P8,control,sub-8149,active,ses-baseline,run-baseline
P2_control_sub-2022,"[69.99605971394159, -27.962036975171568, 16.940914899762365]","[57.886278014521594, -45.71265868794831, 50.45405508110033]","[56.77386000533947, -42.56585592791986, -17.754865437035225]","[76.87417277272714, 10.985597045423974, 18.240511748790166]",P2,control,sub-2022,active,ses-baseline,run-baseline
P4_control_sub-4102,"[69.62669080655026, -26.390072061561998, 6.126159688922379]","[63.24881084143701, -48.957513150153225, 33.52651056624702]","[59.80028468156078, -36.68857474960919, -31.099926346374115]","[71.68364133267782, 12.292497325788233, 14.555349829809098]",P4,control,sub-4102,active,ses-baseline,run-baseline
P8_control_sub-8151,"[51.158406859137074, 11.463462763990435, 79.31758807289157]","[50.163191751772665, -41.40896561520407, 67.93861482415227]","[63.542710231908025, 42.20475081609695, 36.526874186855046]","[4.21773561589008, 28.105748344985475, 100.25863169507183]",P8,control,sub-8151,active,ses-baseline,run-baseline
P1_target_sub-1177,"[75.98363350835302, -56.45221991369914, -5.738884786984216]","[65.99372748942399, -82.5325445050852, 22.750204546947163]","[67.00184334908215, -64.89045116859526, -43.597739756567016]","[80.43641650475888, -18.360272243204, 4.4215110706917935]",P1,target,sub-1177,active,ses-baseline,run-baseline
P1_control_sub-1220,"[-46.7832784716093, -24.16614268313663, 63.39567684580967]","[-29.655088314992017, 27.80768926891448, 61.518099401392995]","[-75.41258805213955, -38.87046203714141, 21.843508541411705]","[-8.713416649887378, -61.0020377729315, 76.71493706584428]",P1,control,sub-1220,active,ses-baseline,run-baseline
P1_control_sub-1173,"[-47.34748107170743, -15.351075345803366, 66.69918123380444]","[-29.644149127149845, 36.55851466944932, 68.44253178043365]","[-76.3683661852543, -28.048205253285975, 23.81757162924099]","[-11.189006436169928, -53.644770890741256, 80.32463125419602]",P1,control,sub-1173,active,ses-baseline,run-baseline
P4_control_sub-4101,"[74.03079482803453, -23.296151110179903, 8.257178007180604]","[65.2793270297281, -45.24615090387697, 40.24106701269254]","[64.1694008999737, -37.187903184570814, -27.72282725967215]","[76.93052771760559, 15.99443794090723, 12.775778454256594]",P4,control,sub-4101,active,ses-baseline,run-baseline
P1_target_sub-1213,"[81.33811295492497, -56.54433986952393, -7.919745660452167]","[69.27315265865597, -82.29728624093268, 19.828340672088352]","[73.48007412923167, -64.5065487185818, -45.84697720041542]","[85.32773257513394, -18.742565571562363, 2.538367846636905]",P1,target,sub-1213,active,ses-baseline,run-baseline
P1_target_sub-1127,"[77.49818262062011, -53.28886881873846, -3.68225372008022]","[64.08652415549913, -78.68091561553449, 23.450816698811185]","[71.87165740340724, -61.68847826974234, -41.89517344517554]","[81.03541994558432, -15.040168464139713, 6.60222055560216]",P1,target,sub-1127,active,ses-baseline,run-baseline
P3_control_sub-3176,"[47.726817205727336, -26.9863617067623, 80.3119604729038]","[46.93298267220633, -78.74735540439669, 65.23926957776077]","[71.16748239020829, 6.4239995971474615, 44.900538783134536]","[0.1486167238412215, -8.544050880001464, 97.59680528298043]",P3,control,sub-3176,active,ses-baseline,run-baseline
P1_control_sub-1121,"[-50.46983929404296, -32.0575913728556, 69.40063972138444]","[-39.101558531912055, 21.382876833752576, 73.31606038515423]","[-70.24589174790465, -45.92300860160221, 22.873350874133152]","[-10.090875303429362, -65.4160181625406, 82.75517858155439]",P1,control,sub-1121,active,ses-baseline,run-baseline
P5_control_sub-5133,"[-68.18999818726166, 45.390829759868836, 49.37664120424356]","[-45.645808588866345, 83.48557469534924, 71.56659303258148]","[-76.48771770713797, 48.60203098966972, 0.9096555459537414]","[-64.0501641699232, 0.09471487075730112, 69.66048981395053]",P5,control,sub-5133,active,ses-baseline,run-baseline
P1_target_sub-1194,"[76.7192180685094, -47.00306326146847, -20.711571916868802]","[70.15357469860636, -71.49056583492658, 10.051860369051463]","[68.37373206413216, -59.151672598355134, -57.52012004511792]","[83.95034026005429, -8.664314790459125, -14.05503483445822]",P1,target,sub-1194,active,ses-baseline,run-baseline
P6_target_sub-6214,"[64.35177950947686, -66.81393628865753, -44.073735544372305]","[18.495548375514858, -103.13633035433897, -43.13054764609579]","[60.74938797059109, -22.851026776161614, -84.19500484981046]","[81.57071068009047, -50.289777012273696, 10.452888279200641]",P6,target,sub-6214,active,ses-baseline,run-baseline
P5_control_sub-5172,"[-60.171937935554865, 33.48022320723837, 21.541491440523263]","[-28.52451103030309, 68.62750567723434, 36.301542954228125]","[-70.51154608513743, 33.26724309826933, -26.507271107576855]","[-54.837417392853745, -11.35986895319835, 42.32113380466426]",P5,control,sub-5172,active,ses-baseline,run-baseline
P3_control_sub-3167,"[49.39034565188277, -32.68061882658937, 66.05694660640317]","[49.90578033712929, -83.81782497069351, 50.34966450760391]","[69.63593231900359, 1.7640895837483743, 29.582742676962877]","[0.7899619825525523, -16.253583432275704, 83.0388705721202]",P3,control,sub-3167,active,ses-baseline,run-baseline
P6_control_sub-6202,"[-60.14628393192523, 19.9412662706725, 37.998301253661204]","[-30.535320888420785, 56.738125038390464, 52.94752974773528]","[-66.89843670103926, 15.118559568871094, -11.117803916531093]","[-61.630533410482094, -21.66580497357056, 65.46620772750896]",P6,control,sub-6202,active,ses-baseline,run-baseline
P4_control_sub-4185,"[72.20565921946174, -13.931878619585667, -33.30059541328603]","[65.42390726966363, -44.17402707764755, -9.90387857500816]","[64.69196707898715, -17.381786584898904, -70.63384172328672]","[69.81403330546532, 22.26293359726132, -17.99396513731824]",P4,control,sub-4185,active,ses-baseline,run-baseline
P5_target_sub-5126,"[-38.2711925484353, -22.408310495776334, 71.98960771166747]","[-34.200897287999524, 32.19995322890466, 69.2497965115419]","[-64.12453885898947, -42.53618896447262, 29.37849055688925]","[9.712214412726784, -45.537915935990426, 77.08978131990209]",P5,target,sub-5126,active,ses-baseline,run-baseline
P8_target_sub-8141,"[-66.33685855350656, 62.3696664028671, 55.23156133817144]","[-40.86221253871043, 91.78825049289699, 62.32368430039898]","[-78.91277081934032, 59.5354248638879, 17.720050881100423]","[-60.17466558241922, 27.81463980981515, 74.31471451104184]",P8,target,sub-8141,active,ses-baseline,run-baseline
P3_target_sub-3138,"[-68.90394490759451, 1.3318143328282774, 29.5783809458084]","[-40.818339667046885, 38.395752956135816, 45.8986991407085]","[-69.19720361245739, -3.2986833271775433, -20.196863897922995]","[-65.61705970381595, -41.33178113407475, 54.3482952637507]",P3,target,sub-3138,active,ses-baseline,run-baseline
P4_control_sub-4184,"[67.88792850914463, -26.74304443373367, -12.4364887274524]","[55.5022580716273, -52.130499942694755, 15.492730154683983]","[56.741932498739, -33.45309474535653, -49.999361071180935]","[73.58476560012056, 10.964212793828585, -1.797138541235686]",P4,control,sub-4184,active,ses-baseline,run-baseline
P4_control_sub-4120,"[71.35252351524146, -22.498607352289834, -3.7585154115859534]","[60.90492704801243, -48.012546753522074, 24.830862667708004]","[64.87100372622257, -32.39007352093748, -41.83087032081928]","[75.0517790142902, 15.961932924587792, 5.413990667539276]",P4,control,sub-4120,active,ses-baseline,run-baseline
P5_target_sub-5001,"[-48.43784340075266, -1.3801534328313256, 65.00385637547663]","[-29.432273565156635, 49.854554903784475, 65.23255200325869]","[-70.59637535336417, -14.954054026783073, 18.612804661297623]","[-13.120802069242087, -38.797365725308566, 81.48240986253042]",P5,target,sub-5001,active,ses-baseline,run-baseline
P2_control_sub-2267,"[78.67358915250436, -32.45314071469763, 1.578892342347947]","[68.24195675263829, -56.2773358596355, 31.86904766398572]","[66.79152735603351, -42.04959444834456, -35.278841124093084]","[83.95961342749257, 6.00411555693122, 9.087716126012335]",P2,control,sub-2267,active,ses-baseline,run-baseline
P8_control_sub-8109,"[44.128838205340934, 19.994375761053302, 90.61480815792443]","[46.559516838393264, -32.90473001853341, 81.59535415407848]","[66.83752826794677, 51.02476670792342, 51.939051478964515]","[-5.556679065479574, 36.82387384944152, 103.47798102500687]",P8,control,sub-8109,active,ses-baseline,run-baseline
P5_target_sub-5150,"[-48.848835914868836, -11.514056354260134, 83.4831107198778]","[-34.2939929907117, 40.996501098613926, 87.87338664894266]","[-74.82992807040682, -22.56778607920576, 38.94100176610146]","[-9.389983342481068, -46.38414494713196, 92.78354642074316]",P5,target,sub-5150,active,ses-baseline,run-baseline
P4_target_sub-4140,"[-73.09387400756036, 41.276422789807405, 31.6777088355049]","[-44.98089299755977, 78.3198027591973, 48.7369747847424]","[-75.98073694615401, 38.976153350475876, -17.94937030221411]","[-66.72774352842745, -2.578344816372616, 53.890955590165355]",P4,target,sub-4140,active,ses-baseline,run-baseline
P5_control_sub-5158,"[-62.44560748067273, 46.548874553123504, 16.2064786691399]","[-26.220208829292314, 78.69173996042873, 26.439411596357196]","[-70.92164289053045, 39.69276097201444, -32.31784636935332]","[-64.94517669266847, 6.058402079168056, 45.0410116617493]",P5,control,sub-5158,active,ses-baseline,run-baseline
P2_control_sub-2212,"[75.20601994229942, -19.609018990951338, -3.734550746617883]","[62.622589621606544, -43.961246126348115, 25.303018808974176]","[67.74686178936678, -29.498020198863035, -41.71789189608353]","[78.84753198459642, 18.858554005978803, 4.647451150169346]",P2,control,sub-2212,active,ses-baseline,run-baseline
P4_control_sub-4193,"[68.72316838319416, -17.533950188740434, -6.158641561599173]","[59.82636283041306, -44.54327648754717, 21.145382142272403]","[64.61250015037234, -26.61272714141747, -44.71635693373891]","[68.97409484364161, 20.714141314629853, 4.221899766678908]",P4,control,sub-4193,active,ses-baseline,run-baseline
P8_target_sub-8144,"[-47.47420998880447, 46.54498382265356, 69.04432879845977]","[-19.09966563253615, 72.88751877799042, 77.02335120763662]","[-63.58249111650081, 47.96657554274084, 32.99169903289498]","[-45.170740530057, 10.723579450205275, 86.46915582919355]",P8,target,sub-8144,active,ses-baseline,run-baseline
P8_target_sub-8123,"[-37.2671441901326, 41.45669419686697, 86.3720247280362]","[-0.8589887949053816, 55.815559474238135, 92.85088999058867]","[-57.860776284576254, 58.807109225621396, 57.25559631969133]","[-41.564912029659205, 1.9145920138665469, 89.90674557201024]",P8,target,sub-8123,active,ses-baseline,run-baseline
P5_target_sub-5132,"[-44.85651621203004, 3.0213298186032502, 68.004055404559]","[-26.32367438605958, 54.483968482517135, 67.57316968609236]","[-70.95568573614516, -10.63888361247731, 24.33728913267941]","[-8.325759035483387, -34.46491064450226, 81.90071106698726]",P5,target,sub-5132,active,ses-baseline,run-baseline
P2_control_sub-2275,"[73.77500208785936, -15.180964735051333, -16.1585197114912]","[66.88914215990854, -43.90376827035273, 10.550074970876386]","[66.58325143197558, -22.029552172235906, -54.80679734550104]","[76.70669640395548, 22.304180022861892, -3.5241340697130656]",P2,control,sub-2275,active,ses-baseline,run-baseline
P8_target_sub-8136,"[-43.9055171235826, 72.38973576689666, 81.9204683801903]","[-9.8349172752445, 90.1619617335624, 90.36950358494349]","[-52.908589102389804, 73.61289443021062, 43.515435764334725]","[-49.3195388010475, 36.82577019222913, 98.67138770230976]",P8,target,sub-8136,active,ses-baseline,run-baseline
P4_control_sub-4116,"[64.20905817938872, -36.55609429286657, -17.79514757432747]","[51.403489268121035, -62.39483020481829, 9.67103804852337]","[54.46603861088233, -41.64320466414398, -51.7108500802685]","[71.2829706029523, -0.24794055893840472, -6.432248512196383]",P4,control,sub-4116,active,ses-baseline,run-baseline
P1_control_sub-1139,"[-47.83647173962367, -31.3346961287713, 70.97526015800598]","[-31.037514706630844, 20.27856483356649, 63.502228501327835]","[-78.60227215018735, -49.43060526819244, 31.759970648135866]","[-7.293263549346495, -65.3267175960451, 82.85280649182445]",P1,control,sub-1139,active,ses-baseline,run-baseline
P3_target_sub-3108,"[-59.132156381747244, 14.168483445961668, 44.98298403819237]","[-26.73026003277502, 49.75306304666242, 56.41244804028445]","[-69.89966579358126, 12.452373183472096, -2.293422918580481]","[-50.181395706493646, -30.761259630573452, 64.53892294997425]",P3,target,sub-3108,active,ses-baseline,run-baseline
P4_target_sub-4141,"[-76.19392396299463, 36.13587044848103, 36.84162432121693]","[-51.46000423671168, 76.49144121366736, 49.83623813873875]","[-77.66188091253314, 29.21809884907079, -11.253842069490458]","[-69.90856480531585, -4.270328036503223, 64.89647118682797]",P4,target,sub-4141,active,ses-baseline,run-baseline
P5_target_sub-5108,"[-48.88427216568573, 8.414152426483117, 65.32042309093197]","[-34.63942883016698, 60.91794213118751, 59.33610749289106]","[-70.33183723131611, -12.456937233102625, 21.89715898100615]","[-11.017385486458307, -23.471664923198556, 85.96854000107602]",P5,target,sub-5108,active,ses-baseline,run-baseline
P7_target_sub-7103,"[51.90718335819741, 36.233182058940635, 30.6402239355824]","[40.37246573632088, 1.1438929492755086, 55.68111258540099]","[70.52112909259368, 24.274811811782865, -7.97047412459515]","[19.663249196699528, 65.7378935781609, 25.463371549911873]",P7,target,sub-7103,active,ses-baseline,run-baseline
P8_target_sub-8161,"[-59.15137430715436, 44.39398702696703, 61.4717542890653]","[-29.915744450480847, 67.40721806590089, 74.02947250521325]","[-70.95284029870095, 49.97911829169688, 24.13416570812134]","[-59.69738943802315, 6.9568768379697525, 74.86656464080198]",P8,target,sub-8161,active,ses-baseline,run-baseline
P8_target_sub-8116,"[-54.25203342997687, 59.5345264889878, 44.5539578428102]","[-23.34230003674302, 82.56968542915517, 54.113023104554124]","[-67.29683968567898, 62.9098491242265, 7.791718690932553]","[-54.999028514940676, 22.72047873215949, 60.13200355070691]",P8,target,sub-8116,active,ses-baseline,run-baseline
P2_control_sub-2237,"[71.00929284101174, -32.13988167456134, 15.949540749859532]","[60.22915181010864, -52.522881841969955, 48.46408584812777]","[60.819243598809315, -46.36740527260634, -19.831424570826783]","[77.98272394439476, 6.622886845099809, 19.301395681057137]",P2,control,sub-2237,active,ses-baseline,run-baseline
P4_target_sub-4156,"[-73.35997948762383, 44.16620456917957, 24.12664210282293]","[-44.08510568114778, 81.11170846225407, 39.959365773274385]","[-78.71059715427708, 41.74653633929715, -24.87747096054468]","[-68.04616745417323, 0.38924906360992695, 47.2446305745024]",P4,target,sub-4156,active,ses-baseline,run-baseline
P3_control_sub-3161,"[52.967905500341494, -28.67369115509007, 65.7977492884333]","[48.237789167065685, -80.37415461981944, 51.51287572581956]","[72.28827838279395, 3.3855299872600053, 26.547435558341654]","[7.065570432747085, -8.929559549605823, 85.15163997799733]",P3,control,sub-3161,active,ses-baseline,run-baseline
P8_target_sub-8140,"[-43.28468603025593, 62.9633456753616, 75.10375766796206]","[-12.67515298578246, 87.26307103160208, 82.20428558198067]","[-60.19764655754083, 65.01410503768383, 39.27150410072519]","[-43.982179553589766, 27.71870897365479, 93.74964100240939]",P8,target,sub-8140,active,ses-baseline,run-baseline
P1_control_sub-1179,"[-47.5479376478546, -25.590119193016733, 71.9020988127359]","[-29.006850349770318, 25.475788966629608, 75.7754145054861]","[-74.24282386327071, -36.18481227023018, 27.18168009428678]","[-11.693869887495588, -64.3378074231077, 84.42715533205772]",P1,control,sub-1179,active,ses-baseline,run-baseline
P4_target_sub-4117,"[-67.00389205168119, 34.29640423893093, 38.2203336456494]","[-40.29011517064979, 71.02820553481064, 57.632594430579374]","[-68.44741868334577, 33.62235374439535, -11.63677528759087]","[-66.13666683464025, -9.807929516771289, 61.26583580476433]",P4,target,sub-4117,active,ses-baseline,run-baseline
P3_control_sub-3187,"[55.50364107805964, -20.520211327417833, 54.1931193626192]","[56.539980200158816, -73.55749122884849, 42.585662054783796]","[73.95622151280806, 12.339932143591826, 14.798447709184193]","[8.02029236337067, -4.051782392437383, 73.4565820981445]",P3,control,sub-3187,active,ses-baseline,run-baseline
P3_target_sub-3111,"[-69.88725813634773, 15.574062052984466, 0.6382430240114456]","[-42.53991196836065, 55.25178310416833, 12.062504399056355]","[-69.50992749464815, 4.125384055594878, -48.058103931876985]","[-67.27922465698008, -23.228025670824177, 31.539530553085413]",P3,target,sub-3111,active,ses-baseline,run-baseline
P4_target_sub-4202,"[-66.2394774068452, 60.24281492714507, 44.23926252841477]","[-33.57758633382383, 95.80685577333631, 55.01994178597253]","[-77.45045085683851, 54.77536357361474, -3.903173445210314]","[-63.521977538918925, 18.593537850145815, 71.20457174892657]",P4,target,sub-4202,active,ses-baseline,run-baseline
P2_target_sub-2275,"[-20.360711184588833, -73.70225303662296, 39.033834985667966]","[-66.83043768031642, -32.43107549600549, 34.83056547814797]","[1.6756183981140353, -83.07663458457979, -20.377225486172556]","[25.274101196541327, -45.02390911975211, 72.17135434227214]",P2,target,sub-2275,active,ses-baseline,run-baseline
P4_control_sub-4147,"[66.3019556970268, -38.5896473995703, -20.9361892857134]","[48.54494922043316, -64.54080913688267, 3.0790732563366774]","[60.047712654425794, -42.155867119901295, -59.834643458008]","[72.17503185257235, -1.9301546536775716, -6.453850945823]",P4,control,sub-4147,active,ses-baseline,run-baseline
P5_target_sub-5160,"[-37.970685230060866, -11.721905581312368, 77.35011104919757]","[-28.396009423133695, 42.00658702727703, 76.4520018832067]","[-63.805871848352076, -29.43683578424174, 34.44444889081751]","[6.221599966518317, -41.025568519775554, 86.50086373956303]",P5,target,sub-5160,active,ses-baseline,run-baseline
P3_control_sub-3214,"[58.6091307007596, -33.329350333846136, 65.88306935140227]","[54.186304532615665, -84.91746984070302, 48.78070280010535]","[77.97777785322089, 1.3331576279785553, 29.689536581451772]","[14.39689455270587, -13.934629961624525, 90.32479450593802]",P3,control,sub-3214,active,ses-baseline,run-baseline
P1_target_sub-1154,"[69.43167519934373, -50.53795449048883, 1.7576840388225412]","[61.40833367766352, -74.34665548828193, 31.751154069703357]","[64.9908583002658, -60.30019288148293, -28.72521402558239]","[73.38420759685837, -13.68878824233764, 8.051372402381416]",P1,target,sub-1154,active,ses-baseline,run-baseline
P1_target_sub-1175,"[77.58922271719526, -52.2714568269026, -10.963026562293335]","[72.12340951454475, -78.28298671567829, 18.702773608507513]","[70.06891101384325, -63.26389705181833, -48.460755730234304]","[80.99789111777508, -14.316875827451181, -2.740190515408672]",P1,target,sub-1175,active,ses-baseline,run-baseline
P4_target_sub-4170,"[-65.15694937066169, 39.279018324518034, 28.52281774212427]","[-35.98285487797137, 74.80849230994251, 45.36730843109228]","[-69.03952209700782, 36.52746036691965, -18.360165697087602]","[-66.97583535314662, -3.85899981534438, 53.530085095915894]",P4,target,sub-4170,active,ses-baseline,run-baseline
P8_target_sub-8169,"[-47.43011433398497, 55.2831591407261, 58.5911158777129]","[-17.886944775194657, 80.50638395844155, 63.608971053895694]","[-60.3650053904305, 52.09028439018664, 21.25067541837701]","[-45.17717551817928, 20.999439624530634, 78.85557968519501]",P8,target,sub-8169,active,ses-baseline,run-baseline
P8_target_sub-8128,"[-47.20916957761193, 62.6270422301124, 74.0777437977576]","[-12.789370407137492, 80.64817475619154, 80.61056741539446]","[-61.650759502552205, 66.54960844933875, 37.366205932982425]","[-52.08060091012516, 27.020082677714676, 91.30862592994517]",P8,target,sub-8128,active,ses-baseline,run-baseline
P4_control_sub-4161,"[66.68375689306754, -34.14561120309774, -19.602277143015634]","[56.10107231858584, -61.7543304003887, 6.647368667794225]","[56.30408243349376, -38.97749570842278, -57.614683210665355]","[71.80054117628752, 2.9807321178368396, -6.672943554305542]",P4,control,sub-4161,active,ses-baseline,run-baseline
P3_control_sub-3120,"[43.7380942307852, -11.677501803263965, 68.67767040824117]","[48.4770230858316, -64.69513498392993, 58.99009090626171]","[65.88496612504245, 21.01616804335682, 31.134673782654048]","[-5.331689909468537, 3.7433261997866056, 82.32560088473241]",P3,control,sub-3120,active,ses-baseline,run-baseline
P4_control_sub-4128,"[69.15694223046783, -28.761685314999767, 0.768061155921187]","[57.911240618795084, -52.67884158955893, 29.874499785436196]","[57.61479069598587, -37.47762693164479, -36.392539695001474]","[74.12446274697278, 9.548913202903817, 9.83216034708472]",P4,control,sub-4128,active,ses-baseline,run-baseline
P3_control_sub-3138,"[47.967264549780964, -48.83850284897894, 74.23780884746152]","[37.90383297914209, -96.82597179415694, 53.56864630468355]","[73.19109738072876, -16.906083522003733, 38.65977261736123]","[2.193838501587158, -25.136907138971598, 90.24944749185761]",P3,control,sub-3138,active,ses-baseline,run-baseline
P3_control_sub-3127,"[46.65348564012003, -45.07478484200607, 71.15793507590608]","[47.50637366862244, -92.85945860648465, 47.06082547999605]","[70.49236340560138, -5.478069798574918, 43.03137860997254]","[-2.641394352149598, -29.953654598817096, 87.55826879208428]",P3,control,sub-3127,active,ses-baseline,run-baseline
P5_target_sub-5105,"[-39.214143678538505, 15.339720154969067, 55.22129950401867]","[-19.281937914165773, 65.74088624241436, 48.75026925424192]","[-70.21644491215949, -0.6598631768035942, 15.154259444872771]","[-3.299276059466255, -22.33860868257458, 69.73072212773766]",P5,target,sub-5105,active,ses-baseline,run-baseline
P8_control_sub-8104,"[48.38974173929273, 6.344042724463524, 91.69158662514194]","[42.88280863937917, -46.497914118670565, 82.87799084452675]","[72.20745545610733, 32.72927896662332, 50.67470700413016]","[1.598192505439807, 29.73452979249789, 105.26620020632765]",P8,control,sub-8104,active,ses-baseline,run-baseline
P8_control_sub-8159,"[55.67115624559633, -1.3351441274392666, 84.15357928448363]","[55.30339587188665, -52.583296589385625, 68.66738645675412]","[78.70080105393853, 33.34221974485828, 49.44957851507895]","[7.374890983781455, 15.94811177381584, 102.51081222487326]",P8,control,sub-8159,active,ses-baseline,run-baseline
P4_target_sub-4189,"[-66.01830802195553, 47.1590466702857, 29.555291892223067]","[-34.477750198442514, 82.58349529085045, 44.58308425034133]","[-70.04417086724446, 44.01865517026569, -19.399652203757416]","[-61.57084207022742, 3.245638924528917, 52.352307414707354]",P4,target,sub-4189,active,ses-baseline,run-baseline
P8_target_sub-8166,"[-39.041009379581766, 50.6118323259039, 92.86682281109739]","[-9.009370455554071, 76.23528165778248, 97.43672600992598]","[-57.71524467639593, 51.060144821844425, 57.91978325361914]","[-37.86214823040746, 15.954687883538593, 112.66801610388548]",P8,target,sub-8166,active,ses-baseline,run-baseline
P3_target_sub-3114,"[-64.95650754951153, 26.708797600831335, 20.868846202171536]","[-34.32224096358291, 63.0055692725878, 35.57031652167138]","[-73.32054232533133, 23.738127696624385, -27.67300092878769]","[-63.335731718869724, -16.318522326279957, 46.01082364229447]",P3,target,sub-3114,active,ses-baseline,run-baseline
P1_control_sub-1228,"[-47.50914707892357, -22.48796802581603, 41.009538910722874]","[-25.586311838018265, 27.647208114814116, 39.06128003732239]","[-74.13197923911976, -34.817344413897565, -2.171129829001819]","[-13.09196365948151, -61.949577650744075, 54.62985317033024]",P1,control,sub-1228,active,ses-baseline,run-baseline
P5_control_sub-5127,"[-65.42175087995113, 42.93285071410313, 38.39180951559133]","[-40.844743241486576, 83.11041490348882, 51.86143784064233]","[-69.93179471941566, 36.22703644724877, -10.645472988403426]","[-60.76124498134244, 2.0254606321484707, 66.2782784049318]",P5,control,sub-5127,active,ses-baseline,run-baseline
P8_target_sub-8187,"[-49.69188970030143, 47.093192146540865, 71.27299636603374]","[-19.349278917349867, 71.75273246234872, 76.20678148952581]","[-64.24519597626382, 46.55814608425609, 34.43726495152603]","[-45.57765810093101, 11.260714703685258, 88.0274425195532]",P8,target,sub-8187,active,ses-baseline,run-baseline
P3_target_sub-3121,"[-71.23185216982777, 20.568620195994367, 12.367195609897232]","[-46.76914581462813, 59.89493161332815, 29.337797546599397]","[-74.43800844644468, 18.651705847045516, -35.925265170321836]","[-63.65517664566305, -22.167818002936933, 36.21838737419184]",P3,target,sub-3121,active,ses-baseline,run-baseline
P8_control_sub-8137,"[48.24732516989877, -5.495507949658477, 82.75060257834242]","[50.958134020396436, -53.924257931407155, 58.8814370936916]","[65.85428473806655, 35.73408742586243, 52.00048041983561]","[-0.5347603712180009, 4.81926011334043, 102.98126238392027]",P8,control,sub-8137,active,ses-baseline,run-baseline
P2_target_sub-2215,"[-30.553459437422035, -66.5051891605333, 63.196611353225194]","[-68.3721332279433, -18.01536131063745, 51.88678785147387]","[-15.767313627025489, -92.40517508298836, 6.8551556627398265]","[21.89007512447191, -42.28382646710094, 88.21776463798332]",P2,target,sub-2215,active,ses-baseline,run-baseline
P4_target_sub-4176,"[-68.24227658530818, 47.9967582966527, 29.682864201940035]","[-40.57491168291515, 86.93578402068508, 42.260475959071876]","[-73.35678069035013, 40.639674410886236, -15.000788448730287]","[-64.00182844981246, 7.229740464855945, 57.81810259555699]",P4,target,sub-4176,active,ses-baseline,run-baseline
P2_target_sub-2251,"[-26.355852772363964, -72.55236662799487, 57.30043529823367]","[-62.287304790329216, -20.186448557933744, 60.217453635596236]","[-15.511147276751704, -86.26868426529289, -4.844983500068309]","[28.623383612418507, -59.3502917234426, 86.30224158211577]",P2,target,sub-2251,active,ses-baseline,run-baseline
P8_target_sub-8139,"[-40.4765352882822, 51.19735193383187, 72.0652873504197]","[-9.643379429718, 75.17467249765184, 78.01958806304017]","[-55.20315748300117, 51.60969188055713, 35.1365330567331]","[-39.32178107509337, 15.68029447903822, 89.88278572046889]",P8,target,sub-8139,active,ses-baseline,run-baseline
P8_control_sub-8118,"[55.78598348566516, -0.8124763026875943, 89.9561582116559]","[47.76810331648254, -52.48468793503147, 77.10366369421553]","[77.62765531443037, 29.027908682877747, 50.63518330520195]","[12.138053328778238, 23.2112332809392, 110.61572998706755]",P8,control,sub-8118,active,ses-baseline,run-baseline
P8_control_sub-8108,"[53.90296867772583, 0.9279051534325339, 93.55204953778282]","[58.3468804867041, -49.09716041461264, 73.68341224443762]","[74.79288863164085, 40.57565669002962, 62.67911638839119]","[4.733572034485333, 13.02456091241315, 112.90068561160102]",P8,control,sub-8108,active,ses-baseline,run-baseline
P1_target_sub-1152,"[65.33649146997963, -58.7473491810139, -4.423062284253017]","[57.15278662853615, -83.95222064708565, 25.201275098976073]","[53.98600823455801, -68.15681502985926, -41.41191600709252]","[71.84930658682468, -20.46959127733701, 4.393197168442473]",P1,target,sub-1152,active,ses-baseline,run-baseline
P3_target_sub-3203,"[-63.81131451427766, 25.739239902810397, 21.795890319043366]","[-36.857299245230685, 64.03195974683081, 37.54669037997278]","[-71.83398127582947, 21.958317029623796, -26.97733198483105]","[-61.890471256440655, -16.3453579863599, 47.7790045292932]",P3,target,sub-3203,active,ses-baseline,run-baseline
P1_control_sub-1187,"[-46.555577234184135, -21.59203192680577, 61.07765700328113]","[-29.298339749586443, 30.09976009999518, 56.4732739225211]","[-78.44635991949961, -38.66336657171792, 22.51585985326707]","[-10.433595503317024, -58.08272545380884, 78.38579197308292]",P1,control,sub-1187,active,ses-baseline,run-baseline
P7_control_sub-7120,"[-50.44939102061954, -14.977219453605668, 61.14079928230376]","[-35.76841544705914, 37.46412237879515, 55.99051843117552]","[-75.44883253976687, -34.081624693055524, 18.767420674058727]","[-11.053248098821916, -48.18121000967926, 77.92282309520611]",P7,control,sub-7120,active,ses-baseline,run-baseline
P2_control_sub-2214,"[77.18838632685545, -30.470865626399668, -4.057718388384408]","[68.7026542486638, -57.44805497243809, 23.815513296000535]","[66.07064568270562, -37.542704347562285, -41.566852057978174]","[79.43580336105443, 7.14639072950016, 7.3498037489871875]",P2,control,sub-2214,active,ses-baseline,run-baseline
P8_control_sub-8164,"[49.58632794041613, 8.65461101483158, 107.35539729184268]","[58.89197207795582, -41.447235666280264, 92.9909556421885]","[65.66701804081778, 45.354024422317096, 70.91924891132024]","[-2.6781252724413966, 16.53357268908393, 119.74083607519671]",P8,control,sub-8164,active,ses-baseline,run-baseline
P5_control_sub-5147,"[-64.04082609907199, 37.28151101031737, 32.50680921730564]","[-39.96799890490236, 76.23929282489526, 51.53098909281846]","[-70.91856075220963, 37.18809153085122, -16.58014724611255]","[-60.37578733604881, -6.820471401531682, 55.454928751488865]",P5,control,sub-5147,active,ses-baseline,run-baseline
P4_target_sub-4173,"[-64.31883308322601, 43.186067526720535, 41.62151762423273]","[-33.4469718020723, 75.2704987694264, 61.20353957251749]","[-76.22127209778084, 51.23212250042588, -5.695163303360641]","[-58.362987278625695, -4.528625654906551, 54.69930512270683]",P4,target,sub-4173,active,ses-baseline,run-baseline
P5_control_sub-5128,"[-70.56898343833502, 48.56420553382916, 3.3096202987391963]","[-44.80601899961812, 88.15726659831724, 18.543371220907876]","[-77.36340454833041, 43.54339407549882, -45.37629342380233]","[-69.38187047983774, 7.532219603585707, 31.56615680521307]",P5,control,sub-5128,active,ses-baseline,run-baseline
P4_target_sub-4198,"[-72.36860066402166, 37.32495705061607, 27.877445236253934]","[-43.88184653645787, 73.90202541902305, 45.21481258455099]","[-76.25585268983106, 36.80349997572574, -21.680081275383813]","[-67.27281988001829, -7.385393679146197, 49.653238010630716]",P4,target,sub-4198,active,ses-baseline,run-baseline
P5_control_sub-5142,"[-67.76106462394976, 50.27782342611033, 23.443178893607996]","[-39.61645514657099, 89.59698678289381, 34.42043230768001]","[-69.02768140484588, 37.66532746964233, -24.984684450163186]","[-66.6593435369911, 13.964976534928116, 53.961103319389764]",P5,control,sub-5142,active,ses-baseline,run-baseline
P7_target_sub-7122,"[46.82931721532003, 28.826022347495336, 58.954649682542765]","[38.895942190048025, -9.474753485935757, 80.00275679119218]","[68.53176626761413, 25.325963256726734, 20.02551972886291]","[14.246404858358316, 58.36949621586949, 59.61723596665058]",P7,target,sub-7122,active,ses-baseline,run-baseline
P8_control_sub-8144,"[53.07624981291784, -1.382087697880813, 84.79615135530007]","[53.43290346937608, -52.945461021628866, 71.73209712327188]","[71.77852895304382, 32.152328229181656, 46.47027206340161]","[6.08259957979503, 15.214103586355, 105.17098155187684]",P8,control,sub-8144,active,ses-baseline,run-baseline
P7_control_sub-7114,"[-41.25739113106033, -33.43949153961183, 66.51756823329893]","[-31.083635496414992, 19.986361190057902, 61.332368516935794]","[-65.99705412120436, -53.474822121700775, 24.107101926517803]","[2.336083463003253, -62.2631162686214, 78.47231793029835]",P7,control,sub-7114,active,ses-baseline,run-baseline
P8_control_sub-8160,"[48.8140370220556, 0.887452076671334, 92.76101262108936]","[53.23605118622668, -50.82988028207912, 79.02902678191418]","[66.08375105134814, 35.86734501210164, 55.09954512283548]","[-0.05218108027739671, 14.717498545707194, 111.31562035867194]",P8,control,sub-8160,active,ses-baseline,run-baseline
P1_control_sub-1129,"[-48.6442426951246, -6.043815900227801, 67.41469004790962]","[-30.271542867675794, 44.80208677073613, 57.70927235613328]","[-72.01900983247668, -27.18878003399901, 25.42923921253416]","[-11.164934922342296, -39.72438749423141, 86.76634442992592]",P1,control,sub-1129,active,ses-baseline,run-baseline
P2_control_sub-2266,"[75.47432176428033, -32.6186143823386, -0.9724960917365308]","[64.61190516855815, -54.838075554408, 30.057394719491764]","[63.40125627715193, -43.41986268205393, -37.37358079119855]","[82.43037901677916, 5.822882100130725, 5.08761737943613]",P2,control,sub-2266,active,ses-baseline,run-baseline
P8_target_sub-8162,"[-44.566596058780796, 61.72561343469577, 53.2468047787978]","[-14.659448015476324, 87.64473736601484, 55.048367081325814]","[-63.108544938500536, 58.92055816942013, 18.354125565732325]","[-40.403178962114865, 27.75193722462654, 73.82484408109373]",P8,target,sub-8162,active,ses-baseline,run-baseline
P2_target_sub-2277,"[-17.370743097768933, -54.81807848868357, 83.46181217684061]","[-60.64425822870454, -12.978373796743789, 68.30817296116922]","[-3.6615734924801715, -86.92541947935852, 30.07548947558672]","[33.98258923585824, -20.586217855496702, 97.59974297023578]",P2,target,sub-2277,active,ses-baseline,run-baseline
P4_target_sub-4200,"[-67.3289232964741, 30.899080476002798, 24.259089963337868]","[-42.68975278150598, 70.24437702482936, 41.34337137017631]","[-67.68112687201767, 25.863875421659948, -25.315520579072118]","[-64.2282435952341, -11.250718455477196, 50.47302926500767]",P4,target,sub-4200,active,ses-baseline,run-baseline
P4_control_sub-4192,"[67.35014917484408, -28.73229191360373, -24.1377810145821]","[58.35142197103004, -57.122732859860385, 1.4616759370930648]","[57.73115785571172, -33.683659980605505, -62.44932993104461]","[70.21603572286007, 8.523886484132694, -10.349098333283518]",P4,control,sub-4192,active,ses-baseline,run-baseline
P2_control_sub-2229,"[78.65450824012616, -21.989235173816635, -19.228511345031635]","[69.66630799452803, -48.689025918831575, 8.881973249353106]","[71.26035630722312, -31.055442426279676, -57.37442422107915]","[78.52486090842513, 16.496861492364953, -9.193312819865778]",P2,control,sub-2229,active,ses-baseline,run-baseline
P5_target_sub-5117,"[-46.846505238993565, 10.31827463254009, 87.48035364191377]","[-32.82784436143713, 62.35667084876368, 76.88898478467793]","[-73.3685585341109, -12.396335149686433, 48.287379602523174]","[-6.150152614953737, -20.51890027367629, 104.75386540728147]",P5,target,sub-5117,active,ses-baseline,run-baseline
P2_control_sub-2247,"[71.4616950084624, -37.3629112807688, -12.518833016869001]","[59.702250748296265, -62.443763398509006, 15.711777421296121]","[55.40807612772372, -41.30618051205618, -48.16700677320289]","[82.15442619211754, -0.9875223991690729, -1.2946028154454128]",P2,control,sub-2247,active,ses-baseline,run-baseline
P4_control_sub-4145,"[70.73106946262958, -35.204015585660635, -12.126403361664332]","[56.557331679075986, -61.1073120126302, 14.026024521656996]","[61.275739436231866, -39.79848913334472, -50.23788888031695]","[77.30174194907931, 1.7357847356748968, 0.8366231992140152]",P4,control,sub-4145,active,ses-baseline,run-baseline
P5_control_sub-5153,"[-61.344828044029235, 47.5682409793576, 30.01990709402273]","[-31.05084365843041, 85.7383397867517, 38.85081400161322]","[-69.04454543228843, 36.4424772826842, -17.736516615550418]","[-59.77325821097494, 9.075842957891993, 61.810486367526906]",P5,control,sub-5153,active,ses-baseline,run-baseline
P3_control_sub-3188,"[52.87952998351827, -35.0638293582276, 70.49042578964637]","[50.28097881913101, -85.29008712884469, 51.19686129884152]","[72.0339499502408, 1.4987096559859543, 35.217613282336984]","[6.451072980941058, -18.587574795639238, 91.3019056715161]",P3,control,sub-3188,active,ses-baseline,run-baseline
P4_target_sub-4192,"[-63.739191049902466, 25.291655405549097, 24.4746640635957]","[-35.28352271635921, 62.130383363802494, 41.80632227634059]","[-73.25769158773738, 27.797554491938694, -24.121371655603113]","[-55.10768060413478, -20.278678252727524, 42.62506088003791]",P4,target,sub-4192,active,ses-baseline,run-baseline
P8_control_sub-8124,"[53.61572269153407, -17.27878771867727, 72.9461450291414]","[50.13877066674589, -64.69593316337402, 47.28973995933418]","[75.98991586779493, 22.931468609145437, 43.80783493301695]","[7.119497931459769, -2.192995183184417, 95.64342887752841]",P8,control,sub-8124,active,ses-baseline,run-baseline
P7_control_sub-7107,"[-47.071646040128364, -32.0988363513493, 73.16435908520934]","[-31.692292610092064, 20.449363865596425, 74.24137518154349]","[-73.09384259689688, -44.88879698439498, 30.48028248259043]","[-7.197370556596358, -67.5190853171393, 82.89070767068003]",P7,control,sub-7107,active,ses-baseline,run-baseline
P4_control_sub-4140,"[71.4009314685165, -27.88248583604843, -11.086414469223753]","[59.58528541788109, -54.332816980039645, 16.2230002831448]","[65.683680073351, -36.0585227970912, -49.648216552996644]","[74.94207888673323, 10.23533524818356, -0.11697110011992319]",P4,control,sub-4140,active,ses-baseline,run-baseline
P2_target_sub-2249,"[-20.583348545484, -67.40973199802465, 61.22329934770567]","[-68.83582082749813, -30.57103186223359, 45.48786008037949]","[6.929591941417174, -84.60987359985074, 6.186358553942622]","[21.30178641454457, -30.331151843950465, 91.45389126575868]",P2,target,sub-2249,active,ses-baseline,run-baseline
P2_target_sub-2280,"[-26.330887280775002, -64.30635402771097, 60.6990279731965]","[-68.11216835868626, -19.07606047095336, 53.078677664895025]","[-10.973914626967792, -82.00094955840291, 1.0926062174495736]","[25.57506969770748, -34.39319441192045, 80.98836960632893]",P2,target,sub-2280,active,ses-baseline,run-baseline
P7_control_sub-7109,"[-43.112565493785006, -39.981925240325864, 72.4003115813595]","[-42.7867726516204, 14.216646616152778, 66.56879164739509]","[-66.23272290449734, -65.06426864418042, 31.649889278931333]","[6.498264517662655, -59.558218392844495, 81.22005197445723]",P7,control,sub-7109,active,ses-baseline,run-baseline
P8_target_sub-8108,"[-51.27219853883463, 52.738764738738006, 77.58503742545513]","[-22.61070389294517, 77.58034960262415, 89.34593231457875]","[-66.47998479750855, 58.63973027332966, 41.283140784421825]","[-49.76829309610432, 15.062718422747519, 90.72504085049209]",P8,target,sub-8108,active,ses-baseline,run-baseline
P8_control_sub-8183,"[49.00589759105494, -18.0988257246043, 93.32677645385483]","[37.1036919426881, -67.01637193884692, 74.67442837074704]","[71.78684744959463, 11.698280581260189, 54.39759228571034]","[4.256166396747753, 7.026166830141236, 109.88848346053294]",P8,control,sub-8183,active,ses-baseline,run-baseline
P4_control_sub-4172,"[66.83104846755855, -31.567400931156403, -13.422572336841567]","[55.83278876661375, -58.60593094543913, 13.67498409420238]","[55.221001811071524, -36.68764791115829, -51.0726481211087]","[72.6306958062345, 5.638782715919936, -0.9590672205298798]",P4,control,sub-4172,active,ses-baseline,run-baseline
P7_control_sub-7103,"[-44.42757356962513, -14.6653162535858, 56.23437497970027]","[-25.96591163270105, 36.507254595750915, 49.13358402264033]","[-72.59482864831193, -32.874926847326236, 15.430922802989539]","[-7.239703259950889, -50.64124118008506, 72.12867302982312]",P7,control,sub-7103,active,ses-baseline,run-baseline
P5_target_sub-5104,"[-40.653935162249766, -9.002576430805211, 79.53115044898989]","[-27.545219343890306, 44.28282391454418, 78.49315970355197]","[-71.19527773398323, -24.64886617187367, 38.93157368550899]","[0.3835597708841608, -42.56456006526393, 88.81232978592303]",P5,target,sub-5104,active,ses-baseline,run-baseline
P1_control_sub-MA,"[-57.33117513407597, -41.896592113543, 65.71231952786736]","[-44.679619861132714, 10.76104299529216, 72.57347433945944]","[-82.48878566885364, -52.12193196280342, 19.30837230082278]","[-15.989244361244728, -75.46541913364896, 74.50083446175346]",P1,control,sub-MA,active,ses-baseline,run-baseline
P2_target_sub-2276,"[-20.407596300937833, -65.765762801463, 56.77096663857873]","[-65.35186613597435, -25.012109190616176, 44.61199280212555]","[-2.894666978803807, -88.88370376745843, 1.0547586143162064]","[28.946427356765827, -31.61103372863471, 76.50584867500405]",P2,target,sub-2276,active,ses-baseline,run-baseline
P2_control_sub-2241,"[82.09915822230464, -32.507647310535994, 25.508633564981768]","[71.33969898820223, -53.83184753954817, 57.24300041162263]","[70.44114828685245, -44.66243715852549, -10.685384736459106]","[89.86559469844546, 6.034703716010555, 30.56511789332408]",P2,control,sub-2241,active,ses-baseline,run-baseline
P4_target_sub-4174,"[-57.847287393812536, 31.090815636329705, 55.920435829963104]","[-24.906279243757147, 64.52149748133722, 72.07881005181348]","[-71.23931947126522, 35.80750412796927, 8.823057241191961]","[-52.3696015717846, -15.698396676071164, 72.26024049528202]",P4,target,sub-4174,active,ses-baseline,run-baseline
P2_control_sub-2227,"[70.95690461818764, -28.294230633359366, -19.656755077429036]","[60.14521929929878, -52.46985167005495, 8.247455847362563]","[62.93828092967712, -37.57759759754792, -57.64900109037872]","[78.66304018193095, 9.404283005508399, -10.551766011437218]",P2,control,sub-2227,active,ses-baseline,run-baseline
P7_control_sub-7102,"[-51.759051125620864, -17.817179394185334, 68.80584178580347]","[-29.905338564557443, 32.23809894771055, 66.80429864768726]","[-70.47661334825091, -32.18450496706378, 21.637640139812277]","[-17.327974730345048, -55.73772533631564, 86.36073707550266]",P7,control,sub-7102,active,ses-baseline,run-baseline
P1_control_sub-1177,"[-42.9259187507706, -31.704146994470836, 78.93042390289]","[-28.65132066913401, 21.17810933238745, 81.25082664521906]","[-75.74670509281856, -45.149871955550175, 39.722033007348834]","[-3.0560460333591415, -67.2375097851117, 86.67893827126683]",P1,control,sub-1177,active,ses-baseline,run-baseline
P2_control_sub-2288,"[72.30836201139746, -32.268677191370465, 21.5755151396141]","[62.08639871331312, -54.9431813227777, 52.83866308556218]","[60.802801249638314, -44.1940386847621, -14.527724798102486]","[73.37787960985594, 6.969314951887869, 27.36106767259944]",P2,control,sub-2288,active,ses-baseline,run-baseline
P8_control_sub-8135,"[49.35152335290703, 22.200377150837667, 90.44694589761764]","[52.06708199696372, -31.336677491773983, 86.85991149627671]","[66.90293951373266, 47.371018230772165, 45.36139651870627]","[-0.7661062699517477, 38.543926156188384, 101.98958559478851]",P8,control,sub-8135,active,ses-baseline,run-baseline
P2_target_sub-2210,"[-22.338165514818737, -69.05597794985617, 43.79946725162887]","[-65.05453696309381, -23.782046719476327, 35.32963083847774]","[-4.520622312025791, -88.32278602685521, -14.268065893002303]","[27.348089647816014, -40.868986601807904, 71.03931192355161]",P2,target,sub-2210,active,ses-baseline,run-baseline
P8_target_sub-8147,"[-50.52816209677713, 43.6974796353729, 69.02988331843851]","[-22.0856755378462, 68.83256932633456, 80.03181121633489]","[-64.27984436679739, 47.575860829938044, 32.52905844192401]","[-49.77186053961443, 6.728236549111104, 83.92680794327192]",P8,target,sub-8147,active,ses-baseline,run-baseline
P4_control_sub-4179,"[69.38310257536594, -30.874757979403935, -14.662242428093366]","[53.60251989882305, -55.356467304769644, 12.300361935827064]","[61.60753053578194, -37.90021784340798, -53.12902672654083]","[76.1690844861678, 6.767562371838306, -3.8717725212876344]",P4,control,sub-4179,active,ses-baseline,run-baseline
P1_target_sub-1210,"[73.46130572612184, -59.63154267357243, -15.922169963588068]","[60.582475627671315, -83.7689094335311, 12.892752880392312]","[60.09420431073318, -65.8732356063451, -52.645879679911644]","[80.34843841667602, -22.188000649293656, -6.188586907501428]",P1,target,sub-1210,active,ses-baseline,run-baseline
P4_control_sub-4148,"[70.29184132398856, -21.912300374476732, -6.470872875137992]","[60.244846013677694, -48.78717753714873, 20.785835211179158]","[65.52339350404442, -30.590700382859282, -45.1541834467554]","[70.71834584871014, 16.34643426396411, 4.059281446644427]",P4,control,sub-4148,active,ses-baseline,run-baseline
P5_target_sub-5106,"[-46.5842288340473, -1.4530091313326494, 91.98629353682064]","[-34.103136823939515, 51.70165461064941, 86.61205454596013]","[-71.9654347219556, -20.708087020930265, 50.565060892769004]","[-3.716583303401219, -32.12014703565129, 103.47346552692858]",P5,target,sub-5106,active,ses-baseline,run-baseline
P2_target_sub-2235,"[-30.376967624890167, -66.45076405185891, 63.14111558283947]","[-72.84413314997813, -22.493984732684968, 49.411905224167775]","[-12.817539589653892, -94.40773279117948, 8.53186304849084]","[20.458407567449818, -36.39322294488279, 87.55067378675528]",P2,target,sub-2235,active,ses-baseline,run-baseline
P4_control_sub-4118,"[70.81591920946569, -31.841843110884934, 17.32760597270717]","[59.1193982786599, -55.73679341701489, 46.896063396646035]","[63.753743044732204, -43.031291694350664, -20.122917628065654]","[73.67275719108864, 7.143495670166292, 24.801876831435695]",P4,control,sub-4118,active,ses-baseline,run-baseline
P3_control_sub-3196,"[49.22069451404229, -24.829591797728167, 64.40753540175133]","[54.316427644273006, -76.66879104237219, 50.43214519198546]","[72.70758238951359, 12.346265851097606, 32.32845855389265]","[0.8322627396639061, -10.279855845389765, 82.79552571369919]",P3,control,sub-3196,active,ses-baseline,run-baseline
P1_target_sub-1142,"[69.65610441346111, -62.222398697260296, -19.078788666556836]","[57.38546223842185, -86.3447462112068, 9.89837053232944]","[56.77652027326805, -69.51964773535904, -55.85916329190207]","[73.68300784893844, -24.14572008048438, -9.772208290879577]",P1,target,sub-1142,active,ses-baseline,run-baseline
P2_control_sub-2220,"[67.4554382130653, -34.45948160023, 19.789771897921664]","[55.024794413786225, -54.55220732109391, 51.69379724146533]","[55.719553004384565, -46.571082402569964, -15.731310159313166]","[74.82661323235223, 3.9807732694135347, 23.86436127077934]",P2,control,sub-2220,active,ses-baseline,run-baseline
P4_target_sub-4129,"[-68.71951970399617, 59.58064245698736, 36.70430131115457]","[-41.71040280570371, 98.93483267305577, 49.2589553170381]","[-76.62086793598368, 52.6415915624556, -11.810586639653756]","[-64.64880361203019, 18.719619137136327, 64.97485334854908]",P4,target,sub-4129,active,ses-baseline,run-baseline
P5_control_sub-5165,"[-67.60051918960356, 50.762138013354566, 8.923962056271147]","[-38.38394344606184, 88.92298456385046, 21.730771547183053]","[-71.71234137473891, 41.96544149400164, -39.6652516015219]","[-65.84806261618067, 10.333391746430701, 37.790595277756175]",P5,control,sub-5165,active,ses-baseline,run-baseline
P8_control_sub-8146,"[52.92926028729877, -7.898547732771717, 83.23333470214031]","[51.54396826948286, -58.620222761943864, 65.34498008682658]","[75.22621994639744, 26.78073373479885, 47.86000802382474]","[4.229959464014849, 9.92224350963878, 98.96237504877556]",P8,control,sub-8146,active,ses-baseline,run-baseline
P6_control_sub-6210,"[-69.0744935301292, 7.702777087274806, 31.64249229842973]","[-48.01388183000712, 48.800234252092984, 48.88802143085186]","[-69.30391113277176, 2.434705719078094, -17.994506527867006]","[-65.82558471847389, -33.70614890926579, 58.918859669594504]",P6,control,sub-6210,active,ses-baseline,run-baseline
P1_target_sub-1223,"[76.97884172836619, -50.01073363636889, -22.021237560576434]","[72.25343940807913, -77.7605123857302, 5.858763910464235]","[68.78516487671058, -58.59222673919632, -60.015992475810734]","[79.52511988825421, -12.602449583200395, -10.750527284090541]",P1,target,sub-1223,active,ses-baseline,run-baseline
P1_target_sub-1162,"[64.99030562183161, -50.77780146098274, -6.590008294986006]","[48.93464054716862, -69.01870441256608, 24.99535875869385]","[57.31827393973715, -64.74659855703551, -43.08152747112802]","[76.73815823123967, -13.869290751314278, -3.132296659909918]",P1,target,sub-1162,active,ses-baseline,run-baseline
P5_control_sub-5129,"[-75.7428603633079, 39.72301092235057, 50.771818073805434]","[-46.445766412736965, 75.1529188839988, 67.90598308648661]","[-80.65816583233432, 40.33273138028279, 1.4300028633447777]","[-71.58829743655359, -5.4229428463442195, 71.40219782661303]",P5,control,sub-5129,active,ses-baseline,run-baseline
P8_target_sub-8105,"[-52.602283556571734, 51.993129762296896, 45.953512066209164]","[-23.65532002499443, 76.76156982200577, 56.53680766925276]","[-62.301296504543814, 52.13575459159663, 7.333160737587722]","[-54.34314382849606, 16.677342893454284, 64.48934602628532]",P8,target,sub-8105,active,ses-baseline,run-baseline
P8_control_sub-8196,"[46.74007873200643, -6.14636931822395, 101.01737471025201]","[52.083601575247826, -55.73967014572417, 79.33055631412164]","[66.18214906607356, 34.237681430791916, 70.35086288456198]","[-3.406821263178526, 5.00555958022542, 117.27000037615865]",P8,control,sub-8196,active,ses-baseline,run-baseline
P3_control_sub-3177,"[54.643262783809696, -35.27561950745663, 49.416869294899634]","[53.457634149814055, -86.20689106342918, 31.97949406804987]","[73.95952275194036, 1.092127773954385, 14.24076373777116]","[8.271216079162377, -18.606469342014503, 71.62954854346003]",P3,control,sub-3177,active,ses-baseline,run-baseline
P3_target_sub-3179,"[-65.06973201796303, 25.578693344509833, 23.657583662485603]","[-38.30051219757733, 64.63896820900005, 37.09317229587659]","[-74.19008293667942, 19.615645799719807, -24.460592272170484]","[-63.13034341059524, -15.099007770245283, 52.19113247699219]",P3,target,sub-3179,active,ses-baseline,run-baseline
P3_target_sub-3107,"[-62.5931554214155, 19.022133649079965, 42.79946216323497]","[-30.92695004049431, 56.494861682761346, 51.00467046453202]","[-70.97004354825444, 10.416229766294748, -5.029543918510076]","[-53.19286280068581, -22.407977941098373, 68.63450514775121]",P3,target,sub-3107,active,ses-baseline,run-baseline
P5_control_sub-5171,"[-67.2245370789815, 42.38673388891134, 36.61229584485443]","[-34.05793232579633, 75.80980373858229, 51.49405917402952]","[-72.68495605407836, 41.80592784040333, -12.708559869182647]","[-62.41305592836513, -2.522016631490372, 57.07915927218571]",P5,control,sub-5171,active,ses-baseline,run-baseline
P4_control_sub-4152,"[74.8250490100799, -35.51875232897013, -26.390217322894568]","[63.12411098651815, -61.890327041427746, 1.208703885663631]","[63.41456165073031, -40.72359069531187, -62.96189856661417]","[82.22515983475296, 1.4411492623524402, -14.718131798401627]",P4,control,sub-4152,active,ses-baseline,run-baseline
P8_control_sub-8179,"[45.24121317426386, 6.923560890417773, 98.30581152420746]","[47.905514661579105, -44.657316624019344, 84.42256670662134]","[65.37925540800137, 40.95919641268546, 61.45940008900371]","[-3.6420983795687207, 21.91668826971967, 115.02715936636238]",P8,control,sub-8179,active,ses-baseline,run-baseline
P4_target_sub-4221,"[-69.66942630562573, 37.170880888401165, 45.633207671510235]","[-43.30013052937422, 74.8981310200154, 63.65295208189353]","[-74.9382992061995, 36.02826617606089, -3.964567337830772]","[-66.96868769033517, -6.629756898773352, 69.19822276828818]",P4,target,sub-4221,active,ses-baseline,run-baseline
P8_target_sub-8130,"[-56.270069487717734, 49.7603617418207, 67.21490215127785]","[-30.450380950724004, 78.5696275423428, 74.88462039770931]","[-67.02925852749567, 46.658015669567014, 28.99878424768093]","[-50.32535198341335, 15.09991033044052, 85.99056846457812]",P8,target,sub-8130,active,ses-baseline,run-baseline
P2_control_sub-2252,"[78.71644918486173, -22.784246249363033, -38.9747031184793]","[68.19735797012372, -50.172612699214966, -12.22241772106915]","[66.91276540563257, -27.54831331181647, -76.86251163877041]","[84.41380925025958, 14.23876552883574, -25.895880214325143]",P2,control,sub-2252,active,ses-baseline,run-baseline
P8_control_sub-8131,"[53.029913063537606, 5.992017118471936, 83.1545493129352]","[65.01541726149426, -44.3916012781653, 68.490669504265]","[69.67364655279634, 46.00647696663964, 50.656056806905454]","[3.6168996799150945, 13.73820819986838, 104.58370517130683]",P8,control,sub-8131,active,ses-baseline,run-baseline
P5_target_sub-5134,"[-42.361248551678436, -11.9732370635911, 84.55544830844629]","[-30.36311457155712, 41.226549599950545, 87.08934883782992]","[-67.37805647879684, -24.78231566599461, 40.24671093181984]","[-0.5921863710958364, -44.97750731388403, 94.19069303735321]",P5,target,sub-5134,active,ses-baseline,run-baseline
P2_target_sub-2243,"[-26.976199955038368, -69.47953931651999, 52.3294709885191]","[-67.4348980780855, -20.98485764003289, 45.781463172207154]","[-10.961158728964955, -88.47068558480849, -6.405197793977894]","[25.12071688428762, -45.023483454255235, 78.67527406329687]",P2,target,sub-2243,active,ses-baseline,run-baseline
P1_target_sub-1109,"[70.74223237208717, -57.6377737944666, -2.0468151911989994]","[58.065971117992106, -78.37922677150776, 29.607965386492758]","[59.213112672670114, -69.90395286842384, -38.17646273078141]","[76.40085843562977, -18.590143441925466, 2.7054193161555937]",P1,target,sub-1109,active,ses-baseline,run-baseline
P7_target_sub-7126,"[47.95246687877417, 27.083730248072566, 50.98506541665387]","[37.888048897132535, -10.316138408299517, 73.21250763081314]","[68.36671627617616, 19.353657389660512, 11.895103245405219]","[14.2503818335434, 55.47617272607545, 47.49836485302559]",P7,target,sub-7126,active,ses-baseline,run-baseline
P2_control_sub-2281,"[77.19239591198593, -10.064028936908207, 24.4409735988478]","[69.57041193218461, -31.866890536188148, 57.03341679601507]","[71.9812227277649, -26.33305333783091, -10.196401469314232]","[77.08765034239114, 29.64553739405773, 27.492142695541634]",P2,control,sub-2281,active,ses-baseline,run-baseline
P4_target_sub-4113,"[-75.36688482549401, 40.97434982581787, 43.452776999911805]","[-55.61626397271986, 83.7001683485034, 57.40376000800596]","[-75.62918786343138, 31.17908089956249, -5.378802316459514]","[-74.0410123048387, 2.7671102943962174, 74.90143591614445]",P4,target,sub-4113,active,ses-baseline,run-baseline
P5_target_sub-5149,"[-40.9868583074931, -12.092737509736166, 73.07317038617028]","[-34.24325565147354, 42.28772367157407, 71.54965088143126]","[-68.07382957053878, -30.536476886803605, 31.664331429667754]","[6.045287965600918, -38.570950465165595, 76.86187411498098]",P5,target,sub-5149,active,ses-baseline,run-baseline
P4_target_sub-4186,"[-72.65188529291784, 27.811018141518733, 28.537569938603568]","[-48.356325173720855, 66.80940241901497, 47.11592402864155]","[-75.83813996085773, 27.615976144403206, -21.05438197109322]","[-62.348088545479804, -16.610813976133645, 48.62351957035724]",P4,target,sub-4186,active,ses-baseline,run-baseline
P1_control_sub-1153,"[-51.1216069708212, -30.507371659095835, 61.26572110388137]","[-35.83911805550038, 21.98642135707411, 65.35130212560134]","[-74.5817359788277, -42.48382722798193, 15.08705442952035]","[-13.105989934774577, -66.82316300538456, 74.79709426450385]",P1,control,sub-1153,active,ses-baseline,run-baseline
P1_control_sub-1166,"[-52.8427437633182, -18.459071812263268, 47.7405060475813]","[-29.950607347987948, 31.32281468882114, 46.960305219980604]","[-75.60231779560199, -30.512673888696686, 1.1732086650040374]","[-18.949621690638537, -57.85955241454408, 62.48814099821189]",P1,control,sub-1166,active,ses-baseline,run-baseline
P1_control_sub-1142,"[-45.732750911159, -36.6020389815437, 58.6617683350677]","[-33.750811340283455, 16.5750522588531, 55.456470310453845]","[-67.57167000463876, -53.66484577188853, 12.95538486261746]","[-1.69457235430108, -66.01806738711949, 68.82494244981457]",P1,control,sub-1142,active,ses-baseline,run-baseline
P4_target_sub-4159,"[-71.85174439336646, 29.212961686374502, 19.028309095889735]","[-40.57498169114066, 63.419067700045105, 35.97160452362384]","[-76.60800205325056, 29.744864297707608, -30.200655461720228]","[-67.97330938868832, -16.20343359344833, 39.49044140472326]",P4,target,sub-4159,active,ses-baseline,run-baseline
P2_target_sub-2221,"[-28.1058161515106, -67.54185262672921, 71.67423004620846]","[-68.00602418086966, -22.242400689138424, 55.52166116143409]","[-9.350303260361864, -94.70757293965208, 17.151750004683645]","[22.227337794889515, -37.38077513162122, 95.41950635953874]",P2,target,sub-2221,active,ses-baseline,run-baseline
P8_control_sub-8145,"[49.93143555624766, 3.9823062652841963, 65.048315604365]","[63.647636857064306, -44.31550071946982, 45.657755503165625]","[67.07917535941051, 47.57283435168445, 37.09604591388849]","[-0.7851364055704808, 7.825047263104595, 84.16832360556627]",P8,control,sub-8145,active,ses-baseline,run-baseline
P4_control_sub-4123,"[64.92368338432273, -28.882166590785232, 3.5682812140137337]","[55.18563457263828, -52.956092896978284, 33.43165199192834]","[56.67339515428928, -39.84771290822102, -33.89846609253721]","[70.63125139293004, 9.520086563883988, 10.817744217327924]",P4,control,sub-4123,active,ses-baseline,run-baseline
P2_control_sub-2222,"[75.2029682823449, -22.5993769061869, 19.5944392056177]","[62.96918175059483, -39.38753774076807, 53.63243880827732]","[69.77370007275181, -41.72396405951384, -14.589814588717756]","[81.54991120765708, 16.235510600477138, 18.424634658202777]",P2,control,sub-2222,active,ses-baseline,run-baseline
P1_target_sub-1205,"[73.96524638141067, -52.90952163323223, 0.00981525494451104]","[62.69175427217948, -74.6030172065097, 31.57500925918718]","[68.63121341367577, -67.65397299571598, -36.67958586096424]","[81.47398782192468, -14.101522690508316, 4.706269443960185]",P1,target,sub-1205,active,ses-baseline,run-baseline
P4_control_sub-4163,"[63.27730142481, -31.064775040668735, -25.173358833451164]","[54.71423088405736, -56.163829172775976, 3.108988936445748]","[50.629040226934244, -38.88275847001801, -62.227340364418865]","[68.8261545130519, 6.8496295023401, -15.461474820850315]",P4,control,sub-4163,active,ses-baseline,run-baseline
P2_target_sub-2205,"[-27.235872021718166, -63.517239921728596, 65.63606351732328]","[-65.82442408940294, -15.104179039897769, 56.04384713916736]","[-12.057878503168391, -84.96461571302292, 7.467314850646097]","[25.815872955302837, -37.516803008201165, 89.12020914939284]",P2,target,sub-2205,active,ses-baseline,run-baseline
P2_control_sub-2282,"[72.11007940758903, -24.484798762856666, 12.381255687917966]","[63.450885025336795, -41.839059335897524, 46.95901334097423]","[57.43947750429626, -40.11480085873434, -21.21549685798747]","[81.86058973705735, 14.121524983764177, 12.4513513239812]",P2,control,sub-2282,active,ses-baseline,run-baseline
P6_target_sub-6208,"[69.16848711210807, -59.72402444133067, -59.034949192050334]","[26.49177939062232, -96.997455784526, -65.45930471781008]","[65.79153344699218, -14.936176839915976, -98.25901536173527]","[79.64290052848247, -45.06223563810229, -2.1966167911493715]",P6,target,sub-6208,active,ses-baseline,run-baseline
P2_control_sub-2295,"[70.32330465092888, -38.5533792091476, -3.0609998086143833]","[56.55352930742036, -60.07140989834488, 27.43451592069546]","[56.3098847857063, -46.826631170020086, -39.359133379546094]","[78.91739661169687, -0.7412155909560213, 3.9550540989172873]",P2,control,sub-2295,active,ses-baseline,run-baseline
P3_control_sub-3213,"[61.75837277458617, -33.96664803601754, 63.402681445804866]","[55.00181902516982, -84.35086421376232, 43.982900692780234]","[80.15072338256364, 0.0002237376417927872, 25.61849758288592]","[15.989636323737283, -14.701468844469822, 83.95309221142902]",P3,control,sub-3213,active,ses-baseline,run-baseline
P8_target_sub-8158,"[-58.2653284555729, 46.476383548509695, 75.66153903471744]","[-36.79346435304752, 76.59359207030467, 88.77309659436227]","[-70.11562905317315, 47.54911020243383, 37.636246939635896]","[-52.639070150856476, 10.5480458130717, 92.19269261711428]",P8,target,sub-8158,active,ses-baseline,run-baseline
P1_control_sub-1196,"[-50.67024993571504, -22.641652729364, 53.489452548070936]","[-29.721798250824826, 27.80311983255805, 49.77731429645228]","[-73.4630577548641, -38.14543516629319, 8.261379922408269]","[-15.693775209293147, -59.79715569973055, 71.35873026595095]",P1,control,sub-1196,active,ses-baseline,run-baseline
P5_target_sub-5133,"[-56.04069402971286, -10.038129708015115, 80.12539661305976]","[-45.08844740508201, 42.78452100591874, 90.11022755452068]","[-74.29020812141292, -20.608915353546255, 31.408265172900006]","[-19.252836561593888, -45.419624900722575, 96.83676109080332]",P5,target,sub-5133,active,ses-baseline,run-baseline
P3_target_sub-3160,"[-63.79167105224813, 24.889200272632063, 33.99097283771974]","[-37.10575095194887, 65.11351252327151, 46.00809821310437]","[-70.70504975880485, 16.190089716387906, -14.369500880707163]","[-59.465156686702656, -14.906355543598147, 63.08610408221414]",P3,target,sub-3160,active,ses-baseline,run-baseline
P3_target_sub-3210,"[-65.60736131572445, 11.179418928120777, 23.665151157448935]","[-36.41375488806903, 46.74242217445755, 41.85804226779845]","[-68.3963565670005, 9.048210783748633, -26.011490038512402]","[-67.95712852789617, -31.632047178512128, 48.450091884658725]",P3,target,sub-3210,active,ses-baseline,run-baseline
P1_control_sub-101,"[-48.331724444456704, -32.0523706210978, 61.265908893289264]","[-34.26039746753646, 20.723825793455347, 63.71069683066592]","[-72.90313468798313, -44.80816532748395, 17.404635752821214]","[-8.687036214848327, -66.54706361970382, 73.6113164320321]",P1,control,sub-101,active,ses-baseline,run-baseline
P2_target_sub-2285,"[-23.608788770753403, -63.827441774463104, 89.13314857977663]","[-67.68706353951053, -23.20509334353923, 71.35068697202772]","[-1.1895252243292975, -88.84052126607308, 34.81894891920381]","[22.635070314059156, -27.73999160535368, 112.20668998444707]",P2,target,sub-2285,active,ses-baseline,run-baseline
P1_target_sub-MA,"[76.3707746973045, -71.18322071914194, -27.590619710454003]","[61.52823738750996, -97.64894135296471, -1.8666639094366648]","[61.76939217979479, -71.23062440647624, -64.69876464624033]","[84.88305760676737, -35.83312104759803, -12.42985153762114]",P1,target,sub-MA,active,ses-baseline,run-baseline
P3_control_sub-3183,"[58.0485575417045, -24.073393793119596, 61.1316220375813]","[58.68240929100032, -76.39260755031574, 48.01431357228967]","[79.52802909473353, 9.431826169983456, 24.73222930897572]","[10.781727932308653, -6.787267123069281, 80.9850375508589]",P3,control,sub-3183,active,ses-baseline,run-baseline
P4_control_sub-4210,"[69.18786253776676, -29.323519827298536, -26.605968541808096]","[55.67143193073333, -56.50855180684407, -0.7110377571218771]","[59.29536522194101, -33.69322500311863, -64.59928199174587]","[74.39320562833501, 7.8775530523476585, -13.085053905174643]",P4,control,sub-4210,active,ses-baseline,run-baseline
P2_control_sub-2269,"[78.02654216198636, -30.33883106590493, 17.380641166362167]","[62.00060978552979, -51.10218038174537, 47.30005919016692]","[70.25482518388658, -42.205652878655364, -19.79656024133492]","[83.9588548486767, 8.365626252118194, 23.526374139618916]",P2,control,sub-2269,active,ses-baseline,run-baseline
P5_control_sub-5143,"[-63.1439460525331, 43.59731116718053, 34.55804551807503]","[-35.11604502893152, 82.88252292162353, 45.09329224636684]","[-67.2567922870928, 33.13902438418051, -14.100876415838686]","[-60.03496917760473, 4.766899245475977, 65.45237086163952]",P5,control,sub-5143,active,ses-baseline,run-baseline
P4_target_sub-4191,"[-71.61397854617148, 31.8929430485171, 19.04439459323227]","[-48.386179962076476, 71.33167293627326, 36.83754538985779]","[-76.0494164233671, 29.585250847851036, -30.637851957033877]","[-66.39755785348271, -11.104706232395818, 43.57203320245522]",P4,target,sub-4191,active,ses-baseline,run-baseline
P2_control_sub-2203,"[69.6632695519242, -34.99849645992651, 2.09285527842535]","[56.92889866068432, -52.886782084238824, 35.31808206030582]","[57.491687158758076, -49.20978628969335, -32.96026643606124]","[79.08553041000356, 3.219922839275088, 4.067439815835357]",P2,control,sub-2203,active,ses-baseline,run-baseline
P1_control_sub-1199,"[-43.404695887784435, -28.898586654112467, 70.86300924289999]","[-29.495820913887677, 23.727295924199066, 66.47218024227352]","[-72.85617677569412, -46.86355995540118, 30.60954799092034]","[-3.0393754652627334, -62.486667607162964, 84.33684930053421]",P1,control,sub-1199,active,ses-baseline,run-baseline
P1_target_sub-1188,"[74.45742532381033, -55.73255852180514, -13.832858214126533]","[60.56886340169875, -80.54170014943807, 13.99561587765072]","[68.76307198112053, -65.253932942854, -52.154198612444034]","[77.39332859222054, -17.069516469174015, -4.48701178732367]",P1,target,sub-1188,active,ses-baseline,run-baseline
P4_target_sub-4131,"[-66.75431164650144, 49.13193377970873, 47.14991885139386]","[-35.14361020299667, 84.62998044045243, 61.52698707260428]","[-78.29051436537658, 47.50559598645649, -1.0778037698857001]","[-65.65100764774796, 5.987639706744125, 71.79321772838902]",P4,target,sub-4131,active,ses-baseline,run-baseline
P4_target_sub-4164,"[-68.29469137125047, 27.35897055131927, 35.202359568535336]","[-41.8546979270273, 64.42256991356768, 53.64758005364238]","[-77.16437192215264, 28.371464537015864, -13.608427557480724]","[-62.8986041490481, -17.594571308095635, 55.74622351545536]",P4,target,sub-4164,active,ses-baseline,run-baseline
P4_target_sub-4106,"[-71.74178606495003, 35.3797788583942, 33.545900469286664]","[-41.27162332305689, 71.85875400117963, 48.01719489885449]","[-79.71253832101507, 33.6715524743247, -15.01843494819907]","[-64.28399606140563, -8.91511456880281, 54.391716587242385]",P4,target,sub-4106,active,ses-baseline,run-baseline
P1_target_sub-1191,"[76.42814421269803, -46.879697260959034, -10.02494982286409]","[65.56449615587903, -73.95125615229918, 17.17011870340377]","[73.37751525978419, -55.807966385782315, -48.63759388539695]","[78.46343420824238, -8.740445867772491, 0.7890352945371459]",P1,target,sub-1191,active,ses-baseline,run-baseline
P2_target_sub-2223,"[-22.821726376144, -60.59640115245026, 49.7636908721095]","[-67.8564799535197, -19.99401873926764, 36.70871057292786]","[-1.082925477519306, -82.60014181747081, -6.1378465466736465]","[23.410069220618546, -27.230063827580317, 76.60574941242405]",P2,target,sub-2223,active,ses-baseline,run-baseline
P1_control_sub-1131,"[-46.573654718316334, -24.437410099153666, 76.95375447227615]","[-30.99251734560382, 27.926065098099347, 74.28354520413039]","[-74.31356055149504, -40.66118463250202, 35.4898000256225]","[-7.363730416625106, -59.45386038576366, 89.66573074401728]",P1,control,sub-1131,active,ses-baseline,run-baseline
P8_control_sub-8166,"[55.72051764792323, -25.862135665757833, 106.68135116533433]","[27.926329398213152, -69.9949960561502, 92.9149433196065]","[77.22622423773464, -5.452019385482746, 62.12461389601699]","[21.092992082621635, 10.615880474068033, 125.88412794726977]",P8,control,sub-8166,active,ses-baseline,run-baseline
P4_target_sub-4199,"[-66.59221586654131, 47.399530514673096, 18.646374610859635]","[-37.21547916665337, 84.80977556700552, 31.894946385471265]","[-73.17216774841616, 40.96761593278812, -26.253083122299255]","[-65.14523102934778, 6.089476503362458, 46.41223765581335]",P4,target,sub-4199,active,ses-baseline,run-baseline
P4_control_sub-4212,"[66.74369249146308, -31.646273716670333, -25.32420456267323]","[57.363776294483166, -60.167331316261105, 0.7078839540013108]","[56.91819331701413, -36.58103414620987, -63.135860848605425]","[70.55488351181867, 5.579200495702065, -12.262947965458293]",P4,control,sub-4212,active,ses-baseline,run-baseline
P4_target_sub-4109,"[-75.37792426124746, 39.13910497722833, 36.91169417519597]","[-49.55705916019136, 76.82563358863777, 56.09905911540302]","[-79.28439977016083, 39.35753751327771, -12.588232646748526]","[-69.81269222214218, -5.461610247499294, 58.1428954075379]",P4,target,sub-4109,active,ses-baseline,run-baseline
P3_target_sub-3146,"[-64.68385832061652, 8.675683019397447, 26.9361123961387]","[-35.73680666931234, 47.06419094982901, 39.59064859568255]","[-66.31340846623222, 0.2108021092556123, -22.06541682309003]","[-59.56648602239734, -32.59194467304812, 54.27324125504734]",P3,target,sub-3146,active,ses-baseline,run-baseline
P2_control_sub-2251,"[79.97208336459899, -19.23894850288273, -0.15817051729296294]","[70.74266244730816, -49.05431609155209, 24.269308897657524]","[73.42880382038388, -23.27882331047427, -39.30183316794806]","[84.987812849733, 17.105401619275785, 14.63443144731276]",P2,control,sub-2251,active,ses-baseline,run-baseline
P3_target_sub-3141,"[-67.63319315758928, 34.56690676602043, 30.775056302423]","[-34.74456845682585, 68.99350918567306, 45.46639479385409]","[-73.11881049745645, 30.80904615409093, -18.491635040898778]","[-67.55513035204773, -8.323113149187778, 55.86864514896832]",P3,target,sub-3141,active,ses-baseline,run-baseline
P8_control_sub-8197,"[49.359554942870666, 16.006858944782167, 87.31948684160318]","[53.155149451141526, -36.91898896963224, 79.74389858948943]","[64.60217158317467, 44.93466270734781, 43.64848122995846]","[-0.590282133455279, 29.78776818764918, 101.07118960933802]",P8,control,sub-8197,active,ses-baseline,run-baseline
P8_target_sub-8124,"[-54.53767575055743, 45.8226221191622, 66.92364520391773]","[-22.219123216557005, 65.51892756512642, 78.21855928757843]","[-70.43841069859822, 57.43077053190441, 32.629407830143336]","[-55.106514258213366, 6.638610191702269, 74.61371325031024]",P8,target,sub-8124,active,ses-baseline,run-baseline
P8_target_sub-8188,"[-49.64096369655863, 60.711755006651366, 78.96219133692364]","[-20.693134938369862, 87.33460792118944, 83.88871845224703]","[-63.92712842201378, 57.72164025962456, 42.147180345019784]","[-46.62375220528435, 26.758401305500126, 99.6244634582137]",P8,target,sub-8188,active,ses-baseline,run-baseline
P8_target_sub-8109,"[-48.750861979785604, 70.5062906118029, 68.53732827834396]","[-16.081548003297527, 92.89145549374939, 72.32624342060207]","[-64.32278613136742, 70.05713041155227, 32.046832447834944]","[-48.15386964022823, 35.16928420553233, 86.97510929995315]",P8,target,sub-8109,active,ses-baseline,run-baseline
P4_target_sub-4165,"[-72.12357097123274, 45.68797743480852, 13.729100206054532]","[-42.97690409261491, 81.89200013045061, 31.40262240067157]","[-79.04986308777949, 45.26340224697023, -35.82114863501661]","[-68.24233117925755, 1.4168730280937147, 35.522903142616606]",P4,target,sub-4165,active,ses-baseline,run-baseline
P1_control_sub-1146,"[-47.384805295218904, -18.782486229148933, 71.31428445812996]","[-34.44056770191008, 34.443295527525954, 71.79947351863532]","[-71.9926217763645, -35.15989485594399, 27.588141429492733]","[-8.008527957374149, -53.19549580190405, 85.74817427372712]",P1,control,sub-1146,active,ses-baseline,run-baseline
P1_control_sub-1224,"[-47.662914208363794, -35.949293200867366, 65.10025842427767]","[-31.714177557375542, 16.48724946384337, 66.95862808008586]","[-74.82593433396931, -49.07194545470197, 21.927097805514848]","[-9.56240982207275, -72.20829023965268, 77.41186404548405]",P1,control,sub-1224,active,ses-baseline,run-baseline
P4_target_sub-4177,"[-66.68976885880913, 39.20742874519383, 21.500197199534]","[-38.47441074644388, 77.05923007226895, 37.32943552273437]","[-75.359334135261, 39.31594201391993, -27.3695310780039]","[-57.311312491657894, -5.510783190847043, 41.606513072539144]",P4,target,sub-4177,active,ses-baseline,run-baseline
P1_control_sub-1115,"[-49.1837512300794, -46.515597191285565, 75.77535663616197]","[-44.189146906104874, 7.9752710600561665, 76.45900900466773]","[-72.38837427648195, -65.19392501973634, 31.37096372927896]","[-3.4345209803029753, -72.70283429555828, 87.0277601984364]",P1,control,sub-1115,active,ses-baseline,run-baseline
P4_target_sub-4168,"[-67.6135044633, 46.60508516973323, 23.3422105567612]","[-42.01031613369269, 85.36690387140668, 39.43845068355589]","[-75.94912400931051, 42.777717495314214, -24.267898435444547]","[-67.68628974674394, 4.632855614822988, 50.23295240553228]",P4,target,sub-4168,active,ses-baseline,run-baseline
P4_target_sub-4207,"[-74.13849735458896, 28.144671619440132, 17.807685990584634]","[-50.50559101653763, 67.49886440581976, 33.457399296189244]","[-68.85347236815208, 19.595499816951055, -30.813459316918152]","[-72.71560053884954, -11.747975278014888, 47.265038643845145]",P4,target,sub-4207,active,ses-baseline,run-baseline
P2_target_sub-2257,"[-21.925595655035334, -77.34800192781853, 46.2969880996394]","[-70.40801078171698, -37.85184145696809, 43.18822643691298]","[-1.4471577720327309, -89.41910017978715, -12.85703415143379]","[24.62477905624314, -50.12605831121906, 79.40388683148943]",P2,target,sub-2257,active,ses-baseline,run-baseline
P1_target_sub-1155,"[74.6122899620813, -53.69890328187537, 7.001264212434376]","[62.27210213283666, -75.40982062411894, 38.127759226606976]","[63.55753044937583, -65.2484680805694, -29.490670753632426]","[80.2391494635866, -14.618590546800325, 12.773359978747248]",P1,target,sub-1155,active,ses-baseline,run-baseline
P4_control_sub-4131,"[73.61463615559647, -33.33587782761136, 9.608142844456514]","[60.53973454994291, -57.03947331664145, 37.96556900877782]","[66.43039014823287, -42.98977028079121, -28.26682480658272]","[79.85460027235911, 4.919399522712844, 18.36794564470449]",P4,control,sub-4131,active,ses-baseline,run-baseline
P1_target_sub-1130,"[81.58632341202748, -28.3579222438965, -2.5547013851862066]","[72.95649191532351, -58.345520719065995, 21.660842872269164]","[83.53923297953031, -33.17210687351256, -35.1107200296481]","[78.58598793300662, 9.051485595976901, 10.502957042309584]",P1,target,sub-1130,active,ses-baseline,run-baseline
P4_control_sub-4208,"[74.80033349418228, -25.20510469852013, -7.9973329053035895]","[65.58029282601814, -52.09909205037617, 19.396757510914842]","[64.4240342038795, -32.46522632851683, -45.81953196945427]","[75.07084576044682, 12.738321919764813, 3.3898737712556124]",P4,control,sub-4208,active,ses-baseline,run-baseline
P1_target_sub-1215,"[67.44944375238724, -60.37198649934007, -5.7920239961872335]","[53.51142016590874, -82.4620887786698, 24.183624488161627]","[62.01000234701678, -72.89015341789593, -43.12441235244951]","[73.8108322071703, -21.644543169805292, 0.44124838183367837]",P1,target,sub-1215,active,ses-baseline,run-baseline
P1_control_sub-1205,"[-42.33144333187073, -14.354373297581667, 75.3199026937184]","[-26.646515579899894, 37.78259492710223, 69.75662933253126]","[-71.66819393737437, -33.08838735368161, 34.63199852120615]","[-4.003296909570761, -49.1135770577447, 91.46703124708793]",P1,control,sub-1205,active,ses-baseline,run-baseline
P2_control_sub-2276,"[70.2727599881858, -37.097617876385335, -6.4828969201247695]","[58.81728798571267, -60.206715807929996, 23.925431545492994]","[61.12809690306887, -48.13766732327159, -43.62539985654586]","[76.9233568285304, 1.3507227193618712, 0.5142432295219403]",P2,control,sub-2276,active,ses-baseline,run-baseline
P4_control_sub-4158,"[69.8283593000675, -27.515657442471035, -15.944967345894433]","[60.373347918593, -54.084741761325674, 12.088834196778713]","[59.354337312918176, -34.88632314060524, -53.357399617674254]","[75.3890646462705, 9.95797035294827, -5.043769768563822]",P4,control,sub-4158,active,ses-baseline,run-baseline
P4_target_sub-4148,"[-77.27420369179157, 41.19636420636596, 32.20298443398027]","[-48.99521604599143, 78.10070023092872, 49.17196151913628]","[-77.82819575630407, 38.09668113186978, -17.497287134606566]","[-72.94392333462508, -2.475936793264378, 55.61643553773274]",P4,target,sub-4148,active,ses-baseline,run-baseline
P1_target_sub-1200,"[74.96727018100584, -51.93780489211944, -34.770029086684204]","[66.39077392678355, -78.63142821632535, -6.544963837437896]","[62.654768084808595, -58.786570439229166, -71.95846445859422]","[81.39446936452185, -14.514576041213946, -24.010116155915284]",P1,target,sub-1200,active,ses-baseline,run-baseline
P4_target_sub-4120,"[-71.65634405118084, 39.249955705968695, 24.561842456592938]","[-44.17651902866169, 77.60514956686406, 40.294192429375414]","[-76.64304293734955, 35.307027241297035, -24.7546829902546]","[-68.04096135341683, -3.195700478115138, 49.784063155007665]",P4,target,sub-4120,active,ses-baseline,run-baseline
P2_control_sub-2249,"[76.58056216030046, -16.4491415804562, 2.7443230614093097]","[65.83208239919641, -40.91302584429483, 32.542594830527555]","[69.79037689613435, -27.774429844120267, -34.54442091454463]","[75.17604084032983, 22.50385739946814, 9.622951599760725]",P2,control,sub-2249,active,ses-baseline,run-baseline
P2_control_sub-2234,"[72.06719763375666, -29.33008385595993, 8.034540643919456]","[63.64836491795661, -54.213404506876714, 37.90462679691862]","[64.8879269094286, -40.48413601923391, -29.0652063366743]","[78.48395544289897, 8.623454537404282, 15.796077957283389]",P2,control,sub-2234,active,ses-baseline,run-baseline
P8_target_sub-8104,"[-46.06064979102303, 54.865945056664174, 70.24387697541947]","[-16.70620050429298, 81.10583433588862, 73.48307778661791]","[-64.05576418994512, 52.888169545386305, 34.742735989585235]","[-41.83990158623142, 20.553551617681897, 90.16834821117952]",P8,target,sub-8104,active,ses-baseline,run-baseline
P3_target_sub-3116,"[-69.2149677349954, 25.57654951003867, 27.03822597840666]","[-39.446519321466795, 63.963684914100774, 37.89190097868766]","[-76.39723658873072, 16.796701318201034, -21.290783723894098]","[-66.53022531269731, -14.301986833284715, 56.59374985486808]",P3,target,sub-3116,active,ses-baseline,run-baseline
P4_target_sub-4163,"[-71.09738510963, 37.988828059106766, 15.111696119671334]","[-45.62318913144381, 77.37663159889858, 30.756367196737266]","[-74.55765135836408, 34.026113113739456, -31.93245190539741]","[-64.9765696415302, -4.785046279473787, 39.90981242279616]",P4,target,sub-4163,active,ses-baseline,run-baseline
P4_target_sub-4175,"[-68.71907272988483, 44.11029979122376, 19.490542822157497]","[-41.98706100269297, 83.78149225535384, 32.62336565487077]","[-69.67679803953995, 34.67336957010586, -29.444854882451516]","[-66.09183916102192, 4.165808920039851, 49.07348685707942]",P4,target,sub-4175,active,ses-baseline,run-baseline
P2_target_sub-2260,"[-21.714312869487667, -71.46041497015263, 47.774361698163936]","[-69.87374296342419, -32.58591538941569, 41.630041976923344]","[2.2708933987244047, -81.09432590128353, -11.057651630101658]","[22.0450492662246, -43.305098413687105, 83.57004473353803]",P2,target,sub-2260,active,ses-baseline,run-baseline
P2_control_sub-2205,"[66.0038336685235, -36.63998033972563, 0.3647290350521833]","[55.2522586324849, -57.57871739223313, 32.46045937349629]","[49.01282374573614, -45.441544804882554, -34.54031399922944]","[78.38558652101389, 0.35954392327149765, 5.604691256011815]",P2,control,sub-2205,active,ses-baseline,run-baseline
P5_target_sub-5112,"[-45.81522914499657, -10.646234597436028, 83.02339952962471]","[-35.17436530859174, 42.74612115388341, 84.95268370212763]","[-72.88352524823738, -26.004950061794975, 41.00485808200047]","[-4.4282645167602395, -42.49124160206814, 94.68731439001628]",P5,target,sub-5112,active,ses-baseline,run-baseline
P5_target_sub-5103,"[-43.567370500418264, 11.602353253692668, 89.0170844876928]","[-28.573596107973994, 63.465687734199534, 79.39954107349074]","[-67.04121787124082, -11.30638882842497, 47.7682976866031]","[-4.571664329292784, -19.81732027382346, 108.58322234867973]",P5,target,sub-5103,active,ses-baseline,run-baseline
P2_control_sub-2273,"[71.781494694087, -27.272261847800433, 28.3791939765969]","[61.92890912552709, -45.10933213079886, 62.35063085162249]","[59.3942498966551, -43.425092061864646, -5.832219630399334]","[77.43880323337322, 12.126848816446783, 28.87230109352609]",P2,control,sub-2273,active,ses-baseline,run-baseline
P2_target_sub-2246,"[-14.8284255555414, -57.9654209770319, 90.79539990281332]","[-64.36808258594476, -20.581087539406703, 82.54057766839354]","[1.647609676179016, -82.601938616825, 33.82771925606612]","[33.54889583274755, -21.38626573796042, 108.72256904511883]",P2,target,sub-2246,active,ses-baseline,run-baseline
P3_control_sub-3103,"[50.67955894867623, -28.2640429664369, 53.71861208686084]","[44.715639146285454, -78.93992351004992, 36.11948189222328]","[73.3781099907827, 5.334080684490418, 17.29528693541245]","[4.929919316346478, -7.767551314821775, 73.12148595728804]",P3,control,sub-3103,active,ses-baseline,run-baseline
P8_target_sub-8149,"[-38.68982444248257, 59.3823481456187, 87.90550397827325]","[-6.214898771749495, 81.6071503252846, 92.59079892926852]","[-56.21140210649649, 61.75328946231524, 52.5659106839847]","[-39.8112302992155, 23.930742679918087, 106.14599516577296]",P8,target,sub-8149,active,ses-baseline,run-baseline
P5_control_sub-5117,"[-70.27440194134753, 41.401197631176736, 38.00554807552933]","[-45.59623597142591, 83.17391276170433, 46.556721479678494]","[-72.98331550469422, 27.98630141238581, -9.878005995295627]","[-66.60058701373876, 4.771465326480716, 71.18622694147561]",P5,control,sub-5117,active,ses-baseline,run-baseline
P2_target_sub-2253,"[-32.21363652671673, -58.975338253575366, 90.4981279846359]","[-71.29422967904524, -11.559015099244117, 75.97232772449894]","[-16.23828875709397, -91.19452312011097, 37.41564069451017]","[19.339059806604233, -35.703107560540744, 118.7410846213947]",P2,target,sub-2253,active,ses-baseline,run-baseline
P3_target_sub-3168,"[-62.12519365760523, 13.661924276211332, 21.026994880750067]","[-38.59133589700792, 54.40430578805483, 36.377343065437216]","[-67.02420230371861, 8.332074194716084, -27.220326261543608]","[-57.887970109464916, -28.09571138372227, 47.87176214518413]",P3,target,sub-3168,active,ses-baseline,run-baseline
P8_control_sub-8138,"[52.052838596656265, 6.945983592511699, 103.015107957474]","[50.060932039959006, -44.937313314687444, 89.90297168527024]","[75.48813466206, 39.02851710370823, 65.47414565942648]","[3.275067636806526, 26.0462604755021, 116.79881648383504]",P8,control,sub-8138,active,ses-baseline,run-baseline
P4_target_sub-4150,"[-68.51976589051446, 47.270917322456135, 23.620265862362032]","[-41.848869940456964, 85.68084267447163, 39.55627686285446]","[-76.32113598658154, 44.661881405276894, -25.433997338724815]","[-63.79484785866684, 4.1542076359036955, 48.09237398900798]",P4,target,sub-4150,active,ses-baseline,run-baseline
P3_control_sub-3151,"[48.4935910571868, -22.101784835681766, 69.4315867991246]","[50.576428060786256, -74.43927090980316, 57.32322777854816]","[65.0401870789648, 10.161677608457898, 29.119824907294678]","[-0.8859026111697235, -6.952953762904015, 85.25630391996891]",P3,control,sub-3151,active,ses-baseline,run-baseline
P4_target_sub-4180,"[-71.59865467398288, 47.06200972504576, 9.313666407834686]","[-41.8697529847074, 82.20641546450317, 26.642274136296976]","[-74.6219446754916, 45.3947637974015, -40.37813232096421]","[-71.9765958176869, 3.354684554866203, 33.37413416038522]",P4,target,sub-4180,active,ses-baseline,run-baseline
P8_target_sub-8153,"[-51.17804915874703, 47.93348996953417, 64.78095329968666]","[-18.176587352078947, 68.15196339642272, 72.93559944543483]","[-66.86480188243566, 53.94434889922557, 28.922768179636403]","[-53.12917601872571, 10.743543587992008, 78.57162532389285]",P8,target,sub-8153,active,ses-baseline,run-baseline
P2_target_sub-2279,"[-25.464764747794433, -72.0103038037833, 59.10068014979593]","[-70.86126370906831, -30.691876737848492, 49.08222086710671]","[-3.7759221702058263, -90.3641593289117, 2.3521584394534107]","[21.254582172316688, -41.63596145162276, 88.81989054451876]",P2,target,sub-2279,active,ses-baseline,run-baseline
P8_target_sub-8117,"[-41.985494491967295, 43.3298685643664, 75.13618745721533]","[-10.97986486225775, 67.0525158178149, 81.88716206370498]","[-58.62906349606841, 46.834470911470234, 39.0285871582215]","[-39.42797113715855, 6.269372322000352, 89.46829126841428]",P8,target,sub-8117,active,ses-baseline,run-baseline
P3_target_sub-3171,"[-65.93468626342961, 9.6025155615918, 29.915158449619568]","[-38.34330089372991, 47.07382543623665, 45.593724448552415]","[-71.27155331339318, 5.2146985127357635, -19.4781139992872]","[-65.17801759923975, -32.48301016782033, 56.522828208031456]",P3,target,sub-3171,active,ses-baseline,run-baseline
P8_target_sub-8203,"[-59.15462069867193, 58.11492300644477, 73.0081327668902]","[-32.88344312015853, 85.21073877563171, 85.31357205966484]","[-71.04631626918413, 60.63348757061029, 35.48733730454126]","[-57.4789168413376, 21.751457925095153, 89.20592772374704]",P8,target,sub-8203,active,ses-baseline,run-baseline
P4_control_sub-4183,"[75.2451293362574, -29.956344670114436, -13.866143944436233]","[61.80580029103056, -54.081516289813926, 14.059104742744159]","[63.651241346661024, -36.76641936191901, -51.25956070513915]","[81.19667006550922, 7.773510972324157, -3.6497905800063757]",P4,control,sub-4183,active,ses-baseline,run-baseline
P4_control_sub-4136,"[71.70733312502053, -29.189387753322666, 19.956022990762634]","[61.08240467254886, -52.03993182289416, 50.39511983357188]","[64.63821134863903, -41.50446952898103, -17.372542211936864]","[77.43780133992995, 9.640471568792675, 26.686325450240624]",P4,control,sub-4136,active,ses-baseline,run-baseline
P1_target_sub-1219,"[67.22619222756093, -61.49334357297761, -2.9217804476574067]","[56.01690056099517, -86.88772653782976, 25.491851438338987]","[55.427279029530354, -67.97093616158462, -40.03538618638045]","[76.39696858214548, -24.221149324942576, 7.511027335258767]",P1,target,sub-1219,active,ses-baseline,run-baseline
P5_control_sub-5118,"[-66.03847382414193, 41.08279027039784, 25.082870056161102]","[-36.08498592180933, 78.13761966378065, 37.6680442242673]","[-69.72898361968873, 32.82742203981379, -23.624193256270548]","[-66.45705445856395, 0.8665027000091856, 54.44875183519806]",P5,control,sub-5118,active,ses-baseline,run-baseline
P3_target_sub-3206,"[-67.2688617622277, 17.5997780862668, 22.0646797898452]","[-40.836854284232025, 55.162723819807475, 40.92757923105344]","[-73.34093182707093, 18.178559066312413, -26.568408228642628]","[-61.119828998923914, -27.28833590417081, 42.58512692141301]",P3,target,sub-3206,active,ses-baseline,run-baseline
P3_control_sub-3175,"[54.93985436318977, -23.6107390405903, 62.45048424025783]","[55.31932556991047, -75.7802633562818, 48.804195964406524]","[72.91053179174774, 10.817034628829916, 23.96132491080392]","[8.557262617528915, -7.466026148154009, 84.32629113419826]",P3,control,sub-3175,active,ses-baseline,run-baseline
P4_control_sub-4211,"[70.41618026531036, -15.7187886227445, -0.8772021563733304]","[63.4905903706282, -38.518697285632555, 31.08440629737911]","[58.784288342461146, -29.056960491971136, -36.63447851813023]","[71.38833290357823, 23.71122581396919, 4.239799741068934]",P4,control,sub-4211,active,ses-baseline,run-baseline
P2_control_sub-2202,"[71.88082694023116, -30.663078302521637, 31.959190467841598]","[61.15451407336754, -46.23186902527554, 67.16852929836898]","[64.35035198931935, -51.01034799017669, -1.5138770573321263]","[77.41374560802974, 8.568757915823994, 29.112513111027702]",P2,control,sub-2202,active,ses-baseline,run-baseline
P5_control_sub-5134,"[-66.46774538989314, 35.772275960007704, 44.330908881568234]","[-36.64269036785668, 71.22886125266149, 60.648306921809045]","[-70.27161300805611, 34.74298285806685, -5.5345411540578935]","[-62.553916517044065, -8.182435341994703, 66.99072557886113]",P5,control,sub-5134,active,ses-baseline,run-baseline
P4_control_sub-4108,"[65.98138458589234, -42.1977239060006, -4.295414541719554]","[48.40156168171909, -60.78806347725693, 26.421081515925152]","[53.10105964603808, -50.46855262363269, -40.88074624698713]","[79.32388486969433, -5.6345609857116505, 1.8975826857825815]",P4,control,sub-4108,active,ses-baseline,run-baseline
P5_target_sub-5166,"[-44.095247876839665, -4.331910487959454, 79.70886820056994]","[-27.249334901161596, 47.78270013536245, 81.3862941413579]","[-68.10303524627514, -16.167160624867915, 34.51722931697634]","[-5.74540971070417, -40.7828712389906, 91.5244983617239]",P5,target,sub-5166,active,ses-baseline,run-baseline
P3_target_sub-3195,"[-75.14947531177738, 26.085278505195703, 24.893866900727932]","[-46.91634664912166, 64.42935340178227, 38.105744126881554]","[-79.91955120300489, 19.70600548953329, -24.125108117905512]","[-69.94329476321273, -15.257151572428715, 51.956742935293974]",P3,target,sub-3195,active,ses-baseline,run-baseline
P4_target_sub-4125,"[-69.71041529366153, 39.53882073324656, 24.0001712972504]","[-48.55158248202884, 80.8680592262123, 40.90683153926762]","[-70.05553907327956, 33.051224413964256, -25.54964896640862]","[-68.25485237649015, -1.2506756132427772, 52.67154041780651]",P4,target,sub-4125,active,ses-baseline,run-baseline
P8_control_sub-8111,"[56.64571219684674, -4.1786218121417695, 92.03772334680356]","[57.573083323993096, -55.96490166644662, 77.08503513183271]","[73.91027739876559, 31.13149267961885, 54.33402269574586]","[10.765015257104656, 11.351749827958388, 115.13489200367607]",P8,control,sub-8111,active,ses-baseline,run-baseline
P1_control_sub-1226,"[-61.2182415776064, -31.40645081694677, 66.5314124534938]","[-45.674888343977535, 20.87230122712945, 69.94267995366646]","[-87.88338191444528, -44.07801424491236, 21.918533742192913]","[-22.655190826087434, -67.59845222164067, 79.26225800270623]",P1,control,sub-1226,active,ses-baseline,run-baseline
P1_target_sub-1157,"[70.10412446905207, -69.46940030397063, -15.307839365383034]","[54.04217408710325, -91.31027549449028, 13.850423099509953]","[56.565942792239824, -75.41865944674672, -52.41353198160571]","[81.0145450259527, -32.395618030034235, -5.761606802104789]",P1,target,sub-1157,active,ses-baseline,run-baseline
P4_control_sub-4191,"[66.93681673775046, -31.321515155620034, -13.763528687716999]","[56.83558957822872, -57.567221482789385, 13.965091808493916]","[57.29147025677372, -38.80358894039768, -51.65918526919047]","[71.01168908411854, 6.564216490021701, -3.0461296343868973]",P4,control,sub-4191,active,ses-baseline,run-baseline
P4_target_sub-4124,"[-70.57686869723966, 36.28092262388727, 37.33824132968024]","[-43.14575743968932, 74.45572284917907, 53.07588640422377]","[-74.72653429720386, 33.317581065822004, -12.044722582015389]","[-63.21811181934933, -7.1578972181725025, 60.146646201061834]",P4,target,sub-4124,active,ses-baseline,run-baseline
P4_control_sub-4103,"[66.06867251238374, -30.859067371219098, 3.919236628440577]","[56.39558337149551, -56.40818885196405, 32.19058538210298]","[55.71057950505758, -39.28140516086697, -33.756033229491926]","[70.44182491943903, 7.28462795359784, 13.66765644407941]",P4,control,sub-4103,active,ses-baseline,run-baseline
P4_target_sub-4179,"[-69.274711778366, 54.194667151792736, 25.635042099606498]","[-36.36992659019776, 87.04431442642164, 42.2846679539875]","[-78.36458589078983, 54.981824658920736, -23.065071246432954]","[-69.8832142486466, 9.818764788930638, 47.72065829321453]",P4,target,sub-4179,active,ses-baseline,run-baseline
P4_control_sub-4144,"[65.594331422667, -31.92647420083513, -6.342627719873717]","[55.407894136532164, -56.22376029906876, 22.94729104660455]","[55.684774687116104, -41.492890637272204, -43.702948325519564]","[72.89555209072407, 6.195564542730246, 2.153757944248791]",P4,control,sub-4144,active,ses-baseline,run-baseline
P4_control_sub-4119,"[66.56140386326406, -23.770853157416468, -9.294649230306304]","[54.81602346484229, -50.16952871381176, 17.601875306175053]","[58.32354572549982, -30.421574271552362, -47.861642916522214]","[71.70911307496301, 13.647938932839306, 2.6250488127369356]",P4,control,sub-4119,active,ses-baseline,run-baseline
P4_target_sub-4193,"[-73.43480055115496, 31.769573167741868, 12.020045977697569]","[-53.3542250145589, 72.4823157436006, 31.38824560673398]","[-71.31935375765346, 28.21775691808856, -37.15459859054135]","[-69.5462767921192, -10.545780105549264, 38.09631843446931]",P4,target,sub-4193,active,ses-baseline,run-baseline
P8_target_sub-8129,"[-51.61284902834884, 24.311457978086068, 60.45906312468784]","[-25.46702666785769, 52.7983017980293, 69.7826657599984]","[-71.37447859291191, 28.631730126181708, 26.85602696994756]","[-43.161000121531174, -12.951691568348636, 71.61785455719375]",P8,target,sub-8129,active,ses-baseline,run-baseline
P1_target_sub-1228,"[64.43761914369743, -61.365186636366964, -32.57090916064657]","[51.72504791222703, -84.26372778974863, -2.590556254632959]","[54.42044689514592, -70.63690746690098, -70.00275221922077]","[75.61742905267069, -25.22719059071447, -24.88797490781821]",P1,target,sub-1228,active,ses-baseline,run-baseline
P3_target_sub-3117,"[-58.972899455699896, 29.214954600475597, 25.6426761191304]","[-28.65580141052401, 67.09848863127792, 34.71833376437011]","[-69.45272137757384, 19.785396592970464, -21.787275445539954]","[-57.16993621350346, -9.849739608276593, 56.34944773450823]",P3,target,sub-3117,active,ses-baseline,run-baseline
P4_target_sub-4149,"[-69.097561366999, 33.713447290769835, 25.890868593648367]","[-37.8311426922021, 69.50360316151905, 38.556365114322695]","[-73.75859169774971, 28.03252480192229, -23.424130464767416]","[-65.18912704017534, -8.665564580497145, 51.8711026621776]",P4,target,sub-4149,active,ses-baseline,run-baseline
P4_target_sub-4118,"[-67.34852616300525, 36.975590996037965, 37.06669993253893]","[-38.1252114720107, 74.67019246752768, 50.879908029141916]","[-71.32877499353172, 30.886878249809964, -12.109418120740987]","[-64.94148668913601, -4.890899268766336, 64.10418011627276]",P4,target,sub-4118,active,ses-baseline,run-baseline
P7_target_sub-7115,"[47.5970564024729, 38.543234169799696, 42.617691774424834]","[39.205438971739426, 4.494156488870823, 70.01994008036422]","[64.46497357727047, 25.662039622146697, 3.556379765546989]","[14.80353575526077, 67.83121507351986, 38.4391288195289]",P7,target,sub-7115,active,ses-baseline,run-baseline
P2_target_sub-2234,"[-26.347509570735934, -61.1311849330966, 69.10905500489754]","[-66.43534023931933, -13.997871009935443, 57.186311274685664]","[-11.131133466553953, -87.15561337786956, 13.066775154494954]","[26.259739856683005, -34.24183937765528, 91.47740567142023]",P2,target,sub-2234,active,ses-baseline,run-baseline
P3_control_sub-3131,"[46.5687562045642, -26.039668197870267, 66.00815986682]","[46.9087724537391, -77.28993079518148, 48.642320706368686]","[65.93480314665425, 8.536079841251832, 30.01005433847564]","[-2.165379310248912, -10.153458469790866, 83.07761879780847]",P3,control,sub-3131,active,ses-baseline,run-baseline
P8_control_sub-8155,"[58.81250764384843, 4.476857800266977, 91.54974039209657]","[54.85119722181608, -48.34283372737169, 83.79243712767156]","[81.06843958436637, 32.28002171722688, 50.40448861138498]","[12.713410775498826, 27.439402660274823, 108.41703980265738]",P8,control,sub-8155,active,ses-baseline,run-baseline
P2_control_sub-2271,"[77.93460718261626, -23.824781771526602, -29.400594574924]","[65.66706857789173, -54.244409564508494, -6.580122473167872]","[69.61112597488626, -24.777388958795804, -68.37281422331876]","[81.28992681944305, 11.821602880951312, -12.486550768020532]",P2,control,sub-2271,active,ses-baseline,run-baseline
P7_control_sub-7111,"[-50.92399057855183, -28.9358516879832, 58.7349742285818]","[-40.056892494110784, 24.765950708688155, 60.743486912238104]","[-77.5474391911538, -43.93704428512217, 17.73671486621725]","[-8.750191021996057, -61.61181889790499, 68.9120802563039]",P7,control,sub-7111,active,ses-baseline,run-baseline
P8_target_sub-8181,"[-52.55066568844537, 53.41332063920387, 83.54190592664946]","[-22.266776233247523, 77.49704302116348, 91.06184350326382]","[-69.43814035980375, 57.40583709260843, 47.669240694690046]","[-49.27107781317373, 16.060561346912856, 97.24482053687724]",P8,target,sub-8181,active,ses-baseline,run-baseline
P5_control_sub-5164,"[-51.80349928035583, 57.21788374723877, 12.147113310138366]","[-17.981998687005465, 92.35785059140447, 22.015513189673175]","[-66.74690104126908, 53.41012468789544, -35.05517807797368]","[-47.78744123097091, 14.444350286533417, 37.408856375738935]",P5,control,sub-5164,active,ses-baseline,run-baseline
P5_target_sub-5129,"[-45.983018299931565, -15.112064768605434, 88.90469282085452]","[-34.161501913060555, 38.31079881312101, 90.23855949554512]","[-80.23373917147701, -28.456613709159434, 49.78737469700392]","[-2.0307930917095516, -47.20915790658038, 91.2601779432739]",P5,target,sub-5129,active,ses-baseline,run-baseline
P1_target_sub-1165,"[79.13396454073694, -52.685213673973465, -26.782154596467468]","[70.81117820112432, -79.87523546467622, 0.95888581148597]","[67.4858622761967, -59.28656815176293, -63.947222474441915]","[83.73615928868784, -15.07575951645701, -15.294517195134251]",P1,target,sub-1165,active,ses-baseline,run-baseline
P3_control_sub-3200,"[52.45395699841847, -27.1250144518859, 65.74833417142764]","[50.249066998925194, -77.34543179913241, 47.012640962091645]","[76.73970542003248, 7.920929027998593, 32.5264738884451]","[4.867008654750244, -8.81893273398606, 84.27661747655785]",P3,control,sub-3200,active,ses-baseline,run-baseline
P4_target_sub-4114,"[-71.88038898653157, 48.487886237385794, 39.52793569305237]","[-41.28246570889261, 85.41704976459745, 52.37682665274654]","[-71.8190068662307, 41.41487955845187, -9.483701599048677]","[-65.58561193848938, 6.686722001898635, 64.8088862918921]",P4,target,sub-4114,active,ses-baseline,run-baseline
P8_control_sub-8176,"[45.22659249232504, 9.0762426039951, 81.20943082348224]","[51.44866380891058, -42.948744558975505, 68.61454978159622]","[64.0521307413215, 43.085654104263696, 44.01279258828827]","[-5.531752418702672, 21.119983188927684, 94.29764517030283]",P8,control,sub-8176,active,ses-baseline,run-baseline
P3_target_sub-3170,"[-67.82528809231587, 20.4338959814766, 14.798321560974868]","[-40.0911050313399, 59.677284628748126, 26.803652070394712]","[-70.40639775372617, 12.532698876918642, -33.35274957140862]","[-59.712817132683064, -20.90548859063645, 41.25819065675027]",P3,target,sub-3170,active,ses-baseline,run-baseline
P3_control_sub-3129,"[49.9781033629453, -31.837105312910666, 75.11474147734721]","[46.38032434624875, -82.74006577527567, 58.070430320229555]","[69.92749182081576, 2.559945181370731, 38.132733137504914]","[4.0428127610387214, -13.563651000626152, 95.98386238756089]",P3,control,sub-3129,active,ses-baseline,run-baseline
P2_target_sub-2218,"[-36.2429270765588, -68.94212540114997, 40.99459455573573]","[-71.64686277294174, -16.846450234654668, 37.87947748871408]","[-23.03106931090285, -87.54825127386725, -18.86974026831929]","[17.953671606896865, -52.08927485437734, 69.03630422344983]",P2,target,sub-2218,active,ses-baseline,run-baseline
P4_target_sub-4126,"[-73.74646577590336, 54.162255409895835, 26.084206643321465]","[-47.31149335122551, 89.77402424285569, 47.68267910053164]","[-74.94999500735928, 54.24788041251683, -23.706805041289908]","[-77.5342603691993, 10.34624255907514, 49.534460540866185]",P4,target,sub-4126,active,ses-baseline,run-baseline
P3_control_sub-3135,"[58.408984545332295, -48.69486634650977, 80.2765927371137]","[52.97070413503294, -96.36190831507453, 54.43525326336256]","[80.08879431949944, -8.663808573424213, 50.91190404820184]","[14.020881272795796, -32.73576128722137, 107.2090854910067]",P3,control,sub-3135,active,ses-baseline,run-baseline
P8_target_sub-8186,"[-58.54830175226349, 62.06529139290803, 75.72300742719439]","[-31.337346222659413, 89.8760289495588, 83.06505789396341]","[-69.03448795282216, 60.16576268991371, 44.84039513121257]","[-54.48035862041455, 27.6110441317408, 95.08486558020832]",P8,target,sub-8186,active,ses-baseline,run-baseline
P1_control_sub-1222,"[-48.73949504457403, -29.911708435987933, 50.375162883192594]","[-35.056756219091454, 22.935885356983242, 46.44531190462213]","[-71.8462956501821, -48.84479772453711, 7.42302544468]","[-9.879797239900242, -62.47733432551132, 68.22427821817193]",P1,control,sub-1222,active,ses-baseline,run-baseline
P1_target_sub-1182,"[69.09318540525976, -41.82997244427193, -10.129592358830617]","[64.03539087916597, -70.19665229854603, 17.487278174456844]","[61.58084121930981, -50.0094301618656, -47.42589344688086]","[72.12192583576714, -3.7578128484432276, 0.8759251396788735]",P1,target,sub-1182,active,ses-baseline,run-baseline
P2_control_sub-2233,"[75.76384667522363, -22.308111511844135, 5.107270477470631]","[63.29645103658224, -46.46040988106497, 34.25195893841067]","[71.20450847161489, -34.0850970952128, -32.75594668541532]","[76.90432657490281, 16.656195636885595, 12.303929171452344]",P2,control,sub-2233,active,ses-baseline,run-baseline
P5_target_sub-5147,"[-42.59637141197204, -2.7413094659539836, 72.41302750469733]","[-26.58809355961821, 49.58744659650784, 76.31951823195112]","[-69.14322680935199, -13.43858946961265, 27.779196348246792]","[-3.5244934442674003, -38.9135007442129, 80.5276479210929]",P5,target,sub-5147,active,ses-baseline,run-baseline
P5_target_sub-5146,"[-41.75148162280707, 19.3235252206016, 86.19048993141656]","[-24.879694609694457, 70.25486842951534, 75.70517981449377]","[-73.05362308207519, -1.5638800088692588, 49.381810269125374]","[-3.691380408224362, -15.136009214247927, 103.20875596447095]",P5,target,sub-5146,active,ses-baseline,run-baseline
P3_control_sub-3171,"[42.97736825858133, -29.369084827087963, 76.11523126740347]","[53.127333298379924, -79.96162952953779, 61.07403592118001]","[63.21883717632393, 8.64323920044708, 44.27502365472697]","[-8.752772105093563, -20.27425792672024, 87.24905233230832]",P3,control,sub-3171,active,ses-baseline,run-baseline
P2_target_sub-2287,"[-35.4272328100129, -65.7054974450337, 66.62080744430484]","[-73.45429023153989, -16.699855793396228, 52.198691653030394]","[-18.037506882425696, -92.44768659982233, 11.415708275669623]","[17.669994024833077, -40.25136684346739, 90.65856846634568]",P2,target,sub-2287,active,ses-baseline,run-baseline
P3_control_sub-3143,"[52.167145536210306, -14.9417501983662, 55.813028554044735]","[54.19807267698357, -68.21028198383442, 49.715830808718756]","[72.85182723513195, 14.770412864652226, 14.9481199113849]","[4.343243845644107, 3.765127550986449, 72.7436975645669]",P3,control,sub-3143,active,ses-baseline,run-baseline
P1_control_sub-1192,"[-53.9492412531876, -25.15990045582477, 61.46881415342164]","[-38.488546047620815, 27.293802657396977, 65.17102797480732]","[-75.08236577239839, -38.28792930671712, 14.041232774429943]","[-15.96866493665242, -60.46493024931414, 76.34775054018779]",P1,control,sub-1192,active,ses-baseline,run-baseline
P4_control_sub-4106,"[65.33865437328593, -29.110003617755165, -11.688467885213567]","[54.75613559788559, -54.87585499172506, 16.42222140663675]","[58.74484246590697, -38.5498151748168, -49.233782524675554]","[69.36373891022515, 8.91684822469976, -1.6354588571640396]",P4,control,sub-4106,active,ses-baseline,run-baseline
P1_control_sub-1171,"[-35.210069945698564, -52.467100119152065, 60.778358564658866]","[-29.017218687057888, 1.711776599864116, 67.08685261110136]","[-57.8585793322194, -65.03568840820535, 14.43024525703494]","[10.5089551418138, -79.34889838847947, 66.51781559038922]",P1,control,sub-1171,active,ses-baseline,run-baseline
P8_control_sub-8105,"[45.00353040057263, -14.550761933652268, 78.61303621647923]","[34.4496737463353, -63.096242220266994, 60.35219972797805]","[68.9763908406603, 14.539489647183903, 39.954758143818104]","[-1.078881865430509, 10.585073324813385, 91.50527326899578]",P8,control,sub-8105,active,ses-baseline,run-baseline
P3_control_sub-3105,"[53.596670138020464, -39.539386938828535, 43.581002826982335]","[49.201420982917256, -88.45543038676178, 20.321213744194758]","[73.59105687771398, -1.2062396494457435, 11.626987140941834]","[8.247962634151751, -23.039301179270872, 67.85862782593757]",P3,control,sub-3105,active,ses-baseline,run-baseline
P4_target_sub-4217,"[-68.93941667372475, 33.698676183315165, 25.679415437410835]","[-40.65637882276358, 68.19580114649725, 48.21580226776849]","[-75.21534459077887, 40.01815978463559, -22.5055607233385]","[-63.77634346380427, -13.56227774007481, 40.8043155739862]",P4,target,sub-4217,active,ses-baseline,run-baseline
P4_control_sub-4166,"[74.58292578153926, -24.086559384113837, -24.218565604532937]","[68.64904809951209, -52.78644554652399, 2.856152560148651]","[65.68693205091816, -31.542777090044027, -62.478046697101206]","[74.06521468814405, 13.716305714994434, -11.97372259505921]",P4,control,sub-4166,active,ses-baseline,run-baseline
P3_target_sub-3139,"[-72.50379995864904, 12.3100564276471, 30.51589915360527]","[-45.969042641675784, 50.17976142639457, 48.67792084661132]","[-76.31610989018766, 10.738183579989721, -19.295177568281918]","[-68.92354297391138, -31.226689994807156, 54.166394565722754]",P3,target,sub-3139,active,ses-baseline,run-baseline
P2_target_sub-2263,"[-18.792970503153366, -68.96158741808426, 46.66129180052993]","[-69.36509658350246, -33.12663633301326, 37.11143385376226]","[5.630543018222158, -85.78642226735438, -10.115109468711843]","[24.303871080216815, -35.676535597880665, 79.9654034278833]",P2,target,sub-2263,active,ses-baseline,run-baseline
P5_control_sub-5149,"[-65.63687084367244, 25.982233845188603, 29.743690923896068]","[-43.28699197388236, 66.90609563931804, 46.87390873965234]","[-68.24240323489562, 21.484483344741104, -19.78490526149551]","[-61.095934959242456, -16.03734408566145, 55.86609609179833]",P5,control,sub-5149,active,ses-baseline,run-baseline
P2_control_sub-2290,"[72.4994669305646, -30.145244497740403, 13.601532314808134]","[65.56616541384257, -54.56525993080457, 44.29491582002935]","[56.640702117564246, -39.43296808742619, -21.72034890428846]","[75.56893537378879, 8.44012422657591, 21.11019935751645]",P2,control,sub-2290,active,ses-baseline,run-baseline
P2_target_sub-2291,"[-29.058505760646867, -74.80630032689304, 54.11730327162737]","[-72.20977492961354, -28.844846712594496, 49.4281280608915]","[-9.190442575574187, -91.39701002621653, -3.9486479106837664]","[19.619480444929447, -53.294537703928704, 88.48071303661357]",P2,target,sub-2291,active,ses-baseline,run-baseline
P1_target_sub-1183,"[75.0718460365373, -52.170382737173604, -9.74990591506602]","[64.88535385735472, -74.4324550026384, 21.84123630694617]","[66.24311821499873, -65.2281870889372, -46.35740151897511]","[82.25858052067632, -13.617775351939816, -4.6406528665546825]",P1,target,sub-1183,active,ses-baseline,run-baseline
P7_target_sub-7107,"[52.633412021942696, 24.07967034976033, 56.70023355258619]","[40.63870173768558, -14.134797709062118, 76.42351469779518]","[70.32686477712238, 18.13165629943688, 16.334078554798133]","[22.26082506536386, 56.34343569516189, 58.34655538831092]",P7,target,sub-7107,active,ses-baseline,run-baseline
P8_control_sub-8114,"[48.30568367324116, -1.7821644273132515, 104.86819098653099]","[54.180490309383096, -52.66308335701396, 89.06766216530217]","[68.05779040503197, 35.44361972852595, 70.61857199453848]","[-2.456859808213311, 10.194171992321762, 119.34450010334358]",P8,control,sub-8114,active,ses-baseline,run-baseline
P3_target_sub-3181,"[-64.40712719414793, 6.58110848580564, 29.342751024897733]","[-41.94512116941786, 47.264525913876, 45.90933336282738]","[-66.9267020776828, 1.9553047356852913, -20.15887189430372]","[-57.890259808470795, -35.525531856373455, 54.95320595230425]",P3,target,sub-3181,active,ses-baseline,run-baseline
P4_target_sub-4213,"[-64.878795727298, 54.73784141964194, 21.4143539275791]","[-30.59255396840749, 85.7146576204174, 38.24743350840137]","[-72.27807955262789, 55.883774910283506, -27.72702004591687]","[-65.1196192421813, 9.273409356619124, 41.62534163839369]",P4,target,sub-4213,active,ses-baseline,run-baseline
P8_target_sub-8156,"[-49.4753903382777, 29.295341713280536, 51.15071974090383]","[-20.172505336554934, 53.159011818517776, 63.56560653510789]","[-65.64608928776622, 38.6213843992412, 16.227585367533017]","[-46.16612873509799, -9.585929666192088, 59.170738464343025]",P8,target,sub-8156,active,ses-baseline,run-baseline
P3_control_sub-3146,"[50.21185534650427, -29.578104073559132, 63.1076203453297]","[46.695416009688785, -80.98647101761128, 49.09818012992209]","[67.44504247768154, 1.9124664865248504, 23.368578107492585]","[4.530815564245671, -10.561788233761215, 84.4481342559427]",P3,control,sub-3146,active,ses-baseline,run-baseline
P4_control_sub-4187,"[77.10847095084198, -11.5360000313314, -35.91026184804083]","[70.43598576952837, -39.433744924468115, -8.005765100087368]","[70.40108216318258, -18.76056678868958, -66.34225825796476]","[76.03118655275169, 26.801461393331728, -25.03696251792165]",P4,control,sub-4187,active,ses-baseline,run-baseline
P1_control_sub-1210,"[-47.69974817255993, -23.173240169411233, 63.550693517735226]","[-30.36828602038501, 28.74745167459178, 64.65478388417486]","[-73.64659778194205, -35.78311196105478, 19.97476229305267]","[-10.306859709319722, -59.942606059678674, 76.39103333544878]",P1,control,sub-1210,active,ses-baseline,run-baseline
P8_target_sub-8185,"[-44.87760152878136, 76.55683183441953, 67.76486005548456]","[-11.163086444471006, 95.59512509676858, 74.40327179899342]","[-57.67847284414514, 78.23824005978847, 30.48544401246]","[-48.949791495490594, 41.3290061438809, 85.53540922302615]",P8,target,sub-8185,active,ses-baseline,run-baseline
P4_target_sub-4119,"[-69.71664085957809, 52.559860334122696, 22.40782382291033]","[-41.1466859944254, 87.86785962471333, 41.76723564579618]","[-71.77783920864236, 50.59214235581266, -27.534190928498806]","[-73.18724155619104, 9.46006949609178, 46.97930897328212]",P4,target,sub-4119,active,ses-baseline,run-baseline
P4_control_sub-4196,"[65.2889532091807, -39.4324844750901, -9.404477981867837]","[53.00865574862267, -62.3273389790506, 20.684836597459316]","[53.70997288469961, -48.63671333838163, -46.18061841279328]","[72.70769884782695, -1.1372637109805035, -1.90528929198602]",P4,control,sub-4196,active,ses-baseline,run-baseline
P2_target_sub-2232,"[-22.188661402144003, -58.87063646808736, 69.34708272745154]","[-67.38023388015742, -17.81227779593593, 54.316520598723834]","[1.0900054534136845, -81.75444498496535, 14.403923807516524]","[23.97469200464897, -24.972658261097372, 96.49387648421786]",P2,target,sub-2232,active,ses-baseline,run-baseline
P2_target_sub-2202,"[-23.41754588914443, -46.32903529458377, 105.08045297313299]","[-65.08976493579121, -6.970559289572039, 80.92536915031137]","[-5.9587686369278225, -85.86041866445235, 57.91986449339353]","[25.723906647457117, -12.629000610077034, 120.36248728786292]",P2,target,sub-2202,active,ses-baseline,run-baseline
P4_target_sub-4139,"[-70.11179015905525, 37.622275884150405, 42.88224442542747]","[-38.978991609785695, 73.61413913580049, 57.25616027164177]","[-75.40148757675568, 33.20174765332006, -5.859060939342617]","[-65.64110604758594, -5.812008939530902, 66.64309685079226]",P4,target,sub-4139,active,ses-baseline,run-baseline
P5_control_sub-5140,"[-69.2332536504428, 55.933413012384335, 16.540746579472398]","[-38.2041867008787, 92.19667557226218, 30.73558981057294]","[-75.87448405474886, 50.60355379226399, -32.60701159517589]","[-69.13873682231616, 14.323946130597175, 43.43099109048436]",P5,control,sub-5140,active,ses-baseline,run-baseline
P1_target_sub-1136,"[72.59019815329891, -56.1835807938827, 3.95793758236197]","[61.468265349036976, -78.90363456858849, 34.550831085473455]","[65.02754009319932, -68.68150823669619, -32.948682164377225]","[76.0229746829312, -16.826693851753447, 9.991626852413697]",P1,target,sub-1136,active,ses-baseline,run-baseline
P2_target_sub-2290,"[-24.602823954084133, -69.39885947062736, 78.51318818055711]","[-64.3602221419588, -22.15604185518057, 69.12151038570052]","[-8.633165514782512, -89.03811900797447, 19.670394583387512]","[28.041332311585695, -41.86212436473224, 101.00539505459953]",P2,target,sub-2290,active,ses-baseline,run-baseline
P2_control_sub-2201,"[72.56638614355526, -34.103889804968304, -20.266763487181365]","[60.63153301243338, -57.926208819827494, 9.283045119636645]","[59.43577614123323, -42.00224243577458, -57.17320032839566]","[78.90429745884296, 3.84069977268891, -11.512075222633307]",P2,control,sub-2201,active,ses-baseline,run-baseline
P3_control_sub-3115,"[45.01084807363187, -24.906483059287467, 71.94028053545944]","[42.51322083148563, -78.1643247247335, 60.36841875760668]","[73.02377730574814, 5.1697375926021545, 37.085211040723024]","[-2.243227216353012, -1.7046866243699081, 85.15795045031383]",P3,control,sub-3115,active,ses-baseline,run-baseline
P5_target_sub-5158,"[-43.82719476212367, 3.689344310306007, 62.038938346826306]","[-21.44578893934133, 52.965781013533245, 55.150039674337]","[-76.4617761643009, -10.214026114039452, 23.138404197075655]","[-8.349579539688873, -35.131106005048416, 73.94290333462519]",P5,target,sub-5158,active,ses-baseline,run-baseline
P4_control_sub-4115,"[67.42354545486496, -36.42957054362257, -0.06263589998077228]","[56.45112594126263, -64.56427599293329, 25.8068254819296]","[58.16205841116728, -40.91963282109757, -38.524365916660365]","[71.92749525668032, 0.4987093306357888, 13.515064355947906]",P4,control,sub-4115,active,ses-baseline,run-baseline
P3_control_sub-3122,"[47.338242201514994, 4.310556111258964, 66.86550988004497]","[59.57356519751471, -47.83260529297734, 59.608564499033264]","[66.84658614159387, 38.32143225022467, 29.449067562729812]","[-3.939746868393992, 13.945379660563697, 79.7203969009627]",P3,control,sub-3122,active,ses-baseline,run-baseline
P5_control_sub-5112,"[-71.13051428952093, 27.163995552186236, 40.4617265832354]","[-46.89705109413132, 65.76587794897489, 57.394755141976574]","[-74.02526415255292, 24.556885742000567, -9.310068984555455]","[-67.01421317374087, -15.586795771443082, 65.28856935721937]",P5,control,sub-5112,active,ses-baseline,run-baseline
P4_control_sub-4127,"[72.55186579457144, -15.4937605755733, 7.707803566794532]","[67.87032324577187, -39.01840898081636, 39.409339447682534]","[64.90049386147774, -29.694058385347237, -28.590108486214362]","[75.84681953544631, 23.53444278327243, 12.671966975040931]",P4,control,sub-4127,active,ses-baseline,run-baseline
P2_target_sub-2212,"[-33.66963037799896, -62.02220042719614, 45.535086228384934]","[-72.06771338501412, -12.827949958551226, 34.83198240263824]","[-14.644320931258896, -83.33164326189377, -11.887057562172961]","[17.718008077517936, -37.636065387266264, 73.53831143039825]",P2,target,sub-2212,active,ses-baseline,run-baseline
P1_control_sub-1128,"[-48.4308845190018, -33.86938347624164, 79.14193823701383]","[-34.10111704507177, 18.334999069351667, 85.73787423253813]","[-72.1005246102148, -43.57160568179256, 32.73550256799046]","[-11.163927921274082, -69.82199148948409, 91.54033880050406]",P1,control,sub-1128,active,ses-baseline,run-baseline
P4_target_sub-4208,"[-73.51275719961407, 23.15793943100647, 29.370429067455564]","[-50.843239108447165, 62.87003560461178, 47.661708312903855]","[-76.20311302145824, 20.723883262464312, -20.56489669782894]","[-68.97526673534892, -19.808447817789286, 53.80870115825282]",P4,target,sub-4208,active,ses-baseline,run-baseline
P2_target_sub-2265,"[-26.7069042238478, -60.6424348149988, 57.144814129622404]","[-66.05924814553386, -13.890133780507286, 45.1015983963923]","[-15.145220499122047, -88.19799292035877, 1.1679258922198783]","[27.525686913837813, -32.38027535637663, 73.80017509622618]",P2,target,sub-2265,active,ses-baseline,run-baseline
P3_target_sub-3137,"[-71.45410547649676, 43.67601323736893, -8.25286981877727]","[-42.15558776770963, 80.44645621330122, 5.952553623090578]","[-76.53341050341571, 36.58780860324875, -57.21741204054482]","[-73.49757838776988, 3.806961107863583, 21.396590143254972]",P3,target,sub-3137,active,ses-baseline,run-baseline
P4_control_sub-4133,"[69.49208492110343, -24.586547859233367, -6.5816790958603635]","[59.62350845387049, -51.08365830995463, 21.340005721840335]","[60.49532701124019, -32.4586868419974, -44.04489734322768]","[73.46835594593189, 13.10443370696124, 4.168130186245324]",P4,control,sub-4133,active,ses-baseline,run-baseline
P4_control_sub-4189,"[77.00585078746137, -29.3852787714012, -13.654458724949434]","[65.51617012122912, -55.17341020225718, 14.368193878487522]","[68.07203567815341, -37.40939688784455, -51.581189918778406]","[79.49582548008922, 8.698471642932715, -3.3649924713838004]",P4,control,sub-4189,active,ses-baseline,run-baseline
P1_control_sub-1194,"[-47.58083122642817, -21.1798421490055, 64.0141523768708]","[-38.88565618560935, 32.67655110431259, 59.55246656588961]","[-70.40875347267402, -41.12359871373364, 22.166861674905448]","[-3.635190036952057, -49.47107762392935, 77.0676097605529]",P1,control,sub-1194,active,ses-baseline,run-baseline
P2_control_sub-2218,"[79.21191170812337, -30.68710579079317, -14.441452696317333]","[65.31510178407277, -58.51580047933117, 10.399303112954753]","[70.46991188296349, -33.87411245828396, -53.2637722630681]","[84.94737595168746, 6.000208406692693, 0.048721547552270345]",P2,control,sub-2218,active,ses-baseline,run-baseline
P6_control_sub-6215,"[-65.52752787602613, 18.107658949763234, 33.12970987112313]","[-37.68960898322543, 57.948109582319894, 43.1966490194174]","[-66.94659275688755, 6.430497213625593, -15.180600968113195]","[-62.04608450492667, -20.37264806808862, 64.64956543391709]",P6,control,sub-6215,active,ses-baseline,run-baseline
P3_control_sub-3104,"[46.18811659168367, -10.45453517906229, 69.32586237948586]","[47.97351132886598, -63.902811158122304, 60.81660712597334]","[68.42454917378251, 19.6708127616841, 30.303140074226963]","[-2.938898715052628, 7.341630672584436, 82.38461036641884]",P3,control,sub-3104,active,ses-baseline,run-baseline
P2_control_sub-2258,"[74.44192626034953, -24.481797163733432, -20.182950196382404]","[67.19659440546788, -49.77863552580196, 9.683821989193385]","[64.27322982878911, -35.0398424002185, -57.38535454886652]","[76.00276425893571, 13.896132781857343, -11.79612711318496]",P2,control,sub-2258,active,ses-baseline,run-baseline
P4_control_sub-4168,"[70.55836027407173, -27.6055598651589, -10.133142009276863]","[63.16522739902869, -53.62976500610523, 18.89653199244709]","[63.9523537573428, -37.80012049695098, -47.42277387488752]","[74.44220548931796, 11.025210013302765, -1.256608105036573]",P4,control,sub-4168,active,ses-baseline,run-baseline
P2_target_sub-2267,"[-32.5097031425528, -68.15265314878962, 64.0999223659315]","[-72.25374983986723, -20.01137898073892, 54.87804230409215]","[-15.317924137498006, -90.70045902164478, 7.397309208577661]","[18.631862062642014, -45.397246321571714, 91.83921679977692]",P2,target,sub-2267,active,ses-baseline,run-baseline
P3_target_sub-3213,"[-80.45112733680163, 10.327301498595773, 8.307876917843476]","[-59.98989457390457, 50.69952903494731, 27.86010539045653]","[-76.8683047855548, 6.243158192912674, -41.19924206325622]","[-77.5923605895369, -31.977411961844034, 34.55952601494294]",P3,target,sub-3213,active,ses-baseline,run-baseline
P8_control_sub-8123,"[54.893633533709966, -26.5370614215057, 79.88834921730093]","[43.4669230470057, -70.32539488122741, 50.714160665154026]","[81.58059373139429, 11.332776441058623, 51.94313835452048]","[10.722842453421904, -6.6892215703095, 104.0900485074444]",P8,control,sub-8123,active,ses-baseline,run-baseline
P8_control_sub-8186,"[39.91493454214973, 13.848384823106999, 108.25835847896234]","[45.61015795276198, -39.02380004011387, 98.78037087860069]","[63.836372264363405, 46.53018119415401, 72.72266112431998]","[-10.833743647553044, 29.71046617136248, 118.77925586569985]",P8,control,sub-8186,active,ses-baseline,run-baseline
P1_target_sub-1153,"[73.67507113875551, -53.214046868104965, -31.882379247576036]","[65.28640929779492, -81.10930027787121, -4.567569892428046]","[66.66217318589614, -60.69058545318993, -70.51782370245837]","[79.47901801638723, -15.70742223761031, -19.828750257935166]",P1,target,sub-1153,active,ses-baseline,run-baseline
P3_target_sub-3105,"[-65.6963528190977, 14.100964337674768, 10.856960547678037]","[-37.42625940558657, 48.662413144059656, 31.844801805986883]","[-69.61658118373259, 17.48351360559656, -35.7843886221309]","[-63.045928891037676, -31.694523766950088, 30.030767039054325]",P3,target,sub-3105,active,ses-baseline,run-baseline
P3_target_sub-3190,"[-69.17216551401289, 9.430550858901226, 26.9317598775928]","[-38.959382228948414, 43.472956607256116, 45.99903814786525]","[-74.60014631204122, 11.152527222955687, -22.83122175340591]","[-66.96086752595895, -35.828916077488365, 47.07933003330421]",P3,target,sub-3190,active,ses-baseline,run-baseline
P2_control_sub-2230,"[63.43103329965919, -31.0305277540777, -5.606768554271117]","[54.022268398530386, -54.550783876741306, 25.269464025969683]","[53.31159819571855, -42.32138469760172, -42.152046932673386]","[68.3082614914879, 7.06121395478182, 0.7184237765194752]",P2,control,sub-2230,active,ses-baseline,run-baseline
P2_target_sub-2207,"[-18.7423156280255, -77.99335576410697, 46.68307549624463]","[-67.12246372819621, -38.474257927039204, 38.54507889542406]","[5.381234375254883, -88.35536141164873, -11.652440393655542]","[25.27319126645664, -45.67759634859156, 78.20508092984699]",P2,target,sub-2207,active,ses-baseline,run-baseline
P1_target_sub-1178,"[71.46849147918626, -53.8037063094876, -17.173730140049233]","[63.761897255515436, -74.3871345536871, 15.69917590895244]","[69.37651778687218, -71.40505857939061, -52.34409959547227]","[75.35645555205974, -14.494957444388486, -15.217272591400977]",P1,target,sub-1178,active,ses-baseline,run-baseline
P4_target_sub-4162,"[-81.74515032157193, 32.333541145578266, 15.9358385630783]","[-60.146962329249064, 68.6013917483655, 40.69678485765694]","[-84.33070372437267, 37.74850351989301, -33.49092609659822]","[-77.62334259238295, -13.693318353816824, 33.68438010624002]",P4,target,sub-4162,active,ses-baseline,run-baseline
P2_control_sub-2213,"[73.7749618557544, -32.916714425216895, -34.009960228580134]","[60.41603093014017, -60.874702549842134, -8.904217128502982]","[64.08727373455108, -35.66416959441918, -72.58799648832915]","[82.58806174056106, 2.752343831764555, -19.40868391413722]",P2,control,sub-2213,active,ses-baseline,run-baseline
P8_target_sub-8152,"[-50.5268952460377, 40.92658613433534, 66.22099103983037]","[-22.29287315161838, 67.87412402277316, 72.94587016077074]","[-68.02794580328049, 42.85272184011331, 30.672897691171144]","[-43.93479497900636, 4.115206849615897, 80.20452050945947]",P8,target,sub-8152,active,ses-baseline,run-baseline
P7_target_sub-7117,"[57.86776302631674, 34.2132623826699, 42.90247396285023]","[51.56669451223399, -5.075312581577146, 63.03920179557136]","[74.54941564437783, 31.086856012733982, 2.0283413936764294]","[23.965831834854946, 62.72364018874356, 46.2141301681263]",P7,target,sub-7117,active,ses-baseline,run-baseline
P4_control_sub-4217,"[74.38704842141057, -29.67614300576457, -23.591080269693304]","[59.26065029948974, -58.87149936881768, -0.8148375325896139]","[71.78515452071656, -32.43444788794274, -58.913992619283334]","[77.87473992164901, 6.549680164825674, -7.566271886583564]",P4,control,sub-4217,active,ses-baseline,run-baseline
P4_target_sub-4171,"[-76.90999075507305, 42.6843327297242, 19.106681731672065]","[-49.98259909447864, 82.14732109125337, 32.28204143763266]","[-81.96137898505673, 35.87228841064687, -29.99631807298088]","[-72.60267314384879, 1.5592739097142352, 47.003972912772326]",P4,target,sub-4171,active,ses-baseline,run-baseline
P3_target_sub-3147,"[-70.6669225480842, 7.848151788519413, 19.852242762714802]","[-46.07768902606106, 47.332062668217254, 36.67749014398198]","[-69.97599161419488, 3.2803990146923345, -29.520537746273813]","[-67.2595447182188, -34.36704260916129, 46.07816904148124]",P3,target,sub-3147,active,ses-baseline,run-baseline
P8_target_sub-8106,"[-41.76178084137943, 61.1072161514958, 74.99694905993094]","[-11.355477473797269, 85.22306882974505, 82.92881976554773]","[-51.53231928292223, 58.59975703456631, 36.96340051330311]","[-43.364411344550774, 26.92237306338086, 95.34817568352469]",P8,target,sub-8106,active,ses-baseline,run-baseline
P4_control_sub-4151,"[70.1461624327524, -34.026104346031666, -16.326433461703534]","[58.45765589432163, -61.71059689101654, 9.446656798189245]","[60.3832797920231, -38.445961941941455, -54.40396271447152]","[75.29261776480924, 3.0526353755016373, -2.984560628206472]",P4,control,sub-4151,active,ses-baseline,run-baseline
P4_target_sub-4211,"[-66.73276487309327, 49.22355992184577, 29.802036326740495]","[-36.5521964743465, 87.55112491937852, 39.43562154317047]","[-73.74058274218916, 39.39854961184789, -18.535611825380528]","[-61.74296595963643, 9.360020025753162, 59.08926110476709]",P4,target,sub-4211,active,ses-baseline,run-baseline
P1_control_sub-1147,"[-42.10440135543744, -30.874382781054937, 76.70289382815747]","[-18.817387121552024, 18.658737350867412, 73.35444430058632]","[-71.33975264601335, -40.902147811517395, 34.05610066681353]","[-6.083460853897754, -70.41567666924227, 83.85683470959998]",P1,control,sub-1147,active,ses-baseline,run-baseline
P3_target_sub-3159,"[-61.82110762489187, 1.504687590333117, 48.82860270438124]","[-34.37546261548394, 38.39124851267234, 67.3859134641919]","[-70.8392782206546, 4.56471951346819, 1.5041320880222337]","[-51.43952704402741, -44.572396079847096, 64.47632226422637]",P3,target,sub-3159,active,ses-baseline,run-baseline
P8_target_sub-8126,"[-48.9455726144968, 56.08894554703044, 86.5009097294013]","[-17.387522090553333, 78.89315627965819, 93.63866503733256]","[-65.28297804358321, 60.457810873636795, 51.24113588649045]","[-48.020860010275186, 19.348994130630974, 100.4922971506804]",P8,target,sub-8126,active,ses-baseline,run-baseline
P4_target_sub-4222,"[-65.93006020563303, 38.4650181950357, 31.300836598804565]","[-37.56266339769875, 76.05202634619049, 46.319327337074306]","[-67.33179060927694, 31.919449310111883, -18.059057495910814]","[-65.8311185018902, -3.042615225460386, 58.867116350282444]",P4,target,sub-4222,active,ses-baseline,run-baseline
P3_control_sub-3217,"[51.120744891469535, -21.278842097012067, 58.282977229321496]","[54.72199725220672, -72.50953900668858, 41.827642859452475]","[70.1828214311761, 15.331593826247676, 23.761024477646767]","[3.0407600738966503, -7.86123621998709, 78.85075892235665]",P3,control,sub-3217,active,ses-baseline,run-baseline
P5_target_sub-5162,"[-40.179274209646564, -12.368827479430701, 68.45812793903188]","[-34.241709217665544, 41.92739243968188, 63.09398545385815]","[-61.57858183122825, -35.243123898193346, 25.44037862661459]","[5.355771602326352, -37.29035099045661, 81.81256486033041]",P5,target,sub-5162,active,ses-baseline,run-baseline
P8_control_sub-8203,"[53.06636927908723, -7.024156931750826, 97.59360649759454]","[48.01559883901657, -57.21609099982231, 78.14888552586791]","[76.7268394933054, 28.037888728357785, 63.19333954801026]","[6.902345977203524, 12.841978780095978, 117.86976920264573]",P8,control,sub-8203,active,ses-baseline,run-baseline
P8_control_sub-8113,"[51.732750446598295, 2.6027342080954234, 96.576044004443]","[55.14189024747962, -48.343171531053954, 81.96118991559167]","[71.83361632700266, 37.797248548205545, 60.10988981540624]","[2.511245176585249, 16.7328831593456, 114.25525888107407]",P8,control,sub-8113,active,ses-baseline,run-baseline
P3_control_sub-3168,"[53.58727669108001, -25.467621067257365, 58.60202814629394]","[54.01451680054657, -77.3441049814539, 43.549169204162325]","[68.89963965019764, 8.12165730434487, 18.61086292341412]","[4.589434345100546, -10.032970116160396, 75.6769002236424]",P3,control,sub-3168,active,ses-baseline,run-baseline
P2_target_sub-2256,"[-24.244388089281898, -72.90510810565162, 58.2939979954891]","[-67.361374777929, -29.734758936764226, 47.78114718030782]","[-1.7601269706479754, -87.4209504889202, -0.04529629574558236]","[22.857130112057465, -42.34649040242311, 88.46669308389795]",P2,target,sub-2256,active,ses-baseline,run-baseline
P3_target_sub-3128,"[-68.86976145765048, 17.5002798560823, 12.719400390892133]","[-42.66333920651815, 56.972489034469895, 26.168236212489013]","[-67.81638146756978, 8.257701227010687, -36.05204816854106]","[-64.32287265634427, -22.490652196602543, 41.924012798115335]",P3,target,sub-3128,active,ses-baseline,run-baseline
P5_control_sub-5126,"[-66.13412231198087, 29.504208050826634, 25.905156962950162]","[-40.69907422303767, 68.11311787519826, 42.16152716487693]","[-69.04292474896259, 25.923619451947776, -23.670849870102735]","[-60.174488267916395, -13.314616520762993, 50.16973324076542]",P5,control,sub-5126,active,ses-baseline,run-baseline
P5_target_sub-5128,"[-51.84534043642486, 1.4419718983914336, 52.01160230158286]","[-38.74448407610892, 54.5946703621863, 50.882017584106194]","[-74.87129678676216, -15.80459702335968, 7.706543824806872]","[-12.02390427404977, -31.582117991474515, 68.2030804384447]",P5,target,sub-5128,active,ses-baseline,run-baseline
P4_control_sub-4220,"[65.38501531734767, -34.53298387136524, -2.1312154209102268]","[54.47874371411135, -60.381472495684484, 26.117846006127746]","[56.074493400054244, -42.31018631490155, -40.02695311678238]","[71.94089624480449, 3.347450711033579, 8.024244396349637]",P4,control,sub-4220,active,ses-baseline,run-baseline
P2_target_sub-2242,"[-25.660656153283565, -50.78024777727607, 81.04412803435156]","[-67.13268583826965, -6.862532920828323, 63.34279797526924]","[-9.495507274161595, -80.74462264956921, 28.08092034723207]","[26.121829454304315, -19.63909913689982, 100.45055184381198]",P2,target,sub-2242,active,ses-baseline,run-baseline
P3_control_sub-3160,"[55.22061716325327, -18.906355707644966, 78.49697196228094]","[50.82193104047733, -72.46707509134713, 68.52176045700543]","[75.3530654297882, 9.506665348990882, 37.21546496780622]","[9.72900912690722, 3.913279102031553, 96.57245049869758]",P3,control,sub-3160,active,ses-baseline,run-baseline
P2_control_sub-2287,"[75.45473862679212, -33.28998585970036, 5.3668818187272604]","[64.66843813311884, -56.03675991181935, 36.119213612259855]","[67.69664680804182, -45.78706060364617, -31.52820728072795]","[78.8880601809322, 5.899440728840152, 11.289475885184904]",P2,control,sub-2287,active,ses-baseline,run-baseline
P7_target_sub-7121,"[49.2247465006978, 52.257579549788524, 32.4358110640693]","[38.19189146233179, 15.974814424231171, 56.10819181888686]","[68.46988358069729, 42.13097657282997, -6.287229974062291]","[16.292800147022025, 80.90889667132554, 27.612514130885405]",P7,target,sub-7121,active,ses-baseline,run-baseline
P2_target_sub-2294,"[-14.278607926417399, -57.54109483032183, 57.90004311877886]","[-57.92916489380665, -15.81867342626384, 43.92052620156777]","[4.7964492358204405, -77.82669710249222, 0.4703924897130122]","[32.962206817871866, -21.95330530256067, 78.37280103395905]",P2,target,sub-2294,active,ses-baseline,run-baseline
P1_target_sub-1221,"[81.82677315187142, -50.420329438976694, -1.2439323181750304]","[70.43401169287074, -73.88498831722588, 27.47060410261265]","[76.76759074434597, -62.28081769335577, -38.87455486117771]","[85.82005503653791, -12.026882122799597, 5.6592461647652295]",P1,target,sub-1221,active,ses-baseline,run-baseline
P5_control_sub-5160,"[-61.960571456614, 27.224443874191632, 27.99496945053187]","[-41.238505002187814, 68.53984098044975, 45.53926528006887]","[-64.07942769266067, 22.027318979926612, -21.79078055660366]","[-58.51721886860951, -14.084966395916101, 55.08488445972165]",P5,control,sub-5160,active,ses-baseline,run-baseline
P1_target_sub-1170,"[71.78174459965307, -59.0227546678075, -2.69933208652148]","[60.96415434459747, -82.20571239697217, 26.48409627990641]","[63.26865773744902, -69.39951526907588, -39.781864809943656]","[78.3331646589846, -20.816694543259494, 5.050438565532808]",P1,target,sub-1170,active,ses-baseline,run-baseline
P3_target_sub-3133,"[-69.45263385773393, 6.422882228151747, 29.5971769170895]","[-39.32048084870574, 40.57296326334541, 49.47741115306955]","[-71.9183226845263, 7.214130435620302, -20.151825145902144]","[-70.27433369973132, -38.46168175022725, 51.0151559389819]",P3,target,sub-3133,active,ses-baseline,run-baseline
P8_control_sub-8167,"[53.35392417200634, -2.300238812731003, 100.7907152822816]","[58.70188542463147, -52.12473616292538, 82.22100721148598]","[73.32803561280586, 37.6558571197907, 69.862455945818]","[4.918110196551052, 9.152465640858297, 121.25819101248801]",P8,control,sub-8167,active,ses-baseline,run-baseline
P3_control_sub-3208,"[51.230707742784865, -7.589162856851643, 75.03017492977084]","[60.327132044977276, -59.4761478888555, 61.897880186249324]","[66.22248216654879, 29.318380198240693, 38.16227347968529]","[2.7924505598063267, 2.64689983893169, 96.19782782832338]",P3,control,sub-3208,active,ses-baseline,run-baseline
P5_control_sub-5121,"[-69.55961663119832, 39.934015765656106, 35.2404747316015]","[-43.45541508455562, 76.72320180278128, 52.68006792045518]","[-73.52277354886816, 37.26249241219431, -14.58029015911281]","[-68.87506912032805, -3.0052409465964454, 60.380485433761834]",P5,control,sub-5121,active,ses-baseline,run-baseline
P4_target_sub-4209,"[-67.47596408638516, 25.86539864565023, 25.9740609956414]","[-37.64899133598988, 60.29673982252198, 45.75798100209197]","[-79.96244629696575, 33.70657073734303, -20.699537264946958]","[-57.532035936621625, -21.213969462284247, 37.24208478347547]",P4,target,sub-4209,active,ses-baseline,run-baseline
P6_control_sub-6208,"[-75.07671374587683, 4.234551872127853, 0.1398840790646633]","[-48.53513452686286, 40.32581643473557, 19.590235339490764]","[-72.20053541820204, 2.083491255766957, -49.12654797057877]","[-73.62048912050201, -38.9658008135755, 24.224306382457996]",P6,control,sub-6208,active,ses-baseline,run-baseline
P4_target_sub-4205,"[-72.77695323516735, 34.13207026402753, 24.644565656020134]","[-48.570420599318, 72.99190436531941, 43.77977829905259]","[-72.8515089948398, 32.61371065165737, -22.943605147993676]","[-64.08645323101258, -9.824973722710524, 46.41899039442654]",P4,target,sub-4205,active,ses-baseline,run-baseline
P1_target_sub-107,"[71.7952907570404, -60.9254313190867, 17.011219170919535]","[57.789622053501496, -82.90558411043779, 46.85342891433609]","[62.430520198766615, -71.56784769603267, -20.131467564601966]","[76.74812609896219, -22.2430712762543, 23.819948629959356]",P1,target,sub-107,active,ses-baseline,run-baseline
P3_control_sub-1118,"[44.55857328801227, -11.638560839802466, 77.72580460274251]","[53.679790622701404, -62.20895980928843, 60.62549443911754]","[66.14158113136118, 27.00577582858639, 46.319130537258225]","[-7.316540156792802, -1.9821427680413224, 89.26035245928513]",P3,control,sub-1118,active,ses-baseline,run-baseline
P8_target_sub-8196,"[-56.98781850496087, 42.3100959119814, 79.97726911789654]","[-31.980811078198975, 69.56663334235057, 94.40308541877495]","[-68.90662805961024, 46.87487787334162, 42.70375900675966]","[-54.6562411158032, 5.19256054828285, 93.9308925892213]",P8,target,sub-8196,active,ses-baseline,run-baseline
P4_control_sub-4206,"[71.22447502594147, -15.8186363143322, -28.79686185133457]","[65.35843342975139, -46.867091302104264, -5.03864956123517]","[66.26760862590487, -19.7961854163347, -65.64840730537682]","[72.29091092696456, 15.858428608837666, -15.146606272505247]",P4,control,sub-4206,active,ses-baseline,run-baseline
P5_control_sub-5168,"[-67.86477880433371, 45.63652077284561, 24.576135850285368]","[-41.724217902207386, 84.09962914097993, 40.42626473641725]","[-72.69286729832804, 41.42555997951214, -24.9831395990363]","[-67.33215274758962, 3.6877810330858996, 51.62407049914011]",P5,control,sub-5168,active,ses-baseline,run-baseline
P8_control_sub-8101,"[48.904471795116166, -1.4452735754087762, 78.2032352627362]","[49.845511784067085, -52.74945241810572, 61.980011027426094]","[65.78794017531607, 31.78954055419617, 38.862561594851954]","[-0.7030214921771407, 13.551595977350768, 93.4836970716968]",P8,control,sub-8101,active,ses-baseline,run-baseline
P3_target_sub-3112,"[-64.4184197299334, 9.357384742190943, 27.214079271981564]","[-38.05684064999463, 48.51112929234436, 41.124007473901806]","[-72.05139726523367, 4.167461966094879, -21.835809121320647]","[-59.561064068613724, -32.482715845407625, 53.99109684620856]",P3,target,sub-3112,active,ses-baseline,run-baseline
P5_control_sub-5109,"[-67.8276856094018, 42.210417654920995, 19.125821988844102]","[-42.028361643454275, 81.30162052601784, 35.24693238657789]","[-67.2091448020141, 35.51520338028687, -29.078318630199263]","[-63.11012820295356, 0.3518882456241029, 45.66247744923507]",P5,control,sub-5109,active,ses-baseline,run-baseline
P3_control_sub-3205,"[41.50408064769117, -34.20394285100923, 70.79001732017034]","[46.31375687059005, -83.3332148204346, 48.80126820730675]","[65.42529328629435, 5.142593892968094, 42.1429798346513]","[-9.953396641602131, -21.56601407901574, 81.19381191949209]",P3,control,sub-3205,active,ses-baseline,run-baseline
P1_control_sub-1165,"[-45.86061391126603, -29.500952862766468, 65.63155807552194]","[-30.328318498663055, 22.768052302634253, 68.19496860358511]","[-74.78369777969617, -42.16978681137256, 22.89332821055913]","[-7.15113058697999, -65.50513265046379, 76.32195621041134]",P1,control,sub-1165,active,ses-baseline,run-baseline
P8_target_sub-8167,"[-56.33554468878797, 49.2886933298987, 84.77100494932853]","[-30.12120001054612, 75.85097568831173, 97.70209062725378]","[-71.64571505846382, 54.58462632275387, 48.70573989273217]","[-52.8506805777242, 11.862010070742286, 97.80819457150805]",P8,target,sub-8167,active,ses-baseline,run-baseline
P8_control_sub-8188,"[43.2755698113864, 22.947191035150897, 107.03838883428334]","[53.061393478073, -29.252798885219345, 97.58555676705953]","[58.71131297680323, 55.637856189959535, 66.80501131215865]","[-7.971002706320193, 32.140683222219145, 119.38370191834035]",P8,control,sub-8188,active,ses-baseline,run-baseline
P8_control_sub-8142,"[52.74477837119093, 20.196272190349166, 107.527464409661]","[54.18162730151994, -32.79447460154226, 99.03413001387001]","[72.50709457605143, 48.970510017896025, 65.75237542557635]","[3.0734726013425764, 37.284361844624186, 120.22098940345643]",P8,control,sub-8142,active,ses-baseline,run-baseline
P3_control_sub-3102,"[45.65429244152043, -19.271990409721866, 78.46196256048917]","[46.52689302517567, -72.90580655442757, 68.47522442870637]","[68.63100261266038, 11.80136198645858, 39.94245713341235]","[-2.712593864568736, 0.0442310271376678, 93.0462218015393]",P3,control,sub-3102,active,ses-baseline,run-baseline
P4_target_sub-4142,"[-79.34151979342637, 44.0341641788014, 31.869159102479397]","[-54.671971184426845, 83.67717723217773, 48.94190873254666]","[-80.18590469739252, 39.14537973906773, -17.10713316414914]","[-75.83741124310158, 1.6285637025075617, 57.96126150008865]",P4,target,sub-4142,active,ses-baseline,run-baseline
P2_control_sub-2226,"[71.73588166387636, -30.068754355407965, 3.07475813502051]","[61.78171356006551, -54.53256569397254, 32.76282351761241]","[64.50113845397948, -40.9498630930721, -34.68648472141893]","[78.37268097920393, 8.199037996412681, 11.071433037609875]",P2,control,sub-2226,active,ses-baseline,run-baseline
P5_target_sub-5171,"[-44.442466070238424, -9.719240820414186, 72.39384511469483]","[-29.283604431645827, 42.88918964301839, 75.41049058413336]","[-73.26483147820157, -21.86870288935778, 29.246030022953235]","[-6.304544330473115, -46.1284487971676, 84.54439280842307]",P5,target,sub-5171,active,ses-baseline,run-baseline
P2_control_sub-2264,"[75.77219277438364, -23.325719833053466, -1.4850890962315395]","[63.947805513344335, -49.50299608429719, 26.235583952693904]","[70.1737394244186, -32.25021710076876, -39.70260625330713]","[77.02335402677434, 15.055423909991681, 8.370407208461414]",P2,control,sub-2264,active,ses-baseline,run-baseline
P1_control_sub-1219,"[-46.136766194703036, -25.093804499154, 81.75272788181104]","[-28.06650967173549, 26.38208201998781, 83.77666046897609]","[-76.91323833493193, -36.79525501628707, 39.699467415898695]","[-9.071785704952099, -63.098224288361095, 91.99674559993638]",P1,control,sub-1219,active,ses-baseline,run-baseline
P1_control_sub-1176,"[-48.29955498639587, -18.3164057128478, 59.45358059982524]","[-29.75426754407073, 33.360457087663576, 56.324816688910005]","[-70.64971980573424, -34.87835426823562, 15.919811623039282]","[-12.408771496701679, -54.223892180437275, 77.9172482587864]",P1,control,sub-1176,active,ses-baseline,run-baseline
P1_target_sub-1199,"[72.07415748194221, -66.7200299021492, -3.38360421577684]","[57.35142726734119, -87.48050535319601, 27.177769685175804]","[61.23854939103467, -77.06718476376192, -40.24877112398834]","[81.18839961342037, -28.579565676099076, 2.74354055766724]",P1,target,sub-1199,active,ses-baseline,run-baseline
P3_target_sub-3214,"[-70.25016289576496, 18.851264549307363, 30.850203105398467]","[-40.90148920849218, 55.56244887575316, 46.949673392899555]","[-76.57393501814413, 16.962468648147155, -18.566423538799885]","[-63.690268245512044, -24.859416153929363, 53.06191932294851]",P3,target,sub-3214,active,ses-baseline,run-baseline
P3_control_sub-3113,"[53.09050533501886, -8.789228317698546, 60.721528640665305]","[55.612296525640076, -61.93867966817151, 52.081758767126885]","[71.28273147409453, 22.89328130110529, 20.515971062367136]","[6.652813954033342, 7.769844849759121, 81.9310119272038]",P3,control,sub-3113,active,ses-baseline,run-baseline
P8_control_sub-8122,"[50.99041141489173, 12.614406572998933, 89.93940642870957]","[51.21469690183397, -40.415573215425255, 83.54366480997118]","[67.95363703444431, 40.593017603277595, 46.335962338444894]","[3.827137478693251, 31.80523087832515, 108.96197452658996]",P8,control,sub-8122,active,ses-baseline,run-baseline
P3_target_sub-3130,"[-70.4021914386189, 14.686411698774565, 20.403281732922565]","[-45.05069337035578, 54.37761963901234, 35.66134268646801]","[-72.1310697072781, 8.261210804999468, -29.05337669475172]","[-68.57002367555133, -26.507466197873363, 48.60930799525759]",P3,target,sub-3130,active,ses-baseline,run-baseline
P1_target_sub-1129,"[69.76577625581217, -47.15694465486367, 15.441598031272568]","[55.617414413597494, -66.27567801839743, 47.269871946188886]","[64.54053314990801, -63.509252182744504, -20.307773237679196]","[73.3485630778601, -8.694896237657542, 17.385216957367657]",P1,target,sub-1129,active,ses-baseline,run-baseline
P3_target_sub-3120,"[-67.37683649937257, 27.808982520036533, 11.896996556227599]","[-40.95576580481344, 67.55334944516927, 24.933264594434014]","[-70.07547870419184, 17.994911422802772, -36.996752458429945]","[-66.5390020683959, -11.168258429504663, 42.89462631187903]",P3,target,sub-3120,active,ses-baseline,run-baseline
P6_control_sub-6216,"[-67.13574082313004, 16.1848742134342, 29.658483765904666]","[-36.995390064550094, 52.54360153514761, 44.824615011703095]","[-68.16464397655294, 10.17323693989201, -19.746608690248127]","[-66.76612342002508, -25.931775569381212, 56.431506589226935]",P6,control,sub-6216,active,ses-baseline,run-baseline
P8_target_sub-8101,"[-49.09127897450916, 46.64758689475777, 52.56093243731656]","[-21.738499739701194, 74.04602709896213, 60.69079034572384]","[-62.030290863887274, 45.804571731267444, 15.226844155705072]","[-45.78989960254067, 11.397254623258426, 70.95066415994212]",P8,target,sub-8101,active,ses-baseline,run-baseline
P8_control_sub-8112,"[51.1537587974513, -0.7427044823153942, 82.53301519261767]","[50.36659476018019, -52.415844989750624, 68.258071287124]","[72.35744152339795, 32.29525795039616, 44.95598765416527]","[1.8687418367822288, 16.723498496142977, 96.34383154011287]",P8,control,sub-8112,active,ses-baseline,run-baseline
P5_target_sub-5144,"[-45.63272707346061, -0.7170076697638187, 78.27806451393751]","[-28.56374907467672, 51.36501708235853, 81.40299306515477]","[-76.97039409983111, -11.189275179519834, 37.05682281375934]","[-7.8356223859398675, -38.91267570282372, 87.20876279281839]",P5,target,sub-5144,active,ses-baseline,run-baseline
P2_target_sub-2228,"[-21.5240714849198, -46.573152397270405, 60.60587557954287]","[-56.28094329835132, 2.9328255970797454, 46.72303814768042]","[-16.914029206949692, -82.06315255607946, 8.616940356504582]","[35.609004287011324, -24.508253136160253, 75.59589546545108]",P2,target,sub-2228,active,ses-baseline,run-baseline
P8_control_sub-8204,"[45.630584436337635, 0.7365208392597921, 92.31818117328551]","[42.592715790024236, -51.511174718766874, 81.22314748116445]","[69.54179232784543, 30.272328986382558, 54.35430818856232]","[-1.4315139104269832, 22.181238033961428, 108.22306633012086]",P8,control,sub-8204,active,ses-baseline,run-baseline
P3_target_sub-3201,"[-64.406865230135, 15.425236064325633, 32.6925882786853]","[-33.573483614180255, 50.49435296571105, 48.52094770409082]","[-71.6572831000332, 14.780867884985327, -15.90907494334114]","[-58.50588687596464, -29.436210900501738, 53.004597968458505]",P3,target,sub-3201,active,ses-baseline,run-baseline
P2_control_sub-2277,"[68.82419105548517, -29.146102313030934, 10.943287151802535]","[60.9508623221929, -49.361250990806134, 44.13626312446825]","[59.07105145598218, -44.79130549463573, -24.411553169113684]","[74.10901070940055, 10.233799022681405, 13.351162106671365]",P2,control,sub-2277,active,ses-baseline,run-baseline
P5_target_sub-5101,"[-47.43181494488757, 6.316960798650967, 72.63995468381466]","[-22.637243705022108, 55.27008528252897, 70.56829797674631]","[-70.939787900188, -6.675033576491241, 26.803928830355726]","[-16.887885204321037, -34.04777385274745, 90.83957783234634]",P5,target,sub-5101,active,ses-baseline,run-baseline
P8_control_sub-8147,"[52.562822966420065, -18.547534585208965, 84.79375321696835]","[39.63394665166093, -65.62065285683244, 63.116464465690186]","[76.43985419814244, 13.592474094619714, 48.0536868773286]","[7.363614278227434, 6.401035714485537, 101.67891114847048]",P8,control,sub-8147,active,ses-baseline,run-baseline
P8_target_sub-8112,"[-43.59979414632971, 56.54310825650666, 58.40640824543417]","[-11.297170243378831, 78.22314389941083, 65.36181400124346]","[-57.30863354026317, 58.015747824511706, 20.992297073820062]","[-45.498060702551555, 21.09399329647832, 76.26597095640898]",P8,target,sub-8112,active,ses-baseline,run-baseline
P8_target_sub-8165,"[-60.071846888766004, 60.84128063106397, 72.04969778680999]","[-30.705748000415035, 86.47676268244354, 78.60275708108372]","[-73.15152058443913, 59.35831705018137, 34.950799165563865]","[-57.63614325896475, 26.05043545539816, 91.1749913988972]",P8,target,sub-8165,active,ses-baseline,run-baseline
P2_target_sub-2271,"[-29.425047796563266, -83.46305975390408, 3.55355219347287]","[-72.29956332995326, -37.49989017780954, 4.658475804448483]","[-6.092566077597601, -86.05739320720078, -55.63680528810512]","[17.69573491644496, -66.76274543023781, 43.27246220705084]",P2,target,sub-2271,active,ses-baseline,run-baseline
P8_target_sub-8102,"[-58.412345051503934, 50.39462651576489, 54.94784621919043]","[-30.141702120327864, 77.34503299293777, 62.08735994715729]","[-73.83937546481462, 49.93915680224337, 18.240338587158455]","[-54.31904927935161, 15.579369858409494, 72.80550224323748]",P8,target,sub-8102,active,ses-baseline,run-baseline
P4_control_sub-4142,"[75.60312720422654, -25.7220472890466, -1.9682415833625158]","[67.1853698898115, -51.96790363409125, 26.657614037069177]","[69.08435038922991, -35.467283458482854, -40.00801389972508]","[78.99421637295433, 12.877899883050603, 7.456550831522347]",P4,control,sub-4142,active,ses-baseline,run-baseline
P1_control_sub-1138,"[-48.9715052763473, -27.060745108002035, 69.83550233219118]","[-35.346979997855755, 25.77287470407815, 64.5689000621941]","[-72.85073171151038, -47.52432223185567, 26.949311308796833]","[-8.625874421284454, -58.91038905596429, 86.55573966584265]",P1,control,sub-1138,active,ses-baseline,run-baseline
P3_control_sub-3191,"[47.94758947130763, -58.42525600829381, 68.39030568170121]","[42.83443791281957, -104.38193457191274, 40.66279338036512]","[74.27255671740492, -19.446344206203605, 41.31894895270084]","[0.9813499820149372, -40.42875039756123, 88.36256587102798]",P3,control,sub-3191,active,ses-baseline,run-baseline
P6_control_sub-6138,"[-67.0793338230052, 19.1623730314822, 51.57346612543756]","[-39.1136150085857, 56.95610018552681, 67.93978133074202]","[-70.81541698099657, 14.680269412134649, 5.167824283781759]","[-63.28808186394909, -23.83301325773874, 76.24946583599541]",P6,control,sub-6138,active,ses-baseline,run-baseline
P5_target_sub-5118,"[-51.60687350807401, 2.9302151941308465, 69.2989055430167]","[-31.60794084854353, 53.746387979462156, 64.89457432056436]","[-76.39048891701155, -13.482225408230367, 25.261719349484387]","[-15.243434829726128, -33.77489165545562, 84.94442487975816]",P5,target,sub-5118,active,ses-baseline,run-baseline
P1_control_sub-1127,"[-48.96265702978676, -35.0513389519792, 63.38086904045493]","[-38.78883316022941, 18.65207164485177, 65.61470357096825]","[-73.29778592662639, -51.146286723400706, 19.488552430169346]","[-8.47067181967862, -67.01579646793864, 78.79550917439536]",P1,control,sub-1127,active,ses-baseline,run-baseline
P4_control_sub-4181,"[64.4190034428823, -28.933423550359368, 15.025753363714534]","[51.390120792402726, -47.65188642073866, 47.40198477792121]","[54.91870242900696, -43.77194560592763, -20.497765973984876]","[71.22606307264745, 10.111394431510572, 17.412384208179546]",P4,control,sub-4181,active,ses-baseline,run-baseline
P5_target_sub-5137,"[-54.692847190954694, -6.25212568553128, 62.538959452304766]","[-50.40397007938735, 48.21850966668075, 62.91536181767492]","[-75.27431441915918, -26.141857762120818, 17.93732468530177]","[-11.06438508601311, -33.30281424142937, 78.96316446482967]",P5,target,sub-5137,active,ses-baseline,run-baseline
P4_control_sub-4213,"[72.94314770297774, -22.669715794332934, -16.64659357757407]","[58.59042548027191, -48.770484906476604, 9.678690608535735]","[64.2316619386586, -28.612023979342514, -54.977120270229875]","[75.89318499507321, 15.105099401448893, -4.718359199117496]",P4,control,sub-4213,active,ses-baseline,run-baseline
P8_control_sub-8116,"[45.1678579042323, -0.233766602085233, 71.19360666534948]","[44.45673507964248, -51.54230132864274, 56.07327682933626]","[71.52741850594431, 32.507539755260794, 37.08052680106446]","[-4.083753813551877, 19.15025848152557, 83.61010882072753]",P8,control,sub-8116,active,ses-baseline,run-baseline
P6_control_sub-6214,"[-58.79189831126826, 7.95080870634781, 38.02859945771597]","[-28.65497004747843, 44.804140307217075, 51.29424905760994]","[-64.94588478743874, 4.607974074560189, -10.780434449397772]","[-50.4900435839343, -35.617421475754696, 60.08656366071261]",P6,control,sub-6214,active,ses-baseline,run-baseline
P4_target_sub-4121,"[-61.25499504896533, 46.894153021778436, 41.352436401386505]","[-26.79816813820668, 79.32981224492586, 54.177595009837226]","[-69.25640682343482, 44.00409736140489, -6.585387259713765]","[-61.68883699961697, 3.18473648117932, 65.31703229495987]",P4,target,sub-4121,active,ses-baseline,run-baseline
P2_target_sub-2227,"[-26.395421837931696, -61.4179124405126, 48.2700146034725]","[-65.30900866300483, -13.715221389012635, 35.62907157659365]","[-13.05894140358919, -89.49026317504357, -7.6591018156489765]","[26.62737216720185, -34.38026748713969, 69.22326198335348]",P2,target,sub-2227,active,ses-baseline,run-baseline
P2_control_sub-2272,"[74.794039202955, -27.794255975453968, 8.8870201609287]","[63.995146920943384, -49.77550123579098, 40.32040744367757]","[65.5328816738114, -40.81350640418308, -27.48697167327846]","[77.90587617715092, 11.347728085046274, 13.929465637563693]",P2,control,sub-2272,active,ses-baseline,run-baseline
P1_control_sub-1207,"[-44.03712086767033, -30.973589745919668, 61.224029382788366]","[-32.916456536659105, 22.700167655759774, 63.49811184006876]","[-70.39998099819486, -45.92826815793556, 18.652642477073446]","[-3.1603024368817056, -63.78596715992386, 72.61652356591844]",P1,control,sub-1207,active,ses-baseline,run-baseline
P1_target_sub-1211,"[75.84957423212568, -60.70762372244797, -12.652313164647834]","[61.3284211881372, -83.27648264364574, 12.013737457754846]","[67.4777879395671, -67.06596133835313, -50.620370692290294]","[82.502511597255, -22.957645764316887, -1.691805973375755]",P1,target,sub-1211,active,ses-baseline,run-baseline
P2_control_sub-2250,"[66.60982675368197, -38.53896100383087, -36.1309892991629]","[54.80476692985453, -58.111196803260725, -3.5960568019935577]","[52.69804820062155, -50.45626153810926, -71.02750018778211]","[75.1525214126568, 0.029687211415361903, -32.49507873894774]",P2,control,sub-2250,active,ses-baseline,run-baseline
P3_target_sub-3191,"[-74.37723740665396, -1.8679835929000748, 35.277250439026666]","[-44.64597311379133, 31.098308762760883, 57.01326170549845]","[-75.75039150111118, 2.748669057534875, -14.023460259236913]","[-69.28938050128582, -48.51430287113561, 50.566558754350346]",P3,target,sub-3191,active,ses-baseline,run-baseline
P2_control_sub-2274,"[72.1157708365822, -29.418006752410466, 4.441343295689641]","[59.896415676117925, -53.535272938768664, 33.42472818027579]","[63.525497265937524, -39.242020958654685, -33.10409155590962]","[73.96196280197147, 9.438340205342604, 12.528403163372412]",P2,control,sub-2274,active,ses-baseline,run-baseline
P8_control_sub-8140,"[56.17278808493947, 4.78447363387851, 90.33336457121804]","[50.89831874275495, -47.54982269053114, 78.37542354212815]","[78.0259057526198, 35.252501377251434, 50.88938179095458]","[11.7712885801546, 27.30507465115009, 110.86944909350183]",P8,control,sub-8140,active,ses-baseline,run-baseline
P4_target_sub-4190,"[-64.75232447237006, 35.0853010164216, 49.6210628504127]","[-33.64501479516893, 71.03959333097623, 63.54944652926734]","[-70.93305622610258, 31.449014939117607, 0.7031022745859661]","[-61.45045033545933, -8.328755483989713, 73.84563574230309]",P4,target,sub-4190,active,ses-baseline,run-baseline
P5_control_sub-5110,"[-64.65401560133746, 31.209240267477366, 39.88390682969651]","[-33.03537584450944, 66.74905729711774, 53.98975909403399]","[-68.4635216156269, 27.63815959219562, -7.80912356273625]","[-59.28163041632928, -12.780560008021904, 62.55712705105094]",P5,control,sub-5110,active,ses-baseline,run-baseline
P2_control_sub-2285,"[73.2050381082074, -16.168912996028734, 30.246729981611836]","[61.40987298611311, -39.0581246987786, 60.74453235521607]","[62.03730210455125, -28.36969028290936, -5.763962930325608]","[71.82616159014833, 22.731527995120132, 36.20709317224347]",P2,control,sub-2285,active,ses-baseline,run-baseline
P1_target_sub-1156,"[74.96792231881057, -52.16663386332377, -8.027894477284987]","[63.36745514225655, -79.07547443075823, 18.841481952235963]","[68.26888324697994, -59.3283080383619, -46.348830455925174]","[81.3550973694927, -14.563442521067987, 3.759013561853203]",P1,target,sub-1156,active,ses-baseline,run-baseline
P4_control_sub-4165,"[74.51176626087197, -25.4592837519793, -25.9453135926728]","[61.78800951523188, -51.50758218514505, 1.2908968233096223]","[63.279224701999254, -31.05572524009642, -62.67448975196291]","[78.31398879177709, 12.343723269081188, -14.338128403635674]",P4,control,sub-4165,active,ses-baseline,run-baseline
P5_target_sub-5169,"[-48.530732685935256, 5.4516930572440465, 85.58975378740301]","[-31.583249274798515, 55.96511736326945, 72.53320507439398]","[-75.749208626432, -17.690283713969837, 46.06301019985485]","[-8.42559132744163, -26.29927652415951, 101.29870915371777]",P5,target,sub-5169,active,ses-baseline,run-baseline
P2_control_sub-2257,"[77.36114089173047, -29.653052749570932, -10.278842425403797]","[65.79387569316002, -56.74780913352359, 16.61776895423026]","[66.6664666642392, -34.68082776127403, -48.3050280255127]","[83.02390489902783, 7.307987455821188, 2.2279333606253564]",P2,control,sub-2257,active,ses-baseline,run-baseline
P1_target_sub-1195,"[76.23709743991952, -53.132252314657855, -1.681475750185987]","[67.65462861270088, -76.47342108315875, 29.47281424488827]","[71.04229703889655, -66.89277184922003, -38.73185232964918]","[80.9963662221492, -14.538804500367501, 3.9375377246357406]",P1,target,sub-1195,active,ses-baseline,run-baseline
P1_control_sub-1218,"[-48.69046173652399, -42.5904869120828, 60.42303750072074]","[-41.17364604788239, 11.5990011979798, 63.14608538392181]","[-67.71157602906717, -59.625385839312706, 14.087846555116068]","[-6.499004678455346, -71.96576125540321, 76.39349579085808]",P1,control,sub-1218,active,ses-baseline,run-baseline
P8_control_sub-8156,"[50.3885062125482, -21.728417686313634, 56.1308582051855]","[42.38266893556258, -67.60777818447745, 29.619149499734668]","[73.4582294923214, 15.4067345997234, 24.350567299477497]","[3.3937771300020776, -1.918574904697698, 74.74642458013751]",P8,control,sub-8156,active,ses-baseline,run-baseline
P3_control_sub-3123,"[48.508323936002, -28.80961174036047, 72.08626557585836]","[46.40391146793207, -79.90719234831515, 55.026956549650194]","[68.9806290948954, 5.933670113182113, 35.61357590291229]","[1.153514169286722, -10.997013085825339, 90.18457916340996]",P3,control,sub-3123,active,ses-baseline,run-baseline
P7_target_sub-7102,"[50.3683719051318, 28.373221976786898, 56.543481195021464]","[39.442926059491654, -8.960130976507202, 78.45400883064882]","[69.8861152535337, 20.938076969592966, 17.58131413119751]","[18.724960765959942, 59.47624204184058, 55.14145565456298]",P7,target,sub-7102,active,ses-baseline,run-baseline
P1_target_sub-1121,"[72.26627599136447, -62.912744429015966, -2.085875966738798]","[60.30402976625986, -88.62732344299464, 25.679374826177057]","[65.70300226976559, -71.31500941043919, -40.2543021792052]","[76.48942398947288, -25.412930093614115, 8.344236804972395]",P1,target,sub-1121,active,ses-baseline,run-baseline
P5_target_sub-5130,"[-47.382507263458564, -2.630518512664407, 60.0265355753867]","[-32.13107657959615, 49.286560538013624, 57.77434996768195]","[-75.2873020083864, -18.15561917065011, 17.454771473553222]","[-7.785247074324693, -37.34736708510702, 72.33531925519992]",P5,target,sub-5130,active,ses-baseline,run-baseline
P4_control_sub-4205,"[66.50946502173242, -11.757463648853133, -5.04216653932972]","[59.91297515950165, -40.926460273958, 21.485819057225438]","[61.39651395062317, -19.040248420242015, -43.98969729172328]","[66.60165744977789, 25.797626612550708, 7.142738636736119]",P4,control,sub-4205,active,ses-baseline,run-baseline
P8_control_sub-8115,"[43.855929392173095, -14.617599026811867, 85.61100548641843]","[46.41249503853963, -61.85238754670444, 62.05895165654225]","[65.59925634799389, 24.460332799113257, 55.50336063344001]","[-6.342875486300359, -1.3652585539851205, 99.8221841528979]",P8,control,sub-8115,active,ses-baseline,run-baseline
P6_target_sub-6205,"[54.9785743737236, -63.814874922696696, -31.07798070064733]","[13.540517069438312, -104.25798062249135, -27.929581879198103]","[52.820401794555096, -28.927145344861096, -74.63103907098436]","[65.0632397496173, -37.32902644563627, 21.128696969118522]",P6,target,sub-6205,active,ses-baseline,run-baseline
P8_target_sub-8110,"[-47.7540707298717, 48.421232412506235, 60.5109428204473]","[-17.249069690738946, 72.61156105513541, 66.42293094746394]","[-62.52382893678974, 48.20120427417936, 23.599278204421395]","[-46.30659315630472, 13.168449296081196, 79.0352742180745]",P8,target,sub-8110,active,ses-baseline,run-baseline
P5_target_sub-5113,"[-51.7948117220869, -30.672483168757967, 66.4579349788687]","[-46.78921388902697, 23.18255382696086, 74.63527488909064]","[-77.41712991110803, -43.11524951996216, 20.99542936757389]","[-4.611442114073124, -56.895228459036325, 70.93018341683462]",P5,target,sub-5113,active,ses-baseline,run-baseline
P1_target_sub-1197,"[73.41498398188371, -60.5511913251178, -20.7034144330693]","[62.10013108520224, -89.12481830481505, 3.669075205026326]","[63.75004925641924, -63.27395207996968, -59.17598583181571]","[82.85853104160937, -25.069936244169547, -5.901047218694231]",P1,target,sub-1197,active,ses-baseline,run-baseline
P1_control_sub-1184,"[-42.4010893347295, -24.223826605275068, 53.2253441713799]","[-26.47882703620351, 28.091444730562777, 50.504605016133986]","[-70.43985623491913, -40.116903394968745, 11.655253352876299]","[-2.572249372390559, -59.02860871917567, 63.64065918719665]",P1,control,sub-1184,active,ses-baseline,run-baseline
P8_target_sub-8190,"[-61.2403338729421, 60.3538225977668, 79.3313348376678]","[-35.46489781567006, 88.3279952173641, 89.69772962346892]","[-76.03484863582653, 61.65008271404596, 43.00865013698611]","[-58.36022990643701, 24.63179782080832, 96.72242870599752]",P8,target,sub-8190,active,ses-baseline,run-baseline
P1_target_sub-1169,"[74.46196231290206, -44.13173070801647, -1.1944434778910313]","[66.25094083632386, -64.01324470367068, 32.34046089121744]","[69.15800878585347, -61.94791935814661, -36.36304743591659]","[78.76432492040793, -4.73100483321064, 0.11651197911750583]",P1,target,sub-1169,active,ses-baseline,run-baseline
P8_control_sub-8194,"[53.9958761675156, -12.823538724188666, 94.30942239347173]","[47.72985617617195, -63.56129809908222, 78.52619779331687]","[75.94441114663223, 19.723021149374823, 56.49412327636867]","[8.323789570623115, 8.735982556860597, 113.55062465901628]",P8,control,sub-8194,active,ses-baseline,run-baseline
P8_control_sub-8189,"[52.97793869772733, -0.7770537777633479, 99.6973879374796]","[51.88099712601773, -51.69198922848152, 83.14634599959203]","[72.44284066414085, 33.129997891792115, 62.45322822125919]","[4.393745320216449, 15.602549509031592, 117.59664562878515]",P8,control,sub-8189,active,ses-baseline,run-baseline
P4_control_sub-4175,"[70.2655250211523, -31.212631712399702, -6.592773172508337]","[60.08607995797335, -54.07923075264217, 24.263449139499357]","[57.964279704488604, -42.09213508806977, -42.65669577579883]","[73.6548475870055, 7.874494608142756, 0.0719060403534042]",P4,control,sub-4175,active,ses-baseline,run-baseline
P8_target_sub-8183,"[-54.244010755646094, 56.697412904225395, 65.44068257545537]","[-25.646479651090715, 82.23675610665677, 75.90723734384812]","[-66.82153231737257, 58.42282639933561, 27.692830449385664]","[-53.758829513421965, 20.623185898229288, 82.36699156789159]",P8,target,sub-8183,active,ses-baseline,run-baseline
P2_control_sub-2209,"[79.26252538060116, -21.057547327711102, 20.059488418594]","[68.40206492620388, -42.885835146329704, 51.55422661767598]","[72.33109236027543, -35.14911551252295, -16.565512619057568]","[82.75626414876865, 18.058149233528532, 24.62809868156568]",P2,control,sub-2209,active,ses-baseline,run-baseline
P8_target_sub-8172,"[-56.97717454751383, 46.7272558414166, 75.79580423674554]","[-28.078610804678494, 72.71803922807965, 83.1785054286579]","[-71.12314542089302, 47.186508736014076, 38.72564361026593]","[-53.16636899139713, 10.805932425023322, 92.51068676693752]",P8,target,sub-8172,active,ses-baseline,run-baseline
P8_target_sub-8120,"[-58.400935018195135, 54.62652087028297, 43.4023431363586]","[-29.010965574707946, 79.6274548929935, 52.24076138557344]","[-74.28283073407174, 58.88274046283747, 7.3490670375959795]","[-54.15494507083282, 17.13599514030133, 56.069812736440674]",P8,target,sub-8120,active,ses-baseline,run-baseline
P5_target_sub-5140,"[-53.95441652744227, 7.0880512552836334, 58.7351704336285]","[-38.68889124639923, 59.572571847491325, 56.959077573267614]","[-79.44013211663588, -9.666501896377346, 14.989519176420357]","[-15.09693895902608, -27.073505745624665, 73.6470985396102]",P5,target,sub-5140,active,ses-baseline,run-baseline
P2_control_sub-2228,"[70.14597200886887, -34.468048507440606, -7.41376619695356]","[58.33469739315153, -53.115329171666616, 25.401133663360493]","[56.26171444436377, -47.454371604831145, -42.37660846653206]","[78.92820672672894, 4.236799566131694, -4.590714762244155]",P2,control,sub-2228,active,ses-baseline,run-baseline
P3_control_sub-3190,"[56.557211708924335, -41.1676164735505, 60.171929407869264]","[55.58138499725123, -90.14227535859618, 36.84612735249094]","[75.54482068116943, -1.5520302951568086, 29.014304236482268]","[10.029130163987654, -27.842527120379405, 84.1299212460922]",P3,control,sub-3190,active,ses-baseline,run-baseline
P3_control_sub-3145,"[50.72088526499684, -42.352641775686834, 73.97929985351914]","[47.42711320998872, -91.32476168892266, 53.420829663872595]","[75.89714432610948, -6.561551403751626, 41.956346507903895]","[3.131003258453657, -23.744884767757632, 91.778571815445]",P3,control,sub-3145,active,ses-baseline,run-baseline
P1_target_sub-1173,"[78.46932374052447, -47.963851761919194, -23.299962458094868]","[69.202303156859, -72.8050747421195, 4.76580302152705]","[71.38619501497506, -57.47319033506514, -61.24272043939588]","[85.52489436217934, -9.999956615224047, -13.804660184728146]",P1,target,sub-1173,active,ses-baseline,run-baseline
P8_target_sub-8151,"[-60.6649431628654, 52.58008924464139, 55.75730570206256]","[-35.645397173709064, 82.11405081943303, 63.15160141588433]","[-70.55662256014263, 47.662489328155424, 17.620986825972913]","[-55.37045959069367, 19.24120508674682, 76.681289526567]",P8,target,sub-8151,active,ses-baseline,run-baseline
P5_control_sub-5135,"[-76.60476435821577, 41.865428035627566, 30.119323958647836]","[-49.27330342977565, 79.78561215813242, 42.921390741775525]","[-77.21470400294221, 32.74597523447629, -19.081068259944857]","[-73.7974516310159, 1.9469284930271569, 59.41510502785951]",P5,control,sub-5135,active,ses-baseline,run-baseline
P8_control_sub-8130,"[50.17643900137627, 14.8343344838993, 91.3936649981883]","[58.205257169962834, -37.32721633920276, 79.47327522636819]","[65.063027556201, 49.53589937652621, 52.598260539315746]","[0.28788471256873766, 25.37957134405872, 108.55435861931181]",P8,control,sub-8130,active,ses-baseline,run-baseline
P1_control_sub-1125,"[-46.42056001135047, -30.048002502937, 74.5032150737727]","[-33.77228102750136, 23.192779097957676, 74.60342496047734]","[-71.5581035821442, -46.28192021289559, 30.315796571061814]","[-5.68864033655564, -62.941191492463325, 87.17340032275881]",P1,control,sub-1125,active,ses-baseline,run-baseline
P8_target_sub-8198,"[-56.5748511674781, 41.49143689455003, 69.79721094909443]","[-33.881172744702475, 70.78066221133668, 84.00754222731341]","[-72.89206786424367, 46.08099921443914, 34.057576485640496]","[-50.9802194116194, 4.398010968327985, 83.45167690536373]",P8,target,sub-8198,active,ses-baseline,run-baseline
P2_target_sub-2214,"[-20.8880413368754, -75.62316981111752, 59.4739160000712]","[-67.69738592735251, -34.732461277188584, 53.87893064100018]","[-2.564736836935306, -92.04176533284976, 0.09824354405068952]","[28.179955237924283, -45.17254111060717, 86.21297823107413]",P2,target,sub-2214,active,ses-baseline,run-baseline
P1_target_sub-1201,"[70.66593018206066, -59.226269321988866, 5.332167037318876]","[56.51149642150694, -84.05767771323285, 32.99311109577088]","[66.78350279096325, -68.63593371312076, -33.08028016460124]","[76.97660360653796, -21.27628836898402, 15.283796827168402]",P1,target,sub-1201,active,ses-baseline,run-baseline
P1_target_sub-101,"[76.24089137809644, -51.56600844273797, -11.960868364794933]","[65.84970085529113, -78.73211214217334, 14.932341489114268]","[72.60451292409823, -59.879119568635076, -50.794942771461606]","[81.32853901011887, -14.121797342661566, -0.4516727799892769]",P1,target,sub-101,active,ses-baseline,run-baseline
P6_target_sub-6202,"[57.48077361794666, -76.59402315106816, -31.0651977175187]","[8.988182324797918, -108.9389163269759, -32.3952571596069]","[66.04953089291246, -38.89083495526009, -76.75593207115602]","[73.4696645899087, -58.08864682557394, 22.979981478689496]",P6,target,sub-6202,active,ses-baseline,run-baseline
P4_control_sub-4199,"[65.03727609921857, -32.53249927974996, -13.177966332044164]","[54.45118293881308, -55.81028824863886, 16.610426360005746]","[55.60446322919349, -43.26143059296446, -50.374862350160285]","[70.50063281393535, 5.95601023755889, -5.964294394891122]",P4,control,sub-4199,active,ses-baseline,run-baseline
P3_control_sub-3215,"[53.486046344731335, -35.1646353437595, 58.611879417412034]","[53.40777912425312, -84.740549163232, 37.508531494445]","[72.95682063013503, 3.522668231167436, 26.81204078443844]","[5.85265824230093, -21.05373737013606, 78.84170050125722]",P3,control,sub-3215,active,ses-baseline,run-baseline
P2_control_sub-2242,"[73.59847713229804, -27.975261009406903, 14.921370502059666]","[62.617798374432724, -45.60574923812523, 48.79258536673228]","[59.864869408818386, -42.92606945732621, -19.396664665235406]","[80.28342751307021, 11.004461834813114, 15.901768605029181]",P2,control,sub-2242,active,ses-baseline,run-baseline
P8_control_sub-8161,"[46.318691201698336, -12.441197690087302, 86.77107560418897]","[46.584536762970956, -60.421552787053635, 64.78959094309998]","[67.93197014509838, 25.640145159093745, 54.76238503246294]","[-3.417984192787437, 2.4151180659441187, 102.76029460954439]",P8,control,sub-8161,active,ses-baseline,run-baseline
P6_control_sub-6207,"[-64.5946477604044, 8.980240281060516, 34.440095487235034]","[-34.84105712801842, 46.21071850244864, 47.89937596823569]","[-69.32591682744508, 4.631024294332911, -13.356502364367204]","[-58.044623271417, -34.29714046143345, 58.543581087848445]",P6,control,sub-6207,active,ses-baseline,run-baseline
P1_control_sub-1119,"[-54.7216244645146, -23.375630127683895, 63.8462083720738]","[-37.81693016148905, 28.415223368752443, 61.34357909394297]","[-73.90501236029866, -41.092004902838895, 17.465778506185835]","[-18.459326102113135, -57.51758426329923, 84.66854099441039]",P1,control,sub-1119,active,ses-baseline,run-baseline
P3_target_sub-3119,"[-70.76431228342766, 4.8017700652161635, 17.2148424246795]","[-50.5666878679461, 46.253032725404346, 35.223321297080936]","[-68.8750782477627, -0.7017949388071575, -32.25282300196413]","[-69.39099168167341, -36.43079147415636, 45.24570762094257]",P3,target,sub-3119,active,ses-baseline,run-baseline
P1_control_sub-1197,"[-49.10877384140756, -44.162738911860366, 65.75558344669274]","[-36.40964994229076, 8.260500104160776, 72.12840607835693]","[-75.56973239447396, -53.86088138969503, 19.95077931006239]","[-6.472246557467678, -77.03609778180108, 71.18371973413076]",P1,control,sub-1197,active,ses-baseline,run-baseline
P2_control_sub-2216,"[72.5728526371051, -31.347138308846834, -0.21123567904401364]","[59.76664184033869, -57.098551050326265, 27.276620240376246]","[65.21057930689628, -39.39609248558097, -38.33164944094088]","[75.4983634499523, 6.5192506977325895, 10.224330193223]",P2,control,sub-2216,active,ses-baseline,run-baseline
P8_control_sub-8154,"[50.09312472650456, 4.68262827678454, 88.41082326221071]","[54.01132531532116, -46.02083253061932, 71.82598158285089]","[67.37072868360055, 41.35523244734883, 52.118641626410906]","[-0.17954268136172255, 15.812611189884663, 104.68961152644229]",P8,control,sub-8154,active,ses-baseline,run-baseline
P4_target_sub-4220,"[-76.06889681596996, 32.01117650477426, 28.41242309554953]","[-51.346352439541356, 71.52752522206832, 45.30414109658005]","[-75.93436789590794, 27.97461403805646, -21.280475359970183]","[-68.00942928967653, -10.66339804162942, 52.91905942944997]",P4,target,sub-4220,active,ses-baseline,run-baseline
P3_control_sub-3108,"[50.65454159731837, -25.22439083963597, 66.18206184462123]","[49.25139958094336, -76.38082943352894, 49.57338084328203]","[73.67424110530808, 9.57269939489542, 31.32449238297006]","[2.8732703120472016, -7.27272955844094, 83.90601734699467]",P3,control,sub-3108,active,ses-baseline,run-baseline
P5_target_sub-5131,"[-48.56319035802647, -10.003963399704473, 74.99155372967]","[-38.81519317719859, 43.69793188471253, 77.5547489711947]","[-74.05362435686412, -25.623480872258796, 31.202885755956945]","[-6.155557176042066, -41.134926762805684, 85.76305198464712]",P5,target,sub-5131,active,ses-baseline,run-baseline
P8_target_sub-8113,"[-59.79190332558856, 44.92483721213316, 73.16446008178447]","[-30.14190453695644, 69.59557941957426, 80.96360604310196]","[-76.15621979275487, 47.38584957005372, 37.45656808688341]","[-58.628258311852825, 9.039083445862916, 90.18450272050019]",P8,target,sub-8113,active,ses-baseline,run-baseline
P3_target_sub-3151,"[-64.18193085569527, 6.524402870524409, 22.276920707974266]","[-41.111079589834574, 48.32519581243314, 35.595106258842776]","[-62.30927623922634, -3.872980482893741, -25.70626795846537]","[-62.29346756722693, -32.159019263805845, 53.17763723768296]",P3,target,sub-3151,active,ses-baseline,run-baseline
P5_control_sub-5131,"[-72.30158112895226, 30.8795728579492, 30.7277957350492]","[-51.03823519008976, 70.72194241444015, 49.37836250067469]","[-72.95659328478291, 27.972122081329427, -19.00776776805231]","[-67.90910546709041, -11.936859068952112, 55.59551136474371]",P5,control,sub-5131,active,ses-baseline,run-baseline
P3_control_sub-3137,"[48.7126850169758, -12.577354386844034, 53.357512058271475]","[50.161275969081025, -65.55591423238815, 41.06065940156427]","[74.18381860072083, 20.99148759829726, 19.14184370990214]","[1.3431675758885298, 5.74773428011979, 71.18602111880355]",P3,control,sub-3137,active,ses-baseline,run-baseline
P8_target_sub-8182,"[-55.48367147375831, 54.04241210518213, 58.5316115872223]","[-24.88160840497809, 77.19397873795887, 66.94127819480661]","[-66.92192288249802, 54.67752177928755, 20.397241522642883]","[-55.957734780344126, 18.334451169360392, 76.3053427394057]",P8,target,sub-8182,active,ses-baseline,run-baseline
P1_control_sub-1174,"[-45.659174738152636, -26.375333168648833, 69.14304425370086]","[-29.450732902895922, 25.576323988164734, 62.28356527391458]","[-69.91230110563133, -44.91333294621369, 26.935386388686073]","[-5.99816430455063, -59.8376651635991, 84.61680555618669]",P1,control,sub-1174,active,ses-baseline,run-baseline
P3_target_sub-3131,"[-60.5057811903107, 15.685273275489733, 24.93806345560273]","[-31.19522494129402, 52.05633701599276, 40.56948783473995]","[-70.11231627023037, 13.921163999943488, -22.915758719829697]","[-61.82022974387503, -26.181720113759447, 51.02528694639018]",P3,target,sub-3131,active,ses-baseline,run-baseline
P2_control_sub-2270,"[73.92571209053264, -35.5308468389181, -0.32558579249588904]","[65.78015550597293, -62.05409288126236, 27.87836345470748]","[60.91088339903823, -42.439908762886326, -37.06937477205579]","[77.7145459142224, 2.3999888660995996, 10.42785532785165]",P2,control,sub-2270,active,ses-baseline,run-baseline
P8_control_sub-8198,"[54.04835632031193, -2.487234463402823, 82.25435056233829]","[53.580391363696684, -52.51760082173661, 62.3977814301586]","[71.74571691901004, 36.28649409440308, 48.05944702866207]","[8.546427496222703, 11.212552395569658, 107.56736919670712]",P8,control,sub-8198,active,ses-baseline,run-baseline
P5_target_sub-5167,"[-46.28985632257483, -8.768965345542446, 66.12337498161367]","[-37.34896524354268, 45.353224914137975, 64.42135653369114]","[-71.8796600980409, -28.340438340638183, 24.125226704114787]","[-3.4155545538217664, -38.588978310738504, 79.85903182324921]",P5,target,sub-5167,active,ses-baseline,run-baseline
P2_target_sub-2222,"[-36.705188104280865, -50.0457158411161, 88.25044981091087]","[-76.08690172963381, -7.286358893617019, 64.90368849182194]","[-16.3559703650882, -85.61361021960671, 39.250814087324294]","[13.378234343044042, -18.68904491185798, 111.82070883114707]",P2,target,sub-2222,active,ses-baseline,run-baseline
P2_control_sub-2259,"[65.94317677156467, -39.370283823800705, 6.2332530526359164]","[53.25371970814874, -58.05559105399235, 38.98281679697089]","[52.14109855737569, -51.83494243831599, -28.885579583867802]","[74.1521649174954, -0.4975599739001684, 9.284409150657378]",P2,control,sub-2259,active,ses-baseline,run-baseline
P8_target_sub-8164,"[-51.62448917801941, 49.31374753979494, 80.99031207928584]","[-22.453545433874844, 74.74753697044025, 88.6453556613707]","[-64.83593435685174, 49.08179178639813, 43.46595144227399]","[-50.09813917299138, 13.953510346293031, 99.36250475221031]",P8,target,sub-8164,active,ses-baseline,run-baseline
P3_target_sub-3118,"[-76.56523227008141, 6.4240731304538565, 23.787970043427734]","[-53.83442904362461, 44.977565440749984, 43.35621968983823]","[-75.29680139232066, 3.8662109403205456, -25.923279229438165]","[-76.81419153739203, -36.57374720297486, 49.249632669831705]",P3,target,sub-3118,active,ses-baseline,run-baseline
P3_target_sub-3145,"[-74.05891154475553, -2.30082781741345, 28.8220091402451]","[-49.004575355165905, 36.15819472816978, 47.00441151794055]","[-75.37855749252067, -4.370527481946821, -21.05631982778899]","[-68.63426200053685, -45.72662081517263, 52.31040643188035]",P3,target,sub-3145,active,ses-baseline,run-baseline
P2_control_sub-2208,"[78.31632080244722, -19.623065831253268, -20.155881920980367]","[66.76787160816622, -43.46994525543351, 9.738275328481407]","[67.4511855285242, -29.427835470963704, -57.14554532703262]","[81.71070411558041, 19.125048201970863, -12.4199966686182]",P2,control,sub-2208,active,ses-baseline,run-baseline
P3_target_sub-3149,"[-60.86101259689207, 20.67798807125013, 41.427606930145195]","[-25.800634597376103, 54.08691862567055, 52.754015642675974]","[-73.88703706516478, 19.79678064450925, -5.365961879242469]","[-56.89664648191825, -23.894871019884437, 63.16703822684401]",P3,target,sub-3149,active,ses-baseline,run-baseline
P3_target_sub-3115,"[-65.88184026046487, 19.362626438291667, 34.73672557853197]","[-37.425801849969034, 57.335279542039366, 46.86742235706146]","[-73.56838077607533, 13.352339992692611, -13.264752830319326]","[-57.00369951472291, -22.926592561664854, 58.86502829307413]",P3,target,sub-3115,active,ses-baseline,run-baseline
P4_control_sub-4117,"[62.21641967835607, -37.1379334450492, 0.507992342071367]","[52.05961800777625, -64.58977924421214, 27.061449385296868]","[49.54150918352709, -41.40427001151411, -36.959038967931676]","[68.39385144652913, -0.08735336395678076, 13.511652921575994]",P4,control,sub-4117,active,ses-baseline,run-baseline
P1_control_sub-1152,"[-57.782132604644666, -27.3947305205362, 66.76302162138153]","[-44.60934250545757, 25.819057091362886, 67.03259700963383]","[-75.82993614321079, -44.80939093693079, 20.504207900036324]","[-19.485595599543302, -60.16099888326667, 85.44779298046568]",P1,control,sub-1152,active,ses-baseline,run-baseline
P8_control_sub-8125,"[50.70959426597623, 0.24282708973153821, 94.33678439161986]","[47.561872094943915, -51.13686580710198, 79.31191608699129]","[76.28365154111243, 31.884499972407262, 59.06756065680426]","[2.615179922543914, 20.745395547483994, 108.14018865664906]",P8,control,sub-8125,active,ses-baseline,run-baseline
P4_target_sub-4101,"[-74.37184862838237, 49.60862823403036, 34.571638610951304]","[-51.72602542380846, 92.37073657949522, 46.103171514342186]","[-79.87344155729674, 39.17973257705941, -13.653373733412757]","[-68.90517591660554, 11.129531137377304, 65.72811842851901]",P4,target,sub-4101,active,ses-baseline,run-baseline
P2_target_sub-2225,"[-16.5683258600471, -70.87544304837921, 52.25902344473044]","[-63.04700223670661, -29.819803234768443, 44.236110049749776]","[-0.24586468848466406, -91.38470112404306, -6.068064131549888]","[32.712960179228205, -38.090013791031204, 74.69524411801753]",P2,target,sub-2225,active,ses-baseline,run-baseline
P4_control_sub-4124,"[70.22102777582974, -22.291070314971034, -5.57475420480705]","[60.30496949259976, -48.634645352148645, 22.798890433865385]","[57.70464275933717, -29.548488772694466, -42.69827710252762]","[73.67018725182253, 15.720298761379636, 5.3679676644815215]",P4,control,sub-4124,active,ses-baseline,run-baseline
P2_control_sub-2210,"[71.62002208178143, -27.956723739411434, -11.441519648472967]","[59.82518218278398, -53.66053003417797, 16.56301278015624]","[63.43562749579252, -35.86877909769897, -49.37959396223078]","[78.72391136974606, 9.463100186667425, -1.1342919919511165]",P2,control,sub-2210,active,ses-baseline,run-baseline
P3_control_sub-3218,"[51.26835841257141, -32.418760595652266, 63.60017263213167]","[47.610349448215345, -83.96307496033492, 48.44259282996465]","[69.4014021757004, -0.22137149001537015, 24.404058247306256]","[5.4640191466582495, -12.847846147985155, 84.762912475101]",P3,control,sub-3218,active,ses-baseline,run-baseline
P2_target_sub-2269,"[-29.225750890264237, -60.4867765616674, 79.54961139883036]","[-68.32234005039187, -13.14622104134743, 66.12174256751403]","[-14.897235191832234, -86.18047937662247, 22.499952413162852]","[23.490531502914543, -32.69697266037333, 100.344930279755]",P2,target,sub-2269,active,ses-baseline,run-baseline
P8_target_sub-8173,"[-57.4690645893655, 43.7012310629138, 67.16693791975804]","[-31.32693549427827, 72.8687004713691, 70.11732875574648]","[-76.70200489215846, 40.52868486218171, 32.731157376928365]","[-48.68431249694478, 9.76536458874636, 86.03425201288674]",P8,target,sub-8173,active,ses-baseline,run-baseline
P8_control_sub-8119,"[57.819017920641066, 2.0402950722771602, 69.8030633752396]","[53.8642613550471, -50.03685446967804, 54.86666454556974]","[80.0258147375433, 35.244873492491806, 33.54597632824228]","[13.744600691678027, 22.13680018442285, 93.9162125365603]",P8,control,sub-8119,active,ses-baseline,run-baseline
P2_target_sub-2208,"[-25.761252087573965, -62.045491748157, 47.82913692988394]","[-65.46880425018708, -13.920569063146605, 38.19646839589004]","[-13.574932060082526, -87.72792589720258, -9.668354510565077]","[27.90535585126195, -36.4479799703755, 69.76993476216033]",P2,target,sub-2208,active,ses-baseline,run-baseline
P4_control_sub-4180,"[70.0828553442438, -23.55430560618957, -32.252324958649]","[61.118394904296956, -51.17477097134537, -5.024610757600372]","[61.68960977176975, -30.37664874619868, -70.5985920155219]","[76.47697574315362, 13.900620119196235, -20.200822206043]",P4,control,sub-4180,active,ses-baseline,run-baseline
P8_target_sub-8122,"[-54.09601319408617, 60.66792308690807, 67.54220134317175]","[-27.673985969428145, 89.89220878222858, 70.523935260404]","[-69.19020175678861, 54.90217367831192, 31.19438836356679]","[-46.5417705935715, 27.777946191413335, 88.58749252919806]",P8,target,sub-8122,active,ses-baseline,run-baseline
P8_control_sub-8181,"[50.98413425697144, 9.535090891079944, 99.28964264029327]","[61.39731673234773, -41.579459069304356, 86.12713406284264]","[67.73676963926265, 47.355432128509314, 64.00885350782985]","[0.6005989727183522, 18.563411436109924, 116.79631116886512]",P8,control,sub-8181,active,ses-baseline,run-baseline
P2_control_sub-2294,"[73.15928658771428, -22.425630888753535, -7.177888922646058]","[61.41973941655969, -41.77826380010243, 25.67959107734795]","[60.377036666749774, -35.328326124607585, -42.56930084824891]","[83.21044391837363, 15.652127124911374, -3.9980716492997344]",P2,control,sub-2294,active,ses-baseline,run-baseline
P1_control_sub-1203,"[-49.0918918265919, -39.8011292097695, 62.516037336328566]","[-37.99200471640872, 13.72540122647036, 64.61060021571431]","[-72.50461333204409, -53.78031932146758, 18.077308800244612]","[-5.986059377227516, -70.86441678620503, 72.85905887485946]",P1,control,sub-1203,active,ses-baseline,run-baseline
P1_target_sub-1187,"[70.49588484056373, -62.12687696068394, -18.186426043773665]","[57.71745860671969, -82.41321874988529, 13.226903717948836]","[61.21400021819349, -75.10744887726526, -54.80280716664465]","[79.71853867657133, -23.834350468519283, -13.617182685525973]",P1,target,sub-1187,active,ses-baseline,run-baseline
P2_target_sub-2204,"[-23.662831852269765, -48.126912335832664, 75.64357974639837]","[-69.6198869555595, -9.140669388049934, 57.721470631324095]","[-5.459313035849924, -82.78104737867002, 24.847639026205666]","[25.595414068294787, -12.13128322565677, 93.13076082384879]",P2,target,sub-2204,active,ses-baseline,run-baseline
P3_target_sub-3176,"[-65.77469813399544, 13.770949548058399, 44.22289648075133]","[-35.34458335660881, 50.721769579186436, 55.91409893174362]","[-73.05428453067971, 8.930104082348926, -4.284619742717372]","[-57.39465245239899, -28.94996415745073, 68.14419686582843]",P3,target,sub-3176,active,ses-baseline,run-baseline
P7_control_sub-7108,"[-54.37004585929887, -19.452508024514067, 58.2980548334592]","[-41.20048300274918, 33.26375672847757, 56.53776199315233]","[-73.50478151844395, -36.72311692419449, 12.839365667251219]","[-14.575501929932042, -51.89074219325887, 75.6710265885451]",P7,control,sub-7108,active,ses-baseline,run-baseline
P1_control_sub-1170,"[-45.438376875445066, -22.230210353649397, 69.20366009426739]","[-28.566572590923542, 29.53849669208246, 67.69498597764364]","[-73.02646116667638, -36.97589730959171, 26.977654970413735]","[-7.051422871549457, -58.271439731631034, 81.24115650324318]",P1,control,sub-1170,active,ses-baseline,run-baseline
P1_target_sub-1116,"[66.23130459149853, -62.32190958793657, -0.8726145572261346]","[55.85283769217866, -86.0242554537866, 29.243902274736097]","[56.86108475321232, -72.73891307398252, -37.44261169955017]","[72.16739251575738, -23.75528451898074, 6.236192526417527]",P1,target,sub-1116,active,ses-baseline,run-baseline
P4_control_sub-4214,"[68.53268597512873, -21.216710158253665, -36.35046245440706]","[59.1599692231841, -50.48934221320913, -10.742603290114433]","[58.81278916751403, -25.382095015157663, -74.58204554825524]","[74.47547663524333, 15.12645816027447, -22.362210081574137]",P4,control,sub-4214,active,ses-baseline,run-baseline
P8_target_sub-8194,"[-55.73949155901266, 48.764189140883865, 71.05222782681365]","[-28.86708404185344, 75.86798539194835, 81.22590943237348]","[-68.26510047785888, 49.59693610803955, 33.61104135829177]","[-52.89017177751398, 12.842585994985717, 88.07444203523173]",P8,target,sub-8194,active,ses-baseline,run-baseline
P8_target_sub-8155,"[-42.819396748210636, 66.20680147349947, 70.7970130912731]","[-11.266129968798369, 89.63836435155399, 72.84337050264216]","[-60.800756328342146, 64.55771913601738, 35.24886612656877]","[-40.55427224278417, 31.607801112913418, 90.47227721835989]",P8,target,sub-8155,active,ses-baseline,run-baseline
P1_control_sub-1213,"[-51.186318297230734, -26.18652306933733, 70.43720460132603]","[-34.42406109165288, 25.854897001238527, 74.55522087128115]","[-79.96199025147455, -38.20030628626406, 26.82385982896929]","[-15.641990231343556, -64.28261512511583, 84.33826351639955]",P1,control,sub-1213,active,ses-baseline,run-baseline
P5_control_sub-5137,"[-80.96976376198194, 30.84621265797303, 23.44475085312293]","[-58.055773596767025, 71.79203818529535, 37.92018561162443]","[-79.92289059303987, 25.218859068557464, -26.043260729891948]","[-68.44160361115786, -10.251854249276557, 48.4091497728124]",P5,control,sub-5137,active,ses-baseline,run-baseline
P7_control_sub-7122,"[-45.2719644481278, -32.38169986474863, 74.4966256034511]","[-33.92508072783941, 21.033701792244365, 75.53843924634478]","[-68.09522066517238, -47.57004917724138, 30.27090241435541]","[-3.176197516380038, -63.905173848344496, 85.45591731466962]",P7,control,sub-7122,active,ses-baseline,run-baseline
P2_control_sub-2283,"[73.25802088355682, -21.519099150380697, -8.119683201325026]","[66.7747702529904, -50.78857422083223, 17.68973293826857]","[63.9009942513907, -26.678555550645548, -46.41830599921562]","[78.53789183850536, 15.26971658130968, 5.439748524102553]",P2,control,sub-2283,active,ses-baseline,run-baseline
P2_control_sub-2286,"[70.65684726386677, -34.6627387072132, 34.47431513679994]","[58.03272896564834, -55.865363978872494, 65.6117256024104]","[63.1416448285748, -47.9805371685744, -2.435198047134909]","[77.09160533038799, 4.242336613460817, 39.33803500405162]",P2,control,sub-2286,active,ses-baseline,run-baseline
P3_target_sub-3165,"[-67.1712552496411, 15.920822779198133, 12.177729945256367]","[-38.95783490270973, 50.68861841893695, 33.987855325982856]","[-72.88153264771462, 18.73112240396309, -37.26018329272791]","[-69.42277703011229, -28.600539433666253, 33.60464195829709]",P3,target,sub-3165,active,ses-baseline,run-baseline
P5_control_sub-5141,"[-65.06147227701994, 43.2186176394349, 34.301238766791236]","[-39.610760231396576, 84.61605240160118, 42.050125655729204]","[-67.04594156651814, 29.050121925297738, -13.300593610772529]","[-59.98301285793236, 6.287680765837694, 67.52665359783278]",P5,control,sub-5141,active,ses-baseline,run-baseline
P5_target_sub-5154,"[-47.20137841512656, 7.814472270914959, 81.55739737184877]","[-31.681294960717377, 60.21371285495338, 84.73000418341788]","[-74.85985568797402, -6.1824505231155795, 38.39600118746964]","[-12.62960525209933, -29.85782007414457, 99.5590908200349]",P5,target,sub-5154,active,ses-baseline,run-baseline
P8_target_sub-8157,"[-48.9243836299978, 53.79999326690367, 55.37302117019334]","[-21.501951545321123, 80.68302826661761, 64.38334758438093]","[-59.624564186418894, 51.80451379654231, 17.114558693322955]","[-48.965087822516665, 19.514591506024324, 75.72495953439336]",P8,target,sub-8157,active,ses-baseline,run-baseline
P2_target_sub-2266,"[-29.9414380058785, -55.79352596196747, 70.37141236573196]","[-66.54076128746229, -5.821807426981912, 57.21458714732967]","[-21.05905747264474, -87.50605422817907, 16.192725106160506]","[26.02434974711593, -32.63851193801913, 86.99807003542392]",P2,target,sub-2266,active,ses-baseline,run-baseline
P7_target_sub-7124,"[50.993692302632866, 44.592766186934, 49.37140010047227]","[38.02166496655632, 10.097782526498559, 74.97225087412134]","[71.48689296274584, 32.12964305887707, 11.568194048306731]","[20.68945558694353, 75.94753498608569, 43.439017738196654]",P7,target,sub-7124,active,ses-baseline,run-baseline
P4_control_sub-4209,"[76.57357444706012, -13.038372619318102, -39.165261462241205]","[71.41209267625162, -45.50752149893952, -16.490121667819366]","[69.08684507543877, -15.197676822169134, -78.37939917007735]","[76.42764926571778, 22.72881478923896, -21.73327190407839]",P4,control,sub-4209,active,ses-baseline,run-baseline
P3_target_sub-1118,"[-65.54615827625544, 35.4099402365865, 33.74619858873593]","[-31.995366552317197, 69.27682809089397, 48.057706387366764]","[-72.800210772281, 32.44909221455164, -15.125335687310628]","[-65.91983243080604, -7.7959055148093865, 58.437005415209526]",P3,target,sub-1118,active,ses-baseline,run-baseline
P5_target_sub-5107,"[-44.4520532183779, -5.4141219137462935, 68.65926226394176]","[-22.77197053818739, 44.450186763744185, 76.04670807319859]","[-79.16632440561128, -9.385094933086163, 28.750195489305508]","[-10.027805754216812, -47.320579150336464, 71.89130769556668]",P5,target,sub-5107,active,ses-baseline,run-baseline
P3_target_sub-3186,"[-71.96815808187404, 9.351524644613553, 31.154258172378267]","[-42.88640895448498, 46.958662212749786, 45.29537999787495]","[-74.98420925040365, 5.674903839504823, -18.279129936409838]","[-62.1645935977816, -33.78747011295074, 53.113702975589796]",P3,target,sub-3186,active,ses-baseline,run-baseline
P1_target_sub-1224,"[70.87577460164523, -63.54949444199574, -5.213598228967526]","[59.305683962503444, -89.15885410937197, 23.03350830388203]","[65.2617176018972, -72.64968310542595, -43.0380915174421]","[77.62190049960302, -25.766771928404395, 4.690881409551164]",P1,target,sub-1224,active,ses-baseline,run-baseline
P7_target_sub-7110,"[46.98546030489566, 32.53938536395277, 48.2626695645779]","[40.66710387720018, -6.911317404768834, 68.51648079249088]","[67.99423618541154, 30.324343300616142, 8.799005593141048]","[13.101113851405024, 60.6551562617274, 49.93847108562608]",P7,target,sub-7110,active,ses-baseline,run-baseline
P3_target_sub-3218,"[-62.137230779513196, 13.823105263695302, 25.0538154428163]","[-31.951301212703463, 49.913752069526836, 40.021057636582235]","[-69.0311294146928, 9.553863070989662, -23.474622040616236]","[-63.88120037259895, -27.717031762457328, 52.38417226680292]",P3,target,sub-3218,active,ses-baseline,run-baseline
P3_target_sub-3158,"[-70.1777242586815, 29.382198710088165, 22.307391532503]","[-45.17261805448365, 69.29757621258496, 38.037578897756994]","[-77.29915145535219, 24.53469986887846, -26.726478160978452]","[-67.59952980735282, -12.318680149226733, 49.63157762607978]",P3,target,sub-3158,active,ses-baseline,run-baseline
P4_target_sub-4107,"[-69.16673239201633, 41.287910094287966, 42.135681318965965]","[-42.50594597742691, 79.74483544138977, 58.408032948290646]","[-76.61489835800897, 37.79509758151663, -7.004278542157913]","[-69.44462209839315, -0.8177053372795646, 68.98409993785792]",P4,target,sub-4107,active,ses-baseline,run-baseline
P5_control_sub-5101,"[-63.694828407215596, 35.658641269649905, 26.269203059048966]","[-36.811227350305906, 74.38698140717072, 41.2340048625852]","[-66.77713166150227, 28.907018053077547, -22.976632516795483]","[-64.73403150789399, -5.0297730055039365, 55.26427253551863]",P5,control,sub-5101,active,ses-baseline,run-baseline
P1_control_sub-1118,"[-51.1227879187689, -11.149015734643195, 71.0036960280963]","[-29.153035777674244, 39.129161345015575, 70.87105322850506]","[-78.47903221936133, -22.420642844848015, 28.167039039044294]","[-17.836056227057234, -51.003678602619836, 85.29854310240076]",P1,control,sub-1118,active,ses-baseline,run-baseline
P5_control_sub-5122,"[-64.2139712439287, 30.274416260057336, 22.29195648932573]","[-39.28538560535351, 67.80573930550057, 43.238493180921196]","[-67.7447033552786, 30.72448375072218, -27.40175479713902]","[-64.56316483481953, -13.994770786175776, 45.01945227693757]",P5,control,sub-5122,active,ses-baseline,run-baseline
P1_control_sub-1160,"[-46.853055876509934, -27.9209393761126, 78.13309995529194]","[-24.78696503756029, 22.042779527580727, 80.0346062758759]","[-76.73943834063115, -36.432706416717316, 34.407672932704905]","[-11.252618210575072, -67.60908119639019, 86.82218017154601]",P1,control,sub-1160,active,ses-baseline,run-baseline
P4_target_sub-4123,"[-68.31806413143278, 31.737917245399633, 24.385411475351532]","[-46.907552770771424, 73.60356850117935, 38.52749172250875]","[-70.59766670511969, 24.62424851231025, -24.898241688319562]","[-58.386285637041844, -8.613291065285843, 51.78332205707789]",P4,target,sub-4123,active,ses-baseline,run-baseline
P1_control_sub-1186,"[-52.12591742664643, -36.6245941169754, 61.25592906491466]","[-41.81274557643462, 16.98575079734776, 64.56998290426705]","[-72.75018146463837, -52.02205440837348, 14.580501475021856]","[-11.72859687157747, -68.92775384534274, 77.30621548718702]",P1,control,sub-1186,active,ses-baseline,run-baseline
P1_control_sub-1149,"[-43.2749392601827, -15.067800922488965, 66.34826457192473]","[-19.548334467964867, 33.83503865391608, 59.02661677264496]","[-69.22187730257582, -30.519478485750376, 23.36393899881558]","[-9.064725478667231, -53.523700150783924, 81.72060592267303]",P1,control,sub-1149,active,ses-baseline,run-baseline
P5_control_sub-5162,"[-61.306883977746566, 30.330589764794237, 23.4588968047162]","[-40.27220088164584, 73.02284787420128, 36.247998543958666]","[-64.1923070315514, 21.386298672554492, -25.45402415315815]","[-55.19763205315142, -9.007849571589173, 53.40273621660918]",P5,control,sub-5162,active,ses-baseline,run-baseline
P1_target_sub-1209,"[74.28332324652314, -54.43844916090901, -23.866805562353633]","[62.93535584360237, -80.51843255653539, 4.166615869169785]","[65.07734288303114, -62.08169117502309, -61.973167756283466]","[78.49921189031706, -16.60733266164292, -13.283482382999352]",P1,target,sub-1209,active,ses-baseline,run-baseline
P3_control_sub-3111,"[45.5896861984617, -17.955348423777597, 47.9221534563641]","[48.74855517887603, -70.34401760585116, 36.38822502536943]","[68.08996254277561, 15.201836124031047, 11.016683538904951]","[-4.6303744498233455, -2.3912697284487834, 61.50255026431591]",P3,control,sub-3111,active,ses-baseline,run-baseline
P3_target_sub-3199,"[-74.69715837023807, 12.680556380356768, 20.65899750956427]","[-46.004662163730664, 49.87766520247017, 33.931273173436246]","[-74.10846255367164, 4.2826565739543945, -28.510650090203686]","[-72.9181951284953, -27.943930436455453, 49.161933059802045]",P3,target,sub-3199,active,ses-baseline,run-baseline
P1_target_sub-1160,"[73.405254252013, -58.55466555527314, -6.474073276406469]","[57.452606547256416, -82.70350447239753, 19.60092282110712]","[64.57741514425892, -64.24224786548332, -45.01321551840316]","[79.70237833311992, -21.333335036250464, 5.589914459978136]",P1,target,sub-1160,active,ses-baseline,run-baseline
P1_control_sub-1202,"[-42.8432474209786, -25.658473036034465, 67.1727649531331]","[-20.206836789641624, 24.110760756154104, 70.57427056683972]","[-72.7132090137383, -32.62910160707339, 24.471052368303567]","[-9.823231906014403, -67.86110190231435, 76.89430414192518]",P1,control,sub-1202,active,ses-baseline,run-baseline
P1_target_sub-1149,"[66.10098968460217, -56.823913650401835, -8.130938625839143]","[58.42929660186198, -79.7204782725799, 23.404259704107627]","[54.5392115729009, -68.75359187372251, -44.05705322857249]","[73.41467381103612, -18.265840667919186, -2.718677388810777]",P1,target,sub-1149,active,ses-baseline,run-baseline
P4_control_sub-4188,"[71.8166758983461, -20.765756593495, -27.451490951926264]","[67.25307438055141, -48.734407988351975, -0.6329786897051096]","[59.21220862017158, -27.28151468905752, -64.82549467136913]","[75.4258292854084, 16.72734241220087, -15.317758087741208]",P4,control,sub-4188,active,ses-baseline,run-baseline
P4_control_sub-4202,"[70.71391271341058, -23.191766371681897, 1.1340077745827726]","[65.57000723988443, -47.80197030566208, 31.78899120027802]","[63.545306594592184, -35.6190672727661, -34.70295176728994]","[76.8301978503113, 15.303794860950669, 7.255654401980826]",P4,control,sub-4202,active,ses-baseline,run-baseline
P2_target_sub-2233,"[-31.656177310488033, -69.08028787266043, 59.9955404816285]","[-72.00126951648225, -23.35046093778694, 46.551485073176444]","[-13.64712873657498, -93.36661952359417, 3.659527755162]","[18.562759002665892, -41.153165370514614, 85.0066517371215]",P2,target,sub-2233,active,ses-baseline,run-baseline
P2_control_sub-2204,"[76.38747931676811, -18.8390809990024, 2.73551030533156]","[66.1164191328791, -39.08629841605147, 32.018748180063234]","[67.76311363742171, -33.00343089297417, -33.535063570707685]","[80.49557845135388, 20.56434266178848, 6.995009459018442]",P2,control,sub-2204,active,ses-baseline,run-baseline
P8_control_sub-8172,"[49.89996749196229, -6.455414099488743, 96.008394674853]","[48.05777877867771, -57.94165511302131, 79.95373310220903]","[71.78396043867338, 26.98036872291952, 59.579386027376955]","[2.042415090670089, 11.959453137279228, 112.94692002256731]",P8,control,sub-8172,active,ses-baseline,run-baseline
P2_control_sub-2268,"[73.8402935303517, -32.4055834996599, -5.9075076428466]","[62.91283955542106, -57.27306725905386, 23.230544764405714]","[58.83198215433096, -39.03330362332324, -42.060378821916125]","[79.2975804548028, 5.567556725018102, 4.092328591326339]",P2,control,sub-2268,active,ses-baseline,run-baseline
P4_target_sub-4147,"[-77.3174308179842, 27.843878202403463, 16.031851876212997]","[-50.45958329310269, 63.28125873298963, 37.986011134705294]","[-80.00327271142443, 30.542155912055616, -33.2091926035112]","[-73.1175463102486, -18.148504605569943, 34.54108663534533]",P4,target,sub-4147,active,ses-baseline,run-baseline
P6_target_sub-6210,"[66.27251208284743, -72.83375113623806, -31.7108666206511]","[22.03894267337777, -109.49773773770397, -35.90620917202078]","[69.63786606029394, -33.11376102327191, -74.63264272535467]","[75.99505755710105, -52.84531490707633, 22.93425140840548]",P6,target,sub-6210,active,ses-baseline,run-baseline
P8_target_sub-8171,"[-58.279334810037426, 34.15425827844017, 70.17311091887545]","[-32.444141565095826, 62.63318911481737, 78.76669827895041]","[-73.55761342617825, 35.805279964469165, 33.84524146960828]","[-49.7807585466812, -2.4986303287322973, 83.45445918090786]",P8,target,sub-8171,active,ses-baseline,run-baseline
P5_target_sub-5156,"[-52.311191160009, -18.1976040473122, 68.04359530227048]","[-41.71795477509649, 35.18250539448935, 74.83863208642303]","[-71.0989324792011, -29.995099496288276, 19.655613408871996]","[-10.288122909729074, -49.489076485826914, 79.57238283163517]",P5,target,sub-5156,active,ses-baseline,run-baseline
P8_control_sub-8182,"[45.75999291213867, 4.6319851104815735, 86.34562122423607]","[47.622041244754314, -47.03445402090183, 71.8400296203582]","[66.5595773967719, 38.60245905728488, 49.40475803561973]","[-3.1238113131649063, 20.171446783447674, 101.9772075771922]",P8,control,sub-8182,active,ses-baseline,run-baseline
P4_control_sub-4174,"[65.3271124672117, -43.40914390226853, -0.66961918855921]","[53.43841205431639, -70.74588151329718, 25.4502419650229]","[57.28197953387877, -48.504968064261604, -39.4784390820204]","[74.63179027214291, -7.04050219042689, 12.444414672688165]",P4,control,sub-4174,active,ses-baseline,run-baseline
P5_target_sub-5122,"[-46.36243887271353, -15.334790668127168, 61.17858705953089]","[-31.797110328387607, 37.352080566299904, 65.9889574502002]","[-74.35038025978501, -26.136376141381955, 17.60728486370528]","[-5.551203684419112, -49.985546570108085, 67.1231823393168]",P5,target,sub-5122,active,ses-baseline,run-baseline
P8_control_sub-8153,"[50.76738698057677, -2.6240082265793867, 83.91346794992633]","[55.12279637488453, -53.70503115895203, 69.39444718002132]","[73.83171359993993, 33.29573799464911, 50.58242732066383]","[1.5216963085352602, 11.917845732564132, 100.7527919087252]",P8,control,sub-8153,active,ses-baseline,run-baseline
P4_control_sub-4143,"[68.49498022175557, -37.8015487831415, -24.691242040114002]","[55.878783117519895, -63.214777010909785, 3.064075692094815]","[54.72489237752273, -42.55657943554204, -61.750845599496785]","[75.08029388261112, -0.6604300046663102, -12.883705966614215]",P4,control,sub-4143,active,ses-baseline,run-baseline
