subject,session,run,project,extracted_mean_x,condition_in_table,n_candidates,condition_separation_mm,recommended,reason,baseline_side_ok,baseline_mean_x,swap
sub-001,ses-1,run-01,P0,70.61,target,2,109.77,target,matches the side of the 'target' montage,,,no
sub-001,ses-1,run-02,P0,70.86,target,2,109.77,target,matches the side of the 'target' montage,,,no
sub-001,ses-2,run-01,P0,71.15,target,2,109.77,target,matches the side of the 'target' montage,,,no
sub-001,ses-2,run-02,P0,71.43,target,2,109.77,target,matches the side of the 'target' montage,,,no
sub-001,ses-3,run-01,P0,69.78,target,2,109.77,target,matches the side of the 'target' montage,,,no
sub-001,ses-3,run-02,P0,70.26,target,2,109.77,target,matches the side of the 'target' montage,,,no
sub-001,ses-4,run-01,P0,71.02,target,2,109.77,target,matches the side of the 'target' montage,,,no
sub-001,ses-4,run-02,P0,71.4,target,2,109.77,target,matches the side of the 'target' montage,,,no
sub-002,ses-1,run-01,P0,-62.19,target,2,105.16,target,matches the side of the 'target' montage,,,no
sub-002,ses-1,run-02,P0,-61.66,target,2,105.16,target,matches the side of the 'target' montage,,,no
sub-002,ses-2,run-01,P0,-55.67,target,2,105.16,target,matches the side of the 'target' montage,,,no
sub-002,ses-2,run-02,P0,-54.97,target,2,105.16,target,matches the side of the 'target' montage,,,no
sub-002,ses-3,run-01,P0,-55.27,target,2,105.16,target,matches the side of the 'target' montage,,,no
sub-002,ses-3,run-02,P0,-55.03,target,2,105.16,target,matches the side of the 'target' montage,,,no
sub-002,ses-4,run-01,P0,70.91,unknown,2,105.16,control,matches the side of the 'control' montage,,,yes
sub-002,ses-4,run-02,P0,71.08,unknown,2,105.16,control,matches the side of the 'control' montage,,,yes
sub-003,ses-1,run-01,P0,-64.4,target,2,105.12,target,matches the side of the 'target' montage,,,no
sub-003,ses-1,run-02,P0,-64.7,target,2,105.12,target,matches the side of the 'target' montage,,,no
sub-003,ses-2,run-01,P0,-62.98,target,2,105.12,target,matches the side of the 'target' montage,,,no
sub-003,ses-2,run-02,P0,-62.27,target,2,105.12,target,matches the side of the 'target' montage,,,no
sub-003,ses-3,run-01,P0,-62.52,target,2,105.12,target,matches the side of the 'target' montage,,,no
sub-003,ses-3,run-02,P0,-62.6,target,2,105.12,target,matches the side of the 'target' montage,,,no
sub-003,ses-4,run-01,P0,-63.49,target,2,105.12,target,matches the side of the 'target' montage,,,no
sub-003,ses-4,run-02,P0,-63.64,target,2,105.12,target,matches the side of the 'target' montage,,,no
sub-005,ses-1,run-01,P0,50.97,unknown,2,109.94,target,matches the side of the 'target' montage,,,yes
sub-005,ses-1,run-02,P0,50.48,unknown,2,109.94,target,matches the side of the 'target' montage,,,yes
sub-005,ses-2,run-01,P0,48.92,unknown,2,109.94,target,matches the side of the 'target' montage,,,yes
sub-005,ses-2,run-02,P0,49.51,unknown,2,109.94,target,matches the side of the 'target' montage,,,yes
sub-005,ses-3,run-01,P0,56.81,unknown,2,109.94,target,matches the side of the 'target' montage,,,yes
sub-005,ses-3,run-02,P0,56.14,unknown,2,109.94,target,matches the side of the 'target' montage,,,yes
sub-005,ses-4,run-01,P0,50.5,unknown,2,109.94,target,matches the side of the 'target' montage,,,yes
sub-005,ses-4,run-02,P0,50.84,unknown,2,109.94,target,matches the side of the 'target' montage,,,yes
sub-006,ses-1,run-01,P0,66.6,target,2,112.19,target,matches the side of the 'target' montage,,,no
sub-006,ses-1,run-02,P0,66.67,target,2,112.19,target,matches the side of the 'target' montage,,,no
sub-006,ses-2,run-01,P0,68.72,target,2,112.19,target,matches the side of the 'target' montage,,,no
sub-006,ses-2,run-02,P0,68.6,target,2,112.19,target,matches the side of the 'target' montage,,,no
sub-006,ses-3,run-01,P0,68.86,target,2,112.19,target,matches the side of the 'target' montage,,,no
sub-006,ses-3,run-02,P0,68.74,target,2,112.19,target,matches the side of the 'target' montage,,,no
sub-006,ses-4,run-01,P0,68.68,target,2,112.19,target,matches the side of the 'target' montage,,,no
sub-006,ses-4,run-02,P0,69.18,target,2,112.19,target,matches the side of the 'target' montage,,,no
sub-007,ses-1,run-01,P0,-56.7,target,2,103.23,target,matches the side of the 'target' montage,,,no
sub-007,ses-1,run-02,P0,-56.91,target,2,103.23,target,matches the side of the 'target' montage,,,no
sub-007,ses-2,run-01,P0,-57.77,target,2,103.23,target,matches the side of the 'target' montage,,,no
sub-007,ses-2,run-02,P0,-57.91,target,2,103.23,target,matches the side of the 'target' montage,,,no
sub-007,ses-3,run-01,P0,-58.06,target,2,103.23,target,matches the side of the 'target' montage,,,no
sub-007,ses-3,run-02,P0,-58.38,target,2,103.23,target,matches the side of the 'target' montage,,,no
sub-007,ses-4,run-01,P0,-56.83,target,2,103.23,target,matches the side of the 'target' montage,,,no
sub-007,ses-4,run-02,P0,-57.05,target,2,103.23,target,matches the side of the 'target' montage,,,no
sub-009,ses-1,run-01,P0,-64.36,control,2,104.41,control,matches the side of the 'control' montage,,,no
sub-009,ses-1,run-02,P0,-64.22,control,2,104.41,control,matches the side of the 'control' montage,,,no
sub-010,ses-1,run-01,P0,56.06,unknown,2,21.3,unknown,the two conditions are not separated by hemisphere; the rule does not apply,,,no
sub-010,ses-1,run-02,P0,56.42,unknown,2,21.3,unknown,the two conditions are not separated by hemisphere; the rule does not apply,,,no
sub-010,ses-2,run-01,P0,51.1,unknown,2,21.3,unknown,the two conditions are not separated by hemisphere; the rule does not apply,,,no
sub-010,ses-2,run-02,P0,51.93,unknown,2,21.3,unknown,the two conditions are not separated by hemisphere; the rule does not apply,,,no
sub-010,ses-3,run-01,P0,49.31,unknown,2,21.3,unknown,the two conditions are not separated by hemisphere; the rule does not apply,,,no
sub-010,ses-3,run-02,P0,49.23,unknown,2,21.3,unknown,the two conditions are not separated by hemisphere; the rule does not apply,,,no
sub-010,ses-4,run-01,P0,52.17,unknown,2,21.3,unknown,the two conditions are not separated by hemisphere; the rule does not apply,,,no
sub-010,ses-4,run-02,P0,52.44,unknown,2,21.3,unknown,the two conditions are not separated by hemisphere; the rule does not apply,,,no
sub-011,ses-1,run-01,P0,44.83,control,2,106.03,control,matches the side of the 'control' montage,,,no
sub-011,ses-1,run-02,P0,44.41,control,2,106.03,control,matches the side of the 'control' montage,,,no
sub-011,ses-2,run-01,P0,46.81,control,2,106.03,control,matches the side of the 'control' montage,,,no
sub-011,ses-2,run-02,P0,46.27,control,2,106.03,control,matches the side of the 'control' montage,,,no
sub-011,ses-3,run-01,P0,48.42,control,2,106.03,control,matches the side of the 'control' montage,,,no
sub-011,ses-3,run-02,P0,48.35,control,2,106.03,control,matches the side of the 'control' montage,,,no
sub-011,ses-4,run-01,P0,37.42,control,2,106.03,control,matches the side of the 'control' montage,,,no
sub-011,ses-4,run-02,P0,36.84,control,2,106.03,control,matches the side of the 'control' montage,,,no
sub-012,ses-2,run-01,P0,-68.45,unknown,2,30.4,unknown,side is ambiguous,,,no
sub-012,ses-2,run-02,P0,-68.42,unknown,2,30.4,unknown,side is ambiguous,,,no
sub-012,ses-3,run-01,P0,-65.8,unknown,2,30.4,unknown,side is ambiguous,,,no
sub-012,ses-3,run-02,P0,-65.37,unknown,2,30.4,unknown,side is ambiguous,,,no
sub-012,ses-4,run-02,P0,-62.48,unknown,2,30.4,unknown,side is ambiguous,,,no
sub-013,ses-1,run-01,P0,70.21,target,2,114.48,target,matches the side of the 'target' montage,,,no
sub-013,ses-1,run-02,P0,70.43,target,2,114.48,target,matches the side of the 'target' montage,,,no
sub-013,ses-2,run-01,P0,71.2,target,2,114.48,target,matches the side of the 'target' montage,,,no
sub-013,ses-2,run-02,P0,70.9,target,2,114.48,target,matches the side of the 'target' montage,,,no
sub-014,ses-2,run-02,P0,-72.89,control,2,87.47,control,matches the side of the 'control' montage,,,no
sub-014,ses-3,run-01,P0,-72.47,control,2,87.47,control,matches the side of the 'control' montage,,,no
sub-014,ses-3,run-02,P0,-72.22,control,2,87.47,control,matches the side of the 'control' montage,,,no
sub-014,ses-4,run-01,P0,-70.08,control,2,87.47,control,matches the side of the 'control' montage,,,no
sub-014,ses-4,run-02,P0,-70.06,control,2,87.47,control,matches the side of the 'control' montage,,,no
sub-015,ses-1,run-01,P0,73.89,unknown,2,105.09,control,matches the side of the 'control' montage,,,yes
sub-015,ses-1,run-02,P0,73.84,unknown,2,105.09,control,matches the side of the 'control' montage,,,yes
sub-015,ses-2,run-01,P0,73.3,unknown,2,105.09,control,matches the side of the 'control' montage,,,yes
sub-015,ses-2,run-02,P0,73.38,unknown,2,105.09,control,matches the side of the 'control' montage,,,yes
sub-015,ses-3,run-01,P0,73.12,unknown,2,105.09,control,matches the side of the 'control' montage,,,yes
sub-015,ses-3,run-02,P0,73.58,unknown,2,105.09,control,matches the side of the 'control' montage,,,yes
sub-015,ses-4,run-01,P0,72.11,unknown,2,105.09,control,matches the side of the 'control' montage,,,yes
sub-015,ses-4,run-02,P0,72.1,unknown,2,105.09,control,matches the side of the 'control' montage,,,yes
sub-016,ses-1,run-01,P0,75.89,target,2,27.5,target,the two conditions are not separated by hemisphere; the rule does not apply,,,no
sub-016,ses-1,run-02,P0,76.04,target,2,27.5,target,the two conditions are not separated by hemisphere; the rule does not apply,,,no
sub-016,ses-2,run-01,P0,76.48,target,2,27.5,target,the two conditions are not separated by hemisphere; the rule does not apply,,,no
sub-016,ses-2,run-02,P0,77.02,target,2,27.5,target,the two conditions are not separated by hemisphere; the rule does not apply,,,no
sub-016,ses-3,run-01,P0,75.86,target,2,27.5,target,the two conditions are not separated by hemisphere; the rule does not apply,,,no
sub-016,ses-3,run-02,P0,76.63,target,2,27.5,target,the two conditions are not separated by hemisphere; the rule does not apply,,,no
sub-016,ses-4,run-01,P0,76.81,target,2,27.5,target,the two conditions are not separated by hemisphere; the rule does not apply,,,no
sub-016,ses-4,run-02,P0,77.22,target,2,27.5,target,the two conditions are not separated by hemisphere; the rule does not apply,,,no
sub-017,ses-1,run-01,P0,66.01,unknown,2,2.95,unknown,the two conditions are not separated by hemisphere; the rule does not apply,,,no
sub-017,ses-1,run-02,P0,66.14,unknown,2,2.95,unknown,the two conditions are not separated by hemisphere; the rule does not apply,,,no
sub-017,ses-2,run-01,P0,65.32,unknown,2,2.95,unknown,the two conditions are not separated by hemisphere; the rule does not apply,,,no
sub-017,ses-2,run-02,P0,65.21,unknown,2,2.95,unknown,the two conditions are not separated by hemisphere; the rule does not apply,,,no
sub-017,ses-3,run-01,P0,61.92,unknown,2,2.95,unknown,the two conditions are not separated by hemisphere; the rule does not apply,,,no
sub-017,ses-3,run-02,P0,61.95,unknown,2,2.95,unknown,the two conditions are not separated by hemisphere; the rule does not apply,,,no
sub-017,ses-4,run-01,P0,63.99,unknown,2,2.95,unknown,the two conditions are not separated by hemisphere; the rule does not apply,,,no
sub-017,ses-4,run-02,P0,64.26,unknown,2,2.95,unknown,the two conditions are not separated by hemisphere; the rule does not apply,,,no
sub-018,ses-2,run-01,P0,73.41,unknown,2,101.91,control,matches the side of the 'control' montage,,,yes
sub-018,ses-2,run-02,P0,72.24,unknown,2,101.91,control,matches the side of the 'control' montage,,,yes
sub-018,ses-3,run-01,P0,73.86,unknown,2,101.91,control,matches the side of the 'control' montage,,,yes
sub-018,ses-3,run-02,P0,73.89,unknown,2,101.91,control,matches the side of the 'control' montage,,,yes
sub-018,ses-4,run-01,P0,74.05,unknown,2,101.91,control,matches the side of the 'control' montage,,,yes
sub-018,ses-4,run-02,P0,73.87,unknown,2,101.91,control,matches the side of the 'control' montage,,,yes
sub-020,ses-2,run-01,P0,76.55,target,2,115.55,target,matches the side of the 'target' montage,,,no
sub-020,ses-2,run-02,P0,76.6,target,2,115.55,target,matches the side of the 'target' montage,,,no
sub-020,ses-3,run-01,P0,76.18,target,2,115.55,target,matches the side of the 'target' montage,,,no
sub-020,ses-3,run-02,P0,76.33,target,2,115.55,target,matches the side of the 'target' montage,,,no
sub-020,ses-4,run-01,P0,74.75,target,2,115.55,target,matches the side of the 'target' montage,,,no
sub-020,ses-4,run-02,P0,75.14,target,2,115.55,target,matches the side of the 'target' montage,,,no
sub-021,ses-1,run-01,P0,71.81,unknown,2,89.05,target,matches the side of the 'target' montage,,,yes
sub-021,ses-1,run-02,P0,72.04,unknown,2,89.05,target,matches the side of the 'target' montage,,,yes
sub-021,ses-2,run-01,P0,70.35,unknown,2,89.05,target,matches the side of the 'target' montage,,,yes
sub-021,ses-2,run-02,P0,69.96,unknown,2,89.05,target,matches the side of the 'target' montage,,,yes
sub-021,ses-3,run-01,P0,72.78,unknown,2,89.05,target,matches the side of the 'target' montage,,,yes
sub-021,ses-3,run-02,P0,72.96,unknown,2,89.05,target,matches the side of the 'target' montage,,,yes
sub-021,ses-4,run-01,P0,70.29,unknown,2,89.05,target,matches the side of the 'target' montage,,,yes
sub-021,ses-4,run-02,P0,70.2,unknown,2,89.05,target,matches the side of the 'target' montage,,,yes
sub-022,ses-1,run-01,P0,76.54,target,2,34.37,target,side is ambiguous,,,no
sub-022,ses-1,run-02,P0,76.65,target,2,34.37,target,side is ambiguous,,,no
sub-022,ses-2,run-01,P0,75.3,target,2,34.37,target,side is ambiguous,,,no
sub-022,ses-2,run-02,P0,76.05,target,2,34.37,target,side is ambiguous,,,no
sub-022,ses-3,run-01,P0,77.54,target,2,34.37,target,side is ambiguous,,,no
sub-022,ses-3,run-02,P0,78.0,target,2,34.37,target,side is ambiguous,,,no
sub-022,ses-4,run-01,P0,77.04,target,2,34.37,target,side is ambiguous,,,no
sub-022,ses-4,run-02,P0,77.54,target,2,34.37,target,side is ambiguous,,,no
sub-023,ses-1,run-01,P0,-55.72,unknown,2,3.84,unknown,the two conditions are not separated by hemisphere; the rule does not apply,,,no
sub-023,ses-1,run-02,P0,-54.64,unknown,2,3.84,unknown,the two conditions are not separated by hemisphere; the rule does not apply,,,no
sub-023,ses-2,run-01,P0,-57.65,unknown,2,3.84,unknown,the two conditions are not separated by hemisphere; the rule does not apply,,,no
sub-023,ses-2,run-02,P0,-55.83,unknown,2,3.84,unknown,the two conditions are not separated by hemisphere; the rule does not apply,,,no
sub-023,ses-3,run-01,P0,-58.78,unknown,2,3.84,unknown,the two conditions are not separated by hemisphere; the rule does not apply,,,no
sub-023,ses-3,run-02,P0,-57.47,unknown,2,3.84,unknown,the two conditions are not separated by hemisphere; the rule does not apply,,,no
sub-023,ses-4,run-01,P0,-61.18,unknown,2,3.84,unknown,the two conditions are not separated by hemisphere; the rule does not apply,,,no
sub-023,ses-4,run-02,P0,-61.08,unknown,2,3.84,unknown,the two conditions are not separated by hemisphere; the rule does not apply,,,no
sub-024,ses-1,run-01,P0,-64.16,target,2,109.8,target,matches the side of the 'target' montage,,,no
sub-024,ses-1,run-02,P0,-63.91,target,2,109.8,target,matches the side of the 'target' montage,,,no
sub-024,ses-2,run-01,P0,-65.18,target,2,109.8,target,matches the side of the 'target' montage,,,no
sub-024,ses-2,run-02,P0,-65.31,target,2,109.8,target,matches the side of the 'target' montage,,,no
sub-024,ses-3,run-01,P0,-65.0,target,2,109.8,target,matches the side of the 'target' montage,,,no
sub-024,ses-3,run-02,P0,-64.55,target,2,109.8,target,matches the side of the 'target' montage,,,no
sub-024,ses-4,run-01,P0,-55.26,target,2,109.8,target,matches the side of the 'target' montage,,,no
sub-024,ses-4,run-02,P0,-55.51,target,2,109.8,target,matches the side of the 'target' montage,,,no
sub-025,ses-1,run-01,P0,71.68,unknown,2,20.6,unknown,the two conditions are not separated by hemisphere; the rule does not apply,,,no
sub-025,ses-1,run-02,P0,71.26,unknown,2,20.6,unknown,the two conditions are not separated by hemisphere; the rule does not apply,,,no
sub-025,ses-2,run-01,P0,68.57,unknown,2,20.6,unknown,the two conditions are not separated by hemisphere; the rule does not apply,,,no
sub-025,ses-2,run-02,P0,68.53,unknown,2,20.6,unknown,the two conditions are not separated by hemisphere; the rule does not apply,,,no
sub-025,ses-3,run-01,P0,68.68,unknown,2,20.6,unknown,the two conditions are not separated by hemisphere; the rule does not apply,,,no
sub-025,ses-3,run-02,P0,68.89,unknown,2,20.6,unknown,the two conditions are not separated by hemisphere; the rule does not apply,,,no
sub-025,ses-4,run-01,P0,66.29,unknown,2,20.6,unknown,the two conditions are not separated by hemisphere; the rule does not apply,,,no
sub-025,ses-4,run-02,P0,66.32,unknown,2,20.6,unknown,the two conditions are not separated by hemisphere; the rule does not apply,,,no
sub-026,ses-1,run-01,P0,72.27,target,2,100.62,target,matches the side of the 'target' montage,,,no
sub-026,ses-1,run-02,P0,71.77,target,2,100.62,target,matches the side of the 'target' montage,,,no
sub-026,ses-2,run-01,P0,71.99,target,2,100.62,target,matches the side of the 'target' montage,,,no
sub-026,ses-2,run-02,P0,70.94,target,2,100.62,target,matches the side of the 'target' montage,,,no
sub-026,ses-3,run-01,P0,71.04,target,2,100.62,target,matches the side of the 'target' montage,,,no
sub-026,ses-3,run-02,P0,71.15,target,2,100.62,target,matches the side of the 'target' montage,,,no
sub-026,ses-4,run-01,P0,72.39,target,2,100.62,target,matches the side of the 'target' montage,,,no
sub-026,ses-4,run-02,P0,72.27,target,2,100.62,target,matches the side of the 'target' montage,,,no
sub-028,ses-1,run-01,P0,49.11,target,2,2.13,target,the two conditions are not separated by hemisphere; the rule does not apply,,,no
sub-028,ses-1,run-02,P0,49.18,target,2,2.13,target,the two conditions are not separated by hemisphere; the rule does not apply,,,no
sub-028,ses-2,run-01,P0,52.7,target,2,2.13,target,the two conditions are not separated by hemisphere; the rule does not apply,,,no
sub-028,ses-2,run-02,P0,52.69,target,2,2.13,target,the two conditions are not separated by hemisphere; the rule does not apply,,,no
sub-028,ses-4,run-01,P0,51.67,target,2,2.13,target,the two conditions are not separated by hemisphere; the rule does not apply,,,no
sub-028,ses-4,run-02,P0,52.1,target,2,2.13,target,the two conditions are not separated by hemisphere; the rule does not apply,,,no
sub-029,ses-1,run-01,P0,51.81,target,2,2.9,target,the two conditions are not separated by hemisphere; the rule does not apply,,,no
sub-029,ses-1,run-02,P0,52.68,target,2,2.9,target,the two conditions are not separated by hemisphere; the rule does not apply,,,no
sub-029,ses-2,run-01,P0,51.44,target,2,2.9,target,the two conditions are not separated by hemisphere; the rule does not apply,,,no
sub-029,ses-2,run-02,P0,51.13,target,2,2.9,target,the two conditions are not separated by hemisphere; the rule does not apply,,,no
sub-029,ses-3,run-01,P0,52.87,target,2,2.9,target,the two conditions are not separated by hemisphere; the rule does not apply,,,no
sub-029,ses-3,run-02,P0,52.49,target,2,2.9,target,the two conditions are not separated by hemisphere; the rule does not apply,,,no
sub-029,ses-4,run-01,P0,50.42,target,2,2.9,target,the two conditions are not separated by hemisphere; the rule does not apply,,,no
sub-029,ses-4,run-02,P0,50.05,target,2,2.9,target,the two conditions are not separated by hemisphere; the rule does not apply,,,no
sub-030,ses-1,run-01,P0,67.6,target,2,113.4,target,matches the side of the 'target' montage,,,no
sub-030,ses-1,run-02,P0,67.86,target,2,113.4,target,matches the side of the 'target' montage,,,no
sub-030,ses-2,run-01,P0,66.14,target,2,113.4,target,matches the side of the 'target' montage,,,no
sub-030,ses-2,run-02,P0,66.11,target,2,113.4,target,matches the side of the 'target' montage,,,no
sub-030,ses-3,run-01,P0,66.94,target,2,113.4,target,matches the side of the 'target' montage,,,no
sub-030,ses-3,run-02,P0,67.72,target,2,113.4,target,matches the side of the 'target' montage,,,no
sub-030,ses-4,run-01,P0,66.62,target,2,113.4,target,matches the side of the 'target' montage,,,no
sub-030,ses-4,run-02,P0,66.82,target,2,113.4,target,matches the side of the 'target' montage,,,no
sub-031,ses-1,run-01,P0,51.25,control,2,110.12,control,matches the side of the 'control' montage,,,no
sub-031,ses-1,run-02,P0,51.18,control,2,110.12,control,matches the side of the 'control' montage,,,no
sub-031,ses-2,run-01,P0,50.98,control,2,110.12,control,matches the side of the 'control' montage,,,no
sub-031,ses-2,run-02,P0,51.46,control,2,110.12,control,matches the side of the 'control' montage,,,no
sub-031,ses-3,run-01,P0,56.05,control,2,110.12,control,matches the side of the 'control' montage,,,no
sub-031,ses-3,run-02,P0,56.03,control,2,110.12,control,matches the side of the 'control' montage,,,no
sub-031,ses-4,run-01,P0,52.29,control,2,110.12,control,matches the side of the 'control' montage,,,no
sub-031,ses-4,run-02,P0,52.29,control,2,110.12,control,matches the side of the 'control' montage,,,no
sub-032,ses-1,run-01,P0,46.57,unknown,2,27.02,unknown,the two conditions are not separated by hemisphere; the rule does not apply,,,no
sub-032,ses-1,run-02,P0,46.47,unknown,2,27.02,unknown,the two conditions are not separated by hemisphere; the rule does not apply,,,no
sub-032,ses-2,run-01,P0,52.49,unknown,2,27.02,unknown,the two conditions are not separated by hemisphere; the rule does not apply,,,no
sub-032,ses-2,run-02,P0,52.6,unknown,2,27.02,unknown,the two conditions are not separated by hemisphere; the rule does not apply,,,no
sub-032,ses-3,run-01,P0,47.94,unknown,2,27.02,unknown,the two conditions are not separated by hemisphere; the rule does not apply,,,no
sub-032,ses-3,run-02,P0,47.83,unknown,2,27.02,unknown,the two conditions are not separated by hemisphere; the rule does not apply,,,no
sub-032,ses-4,run-01,P0,45.16,unknown,2,27.02,unknown,the two conditions are not separated by hemisphere; the rule does not apply,,,no
sub-032,ses-4,run-02,P0,45.38,unknown,2,27.02,unknown,the two conditions are not separated by hemisphere; the rule does not apply,,,no
sub-033,ses-1,run-01,P0,-71.6,unknown,2,1.78,unknown,the two conditions are not separated by hemisphere; the rule does not apply,,,no
sub-033,ses-1,run-02,P0,-71.32,unknown,2,1.78,unknown,the two conditions are not separated by hemisphere; the rule does not apply,,,no
sub-033,ses-2,run-01,P0,-72.0,unknown,2,1.78,unknown,the two conditions are not separated by hemisphere; the rule does not apply,,,no
sub-033,ses-2,run-02,P0,-71.74,unknown,2,1.78,unknown,the two conditions are not separated by hemisphere; the rule does not apply,,,no
sub-033,ses-3,run-01,P0,-74.2,unknown,2,1.78,unknown,the two conditions are not separated by hemisphere; the rule does not apply,,,no
sub-033,ses-3,run-02,P0,-74.21,unknown,2,1.78,unknown,the two conditions are not separated by hemisphere; the rule does not apply,,,no
sub-033,ses-4,run-01,P0,-73.09,unknown,2,1.78,unknown,the two conditions are not separated by hemisphere; the rule does not apply,,,no
sub-033,ses-4,run-02,P0,-72.91,unknown,2,1.78,unknown,the two conditions are not separated by hemisphere; the rule does not apply,,,no
sub-034,ses-1,run-01,P0,37.18,unknown,2,32.36,unknown,side is ambiguous,,,no
sub-034,ses-1,run-02,P0,34.76,unknown,2,32.36,unknown,side is ambiguous,,,no
sub-034,ses-2,run-01,P0,40.56,unknown,2,32.36,unknown,side is ambiguous,,,no
sub-034,ses-2,run-02,P0,40.1,unknown,2,32.36,unknown,side is ambiguous,,,no
sub-034,ses-3,run-01,P0,43.74,unknown,2,32.36,unknown,side is ambiguous,,,no
sub-034,ses-3,run-02,P0,43.03,unknown,2,32.36,unknown,side is ambiguous,,,no
sub-034,ses-4,run-01,P0,35.78,unknown,2,32.36,unknown,side is ambiguous,,,no
sub-034,ses-4,run-02,P0,35.61,unknown,2,32.36,unknown,side is ambiguous,,,no
sub-035,ses-1,run-01,P0,41.54,target,2,2.67,target,the two conditions are not separated by hemisphere; the rule does not apply,,,no
sub-035,ses-1,run-02,P0,40.71,target,2,2.67,target,the two conditions are not separated by hemisphere; the rule does not apply,,,no
sub-035,ses-2,run-01,P0,46.31,target,2,2.67,target,the two conditions are not separated by hemisphere; the rule does not apply,,,no
sub-035,ses-2,run-02,P0,46.54,target,2,2.67,target,the two conditions are not separated by hemisphere; the rule does not apply,,,no
sub-035,ses-3,run-01,P0,51.55,target,2,2.67,target,the two conditions are not separated by hemisphere; the rule does not apply,,,no
sub-035,ses-3,run-02,P0,51.46,target,2,2.67,target,the two conditions are not separated by hemisphere; the rule does not apply,,,no
sub-035,ses-4,run-01,P0,47.69,target,2,2.67,target,the two conditions are not separated by hemisphere; the rule does not apply,,,no
sub-035,ses-4,run-02,P0,48.32,target,2,2.67,target,the two conditions are not separated by hemisphere; the rule does not apply,,,no
sub-036,ses-2,run-01,P0,51.93,control,2,105.12,control,matches the side of the 'control' montage,,,no
sub-036,ses-2,run-02,P0,51.35,control,2,105.12,control,matches the side of the 'control' montage,,,no
sub-036,ses-3,run-01,P0,52.9,control,2,105.12,control,matches the side of the 'control' montage,,,no
sub-036,ses-3,run-02,P0,52.43,control,2,105.12,control,matches the side of the 'control' montage,,,no
sub-036,ses-4,run-01,P0,53.6,control,2,105.12,control,matches the side of the 'control' montage,,,no
sub-036,ses-4,run-02,P0,53.46,control,2,105.12,control,matches the side of the 'control' montage,,,no
sub-037,ses-1,run-01,P0,64.04,control,2,110.12,control,matches the side of the 'control' montage,,,no
sub-037,ses-1,run-02,P0,65.4,control,2,110.12,control,matches the side of the 'control' montage,,,no
sub-037,ses-2,run-01,P0,59.97,control,2,110.12,control,matches the side of the 'control' montage,,,no
sub-037,ses-2,run-02,P0,59.97,control,2,110.12,control,matches the side of the 'control' montage,,,no
sub-037,ses-3,run-01,P0,57.97,control,2,110.12,control,matches the side of the 'control' montage,,,no
sub-037,ses-3,run-02,P0,57.68,control,2,110.12,control,matches the side of the 'control' montage,,,no
sub-037,ses-4,run-01,P0,56.91,control,2,110.12,control,matches the side of the 'control' montage,,,no
sub-037,ses-4,run-02,P0,57.54,control,2,110.12,control,matches the side of the 'control' montage,,,no
sub-038,ses-1,run-01,P0,32.34,target,2,74.65,target,matches the side of the 'target' montage,,,no
sub-038,ses-1,run-02,P0,32.21,target,2,74.65,target,matches the side of the 'target' montage,,,no
sub-038,ses-2,run-01,P0,39.84,target,2,74.65,target,matches the side of the 'target' montage,,,no
sub-038,ses-2,run-02,P0,38.28,target,2,74.65,target,matches the side of the 'target' montage,,,no
sub-038,ses-3,run-01,P0,39.49,target,2,74.65,target,matches the side of the 'target' montage,,,no
sub-038,ses-3,run-02,P0,38.96,target,2,74.65,target,matches the side of the 'target' montage,,,no
sub-038,ses-4,run-01,P0,39.18,target,2,74.65,target,matches the side of the 'target' montage,,,no
sub-038,ses-4,run-02,P0,38.74,target,2,74.65,target,matches the side of the 'target' montage,,,no
sub-039,ses-1,run-01,P0,-67.94,unknown,2,28.58,unknown,the two conditions are not separated by hemisphere; the rule does not apply,,,no
sub-039,ses-1,run-02,P0,-67.57,unknown,2,28.58,unknown,the two conditions are not separated by hemisphere; the rule does not apply,,,no
sub-039,ses-2,run-01,P0,-68.48,unknown,2,28.58,unknown,the two conditions are not separated by hemisphere; the rule does not apply,,,no
sub-039,ses-2,run-02,P0,-69.15,unknown,2,28.58,unknown,the two conditions are not separated by hemisphere; the rule does not apply,,,no
sub-039,ses-3,run-01,P0,-69.62,unknown,2,28.58,unknown,the two conditions are not separated by hemisphere; the rule does not apply,,,no
sub-039,ses-3,run-02,P0,-69.95,unknown,2,28.58,unknown,the two conditions are not separated by hemisphere; the rule does not apply,,,no
sub-039,ses-4,run-01,P0,-68.21,unknown,2,28.58,unknown,the two conditions are not separated by hemisphere; the rule does not apply,,,no
sub-039,ses-4,run-02,P0,-68.41,unknown,2,28.58,unknown,the two conditions are not separated by hemisphere; the rule does not apply,,,no
sub-040,ses-1,run-01,P0,47.55,target,2,81.59,target,matches the side of the 'target' montage,,,no
sub-040,ses-1,run-02,P0,47.48,target,2,81.59,target,matches the side of the 'target' montage,,,no
sub-040,ses-2,run-01,P0,50.52,target,2,81.59,target,matches the side of the 'target' montage,,,no
sub-040,ses-2,run-02,P0,50.42,target,2,81.59,target,matches the side of the 'target' montage,,,no
sub-042,ses-1,run-01,P0,72.05,unknown,2,24.3,unknown,the two conditions are not separated by hemisphere; the rule does not apply,,,no
sub-042,ses-1,run-02,P0,72.24,unknown,2,24.3,unknown,the two conditions are not separated by hemisphere; the rule does not apply,,,no
sub-042,ses-2,run-01,P0,69.9,unknown,2,24.3,unknown,the two conditions are not separated by hemisphere; the rule does not apply,,,no
sub-042,ses-2,run-02,P0,70.19,unknown,2,24.3,unknown,the two conditions are not separated by hemisphere; the rule does not apply,,,no
sub-042,ses-3,run-01,P0,71.32,unknown,2,24.3,unknown,the two conditions are not separated by hemisphere; the rule does not apply,,,no
sub-042,ses-3,run-02,P0,71.48,unknown,2,24.3,unknown,the two conditions are not separated by hemisphere; the rule does not apply,,,no
sub-042,ses-4,run-01,P0,72.11,unknown,2,24.3,unknown,the two conditions are not separated by hemisphere; the rule does not apply,,,no
sub-042,ses-4,run-02,P0,72.1,unknown,2,24.3,unknown,the two conditions are not separated by hemisphere; the rule does not apply,,,no
sub-043,ses-1,run-01,P0,56.52,unknown,2,32.47,unknown,side is ambiguous,,,no
sub-043,ses-1,run-02,P0,56.51,unknown,2,32.47,unknown,side is ambiguous,,,no
sub-043,ses-2,run-01,P0,59.51,unknown,2,32.47,unknown,side is ambiguous,,,no
sub-043,ses-2,run-02,P0,58.37,unknown,2,32.47,unknown,side is ambiguous,,,no
sub-043,ses-3,run-01,P0,56.29,unknown,2,32.47,unknown,side is ambiguous,,,no
sub-043,ses-3,run-02,P0,56.87,unknown,2,32.47,unknown,side is ambiguous,,,no
sub-043,ses-4,run-01,P0,56.3,unknown,2,32.47,unknown,side is ambiguous,,,no
sub-043,ses-4,run-02,P0,56.18,unknown,2,32.47,unknown,side is ambiguous,,,no
sub-044,ses-1,run-01,P0,76.56,unknown,2,81.2,target,matches the side of the 'target' montage,,,yes
sub-044,ses-1,run-02,P0,76.56,unknown,2,81.2,target,matches the side of the 'target' montage,,,yes
sub-044,ses-2,run-01,P0,75.67,unknown,2,81.2,target,matches the side of the 'target' montage,,,yes
sub-044,ses-2,run-02,P0,75.48,unknown,2,81.2,target,matches the side of the 'target' montage,,,yes
sub-044,ses-3,run-01,P0,78.02,unknown,2,81.2,target,matches the side of the 'target' montage,,,yes
sub-044,ses-3,run-02,P0,78.53,unknown,2,81.2,target,matches the side of the 'target' montage,,,yes
sub-044,ses-4,run-01,P0,74.97,unknown,2,81.2,target,matches the side of the 'target' montage,,,yes
sub-044,ses-4,run-02,P0,75.17,unknown,2,81.2,target,matches the side of the 'target' montage,,,yes
sub-046,ses-1,run-01,P0,51.04,unknown,2,23.14,unknown,the two conditions are not separated by hemisphere; the rule does not apply,,,no
sub-046,ses-1,run-02,P0,48.97,unknown,2,23.14,unknown,the two conditions are not separated by hemisphere; the rule does not apply,,,no
sub-046,ses-2,run-01,P0,60.4,unknown,2,23.14,unknown,the two conditions are not separated by hemisphere; the rule does not apply,,,no
sub-046,ses-2,run-02,P0,59.54,unknown,2,23.14,unknown,the two conditions are not separated by hemisphere; the rule does not apply,,,no
sub-046,ses-3,run-01,P0,56.58,unknown,2,23.14,unknown,the two conditions are not separated by hemisphere; the rule does not apply,,,no
sub-046,ses-3,run-02,P0,57.65,unknown,2,23.14,unknown,the two conditions are not separated by hemisphere; the rule does not apply,,,no
sub-046,ses-4,run-01,P0,56.72,unknown,2,23.14,unknown,the two conditions are not separated by hemisphere; the rule does not apply,,,no
sub-046,ses-4,run-02,P0,56.73,unknown,2,23.14,unknown,the two conditions are not separated by hemisphere; the rule does not apply,,,no
sub-047,ses-1,run-01,P0,-72.92,control,2,119.4,control,matches the side of the 'control' montage,,,no
sub-047,ses-1,run-02,P0,-73.04,control,2,119.4,control,matches the side of the 'control' montage,,,no
sub-047,ses-2,run-01,P0,-70.75,control,2,119.4,control,matches the side of the 'control' montage,,,no
sub-047,ses-2,run-02,P0,-70.01,control,2,119.4,control,matches the side of the 'control' montage,,,no
sub-047,ses-3,run-01,P0,-69.33,control,2,119.4,control,matches the side of the 'control' montage,,,no
sub-047,ses-3,run-02,P0,-69.41,control,2,119.4,control,matches the side of the 'control' montage,,,no
sub-047,ses-4,run-01,P0,-73.74,control,2,119.4,control,matches the side of the 'control' montage,,,no
sub-047,ses-4,run-02,P0,-73.87,control,2,119.4,control,matches the side of the 'control' montage,,,no
sub-048,ses-1,run-01,P0,-66.8,unknown,2,29.53,unknown,the two conditions are not separated by hemisphere; the rule does not apply,,,no
sub-048,ses-1,run-02,P0,-66.1,unknown,2,29.53,unknown,the two conditions are not separated by hemisphere; the rule does not apply,,,no
sub-048,ses-2,run-01,P0,-66.96,unknown,2,29.53,unknown,the two conditions are not separated by hemisphere; the rule does not apply,,,no
sub-048,ses-2,run-02,P0,-67.03,unknown,2,29.53,unknown,the two conditions are not separated by hemisphere; the rule does not apply,,,no
sub-048,ses-3,run-01,P0,-66.31,unknown,2,29.53,unknown,the two conditions are not separated by hemisphere; the rule does not apply,,,no
sub-048,ses-3,run-02,P0,-66.21,unknown,2,29.53,unknown,the two conditions are not separated by hemisphere; the rule does not apply,,,no
sub-048,ses-4,run-01,P0,-67.61,unknown,2,29.53,unknown,the two conditions are not separated by hemisphere; the rule does not apply,,,no
sub-048,ses-4,run-02,P0,-67.59,unknown,2,29.53,unknown,the two conditions are not separated by hemisphere; the rule does not apply,,,no
sub-049,ses-1,run-01,P0,-63.69,target,2,107.21,target,matches the side of the 'target' montage,,,no
sub-049,ses-1,run-02,P0,-63.66,target,2,107.21,target,matches the side of the 'target' montage,,,no
sub-049,ses-2,run-01,P0,-65.18,target,2,107.21,target,matches the side of the 'target' montage,,,no
sub-049,ses-2,run-02,P0,-65.04,target,2,107.21,target,matches the side of the 'target' montage,,,no
sub-049,ses-3,run-01,P0,-64.89,target,2,107.21,target,matches the side of the 'target' montage,,,no
sub-049,ses-3,run-02,P0,-64.96,target,2,107.21,target,matches the side of the 'target' montage,,,no
sub-049,ses-4,run-01,P0,-66.87,target,2,107.21,target,matches the side of the 'target' montage,,,no
sub-049,ses-4,run-02,P0,-66.48,target,2,107.21,target,matches the side of the 'target' montage,,,no
sub-052,ses-2,run-01,P0,-65.69,unknown,2,24.07,unknown,the two conditions are not separated by hemisphere; the rule does not apply,,,no
sub-052,ses-2,run-02,P0,-65.33,unknown,2,24.07,unknown,the two conditions are not separated by hemisphere; the rule does not apply,,,no
sub-052,ses-3,run-01,P0,-64.5,unknown,2,24.07,unknown,the two conditions are not separated by hemisphere; the rule does not apply,,,no
sub-052,ses-3,run-02,P0,-63.98,unknown,2,24.07,unknown,the two conditions are not separated by hemisphere; the rule does not apply,,,no
sub-052,ses-4,run-01,P0,-62.32,unknown,2,24.07,unknown,the two conditions are not separated by hemisphere; the rule does not apply,,,no
sub-052,ses-4,run-02,P0,-62.77,unknown,2,24.07,unknown,the two conditions are not separated by hemisphere; the rule does not apply,,,no
sub-054,ses-1,run-01,P0,69.37,target,2,107.12,target,matches the side of the 'target' montage,,,no
sub-054,ses-1,run-02,P0,69.02,target,2,107.12,target,matches the side of the 'target' montage,,,no
sub-054,ses-2,run-01,P0,71.07,target,2,107.12,target,matches the side of the 'target' montage,,,no
sub-054,ses-2,run-02,P0,71.29,target,2,107.12,target,matches the side of the 'target' montage,,,no
sub-054,ses-3,run-01,P0,70.56,target,2,107.12,target,matches the side of the 'target' montage,,,no
sub-054,ses-3,run-02,P0,70.75,target,2,107.12,target,matches the side of the 'target' montage,,,no
sub-054,ses-4,run-01,P0,71.13,target,2,107.12,target,matches the side of the 'target' montage,,,no
sub-054,ses-4,run-02,P0,70.7,target,2,107.12,target,matches the side of the 'target' montage,,,no
sub-055,ses-1,run-01,P0,72.39,target,2,33.37,target,side is ambiguous,,,no
sub-055,ses-1,run-02,P0,72.6,target,2,33.37,target,side is ambiguous,,,no
sub-055,ses-2,run-01,P0,72.29,target,2,33.37,target,side is ambiguous,,,no
sub-055,ses-2,run-02,P0,72.5,target,2,33.37,target,side is ambiguous,,,no
sub-055,ses-3,run-01,P0,71.73,target,2,33.37,target,side is ambiguous,,,no
sub-055,ses-3,run-02,P0,71.9,target,2,33.37,target,side is ambiguous,,,no
sub-055,ses-4,run-01,P0,72.04,target,2,33.37,target,side is ambiguous,,,no
sub-055,ses-4,run-02,P0,72.27,target,2,33.37,target,side is ambiguous,,,no
sub-056,ses-1,run-01,P0,74.28,target,2,121.01,target,matches the side of the 'target' montage,,,no
sub-056,ses-1,run-02,P0,74.65,target,2,121.01,target,matches the side of the 'target' montage,,,no
sub-056,ses-2,run-01,P0,76.12,target,2,121.01,target,matches the side of the 'target' montage,,,no
sub-056,ses-2,run-02,P0,76.26,target,2,121.01,target,matches the side of the 'target' montage,,,no
sub-056,ses-3,run-01,P0,76.22,target,2,121.01,target,matches the side of the 'target' montage,,,no
sub-056,ses-3,run-02,P0,76.2,target,2,121.01,target,matches the side of the 'target' montage,,,no
sub-056,ses-4,run-01,P0,76.67,target,2,121.01,target,matches the side of the 'target' montage,,,no
sub-056,ses-4,run-02,P0,76.98,target,2,121.01,target,matches the side of the 'target' montage,,,no
sub-057,ses-1,run-01,P0,60.9,target,2,0.92,target,the two conditions are not separated by hemisphere; the rule does not apply,,,no
sub-057,ses-1,run-02,P0,61.85,target,2,0.92,target,the two conditions are not separated by hemisphere; the rule does not apply,,,no
sub-057,ses-2,run-01,P0,48.35,target,2,0.92,target,the two conditions are not separated by hemisphere; the rule does not apply,,,no
sub-057,ses-2,run-02,P0,48.45,target,2,0.92,target,the two conditions are not separated by hemisphere; the rule does not apply,,,no
sub-058,ses-1,run-01,P0,41.1,unknown,2,33.17,unknown,side is ambiguous,,,no
sub-058,ses-1,run-02,P0,41.45,unknown,2,33.17,unknown,side is ambiguous,,,no
sub-058,ses-2,run-01,P0,46.65,unknown,2,33.17,unknown,side is ambiguous,,,no
sub-058,ses-2,run-02,P0,47.39,unknown,2,33.17,unknown,side is ambiguous,,,no
sub-058,ses-3,run-01,P0,41.07,unknown,2,33.17,unknown,side is ambiguous,,,no
sub-058,ses-3,run-02,P0,41.41,unknown,2,33.17,unknown,side is ambiguous,,,no
sub-058,ses-4,run-01,P0,46.93,unknown,2,33.17,unknown,side is ambiguous,,,no
sub-058,ses-4,run-02,P0,47.08,unknown,2,33.17,unknown,side is ambiguous,,,no
sub-059,ses-1,run-01,P0,-61.75,control,2,106.48,control,matches the side of the 'control' montage,,,no
sub-059,ses-1,run-02,P0,-61.57,control,2,106.48,control,matches the side of the 'control' montage,,,no
sub-059,ses-2,run-01,P0,-62.15,control,2,106.48,control,matches the side of the 'control' montage,,,no
sub-059,ses-2,run-02,P0,-62.18,control,2,106.48,control,matches the side of the 'control' montage,,,no
sub-059,ses-3,run-01,P0,-61.27,control,2,106.48,control,matches the side of the 'control' montage,,,no
sub-059,ses-3,run-02,P0,-61.02,control,2,106.48,control,matches the side of the 'control' montage,,,no
sub-059,ses-4,run-01,P0,-61.06,control,2,106.48,control,matches the side of the 'control' montage,,,no
sub-059,ses-4,run-02,P0,-60.72,control,2,106.48,control,matches the side of the 'control' montage,,,no
sub-060,ses-1,run-01,P0,51.44,unknown,2,17.84,unknown,the two conditions are not separated by hemisphere; the rule does not apply,,,no
sub-060,ses-1,run-02,P0,51.43,unknown,2,17.84,unknown,the two conditions are not separated by hemisphere; the rule does not apply,,,no
sub-060,ses-2,run-01,P0,53.67,unknown,2,17.84,unknown,the two conditions are not separated by hemisphere; the rule does not apply,,,no
sub-060,ses-2,run-02,P0,54.58,unknown,2,17.84,unknown,the two conditions are not separated by hemisphere; the rule does not apply,,,no
sub-060,ses-3,run-01,P0,49.33,unknown,2,17.84,unknown,the two conditions are not separated by hemisphere; the rule does not apply,,,no
sub-060,ses-3,run-02,P0,49.41,unknown,2,17.84,unknown,the two conditions are not separated by hemisphere; the rule does not apply,,,no
sub-060,ses-4,run-01,P0,50.15,unknown,2,17.84,unknown,the two conditions are not separated by hemisphere; the rule does not apply,,,no
sub-060,ses-4,run-02,P0,50.49,unknown,2,17.84,unknown,the two conditions are not separated by hemisphere; the rule does not apply,,,no
sub-062,ses-1,run-01,P0,-67.08,target,2,25.62,target,the two conditions are not separated by hemisphere; the rule does not apply,,,no
sub-062,ses-1,run-02,P0,-67.53,target,2,25.62,target,the two conditions are not separated by hemisphere; the rule does not apply,,,no
sub-062,ses-2,run-01,P0,-67.66,target,2,25.62,target,the two conditions are not separated by hemisphere; the rule does not apply,,,no
sub-062,ses-2,run-02,P0,-67.52,target,2,25.62,target,the two conditions are not separated by hemisphere; the rule does not apply,,,no
sub-062,ses-3,run-01,P0,-64.43,target,2,25.62,target,the two conditions are not separated by hemisphere; the rule does not apply,,,no
sub-062,ses-3,run-02,P0,-64.08,target,2,25.62,target,the two conditions are not separated by hemisphere; the rule does not apply,,,no
sub-062,ses-4,run-01,P0,-68.66,target,2,25.62,target,the two conditions are not separated by hemisphere; the rule does not apply,,,no
sub-062,ses-4,run-02,P0,-68.66,target,2,25.62,target,the two conditions are not separated by hemisphere; the rule does not apply,,,no
sub-064,ses-1,run-01,P0,-62.99,target,2,103.77,target,matches the side of the 'target' montage,,,no
sub-064,ses-1,run-02,P0,-62.66,target,2,103.77,target,matches the side of the 'target' montage,,,no
sub-064,ses-2,run-01,P0,-63.54,target,2,103.77,target,matches the side of the 'target' montage,,,no
sub-064,ses-2,run-02,P0,-63.11,target,2,103.77,target,matches the side of the 'target' montage,,,no
sub-065,ses-1,run-01,P0,73.21,target,2,117.15,target,matches the side of the 'target' montage,,,no
sub-065,ses-1,run-02,P0,73.24,target,2,117.15,target,matches the side of the 'target' montage,,,no
sub-065,ses-2,run-01,P0,73.84,target,2,117.15,target,matches the side of the 'target' montage,,,no
sub-065,ses-2,run-02,P0,73.7,target,2,117.15,target,matches the side of the 'target' montage,,,no
sub-065,ses-3,run-01,P0,75.3,target,2,117.15,target,matches the side of the 'target' montage,,,no
sub-065,ses-3,run-02,P0,75.45,target,2,117.15,target,matches the side of the 'target' montage,,,no
sub-065,ses-4,run-01,P0,72.48,target,2,117.15,target,matches the side of the 'target' montage,,,no
sub-065,ses-4,run-02,P0,72.31,target,2,117.15,target,matches the side of the 'target' montage,,,no
sub-066,ses-1,run-01,P0,-64.62,target,2,109.71,target,matches the side of the 'target' montage,,,no
sub-066,ses-1,run-02,P0,-64.35,target,2,109.71,target,matches the side of the 'target' montage,,,no
sub-066,ses-2,run-01,P0,-62.92,target,2,109.71,target,matches the side of the 'target' montage,,,no
sub-066,ses-2,run-02,P0,-63.24,target,2,109.71,target,matches the side of the 'target' montage,,,no
sub-066,ses-3,run-01,P0,-59.7,target,2,109.71,target,matches the side of the 'target' montage,,,no
sub-066,ses-3,run-02,P0,-59.98,target,2,109.71,target,matches the side of the 'target' montage,,,no
sub-066,ses-4,run-01,P0,-65.27,target,2,109.71,target,matches the side of the 'target' montage,,,no
sub-066,ses-4,run-02,P0,-64.47,target,2,109.71,target,matches the side of the 'target' montage,,,no
sub-067,ses-1,run-01,P0,-61.98,target,2,103.57,target,matches the side of the 'target' montage,,,no
sub-067,ses-1,run-02,P0,-62.66,target,2,103.57,target,matches the side of the 'target' montage,,,no
sub-067,ses-2,run-01,P0,-60.83,target,2,103.57,target,matches the side of the 'target' montage,,,no
sub-067,ses-2,run-02,P0,-61.72,target,2,103.57,target,matches the side of the 'target' montage,,,no
sub-067,ses-3,run-01,P0,-63.2,target,2,103.57,target,matches the side of the 'target' montage,,,no
sub-067,ses-3,run-02,P0,-63.51,target,2,103.57,target,matches the side of the 'target' montage,,,no
sub-067,ses-4,run-01,P0,-65.0,target,2,103.57,target,matches the side of the 'target' montage,,,no
sub-067,ses-4,run-02,P0,-65.04,target,2,103.57,target,matches the side of the 'target' montage,,,no
sub-068,ses-1,run-01,P0,-65.1,target,2,106.0,target,matches the side of the 'target' montage,,,no
sub-068,ses-1,run-02,P0,-65.13,target,2,106.0,target,matches the side of the 'target' montage,,,no
sub-068,ses-2,run-01,P0,-65.95,target,2,106.0,target,matches the side of the 'target' montage,,,no
sub-068,ses-2,run-02,P0,-66.23,target,2,106.0,target,matches the side of the 'target' montage,,,no
sub-068,ses-3,run-01,P0,-64.17,target,2,106.0,target,matches the side of the 'target' montage,,,no
sub-068,ses-3,run-02,P0,-64.23,target,2,106.0,target,matches the side of the 'target' montage,,,no
sub-068,ses-4,run-01,P0,-64.49,target,2,106.0,target,matches the side of the 'target' montage,,,no
sub-068,ses-4,run-02,P0,-64.67,target,2,106.0,target,matches the side of the 'target' montage,,,no
sub-069,ses-1,run-01,P0,37.92,target,2,6.2,target,the two conditions are not separated by hemisphere; the rule does not apply,,,no
sub-069,ses-1,run-02,P0,37.73,target,2,6.2,target,the two conditions are not separated by hemisphere; the rule does not apply,,,no
sub-069,ses-2,run-01,P0,44.16,target,2,6.2,target,the two conditions are not separated by hemisphere; the rule does not apply,,,no
sub-069,ses-2,run-02,P0,43.78,target,2,6.2,target,the two conditions are not separated by hemisphere; the rule does not apply,,,no
sub-069,ses-3,run-01,P0,47.7,target,2,6.2,target,the two conditions are not separated by hemisphere; the rule does not apply,,,no
sub-069,ses-3,run-02,P0,47.23,target,2,6.2,target,the two conditions are not separated by hemisphere; the rule does not apply,,,no
sub-069,ses-4,run-01,P0,43.03,target,2,6.2,target,the two conditions are not separated by hemisphere; the rule does not apply,,,no
sub-069,ses-4,run-02,P0,42.95,target,2,6.2,target,the two conditions are not separated by hemisphere; the rule does not apply,,,no
sub-070,ses-1,run-01,P0,63.22,target,2,5.26,target,the two conditions are not separated by hemisphere; the rule does not apply,,,no
sub-070,ses-1,run-02,P0,62.96,target,2,5.26,target,the two conditions are not separated by hemisphere; the rule does not apply,,,no
sub-070,ses-2,run-01,P0,62.15,target,2,5.26,target,the two conditions are not separated by hemisphere; the rule does not apply,,,no
sub-070,ses-2,run-02,P0,61.88,target,2,5.26,target,the two conditions are not separated by hemisphere; the rule does not apply,,,no
sub-070,ses-3,run-01,P0,59.91,target,2,5.26,target,the two conditions are not separated by hemisphere; the rule does not apply,,,no
sub-070,ses-3,run-02,P0,59.07,target,2,5.26,target,the two conditions are not separated by hemisphere; the rule does not apply,,,no
sub-070,ses-4,run-01,P0,53.51,target,2,5.26,target,the two conditions are not separated by hemisphere; the rule does not apply,,,no
sub-070,ses-4,run-02,P0,52.5,target,2,5.26,target,the two conditions are not separated by hemisphere; the rule does not apply,,,no
sub-073,ses-1,run-01,P0,-63.98,target,2,107.59,target,matches the side of the 'target' montage,,,no
sub-073,ses-1,run-02,P0,-64.09,target,2,107.59,target,matches the side of the 'target' montage,,,no
sub-073,ses-2,run-01,P0,-63.71,target,2,107.59,target,matches the side of the 'target' montage,,,no
sub-073,ses-2,run-02,P0,-63.54,target,2,107.59,target,matches the side of the 'target' montage,,,no
sub-073,ses-3,run-01,P0,-63.13,target,2,107.59,target,matches the side of the 'target' montage,,,no
sub-073,ses-3,run-02,P0,-63.51,target,2,107.59,target,matches the side of the 'target' montage,,,no
sub-073,ses-4,run-01,P0,-65.27,target,2,107.59,target,matches the side of the 'target' montage,,,no
sub-073,ses-4,run-02,P0,-65.12,target,2,107.59,target,matches the side of the 'target' montage,,,no
sub-075,ses-1,run-01,P0,65.83,target,2,99.36,target,matches the side of the 'target' montage,,,no
sub-075,ses-1,run-02,P0,66.46,target,2,99.36,target,matches the side of the 'target' montage,,,no
sub-075,ses-2,run-01,P0,64.02,target,2,99.36,target,matches the side of the 'target' montage,,,no
sub-075,ses-2,run-02,P0,64.05,target,2,99.36,target,matches the side of the 'target' montage,,,no
sub-075,ses-3,run-01,P0,65.21,target,2,99.36,target,matches the side of the 'target' montage,,,no
sub-075,ses-3,run-02,P0,66.11,target,2,99.36,target,matches the side of the 'target' montage,,,no
sub-075,ses-4,run-01,P0,65.03,target,2,99.36,target,matches the side of the 'target' montage,,,no
sub-075,ses-4,run-02,P0,64.64,target,2,99.36,target,matches the side of the 'target' montage,,,no
sub-076,ses-1,run-01,P0,62.19,target,2,103.8,target,matches the side of the 'target' montage,,,no
sub-076,ses-1,run-02,P0,62.46,target,2,103.8,target,matches the side of the 'target' montage,,,no
sub-076,ses-2,run-01,P0,62.37,target,2,103.8,target,matches the side of the 'target' montage,,,no
sub-076,ses-2,run-02,P0,62.32,target,2,103.8,target,matches the side of the 'target' montage,,,no
sub-076,ses-3,run-01,P0,63.25,target,2,103.8,target,matches the side of the 'target' montage,,,no
sub-076,ses-3,run-02,P0,62.89,target,2,103.8,target,matches the side of the 'target' montage,,,no
sub-076,ses-4,run-01,P0,62.3,target,2,103.8,target,matches the side of the 'target' montage,,,no
sub-076,ses-4,run-02,P0,62.43,target,2,103.8,target,matches the side of the 'target' montage,,,no
sub-077,ses-1,run-01,P0,-61.15,target,2,107.21,target,matches the side of the 'target' montage,,,no
sub-077,ses-1,run-02,P0,-61.53,target,2,107.21,target,matches the side of the 'target' montage,,,no
sub-077,ses-2,run-01,P0,-60.67,target,2,107.21,target,matches the side of the 'target' montage,,,no
sub-077,ses-2,run-02,P0,-61.36,target,2,107.21,target,matches the side of the 'target' montage,,,no
sub-077,ses-3,run-01,P0,-61.44,target,2,107.21,target,matches the side of the 'target' montage,,,no
sub-077,ses-3,run-02,P0,-61.8,target,2,107.21,target,matches the side of the 'target' montage,,,no
sub-077,ses-4,run-01,P0,-62.93,target,2,107.21,target,matches the side of the 'target' montage,,,no
sub-077,ses-4,run-02,P0,-62.58,target,2,107.21,target,matches the side of the 'target' montage,,,no
sub-078,ses-1,run-01,P0,54.06,target,2,1.29,target,the two conditions are not separated by hemisphere; the rule does not apply,,,no
sub-078,ses-1,run-02,P0,53.79,target,2,1.29,target,the two conditions are not separated by hemisphere; the rule does not apply,,,no
sub-078,ses-2,run-01,P0,48.65,target,2,1.29,target,the two conditions are not separated by hemisphere; the rule does not apply,,,no
sub-078,ses-2,run-02,P0,47.99,target,2,1.29,target,the two conditions are not separated by hemisphere; the rule does not apply,,,no
sub-078,ses-3,run-01,P0,44.08,target,2,1.29,target,the two conditions are not separated by hemisphere; the rule does not apply,,,no
sub-078,ses-3,run-02,P0,44.63,target,2,1.29,target,the two conditions are not separated by hemisphere; the rule does not apply,,,no
sub-078,ses-4,run-01,P0,41.68,target,2,1.29,target,the two conditions are not separated by hemisphere; the rule does not apply,,,no
sub-078,ses-4,run-02,P0,40.53,target,2,1.29,target,the two conditions are not separated by hemisphere; the rule does not apply,,,no
sub-079,ses-1,run-01,P0,47.89,target,2,3.57,target,the two conditions are not separated by hemisphere; the rule does not apply,,,no
sub-079,ses-1,run-02,P0,47.88,target,2,3.57,target,the two conditions are not separated by hemisphere; the rule does not apply,,,no
sub-079,ses-2,run-01,P0,52.06,target,2,3.57,target,the two conditions are not separated by hemisphere; the rule does not apply,,,no
sub-079,ses-2,run-02,P0,51.55,target,2,3.57,target,the two conditions are not separated by hemisphere; the rule does not apply,,,no
sub-079,ses-3,run-01,P0,55.09,target,2,3.57,target,the two conditions are not separated by hemisphere; the rule does not apply,,,no
sub-079,ses-3,run-02,P0,54.38,target,2,3.57,target,the two conditions are not separated by hemisphere; the rule does not apply,,,no
sub-079,ses-4,run-01,P0,52.44,target,2,3.57,target,the two conditions are not separated by hemisphere; the rule does not apply,,,no
sub-079,ses-4,run-02,P0,51.78,target,2,3.57,target,the two conditions are not separated by hemisphere; the rule does not apply,,,no
sub-080,ses-1,run-01,P0,63.79,target,2,1.31,target,the two conditions are not separated by hemisphere; the rule does not apply,,,no
sub-080,ses-1,run-02,P0,63.04,target,2,1.31,target,the two conditions are not separated by hemisphere; the rule does not apply,,,no
sub-080,ses-2,run-01,P0,63.03,target,2,1.31,target,the two conditions are not separated by hemisphere; the rule does not apply,,,no
sub-080,ses-2,run-02,P0,61.8,target,2,1.31,target,the two conditions are not separated by hemisphere; the rule does not apply,,,no
sub-080,ses-3,run-01,P0,64.75,target,2,1.31,target,the two conditions are not separated by hemisphere; the rule does not apply,,,no
sub-080,ses-3,run-02,P0,64.7,target,2,1.31,target,the two conditions are not separated by hemisphere; the rule does not apply,,,no
sub-080,ses-4,run-01,P0,62.54,target,2,1.31,target,the two conditions are not separated by hemisphere; the rule does not apply,,,no
sub-080,ses-4,run-02,P0,62.11,target,2,1.31,target,the two conditions are not separated by hemisphere; the rule does not apply,,,no
sub-081,ses-1,run-01,P0,42.16,target,2,7.07,target,the two conditions are not separated by hemisphere; the rule does not apply,,,no
sub-081,ses-1,run-02,P0,41.42,target,2,7.07,target,the two conditions are not separated by hemisphere; the rule does not apply,,,no
sub-081,ses-2,run-01,P0,44.63,target,2,7.07,target,the two conditions are not separated by hemisphere; the rule does not apply,,,no
sub-081,ses-2,run-02,P0,43.94,target,2,7.07,target,the two conditions are not separated by hemisphere; the rule does not apply,,,no
sub-081,ses-3,run-01,P0,40.98,target,2,7.07,target,the two conditions are not separated by hemisphere; the rule does not apply,,,no
sub-081,ses-3,run-02,P0,40.71,target,2,7.07,target,the two conditions are not separated by hemisphere; the rule does not apply,,,no
sub-081,ses-4,run-01,P0,32.69,target,2,7.07,target,the two conditions are not separated by hemisphere; the rule does not apply,,,no
sub-081,ses-4,run-02,P0,32.32,target,2,7.07,target,the two conditions are not separated by hemisphere; the rule does not apply,,,no
sub-082,ses-1,run-01,P0,58.63,target,2,4.95,target,the two conditions are not separated by hemisphere; the rule does not apply,,,no
sub-082,ses-1,run-02,P0,57.21,target,2,4.95,target,the two conditions are not separated by hemisphere; the rule does not apply,,,no
sub-082,ses-2,run-01,P0,57.07,target,2,4.95,target,the two conditions are not separated by hemisphere; the rule does not apply,,,no
sub-082,ses-2,run-02,P0,56.94,target,2,4.95,target,the two conditions are not separated by hemisphere; the rule does not apply,,,no
sub-083,ses-1,run-01,P0,55.5,target,2,0.25,target,the two conditions are not separated by hemisphere; the rule does not apply,,,no
sub-083,ses-1,run-02,P0,54.28,target,2,0.25,target,the two conditions are not separated by hemisphere; the rule does not apply,,,no
sub-083,ses-2,run-01,P0,49.23,target,2,0.25,target,the two conditions are not separated by hemisphere; the rule does not apply,,,no
sub-083,ses-2,run-02,P0,48.67,target,2,0.25,target,the two conditions are not separated by hemisphere; the rule does not apply,,,no
sub-083,ses-3,run-01,P0,55.88,target,2,0.25,target,the two conditions are not separated by hemisphere; the rule does not apply,,,no
sub-083,ses-3,run-02,P0,55.67,target,2,0.25,target,the two conditions are not separated by hemisphere; the rule does not apply,,,no
sub-083,ses-4,run-01,P0,57.2,target,2,0.25,target,the two conditions are not separated by hemisphere; the rule does not apply,,,no
sub-083,ses-4,run-02,P0,55.93,target,2,0.25,target,the two conditions are not separated by hemisphere; the rule does not apply,,,no
sub-084,ses-1,run-01,P0,48.74,target,2,0.2,target,the two conditions are not separated by hemisphere; the rule does not apply,,,no
sub-084,ses-1,run-02,P0,48.38,target,2,0.2,target,the two conditions are not separated by hemisphere; the rule does not apply,,,no
sub-085,ses-1,run-01,P0,45.91,target,2,0.14,target,the two conditions are not separated by hemisphere; the rule does not apply,,,no
sub-085,ses-1,run-02,P0,45.44,target,2,0.14,target,the two conditions are not separated by hemisphere; the rule does not apply,,,no
sub-085,ses-2,run-01,P0,44.85,target,2,0.14,target,the two conditions are not separated by hemisphere; the rule does not apply,,,no
sub-085,ses-2,run-02,P0,44.68,target,2,0.14,target,the two conditions are not separated by hemisphere; the rule does not apply,,,no
sub-085,ses-3,run-01,P0,46.69,target,2,0.14,target,the two conditions are not separated by hemisphere; the rule does not apply,,,no
sub-085,ses-3,run-02,P0,46.24,target,2,0.14,target,the two conditions are not separated by hemisphere; the rule does not apply,,,no
sub-085,ses-4,run-01,P0,48.2,target,2,0.14,target,the two conditions are not separated by hemisphere; the rule does not apply,,,no
sub-085,ses-4,run-02,P0,47.71,target,2,0.14,target,the two conditions are not separated by hemisphere; the rule does not apply,,,no
sub-086,ses-1,run-01,P0,50.58,target,2,0.12,target,the two conditions are not separated by hemisphere; the rule does not apply,,,no
sub-086,ses-1,run-02,P0,50.36,target,2,0.12,target,the two conditions are not separated by hemisphere; the rule does not apply,,,no
sub-087,ses-1,run-01,P0,54.34,target,2,2.92,target,the two conditions are not separated by hemisphere; the rule does not apply,,,no
sub-087,ses-1,run-02,P0,53.08,target,2,2.92,target,the two conditions are not separated by hemisphere; the rule does not apply,,,no
sub-087,ses-2,run-01,P0,58.59,target,2,2.92,target,the two conditions are not separated by hemisphere; the rule does not apply,,,no
sub-087,ses-2,run-02,P0,57.97,target,2,2.92,target,the two conditions are not separated by hemisphere; the rule does not apply,,,no
sub-087,ses-3,run-01,P0,60.99,target,2,2.92,target,the two conditions are not separated by hemisphere; the rule does not apply,,,no
sub-087,ses-3,run-02,P0,60.05,target,2,2.92,target,the two conditions are not separated by hemisphere; the rule does not apply,,,no
sub-087,ses-4,run-01,P0,54.53,target,2,2.92,target,the two conditions are not separated by hemisphere; the rule does not apply,,,no
sub-087,ses-4,run-02,P0,53.83,target,2,2.92,target,the two conditions are not separated by hemisphere; the rule does not apply,,,no
sub-089,ses-1,run-01,P0,-66.98,target,2,116.76,target,matches the side of the 'target' montage,,,no
sub-089,ses-1,run-02,P0,-67.17,target,2,116.76,target,matches the side of the 'target' montage,,,no
sub-089,ses-2,run-01,P0,-67.42,target,2,116.76,target,matches the side of the 'target' montage,,,no
sub-089,ses-2,run-02,P0,-66.8,target,2,116.76,target,matches the side of the 'target' montage,,,no
sub-089,ses-3,run-01,P0,-67.02,target,2,116.76,target,matches the side of the 'target' montage,,,no
sub-089,ses-3,run-02,P0,-66.12,target,2,116.76,target,matches the side of the 'target' montage,,,no
sub-089,ses-4,run-01,P0,-66.5,target,2,116.76,target,matches the side of the 'target' montage,,,no
sub-089,ses-4,run-02,P0,-65.6,target,2,116.76,target,matches the side of the 'target' montage,,,no
sub-090,ses-1,run-01,P0,-59.3,target,2,102.83,target,matches the side of the 'target' montage,,,no
sub-090,ses-1,run-02,P0,-59.44,target,2,102.83,target,matches the side of the 'target' montage,,,no
sub-090,ses-2,run-01,P0,-60.82,target,2,102.83,target,matches the side of the 'target' montage,,,no
sub-090,ses-2,run-02,P0,-60.39,target,2,102.83,target,matches the side of the 'target' montage,,,no
sub-090,ses-3,run-01,P0,-53.39,target,2,102.83,target,matches the side of the 'target' montage,,,no
sub-090,ses-3,run-02,P0,-53.96,target,2,102.83,target,matches the side of the 'target' montage,,,no
sub-090,ses-4,run-01,P0,-59.1,target,2,102.83,target,matches the side of the 'target' montage,,,no
sub-090,ses-4,run-02,P0,-59.2,target,2,102.83,target,matches the side of the 'target' montage,,,no
sub-091,ses-1,run-01,P0,47.32,target,2,2.63,target,the two conditions are not separated by hemisphere; the rule does not apply,,,no
sub-091,ses-1,run-02,P0,47.37,target,2,2.63,target,the two conditions are not separated by hemisphere; the rule does not apply,,,no
sub-091,ses-2,run-01,P0,49.2,target,2,2.63,target,the two conditions are not separated by hemisphere; the rule does not apply,,,no
sub-091,ses-2,run-02,P0,49.32,target,2,2.63,target,the two conditions are not separated by hemisphere; the rule does not apply,,,no
sub-091,ses-3,run-01,P0,46.91,target,2,2.63,target,the two conditions are not separated by hemisphere; the rule does not apply,,,no
sub-091,ses-3,run-02,P0,47.41,target,2,2.63,target,the two conditions are not separated by hemisphere; the rule does not apply,,,no
sub-091,ses-4,run-01,P0,51.04,target,2,2.63,target,the two conditions are not separated by hemisphere; the rule does not apply,,,no
sub-091,ses-4,run-02,P0,50.91,target,2,2.63,target,the two conditions are not separated by hemisphere; the rule does not apply,,,no
sub-092,ses-1,run-01,P0,41.61,target,2,1.4,target,the two conditions are not separated by hemisphere; the rule does not apply,,,no
sub-092,ses-1,run-02,P0,41.27,target,2,1.4,target,the two conditions are not separated by hemisphere; the rule does not apply,,,no
sub-092,ses-2,run-01,P0,41.78,target,2,1.4,target,the two conditions are not separated by hemisphere; the rule does not apply,,,no
sub-092,ses-2,run-02,P0,41.14,target,2,1.4,target,the two conditions are not separated by hemisphere; the rule does not apply,,,no
sub-092,ses-3,run-01,P0,44.74,target,2,1.4,target,the two conditions are not separated by hemisphere; the rule does not apply,,,no
sub-092,ses-3,run-02,P0,43.75,target,2,1.4,target,the two conditions are not separated by hemisphere; the rule does not apply,,,no
sub-092,ses-4,run-01,P0,44.01,target,2,1.4,target,the two conditions are not separated by hemisphere; the rule does not apply,,,no
sub-092,ses-4,run-02,P0,43.74,target,2,1.4,target,the two conditions are not separated by hemisphere; the rule does not apply,,,no
sub-093,ses-1,run-01,P0,57.26,target,2,5.9,target,the two conditions are not separated by hemisphere; the rule does not apply,,,no
sub-093,ses-1,run-02,P0,57.29,target,2,5.9,target,the two conditions are not separated by hemisphere; the rule does not apply,,,no
sub-093,ses-2,run-01,P0,53.9,target,2,5.9,target,the two conditions are not separated by hemisphere; the rule does not apply,,,no
sub-093,ses-2,run-02,P0,53.55,target,2,5.9,target,the two conditions are not separated by hemisphere; the rule does not apply,,,no
sub-093,ses-3,run-01,P0,54.3,target,2,5.9,target,the two conditions are not separated by hemisphere; the rule does not apply,,,no
sub-093,ses-3,run-02,P0,53.54,target,2,5.9,target,the two conditions are not separated by hemisphere; the rule does not apply,,,no
sub-093,ses-4,run-01,P0,56.02,target,2,5.9,target,the two conditions are not separated by hemisphere; the rule does not apply,,,no
sub-093,ses-4,run-02,P0,56.01,target,2,5.9,target,the two conditions are not separated by hemisphere; the rule does not apply,,,no
sub-094,ses-1,run-01,P0,49.07,target,2,0.08,target,the two conditions are not separated by hemisphere; the rule does not apply,,,no
sub-094,ses-1,run-02,P0,49.13,target,2,0.08,target,the two conditions are not separated by hemisphere; the rule does not apply,,,no
sub-094,ses-2,run-01,P0,43.04,target,2,0.08,target,the two conditions are not separated by hemisphere; the rule does not apply,,,no
sub-094,ses-2,run-02,P0,42.64,target,2,0.08,target,the two conditions are not separated by hemisphere; the rule does not apply,,,no
sub-094,ses-3,run-01,P0,49.15,target,2,0.08,target,the two conditions are not separated by hemisphere; the rule does not apply,,,no
sub-094,ses-3,run-02,P0,49.02,target,2,0.08,target,the two conditions are not separated by hemisphere; the rule does not apply,,,no
sub-094,ses-4,run-01,P0,41.34,target,2,0.08,target,the two conditions are not separated by hemisphere; the rule does not apply,,,no
sub-094,ses-4,run-02,P0,40.8,target,2,0.08,target,the two conditions are not separated by hemisphere; the rule does not apply,,,no
sub-095,ses-1,run-01,P0,52.73,target,2,0.98,target,the two conditions are not separated by hemisphere; the rule does not apply,,,no
sub-095,ses-1,run-02,P0,51.87,target,2,0.98,target,the two conditions are not separated by hemisphere; the rule does not apply,,,no
sub-095,ses-2,run-01,P0,51.72,target,2,0.98,target,the two conditions are not separated by hemisphere; the rule does not apply,,,no
sub-095,ses-2,run-02,P0,51.74,target,2,0.98,target,the two conditions are not separated by hemisphere; the rule does not apply,,,no
sub-095,ses-3,run-01,P0,49.91,target,2,0.98,target,the two conditions are not separated by hemisphere; the rule does not apply,,,no
sub-095,ses-3,run-02,P0,49.25,target,2,0.98,target,the two conditions are not separated by hemisphere; the rule does not apply,,,no
sub-095,ses-4,run-01,P0,50.82,target,2,0.98,target,the two conditions are not separated by hemisphere; the rule does not apply,,,no
sub-095,ses-4,run-02,P0,50.01,target,2,0.98,target,the two conditions are not separated by hemisphere; the rule does not apply,,,no
sub-096,ses-1,run-01,P0,59.53,target,2,0.5,target,the two conditions are not separated by hemisphere; the rule does not apply,,,no
sub-096,ses-1,run-02,P0,58.54,target,2,0.5,target,the two conditions are not separated by hemisphere; the rule does not apply,,,no
sub-096,ses-2,run-01,P0,55.07,target,2,0.5,target,the two conditions are not separated by hemisphere; the rule does not apply,,,no
sub-096,ses-2,run-02,P0,54.39,target,2,0.5,target,the two conditions are not separated by hemisphere; the rule does not apply,,,no
sub-096,ses-3,run-01,P0,58.13,target,2,0.5,target,the two conditions are not separated by hemisphere; the rule does not apply,,,no
sub-096,ses-3,run-02,P0,57.54,target,2,0.5,target,the two conditions are not separated by hemisphere; the rule does not apply,,,no
sub-096,ses-4,run-01,P0,55.75,target,2,0.5,target,the two conditions are not separated by hemisphere; the rule does not apply,,,no
sub-096,ses-4,run-02,P0,54.84,target,2,0.5,target,the two conditions are not separated by hemisphere; the rule does not apply,,,no
sub-097,ses-3,run-01,P0,44.08,target,2,1.24,target,the two conditions are not separated by hemisphere; the rule does not apply,,,no
sub-097,ses-3,run-02,P0,44.17,target,2,1.24,target,the two conditions are not separated by hemisphere; the rule does not apply,,,no
sub-097,ses-4,run-01,P0,44.57,target,2,1.24,target,the two conditions are not separated by hemisphere; the rule does not apply,,,no
sub-097,ses-4,run-02,P0,43.61,target,2,1.24,target,the two conditions are not separated by hemisphere; the rule does not apply,,,no
sub-098,ses-3,run-01,P0,44.49,target,2,1.37,target,the two conditions are not separated by hemisphere; the rule does not apply,,,no
sub-098,ses-3,run-02,P0,43.6,target,2,1.37,target,the two conditions are not separated by hemisphere; the rule does not apply,,,no
sub-098,ses-4,run-01,P0,53.56,target,2,1.37,target,the two conditions are not separated by hemisphere; the rule does not apply,,,no
sub-098,ses-4,run-02,P0,53.08,target,2,1.37,target,the two conditions are not separated by hemisphere; the rule does not apply,,,no
sub-099,ses-3,run-01,P0,49.33,target,2,0.06,target,the two conditions are not separated by hemisphere; the rule does not apply,,,no
sub-099,ses-3,run-02,P0,48.14,target,2,0.06,target,the two conditions are not separated by hemisphere; the rule does not apply,,,no
sub-100,ses-3,run-01,P1,54.45,target,2,2.32,target,the two conditions are not separated by hemisphere; the rule does not apply,,,no
sub-100,ses-3,run-02,P1,54.28,target,2,2.32,target,the two conditions are not separated by hemisphere; the rule does not apply,,,no
sub-100,ses-4,run-01,P1,51.14,target,2,2.32,target,the two conditions are not separated by hemisphere; the rule does not apply,,,no
sub-100,ses-4,run-02,P1,51.3,target,2,2.32,target,the two conditions are not separated by hemisphere; the rule does not apply,,,no
sub-101,ses-3,run-01,P1,49.94,target,2,3.25,target,the two conditions are not separated by hemisphere; the rule does not apply,,,no
sub-101,ses-3,run-02,P1,50.29,target,2,3.25,target,the two conditions are not separated by hemisphere; the rule does not apply,,,no
sub-101,ses-4,run-01,P1,47.78,target,2,3.25,target,the two conditions are not separated by hemisphere; the rule does not apply,,,no
sub-101,ses-4,run-02,P1,48.02,target,2,3.25,target,the two conditions are not separated by hemisphere; the rule does not apply,,,no
sub-103,ses-3,run-01,P1,48.23,target,2,6.03,target,the two conditions are not separated by hemisphere; the rule does not apply,,,no
sub-103,ses-3,run-02,P1,48.38,target,2,6.03,target,the two conditions are not separated by hemisphere; the rule does not apply,,,no
sub-103,ses-4,run-01,P1,49.91,target,2,6.03,target,the two conditions are not separated by hemisphere; the rule does not apply,,,no
sub-103,ses-4,run-02,P1,49.55,target,2,6.03,target,the two conditions are not separated by hemisphere; the rule does not apply,,,no
sub-105,ses-3,run-01,P1,46.86,target,2,4.02,target,the two conditions are not separated by hemisphere; the rule does not apply,,,no
sub-105,ses-3,run-02,P1,44.12,target,2,4.02,target,the two conditions are not separated by hemisphere; the rule does not apply,,,no
sub-105,ses-4,run-01,P1,50.99,target,2,4.02,target,the two conditions are not separated by hemisphere; the rule does not apply,,,no
sub-105,ses-4,run-02,P1,49.09,target,2,4.02,target,the two conditions are not separated by hemisphere; the rule does not apply,,,no
sub-106,ses-3,run-01,P1,53.35,target,2,0.31,target,the two conditions are not separated by hemisphere; the rule does not apply,,,no
sub-106,ses-3,run-02,P1,52.22,target,2,0.31,target,the two conditions are not separated by hemisphere; the rule does not apply,,,no
sub-106,ses-4,run-01,P1,45.58,target,2,0.31,target,the two conditions are not separated by hemisphere; the rule does not apply,,,no
sub-106,ses-4,run-02,P1,44.79,target,2,0.31,target,the two conditions are not separated by hemisphere; the rule does not apply,,,no
sub-107,ses-3,run-01,P1,48.91,target,2,3.26,target,the two conditions are not separated by hemisphere; the rule does not apply,,,no
sub-107,ses-3,run-02,P1,47.93,target,2,3.26,target,the two conditions are not separated by hemisphere; the rule does not apply,,,no
sub-107,ses-4,run-01,P1,55.33,target,2,3.26,target,the two conditions are not separated by hemisphere; the rule does not apply,,,no
sub-107,ses-4,run-02,P1,54.74,target,2,3.26,target,the two conditions are not separated by hemisphere; the rule does not apply,,,no
sub-109,ses-3,run-01,P1,47.7,target,2,3.83,target,the two conditions are not separated by hemisphere; the rule does not apply,,,no
sub-109,ses-3,run-02,P1,47.56,target,2,3.83,target,the two conditions are not separated by hemisphere; the rule does not apply,,,no
sub-109,ses-4,run-01,P1,50.58,target,2,3.83,target,the two conditions are not separated by hemisphere; the rule does not apply,,,no
sub-109,ses-4,run-02,P1,50.44,target,2,3.83,target,the two conditions are not separated by hemisphere; the rule does not apply,,,no
sub-1103,ses-1,run-01,P1,64.8,target,2,105.09,target,matches the side of the 'target' montage,,,no
sub-1103,ses-1,run-02,P1,64.63,target,2,105.09,target,matches the side of the 'target' montage,,,no
sub-1103,ses-2,run-01,P1,65.71,target,2,105.09,target,matches the side of the 'target' montage,,,no
sub-1103,ses-2,run-02,P1,65.64,target,2,105.09,target,matches the side of the 'target' montage,,,no
sub-1103,ses-3,run-01,P1,63.33,target,2,105.09,target,matches the side of the 'target' montage,,,no
sub-1103,ses-3,run-02,P1,62.91,target,2,105.09,target,matches the side of the 'target' montage,,,no
sub-1103,ses-4,run-01,P1,66.44,target,2,105.09,target,matches the side of the 'target' montage,,,no
sub-1103,ses-4,run-02,P1,66.25,target,2,105.09,target,matches the side of the 'target' montage,,,no
sub-1104,ses-1,run-01,P1,-47.86,control,2,115.84,control,matches the side of the 'control' montage,,,no
sub-1104,ses-1,run-02,P1,-48.12,control,2,115.84,control,matches the side of the 'control' montage,,,no
sub-1104,ses-2,run-01,P1,-50.8,control,2,115.84,control,matches the side of the 'control' montage,,,no
sub-1104,ses-2,run-02,P1,-50.93,control,2,115.84,control,matches the side of the 'control' montage,,,no
sub-1104,ses-3,run-01,P1,-50.2,control,2,115.84,control,matches the side of the 'control' montage,,,no
sub-1104,ses-3,run-02,P1,-49.55,control,2,115.84,control,matches the side of the 'control' montage,,,no
sub-1104,ses-4,run-01,P1,-47.58,control,2,115.84,control,matches the side of the 'control' montage,,,no
sub-1104,ses-4,run-02,P1,-47.88,control,2,115.84,control,matches the side of the 'control' montage,,,no
sub-1107,ses-1,run-01,P1,66.17,target,2,108.15,target,matches the side of the 'target' montage,,,no
sub-1107,ses-1,run-02,P1,66.41,target,2,108.15,target,matches the side of the 'target' montage,,,no
sub-1107,ses-2,run-01,P1,69.37,target,2,108.15,target,matches the side of the 'target' montage,,,no
sub-1107,ses-2,run-02,P1,69.49,target,2,108.15,target,matches the side of the 'target' montage,,,no
sub-1107,ses-3,run-01,P1,65.58,target,2,108.15,target,matches the side of the 'target' montage,,,no
sub-1107,ses-3,run-02,P1,65.71,target,2,108.15,target,matches the side of the 'target' montage,,,no
sub-1107,ses-4,run-01,P1,69.09,target,2,108.15,target,matches the side of the 'target' montage,,,no
sub-1107,ses-4,run-02,P1,69.18,target,2,108.15,target,matches the side of the 'target' montage,,,no
sub-1109,ses-1,run-01,P1,-41.22,control,2,106.28,control,matches the side of the 'control' montage,,,no
sub-1109,ses-1,run-02,P1,-41.43,control,2,106.28,control,matches the side of the 'control' montage,,,no
sub-1109,ses-2,run-01,P1,-46.67,control,2,106.28,control,matches the side of the 'control' montage,,,no
sub-1109,ses-2,run-02,P1,-46.55,control,2,106.28,control,matches the side of the 'control' montage,,,no
sub-1109,ses-3,run-01,P1,-44.03,control,2,106.28,control,matches the side of the 'control' montage,,,no
sub-1109,ses-3,run-02,P1,-43.77,control,2,106.28,control,matches the side of the 'control' montage,,,no
sub-1109,ses-4,run-01,P1,-43.61,control,2,106.28,control,matches the side of the 'control' montage,,,no
sub-1109,ses-4,run-02,P1,-43.55,control,2,106.28,control,matches the side of the 'control' montage,,,no
sub-1111,ses-1,run-01,P1,66.46,target,2,108.82,target,matches the side of the 'target' montage,,,no
sub-1111,ses-1,run-02,P1,66.92,target,2,108.82,target,matches the side of the 'target' montage,,,no
sub-1111,ses-2,run-01,P1,68.47,target,2,108.82,target,matches the side of the 'target' montage,,,no
sub-1111,ses-2,run-02,P1,69.01,target,2,108.82,target,matches the side of the 'target' montage,,,no
sub-1111,ses-3,run-01,P1,68.1,target,2,108.82,target,matches the side of the 'target' montage,,,no
sub-1111,ses-3,run-02,P1,68.43,target,2,108.82,target,matches the side of the 'target' montage,,,no
sub-1111,ses-4,run-01,P1,69.76,target,2,108.82,target,matches the side of the 'target' montage,,,no
sub-1111,ses-4,run-02,P1,70.42,target,2,108.82,target,matches the side of the 'target' montage,,,no
sub-1112,ses-1,run-01,P1,67.88,target,2,110.94,target,matches the side of the 'target' montage,,,no
sub-1112,ses-1,run-02,P1,67.66,target,2,110.94,target,matches the side of the 'target' montage,,,no
sub-1112,ses-2,run-01,P1,68.94,target,2,110.94,target,matches the side of the 'target' montage,,,no
sub-1112,ses-2,run-02,P1,68.65,target,2,110.94,target,matches the side of the 'target' montage,,,no
sub-1112,ses-3,run-01,P1,66.86,target,2,110.94,target,matches the side of the 'target' montage,,,no
sub-1112,ses-3,run-02,P1,67.15,target,2,110.94,target,matches the side of the 'target' montage,,,no
sub-1112,ses-4,run-01,P1,68.81,target,2,110.94,target,matches the side of the 'target' montage,,,no
sub-1112,ses-4,run-02,P1,68.38,target,2,110.94,target,matches the side of the 'target' montage,,,no
sub-1113,ses-1,run-01,P1,70.72,target,2,110.89,target,matches the side of the 'target' montage,,,no
sub-1113,ses-1,run-02,P1,70.51,target,2,110.89,target,matches the side of the 'target' montage,,,no
sub-1113,ses-2,run-01,P1,71.56,target,2,110.89,target,matches the side of the 'target' montage,,,no
sub-1113,ses-2,run-02,P1,71.45,target,2,110.89,target,matches the side of the 'target' montage,,,no
sub-1113,ses-3,run-01,P1,71.09,target,2,110.89,target,matches the side of the 'target' montage,,,no
sub-1113,ses-3,run-02,P1,71.52,target,2,110.89,target,matches the side of the 'target' montage,,,no
sub-1115,ses-1,run-01,P1,-45.73,control,2,118.81,control,matches the side of the 'control' montage,,,no
sub-1115,ses-1,run-02,P1,-45.29,control,2,118.81,control,matches the side of the 'control' montage,,,no
sub-1115,ses-2,run-01,P1,-48.99,control,2,118.81,control,matches the side of the 'control' montage,,,no
sub-1115,ses-2,run-02,P1,-48.27,control,2,118.81,control,matches the side of the 'control' montage,,,no
sub-1115,ses-3,run-01,P1,-47.14,control,2,118.81,control,matches the side of the 'control' montage,,,no
sub-1115,ses-3,run-02,P1,-45.47,control,2,118.81,control,matches the side of the 'control' montage,,,no
sub-1115,ses-4,run-01,P1,-49.77,control,2,118.81,control,matches the side of the 'control' montage,,,no
sub-1115,ses-4,run-02,P1,-49.95,control,2,118.81,control,matches the side of the 'control' montage,,,no
sub-1116,ses-1,run-01,P1,-36.49,control,2,103.29,control,matches the side of the 'control' montage,,,no
sub-1116,ses-1,run-02,P1,-36.42,control,2,103.29,control,matches the side of the 'control' montage,,,no
sub-1116,ses-2,run-01,P1,-45.13,control,2,103.29,control,matches the side of the 'control' montage,,,no
sub-1116,ses-2,run-02,P1,-44.73,control,2,103.29,control,matches the side of the 'control' montage,,,no
sub-1116,ses-4,run-01,P1,-47.46,control,2,103.29,control,matches the side of the 'control' montage,,,no
sub-1116,ses-4,run-02,P1,-47.08,control,2,103.29,control,matches the side of the 'control' montage,,,no
sub-1117,ses-1,run-01,P1,-38.01,control,2,101.33,control,matches the side of the 'control' montage,,,no
sub-1117,ses-1,run-02,P1,-38.66,control,2,101.33,control,matches the side of the 'control' montage,,,no
sub-1117,ses-2,run-01,P1,-37.74,control,2,101.33,control,matches the side of the 'control' montage,,,no
sub-1117,ses-2,run-02,P1,-37.66,control,2,101.33,control,matches the side of the 'control' montage,,,no
sub-1117,ses-3,run-01,P1,-40.54,control,2,101.33,control,matches the side of the 'control' montage,,,no
sub-1117,ses-3,run-02,P1,-40.66,control,2,101.33,control,matches the side of the 'control' montage,,,no
sub-1117,ses-4,run-01,P1,-40.54,control,2,101.33,control,matches the side of the 'control' montage,,,no
sub-1117,ses-4,run-02,P1,-40.66,control,2,101.33,control,matches the side of the 'control' montage,,,no
sub-1121,ses-1,run-01,P1,-50.35,control,2,111.17,control,matches the side of the 'control' montage,,,no
sub-1121,ses-1,run-02,P1,-50.33,control,2,111.17,control,matches the side of the 'control' montage,,,no
sub-1121,ses-2,run-01,P1,-45.64,control,2,111.17,control,matches the side of the 'control' montage,,,no
sub-1121,ses-2,run-02,P1,-46.17,control,2,111.17,control,matches the side of the 'control' montage,,,no
sub-1121,ses-3,run-01,P1,-45.6,control,2,111.17,control,matches the side of the 'control' montage,,,no
sub-1121,ses-3,run-02,P1,-49.84,control,2,111.17,control,matches the side of the 'control' montage,,,no
sub-1121,ses-4,run-01,P1,-48.0,control,2,111.17,control,matches the side of the 'control' montage,,,no
sub-1121,ses-4,run-02,P1,-48.99,control,2,111.17,control,matches the side of the 'control' montage,,,no
sub-1124,ses-1,run-01,P1,70.04,target,2,107.67,target,matches the side of the 'target' montage,,,no
sub-1124,ses-1,run-02,P1,70.24,target,2,107.67,target,matches the side of the 'target' montage,,,no
sub-1124,ses-2,run-01,P1,70.14,target,2,107.67,target,matches the side of the 'target' montage,,,no
sub-1124,ses-2,run-02,P1,70.82,target,2,107.67,target,matches the side of the 'target' montage,,,no
sub-1124,ses-3,run-01,P1,69.71,target,2,107.67,target,matches the side of the 'target' montage,,,no
sub-1124,ses-3,run-02,P1,69.86,target,2,107.67,target,matches the side of the 'target' montage,,,no
sub-1124,ses-4,run-01,P1,71.72,target,2,107.67,target,matches the side of the 'target' montage,,,no
sub-1124,ses-4,run-02,P1,71.59,target,2,107.67,target,matches the side of the 'target' montage,,,no
sub-1125,ses-1,run-01,P1,-45.3,control,2,109.31,control,matches the side of the 'control' montage,,,no
sub-1125,ses-1,run-02,P1,-44.69,control,2,109.31,control,matches the side of the 'control' montage,,,no
sub-1125,ses-2,run-01,P1,-46.48,control,2,109.31,control,matches the side of the 'control' montage,,,no
sub-1125,ses-2,run-02,P1,-46.54,control,2,109.31,control,matches the side of the 'control' montage,,,no
sub-1125,ses-3,run-01,P1,-38.7,control,2,109.31,control,matches the side of the 'control' montage,,,no
sub-1125,ses-3,run-02,P1,-38.5,control,2,109.31,control,matches the side of the 'control' montage,,,no
sub-1125,ses-4,run-01,P1,-44.07,control,2,109.31,control,matches the side of the 'control' montage,,,no
sub-1125,ses-4,run-02,P1,-43.46,control,2,109.31,control,matches the side of the 'control' montage,,,no
sub-1126,ses-1,run-01,P1,-51.15,control,2,109.24,control,matches the side of the 'control' montage,,,no
sub-1126,ses-1,run-02,P1,-50.52,control,2,109.24,control,matches the side of the 'control' montage,,,no
sub-1126,ses-2,run-01,P1,-55.64,control,2,109.24,control,matches the side of the 'control' montage,,,no
sub-1126,ses-2,run-02,P1,-54.91,control,2,109.24,control,matches the side of the 'control' montage,,,no
sub-1126,ses-3,run-01,P1,-53.0,control,2,109.24,control,matches the side of the 'control' montage,,,no
sub-1126,ses-3,run-02,P1,-52.14,control,2,109.24,control,matches the side of the 'control' montage,,,no
sub-1126,ses-4,run-01,P1,-52.03,control,2,109.24,control,matches the side of the 'control' montage,,,no
sub-1126,ses-4,run-02,P1,-51.45,control,2,109.24,control,matches the side of the 'control' montage,,,no
sub-1127,ses-1,run-01,P1,70.73,target,2,116.0,target,matches the side of the 'target' montage,,,no
sub-1127,ses-1,run-02,P1,70.69,target,2,116.0,target,matches the side of the 'target' montage,,,no
sub-1127,ses-2,run-01,P1,71.77,target,2,116.0,target,matches the side of the 'target' montage,,,no
sub-1127,ses-2,run-02,P1,71.63,target,2,116.0,target,matches the side of the 'target' montage,,,no
sub-1127,ses-3,run-01,P1,72.36,target,2,116.0,target,matches the side of the 'target' montage,,,no
sub-1127,ses-3,run-02,P1,70.3,target,2,116.0,target,matches the side of the 'target' montage,,,no
sub-1127,ses-4,run-01,P1,74.64,target,2,116.0,target,matches the side of the 'target' montage,,,no
sub-1127,ses-4,run-02,P1,73.99,target,2,116.0,target,matches the side of the 'target' montage,,,no
sub-1128,ses-1,run-01,P1,-49.17,control,2,114.83,control,matches the side of the 'control' montage,,,no
sub-1128,ses-1,run-02,P1,-49.22,control,2,114.83,control,matches the side of the 'control' montage,,,no
sub-1128,ses-2,run-01,P1,-45.99,control,2,114.83,control,matches the side of the 'control' montage,,,no
sub-1128,ses-2,run-02,P1,-45.92,control,2,114.83,control,matches the side of the 'control' montage,,,no
sub-1128,ses-3,run-01,P1,-46.44,control,2,114.83,control,matches the side of the 'control' montage,,,no
sub-1128,ses-3,run-02,P1,-45.53,control,2,114.83,control,matches the side of the 'control' montage,,,no
sub-1128,ses-4,run-01,P1,-51.19,control,2,114.83,control,matches the side of the 'control' montage,,,no
sub-1128,ses-4,run-02,P1,-50.62,control,2,114.83,control,matches the side of the 'control' montage,,,no
sub-1129,ses-1,run-01,P1,66.32,target,2,106.34,target,matches the side of the 'target' montage,,,no
sub-1129,ses-1,run-02,P1,66.55,target,2,106.34,target,matches the side of the 'target' montage,,,no
sub-1129,ses-2,run-01,P1,65.94,target,2,106.34,target,matches the side of the 'target' montage,,,no
sub-1129,ses-2,run-02,P1,66.08,target,2,106.34,target,matches the side of the 'target' montage,,,no
sub-1129,ses-3,run-01,P1,62.43,target,2,106.34,target,matches the side of the 'target' montage,,,no
sub-1129,ses-3,run-02,P1,62.3,target,2,106.34,target,matches the side of the 'target' montage,,,no
sub-1129,ses-4,run-01,P1,63.69,target,2,106.34,target,matches the side of the 'target' montage,,,no
sub-1129,ses-4,run-02,P1,63.54,target,2,106.34,target,matches the side of the 'target' montage,,,no
sub-1130,ses-1,run-01,P1,-52.58,control,2,122.5,control,matches the side of the 'control' montage,,,no
sub-1130,ses-1,run-02,P1,-52.73,control,2,122.5,control,matches the side of the 'control' montage,,,no
sub-1130,ses-2,run-01,P1,-53.62,control,2,122.5,control,matches the side of the 'control' montage,,,no
sub-1130,ses-2,run-02,P1,-53.01,control,2,122.5,control,matches the side of the 'control' montage,,,no
sub-1130,ses-3,run-01,P1,-47.88,control,2,122.5,control,matches the side of the 'control' montage,,,no
sub-1130,ses-3,run-02,P1,-48.16,control,2,122.5,control,matches the side of the 'control' montage,,,no
sub-1130,ses-4,run-01,P1,-51.04,control,2,122.5,control,matches the side of the 'control' montage,,,no
sub-1130,ses-4,run-02,P1,-51.11,control,2,122.5,control,matches the side of the 'control' montage,,,no
sub-1131,ses-1,run-01,P1,63.38,target,2,105.77,target,matches the side of the 'target' montage,,,no
sub-1131,ses-1,run-02,P1,63.52,target,2,105.77,target,matches the side of the 'target' montage,,,no
sub-1131,ses-2,run-01,P1,64.4,target,2,105.77,target,matches the side of the 'target' montage,,,no
sub-1131,ses-2,run-02,P1,64.73,target,2,105.77,target,matches the side of the 'target' montage,,,no
sub-1131,ses-3,run-01,P1,67.97,target,2,105.77,target,matches the side of the 'target' montage,,,no
sub-1131,ses-3,run-02,P1,68.48,target,2,105.77,target,matches the side of the 'target' montage,,,no
sub-1131,ses-4,run-01,P1,67.95,target,2,105.77,target,matches the side of the 'target' montage,,,no
sub-1131,ses-4,run-02,P1,68.28,target,2,105.77,target,matches the side of the 'target' montage,,,no
sub-1133,ses-1,run-01,P1,66.42,target,2,110.6,target,matches the side of the 'target' montage,,,no
sub-1133,ses-1,run-02,P1,66.48,target,2,110.6,target,matches the side of the 'target' montage,,,no
sub-1133,ses-2,run-01,P1,67.83,target,2,110.6,target,matches the side of the 'target' montage,,,no
sub-1133,ses-2,run-02,P1,67.77,target,2,110.6,target,matches the side of the 'target' montage,,,no
sub-1133,ses-3,run-01,P1,66.39,target,2,110.6,target,matches the side of the 'target' montage,,,no
sub-1133,ses-3,run-02,P1,66.09,target,2,110.6,target,matches the side of the 'target' montage,,,no
sub-1133,ses-4,run-01,P1,66.51,target,2,110.6,target,matches the side of the 'target' montage,,,no
sub-1133,ses-4,run-02,P1,66.93,target,2,110.6,target,matches the side of the 'target' montage,,,no
sub-1134,ses-1,run-01,P1,-46.55,control,2,101.78,control,matches the side of the 'control' montage,,,no
sub-1134,ses-1,run-02,P1,-45.78,control,2,101.78,control,matches the side of the 'control' montage,,,no
sub-1134,ses-2,run-01,P1,-42.28,control,2,101.78,control,matches the side of the 'control' montage,,,no
sub-1134,ses-2,run-02,P1,-40.4,control,2,101.78,control,matches the side of the 'control' montage,,,no
sub-1134,ses-3,run-01,P1,-46.75,control,2,101.78,control,matches the side of the 'control' montage,,,no
sub-1134,ses-3,run-02,P1,-46.6,control,2,101.78,control,matches the side of the 'control' montage,,,no
sub-1134,ses-4,run-01,P1,-42.42,control,2,101.78,control,matches the side of the 'control' montage,,,no
sub-1134,ses-4,run-02,P1,-41.61,control,2,101.78,control,matches the side of the 'control' montage,,,no
sub-1136,ses-2,run-01,P1,-41.88,control,2,106.89,control,matches the side of the 'control' montage,,,no
sub-1136,ses-2,run-02,P1,-41.76,control,2,106.89,control,matches the side of the 'control' montage,,,no
sub-1136,ses-3,run-01,P1,-43.75,control,2,106.89,control,matches the side of the 'control' montage,,,no
sub-1136,ses-3,run-02,P1,-44.36,control,2,106.89,control,matches the side of the 'control' montage,,,no
sub-1136,ses-4,run-01,P1,-46.46,control,2,106.89,control,matches the side of the 'control' montage,,,no
sub-1136,ses-4,run-02,P1,-46.82,control,2,106.89,control,matches the side of the 'control' montage,,,no
sub-1137,ses-1,run-01,P1,-51.3,control,2,117.16,control,matches the side of the 'control' montage,,,no
sub-1137,ses-1,run-02,P1,-51.02,control,2,117.16,control,matches the side of the 'control' montage,,,no
sub-1137,ses-2,run-01,P1,-53.56,control,2,117.16,control,matches the side of the 'control' montage,,,no
sub-1137,ses-2,run-02,P1,-53.04,control,2,117.16,control,matches the side of the 'control' montage,,,no
sub-1137,ses-3,run-01,P1,-53.05,control,2,117.16,control,matches the side of the 'control' montage,,,no
sub-1137,ses-3,run-02,P1,-52.68,control,2,117.16,control,matches the side of the 'control' montage,,,no
sub-1137,ses-4,run-01,P1,-49.34,control,2,117.16,control,matches the side of the 'control' montage,,,no
sub-1137,ses-4,run-02,P1,-48.97,control,2,117.16,control,matches the side of the 'control' montage,,,no
sub-1138,ses-1,run-01,P1,-49.0,control,2,111.63,control,matches the side of the 'control' montage,,,no
sub-1138,ses-1,run-02,P1,-48.83,control,2,111.63,control,matches the side of the 'control' montage,,,no
sub-1138,ses-2,run-01,P1,-49.38,control,2,111.63,control,matches the side of the 'control' montage,,,no
sub-1138,ses-2,run-02,P1,-48.96,control,2,111.63,control,matches the side of the 'control' montage,,,no
sub-1138,ses-3,run-01,P1,-56.66,control,2,111.63,control,matches the side of the 'control' montage,,,no
sub-1138,ses-3,run-02,P1,-56.4,control,2,111.63,control,matches the side of the 'control' montage,,,no
sub-1138,ses-4,run-01,P1,-51.15,control,2,111.63,control,matches the side of the 'control' montage,,,no
sub-1138,ses-4,run-02,P1,-50.78,control,2,111.63,control,matches the side of the 'control' montage,,,no
sub-1140,ses-1,run-01,P1,69.04,target,2,110.51,target,matches the side of the 'target' montage,,,no
sub-1140,ses-1,run-02,P1,69.19,target,2,110.51,target,matches the side of the 'target' montage,,,no
sub-1140,ses-2,run-01,P1,69.95,target,2,110.51,target,matches the side of the 'target' montage,,,no
sub-1140,ses-2,run-02,P1,69.91,target,2,110.51,target,matches the side of the 'target' montage,,,no
sub-1140,ses-3,run-01,P1,70.46,target,2,110.51,target,matches the side of the 'target' montage,,,no
sub-1140,ses-3,run-02,P1,70.76,target,2,110.51,target,matches the side of the 'target' montage,,,no
sub-1140,ses-4,run-01,P1,70.88,target,2,110.51,target,matches the side of the 'target' montage,,,no
sub-1140,ses-4,run-02,P1,71.07,target,2,110.51,target,matches the side of the 'target' montage,,,no
sub-1141,ses-1,run-01,P1,66.7,target,2,108.34,target,matches the side of the 'target' montage,,,no
sub-1141,ses-1,run-02,P1,65.97,target,2,108.34,target,matches the side of the 'target' montage,,,no
sub-1141,ses-2,run-01,P1,67.04,target,2,108.34,target,matches the side of the 'target' montage,,,no
sub-1141,ses-2,run-02,P1,67.2,target,2,108.34,target,matches the side of the 'target' montage,,,no
sub-1141,ses-3,run-01,P1,67.83,target,2,108.34,target,matches the side of the 'target' montage,,,no
sub-1141,ses-3,run-02,P1,67.91,target,2,108.34,target,matches the side of the 'target' montage,,,no
sub-1141,ses-4,run-01,P1,65.08,target,2,108.34,target,matches the side of the 'target' montage,,,no
sub-1141,ses-4,run-02,P1,65.26,target,2,108.34,target,matches the side of the 'target' montage,,,no
sub-1143,ses-1,run-01,P1,-50.99,control,2,117.81,control,matches the side of the 'control' montage,,,no
sub-1143,ses-1,run-02,P1,-50.39,control,2,117.81,control,matches the side of the 'control' montage,,,no
sub-1143,ses-2,run-01,P1,-45.27,control,2,117.81,control,matches the side of the 'control' montage,,,no
sub-1143,ses-2,run-02,P1,-44.88,control,2,117.81,control,matches the side of the 'control' montage,,,no
sub-1144,ses-1,run-01,P1,-48.13,control,2,123.28,control,matches the side of the 'control' montage,,,no
sub-1144,ses-1,run-02,P1,-53.29,control,2,123.28,control,matches the side of the 'control' montage,,,no
sub-1144,ses-2,run-01,P1,-54.05,control,2,123.28,control,matches the side of the 'control' montage,,,no
sub-1144,ses-2,run-02,P1,-53.02,control,2,123.28,control,matches the side of the 'control' montage,,,no
sub-1144,ses-3,run-01,P1,-52.32,control,2,123.28,control,matches the side of the 'control' montage,,,no
sub-1144,ses-3,run-02,P1,-53.44,control,2,123.28,control,matches the side of the 'control' montage,,,no
sub-1144,ses-4,run-01,P1,-53.51,control,2,123.28,control,matches the side of the 'control' montage,,,no
sub-1144,ses-4,run-02,P1,-53.81,control,2,123.28,control,matches the side of the 'control' montage,,,no
sub-1145,ses-1,run-01,P1,73.93,target,2,118.23,target,matches the side of the 'target' montage,,,no
sub-1145,ses-1,run-02,P1,74.19,target,2,118.23,target,matches the side of the 'target' montage,,,no
sub-1145,ses-2,run-01,P1,73.41,target,2,118.23,target,matches the side of the 'target' montage,,,no
sub-1145,ses-2,run-02,P1,73.73,target,2,118.23,target,matches the side of the 'target' montage,,,no
sub-1145,ses-3,run-01,P1,74.28,target,2,118.23,target,matches the side of the 'target' montage,,,no
sub-1145,ses-3,run-02,P1,74.33,target,2,118.23,target,matches the side of the 'target' montage,,,no
sub-1145,ses-4,run-01,P1,74.91,target,2,118.23,target,matches the side of the 'target' montage,,,no
sub-1145,ses-4,run-02,P1,74.74,target,2,118.23,target,matches the side of the 'target' montage,,,no
sub-1147,ses-1,run-01,P1,67.27,target,2,102.73,target,matches the side of the 'target' montage,,,no
sub-1147,ses-1,run-02,P1,67.33,target,2,102.73,target,matches the side of the 'target' montage,,,no
sub-1147,ses-2,run-01,P1,68.04,target,2,102.73,target,matches the side of the 'target' montage,,,no
sub-1147,ses-2,run-02,P1,68.04,target,2,102.73,target,matches the side of the 'target' montage,,,no
sub-1147,ses-3,run-01,P1,67.95,target,2,102.73,target,matches the side of the 'target' montage,,,no
sub-1147,ses-3,run-02,P1,68.14,target,2,102.73,target,matches the side of the 'target' montage,,,no
sub-1147,ses-4,run-01,P1,65.87,target,2,102.73,target,matches the side of the 'target' montage,,,no
sub-1147,ses-4,run-02,P1,65.68,target,2,102.73,target,matches the side of the 'target' montage,,,no
sub-1148,ses-1,run-01,P1,67.22,target,2,108.36,target,matches the side of the 'target' montage,,,no
sub-1148,ses-1,run-02,P1,66.8,target,2,108.36,target,matches the side of the 'target' montage,,,no
sub-1148,ses-2,run-01,P1,72.27,target,2,108.36,target,matches the side of the 'target' montage,,,no
sub-1148,ses-2,run-02,P1,71.75,target,2,108.36,target,matches the side of the 'target' montage,,,no
sub-1148,ses-3,run-01,P1,73.31,target,2,108.36,target,matches the side of the 'target' montage,,,no
sub-1148,ses-3,run-02,P1,72.77,target,2,108.36,target,matches the side of the 'target' montage,,,no
sub-1148,ses-4,run-01,P1,71.81,target,2,108.36,target,matches the side of the 'target' montage,,,no
sub-1148,ses-4,run-02,P1,71.67,target,2,108.36,target,matches the side of the 'target' montage,,,no
sub-1150,ses-1,run-01,P1,-48.35,control,2,112.88,control,matches the side of the 'control' montage,,,no
sub-1150,ses-1,run-02,P1,-48.07,control,2,112.88,control,matches the side of the 'control' montage,,,no
sub-1150,ses-2,run-01,P1,-47.79,control,2,112.88,control,matches the side of the 'control' montage,,,no
sub-1150,ses-2,run-02,P1,-47.56,control,2,112.88,control,matches the side of the 'control' montage,,,no
sub-1150,ses-3,run-01,P1,-46.39,control,2,112.88,control,matches the side of the 'control' montage,,,no
sub-1150,ses-3,run-02,P1,-45.45,control,2,112.88,control,matches the side of the 'control' montage,,,no
sub-1150,ses-4,run-01,P1,-42.37,control,2,112.88,control,matches the side of the 'control' montage,,,no
sub-1150,ses-4,run-02,P1,-41.63,control,2,112.88,control,matches the side of the 'control' montage,,,no
sub-1152,ses-1,run-01,P1,-55.02,control,2,111.51,control,matches the side of the 'control' montage,,,no
sub-1152,ses-1,run-02,P1,-54.21,control,2,111.51,control,matches the side of the 'control' montage,,,no
sub-1152,ses-2,run-01,P1,-49.1,control,2,111.51,control,matches the side of the 'control' montage,,,no
sub-1152,ses-2,run-02,P1,-48.71,control,2,111.51,control,matches the side of the 'control' montage,,,no
sub-1152,ses-3,run-01,P1,-54.96,control,2,111.51,control,matches the side of the 'control' montage,,,no
sub-1152,ses-3,run-02,P1,-54.45,control,2,111.51,control,matches the side of the 'control' montage,,,no
sub-1152,ses-4,run-01,P1,-51.8,control,2,111.51,control,matches the side of the 'control' montage,,,no
sub-1152,ses-4,run-02,P1,-50.74,control,2,111.51,control,matches the side of the 'control' montage,,,no
sub-1153,ses-1,run-01,P1,70.76,target,2,114.94,target,matches the side of the 'target' montage,,,no
sub-1153,ses-1,run-02,P1,70.9,target,2,114.94,target,matches the side of the 'target' montage,,,no
sub-1153,ses-2,run-01,P1,68.51,target,2,114.94,target,matches the side of the 'target' montage,,,no
sub-1153,ses-2,run-02,P1,68.9,target,2,114.94,target,matches the side of the 'target' montage,,,no
sub-1153,ses-3,run-01,P1,66.63,target,2,114.94,target,matches the side of the 'target' montage,,,no
sub-1153,ses-3,run-02,P1,66.61,target,2,114.94,target,matches the side of the 'target' montage,,,no
sub-1153,ses-4,run-01,P1,66.06,target,2,114.94,target,matches the side of the 'target' montage,,,no
sub-1153,ses-4,run-02,P1,65.98,target,2,114.94,target,matches the side of the 'target' montage,,,no
sub-1154,ses-1,run-01,P1,-55.14,control,2,113.45,control,matches the side of the 'control' montage,,,no
sub-1154,ses-1,run-02,P1,-54.9,control,2,113.45,control,matches the side of the 'control' montage,,,no
sub-1154,ses-2,run-01,P1,-50.02,control,2,113.45,control,matches the side of the 'control' montage,,,no
sub-1154,ses-2,run-02,P1,-49.72,control,2,113.45,control,matches the side of the 'control' montage,,,no
sub-1154,ses-3,run-01,P1,-52.08,control,2,113.45,control,matches the side of the 'control' montage,,,no
sub-1154,ses-3,run-02,P1,-47.73,control,2,113.45,control,matches the side of the 'control' montage,,,no
sub-1154,ses-4,run-01,P1,-53.35,control,2,113.45,control,matches the side of the 'control' montage,,,no
sub-1155,ses-1,run-01,P1,69.97,target,2,104.97,target,matches the side of the 'target' montage,,,no
sub-1155,ses-1,run-02,P1,70.27,target,2,104.97,target,matches the side of the 'target' montage,,,no
sub-1155,ses-2,run-01,P1,68.34,target,2,104.97,target,matches the side of the 'target' montage,,,no
sub-1155,ses-2,run-02,P1,68.6,target,2,104.97,target,matches the side of the 'target' montage,,,no
sub-1155,ses-3,run-01,P1,68.36,target,2,104.97,target,matches the side of the 'target' montage,,,no
sub-1155,ses-3,run-02,P1,68.16,target,2,104.97,target,matches the side of the 'target' montage,,,no
sub-1155,ses-4,run-01,P1,71.32,target,2,104.97,target,matches the side of the 'target' montage,,,no
sub-1155,ses-4,run-02,P1,71.35,target,2,104.97,target,matches the side of the 'target' montage,,,no
sub-1156,ses-1,run-01,P1,71.33,target,2,114.83,target,matches the side of the 'target' montage,,,no
sub-1156,ses-1,run-02,P1,71.64,target,2,114.83,target,matches the side of the 'target' montage,,,no
sub-1156,ses-2,run-01,P1,72.52,target,2,114.83,target,matches the side of the 'target' montage,,,no
sub-1156,ses-2,run-02,P1,72.7,target,2,114.83,target,matches the side of the 'target' montage,,,no
sub-1156,ses-3,run-01,P1,72.94,target,2,114.83,target,matches the side of the 'target' montage,,,no
sub-1156,ses-3,run-02,P1,72.3,target,2,114.83,target,matches the side of the 'target' montage,,,no
sub-1156,ses-4,run-01,P1,68.54,target,2,114.83,target,matches the side of the 'target' montage,,,no
sub-1156,ses-4,run-02,P1,68.72,target,2,114.83,target,matches the side of the 'target' montage,,,no
sub-1161,ses-1,run-01,P1,-36.7,control,2,101.61,control,matches the side of the 'control' montage,,,no
sub-1161,ses-1,run-02,P1,-36.34,control,2,101.61,control,matches the side of the 'control' montage,,,no
sub-1161,ses-2,run-01,P1,-37.43,control,2,101.61,control,matches the side of the 'control' montage,,,no
sub-1161,ses-2,run-02,P1,-37.22,control,2,101.61,control,matches the side of the 'control' montage,,,no
sub-1161,ses-3,run-01,P1,-37.96,control,2,101.61,control,matches the side of the 'control' montage,,,no
sub-1161,ses-3,run-02,P1,-37.57,control,2,101.61,control,matches the side of the 'control' montage,,,no
sub-1161,ses-4,run-01,P1,-42.34,control,2,101.61,control,matches the side of the 'control' montage,,,no
sub-1161,ses-4,run-02,P1,-41.62,control,2,101.61,control,matches the side of the 'control' montage,,,no
sub-1163,ses-1,run-01,P1,-44.45,control,2,112.55,control,matches the side of the 'control' montage,,,no
sub-1163,ses-1,run-02,P1,-43.6,control,2,112.55,control,matches the side of the 'control' montage,,,no
sub-1163,ses-2,run-01,P1,-41.01,control,2,112.55,control,matches the side of the 'control' montage,,,no
sub-1163,ses-2,run-02,P1,-41.6,control,2,112.55,control,matches the side of the 'control' montage,,,no
sub-1163,ses-4,run-01,P1,-46.35,control,2,112.55,control,matches the side of the 'control' montage,,,no
sub-1163,ses-4,run-02,P1,-46.55,control,2,112.55,control,matches the side of the 'control' montage,,,no
sub-1165,ses-1,run-01,P1,-40.4,control,2,114.82,control,matches the side of the 'control' montage,,,no
sub-1165,ses-1,run-02,P1,-39.11,control,2,114.82,control,matches the side of the 'control' montage,,,no
sub-1165,ses-2,run-01,P1,-47.04,control,2,114.82,control,matches the side of the 'control' montage,,,no
sub-1165,ses-2,run-02,P1,-47.12,control,2,114.82,control,matches the side of the 'control' montage,,,no
sub-1165,ses-3,run-01,P1,-46.76,control,2,114.82,control,matches the side of the 'control' montage,,,no
sub-1165,ses-3,run-02,P1,-45.93,control,2,114.82,control,matches the side of the 'control' montage,,,no
sub-1165,ses-4,run-01,P1,-48.27,control,2,114.82,control,matches the side of the 'control' montage,,,no
sub-1165,ses-4,run-02,P1,-47.86,control,2,114.82,control,matches the side of the 'control' montage,,,no
sub-1166,ses-1,run-01,P1,57.05,target,2,106.21,target,matches the side of the 'target' montage,,,no
sub-1166,ses-1,run-02,P1,57.61,target,2,106.21,target,matches the side of the 'target' montage,,,no
sub-1166,ses-2,run-01,P1,60.51,target,2,106.21,target,matches the side of the 'target' montage,,,no
sub-1166,ses-2,run-02,P1,60.92,target,2,106.21,target,matches the side of the 'target' montage,,,no
sub-1166,ses-3,run-01,P1,60.62,target,2,106.21,target,matches the side of the 'target' montage,,,no
sub-1166,ses-3,run-02,P1,61.22,target,2,106.21,target,matches the side of the 'target' montage,,,no
sub-1166,ses-4,run-01,P1,59.47,target,2,106.21,target,matches the side of the 'target' montage,,,no
sub-1166,ses-4,run-02,P1,60.22,target,2,106.21,target,matches the side of the 'target' montage,,,no
sub-1168,ses-1,run-01,P1,67.17,target,2,105.2,target,matches the side of the 'target' montage,,,no
sub-1168,ses-1,run-02,P1,66.13,target,2,105.2,target,matches the side of the 'target' montage,,,no
sub-1168,ses-2,run-01,P1,67.32,target,2,105.2,target,matches the side of the 'target' montage,,,no
sub-1168,ses-2,run-02,P1,67.39,target,2,105.2,target,matches the side of the 'target' montage,,,no
sub-1168,ses-3,run-01,P1,65.16,target,2,105.2,target,matches the side of the 'target' montage,,,no
sub-1168,ses-3,run-02,P1,65.97,target,2,105.2,target,matches the side of the 'target' montage,,,no
sub-1168,ses-4,run-01,P1,67.25,target,2,105.2,target,matches the side of the 'target' montage,,,no
sub-1168,ses-4,run-02,P1,66.66,target,2,105.2,target,matches the side of the 'target' montage,,,no
sub-1169,ses-1,run-01,P1,57.14,target,2,119.42,target,matches the side of the 'target' montage,,,no
sub-1169,ses-2,run-01,P1,72.09,target,2,119.42,target,matches the side of the 'target' montage,,,no
sub-1169,ses-2,run-02,P1,72.61,target,2,119.42,target,matches the side of the 'target' montage,,,no
sub-1169,ses-3,run-01,P1,73.07,target,2,119.42,target,matches the side of the 'target' montage,,,no
sub-1169,ses-3,run-02,P1,73.69,target,2,119.42,target,matches the side of the 'target' montage,,,no
sub-1169,ses-4,run-01,P1,74.16,target,2,119.42,target,matches the side of the 'target' montage,,,no
sub-1169,ses-4,run-02,P1,74.44,target,2,119.42,target,matches the side of the 'target' montage,,,no
sub-1171,ses-1,run-01,P1,-33.66,control,2,108.29,control,matches the side of the 'control' montage,,,no
sub-1171,ses-1,run-02,P1,-34.56,control,2,108.29,control,matches the side of the 'control' montage,,,no
sub-1171,ses-2,run-01,P1,-36.08,control,2,108.29,control,matches the side of the 'control' montage,,,no
sub-1171,ses-2,run-02,P1,-36.73,control,2,108.29,control,matches the side of the 'control' montage,,,no
sub-1171,ses-3,run-01,P1,-32.17,control,2,108.29,control,matches the side of the 'control' montage,,,no
sub-1171,ses-3,run-02,P1,-32.65,control,2,108.29,control,matches the side of the 'control' montage,,,no
sub-1171,ses-4,run-01,P1,-30.2,control,2,108.29,control,matches the side of the 'control' montage,,,no
sub-1171,ses-4,run-02,P1,-30.63,control,2,108.29,control,matches the side of the 'control' montage,,,no
sub-1173,ses-1,run-01,P1,76.9,target,2,117.28,target,matches the side of the 'target' montage,,,no
sub-1173,ses-1,run-02,P1,76.99,target,2,117.28,target,matches the side of the 'target' montage,,,no
sub-1173,ses-2,run-01,P1,73.2,target,2,117.28,target,matches the side of the 'target' montage,,,no
sub-1173,ses-2,run-02,P1,73.46,target,2,117.28,target,matches the side of the 'target' montage,,,no
sub-1173,ses-3,run-01,P1,77.42,target,2,117.28,target,matches the side of the 'target' montage,,,no
sub-1173,ses-3,run-02,P1,77.91,target,2,117.28,target,matches the side of the 'target' montage,,,no
sub-1173,ses-4,run-01,P1,76.16,target,2,117.28,target,matches the side of the 'target' montage,,,no
sub-1173,ses-4,run-02,P1,76.12,target,2,117.28,target,matches the side of the 'target' montage,,,no
sub-1174,ses-1,run-01,P1,72.18,target,2,108.2,target,matches the side of the 'target' montage,,,no
sub-1174,ses-1,run-02,P1,71.98,target,2,108.2,target,matches the side of the 'target' montage,,,no
sub-1174,ses-2,run-01,P1,71.14,target,2,108.2,target,matches the side of the 'target' montage,,,no
sub-1174,ses-2,run-02,P1,71.81,target,2,108.2,target,matches the side of the 'target' montage,,,no
sub-1174,ses-3,run-01,P1,71.59,target,2,108.2,target,matches the side of the 'target' montage,,,no
sub-1174,ses-3,run-02,P1,71.74,target,2,108.2,target,matches the side of the 'target' montage,,,no
sub-1174,ses-4,run-01,P1,72.49,target,2,108.2,target,matches the side of the 'target' montage,,,no
sub-1174,ses-4,run-02,P1,73.29,target,2,108.2,target,matches the side of the 'target' montage,,,no
sub-1175,ses-1,run-01,P1,77.23,target,2,115.02,target,matches the side of the 'target' montage,,,no
sub-1175,ses-1,run-02,P1,77.46,target,2,115.02,target,matches the side of the 'target' montage,,,no
sub-1175,ses-2,run-01,P1,74.3,target,2,115.02,target,matches the side of the 'target' montage,,,no
sub-1175,ses-2,run-02,P1,74.52,target,2,115.02,target,matches the side of the 'target' montage,,,no
sub-1176,ses-1,run-01,P1,-50.82,control,2,102.13,control,matches the side of the 'control' montage,,,no
sub-1176,ses-1,run-02,P1,-51.09,control,2,102.13,control,matches the side of the 'control' montage,,,no
sub-1176,ses-2,run-01,P1,-42.08,control,2,102.13,control,matches the side of the 'control' montage,,,no
sub-1176,ses-2,run-02,P1,-42.34,control,2,102.13,control,matches the side of the 'control' montage,,,no
sub-1176,ses-3,run-01,P1,-43.86,control,2,102.13,control,matches the side of the 'control' montage,,,no
sub-1176,ses-3,run-02,P1,-44.63,control,2,102.13,control,matches the side of the 'control' montage,,,no
sub-1176,ses-4,run-01,P1,-46.96,control,2,102.13,control,matches the side of the 'control' montage,,,no
sub-1176,ses-4,run-02,P1,-46.89,control,2,102.13,control,matches the side of the 'control' montage,,,no
sub-1177,ses-1,run-01,P1,72.62,target,2,109.95,target,matches the side of the 'target' montage,,,no
sub-1177,ses-1,run-02,P1,72.56,target,2,109.95,target,matches the side of the 'target' montage,,,no
sub-1177,ses-2,run-01,P1,71.96,target,2,109.95,target,matches the side of the 'target' montage,,,no
sub-1177,ses-2,run-02,P1,72.36,target,2,109.95,target,matches the side of the 'target' montage,,,no
sub-1177,ses-3,run-01,P1,71.53,target,2,109.95,target,matches the side of the 'target' montage,,,no
sub-1177,ses-3,run-02,P1,71.36,target,2,109.95,target,matches the side of the 'target' montage,,,no
sub-1177,ses-4,run-01,P1,70.71,target,2,109.95,target,matches the side of the 'target' montage,,,no
sub-1177,ses-4,run-02,P1,70.72,target,2,109.95,target,matches the side of the 'target' montage,,,no
sub-1179,ses-1,run-01,P1,69.99,target,2,110.28,target,matches the side of the 'target' montage,,,no
sub-1179,ses-1,run-02,P1,70.07,target,2,110.28,target,matches the side of the 'target' montage,,,no
sub-1179,ses-2,run-01,P1,67.97,target,2,110.28,target,matches the side of the 'target' montage,,,no
sub-1179,ses-2,run-02,P1,68.45,target,2,110.28,target,matches the side of the 'target' montage,,,no
sub-1179,ses-3,run-01,P1,68.63,target,2,110.28,target,matches the side of the 'target' montage,,,no
sub-1179,ses-3,run-02,P1,68.66,target,2,110.28,target,matches the side of the 'target' montage,,,no
sub-1179,ses-4,run-01,P1,69.82,target,2,110.28,target,matches the side of the 'target' montage,,,no
sub-1179,ses-4,run-02,P1,69.87,target,2,110.28,target,matches the side of the 'target' montage,,,no
sub-1180,ses-1,run-01,P1,-49.15,control,2,114.22,control,matches the side of the 'control' montage,,,no
sub-1180,ses-1,run-02,P1,-48.96,control,2,114.22,control,matches the side of the 'control' montage,,,no
sub-1180,ses-2,run-01,P1,-41.89,control,2,114.22,control,matches the side of the 'control' montage,,,no
sub-1180,ses-2,run-02,P1,-42.02,control,2,114.22,control,matches the side of the 'control' montage,,,no
sub-1180,ses-3,run-01,P1,-39.13,control,2,114.22,control,matches the side of the 'control' montage,,,no
sub-1180,ses-3,run-02,P1,-39.14,control,2,114.22,control,matches the side of the 'control' montage,,,no
sub-1180,ses-4,run-02,P1,-26.03,control,2,114.22,control,matches the side of the 'control' montage,,,no
sub-1182,ses-1,run-01,P1,64.59,target,2,110.01,target,matches the side of the 'target' montage,,,no
sub-1182,ses-1,run-02,P1,64.52,target,2,110.01,target,matches the side of the 'target' montage,,,no
sub-1182,ses-2,run-01,P1,64.46,target,2,110.01,target,matches the side of the 'target' montage,,,no
sub-1182,ses-2,run-02,P1,65.03,target,2,110.01,target,matches the side of the 'target' montage,,,no
sub-1182,ses-3,run-01,P1,66.51,target,2,110.01,target,matches the side of the 'target' montage,,,no
sub-1182,ses-3,run-02,P1,66.73,target,2,110.01,target,matches the side of the 'target' montage,,,no
sub-1182,ses-4,run-01,P1,62.57,target,2,110.01,target,matches the side of the 'target' montage,,,no
sub-1182,ses-4,run-02,P1,60.84,target,2,110.01,target,matches the side of the 'target' montage,,,no
sub-1183,ses-1,run-01,P1,-30.84,control,2,99.23,control,matches the side of the 'control' montage,,,no
sub-1183,ses-1,run-02,P1,-29.76,control,2,99.23,control,matches the side of the 'control' montage,,,no
sub-1183,ses-2,run-01,P1,-29.77,control,2,99.23,control,matches the side of the 'control' montage,,,no
sub-1183,ses-2,run-02,P1,-29.65,control,2,99.23,control,matches the side of the 'control' montage,,,no
sub-1183,ses-3,run-01,P1,-32.22,control,2,99.23,control,matches the side of the 'control' montage,,,no
sub-1183,ses-3,run-02,P1,-32.0,control,2,99.23,control,matches the side of the 'control' montage,,,no
sub-1183,ses-4,run-01,P1,-32.46,control,2,99.23,control,matches the side of the 'control' montage,,,no
sub-1183,ses-4,run-02,P1,-32.29,control,2,99.23,control,matches the side of the 'control' montage,,,no
sub-1184,ses-1,run-01,P1,61.11,target,2,102.63,target,matches the side of the 'target' montage,,,no
sub-1184,ses-1,run-02,P1,61.95,target,2,102.63,target,matches the side of the 'target' montage,,,no
sub-1184,ses-2,run-01,P1,64.55,target,2,102.63,target,matches the side of the 'target' montage,,,no
sub-1184,ses-2,run-02,P1,63.68,target,2,102.63,target,matches the side of the 'target' montage,,,no
sub-1184,ses-3,run-01,P1,67.65,target,2,102.63,target,matches the side of the 'target' montage,,,no
sub-1184,ses-3,run-02,P1,67.45,target,2,102.63,target,matches the side of the 'target' montage,,,no
sub-1184,ses-4,run-01,P1,64.73,target,2,102.63,target,matches the side of the 'target' montage,,,no
sub-1184,ses-4,run-02,P1,65.25,target,2,102.63,target,matches the side of the 'target' montage,,,no
sub-1186,ses-1,run-01,P1,68.08,target,2,113.74,target,matches the side of the 'target' montage,,,no
sub-1186,ses-1,run-02,P1,67.98,target,2,113.74,target,matches the side of the 'target' montage,,,no
sub-1186,ses-2,run-01,P1,69.06,target,2,113.74,target,matches the side of the 'target' montage,,,no
sub-1186,ses-2,run-02,P1,69.1,target,2,113.74,target,matches the side of the 'target' montage,,,no
sub-1186,ses-3,run-01,P1,68.26,target,2,113.74,target,matches the side of the 'target' montage,,,no
sub-1186,ses-3,run-02,P1,68.24,target,2,113.74,target,matches the side of the 'target' montage,,,no
sub-1186,ses-4,run-01,P1,68.29,target,2,113.74,target,matches the side of the 'target' montage,,,no
sub-1186,ses-4,run-02,P1,68.57,target,2,113.74,target,matches the side of the 'target' montage,,,no
sub-1187,ses-1,run-01,P1,65.62,target,2,108.47,target,matches the side of the 'target' montage,,,no
sub-1187,ses-1,run-02,P1,64.88,target,2,108.47,target,matches the side of the 'target' montage,,,no
sub-1187,ses-2,run-01,P1,62.29,target,2,108.47,target,matches the side of the 'target' montage,,,no
sub-1187,ses-2,run-02,P1,62.24,target,2,108.47,target,matches the side of the 'target' montage,,,no
sub-1187,ses-3,run-01,P1,68.54,target,2,108.47,target,matches the side of the 'target' montage,,,no
sub-1187,ses-3,run-02,P1,68.65,target,2,108.47,target,matches the side of the 'target' montage,,,no
sub-1187,ses-4,run-01,P1,64.97,target,2,108.47,target,matches the side of the 'target' montage,,,no
sub-1187,ses-4,run-02,P1,64.57,target,2,108.47,target,matches the side of the 'target' montage,,,no
sub-1188,ses-1,run-01,P1,69.65,target,2,109.16,target,matches the side of the 'target' montage,,,no
sub-1188,ses-1,run-02,P1,69.6,target,2,109.16,target,matches the side of the 'target' montage,,,no
sub-1188,ses-2,run-01,P1,68.75,target,2,109.16,target,matches the side of the 'target' montage,,,no
sub-1188,ses-2,run-02,P1,69.2,target,2,109.16,target,matches the side of the 'target' montage,,,no
sub-1188,ses-3,run-01,P1,70.89,target,2,109.16,target,matches the side of the 'target' montage,,,no
sub-1188,ses-3,run-02,P1,71.22,target,2,109.16,target,matches the side of the 'target' montage,,,no
sub-1188,ses-4,run-01,P1,70.47,target,2,109.16,target,matches the side of the 'target' montage,,,no
sub-1188,ses-4,run-02,P1,70.24,target,2,109.16,target,matches the side of the 'target' montage,,,no
sub-1189,ses-1,run-01,P1,70.67,target,2,113.17,target,matches the side of the 'target' montage,,,no
sub-1189,ses-1,run-02,P1,70.84,target,2,113.17,target,matches the side of the 'target' montage,,,no
sub-1189,ses-4,run-01,P1,72.74,target,2,113.17,target,matches the side of the 'target' montage,,,no
sub-1189,ses-4,run-02,P1,73.18,target,2,113.17,target,matches the side of the 'target' montage,,,no
sub-1191,ses-1,run-01,P1,72.75,target,2,114.77,target,matches the side of the 'target' montage,,,no
sub-1191,ses-1,run-02,P1,73.18,target,2,114.77,target,matches the side of the 'target' montage,,,no
sub-1191,ses-2,run-01,P1,72.6,target,2,114.77,target,matches the side of the 'target' montage,,,no
sub-1191,ses-2,run-02,P1,72.75,target,2,114.77,target,matches the side of the 'target' montage,,,no
sub-1191,ses-3,run-01,P1,73.1,target,2,114.77,target,matches the side of the 'target' montage,,,no
sub-1191,ses-3,run-02,P1,72.3,target,2,114.77,target,matches the side of the 'target' montage,,,no
sub-1191,ses-4,run-01,P1,72.0,target,2,114.77,target,matches the side of the 'target' montage,,,no
sub-1191,ses-4,run-02,P1,72.22,target,2,114.77,target,matches the side of the 'target' montage,,,no
sub-1192,ses-1,run-01,P1,69.28,target,2,118.92,target,matches the side of the 'target' montage,,,no
sub-1192,ses-1,run-02,P1,69.29,target,2,118.92,target,matches the side of the 'target' montage,,,no
sub-1192,ses-2,run-01,P1,71.05,target,2,118.92,target,matches the side of the 'target' montage,,,no
sub-1192,ses-2,run-02,P1,70.78,target,2,118.92,target,matches the side of the 'target' montage,,,no
sub-1192,ses-3,run-01,P1,73.83,target,2,118.92,target,matches the side of the 'target' montage,,,no
sub-1192,ses-3,run-02,P1,73.24,target,2,118.92,target,matches the side of the 'target' montage,,,no
sub-1192,ses-4,run-01,P1,70.54,target,2,118.92,target,matches the side of the 'target' montage,,,no
sub-1192,ses-4,run-02,P1,70.62,target,2,118.92,target,matches the side of the 'target' montage,,,no
sub-1193,ses-1,run-01,P1,-54.02,control,2,116.91,control,matches the side of the 'control' montage,,,no
sub-1193,ses-1,run-02,P1,-51.96,control,2,116.91,control,matches the side of the 'control' montage,,,no
sub-1193,ses-2,run-01,P1,-50.4,control,2,116.91,control,matches the side of the 'control' montage,,,no
sub-1193,ses-2,run-02,P1,-51.49,control,2,116.91,control,matches the side of the 'control' montage,,,no
sub-1193,ses-3,run-01,P1,-49.37,control,2,116.91,control,matches the side of the 'control' montage,,,no
sub-1193,ses-3,run-02,P1,-49.97,control,2,116.91,control,matches the side of the 'control' montage,,,no
sub-1193,ses-4,run-01,P1,-52.74,control,2,116.91,control,matches the side of the 'control' montage,,,no
sub-1193,ses-4,run-02,P1,-52.44,control,2,116.91,control,matches the side of the 'control' montage,,,no
sub-1194,ses-1,run-01,P1,73.53,target,2,114.93,target,matches the side of the 'target' montage,,,no
sub-1194,ses-1,run-02,P1,73.64,target,2,114.93,target,matches the side of the 'target' montage,,,no
sub-1194,ses-2,run-01,P1,74.54,target,2,114.93,target,matches the side of the 'target' montage,,,no
sub-1194,ses-2,run-02,P1,74.61,target,2,114.93,target,matches the side of the 'target' montage,,,no
sub-1194,ses-3,run-01,P1,71.69,target,2,114.93,target,matches the side of the 'target' montage,,,no
sub-1194,ses-3,run-02,P1,71.69,target,2,114.93,target,matches the side of the 'target' montage,,,no
sub-1194,ses-4,run-01,P1,71.2,target,2,114.93,target,matches the side of the 'target' montage,,,no
sub-1194,ses-4,run-02,P1,72.11,target,2,114.93,target,matches the side of the 'target' montage,,,no
sub-1195,ses-1,run-01,P1,72.53,target,2,113.55,target,matches the side of the 'target' montage,,,no
sub-1195,ses-1,run-02,P1,72.63,target,2,113.55,target,matches the side of the 'target' montage,,,no
sub-1195,ses-2,run-01,P1,74.47,target,2,113.55,target,matches the side of the 'target' montage,,,no
sub-1195,ses-2,run-02,P1,74.83,target,2,113.55,target,matches the side of the 'target' montage,,,no
sub-1195,ses-3,run-01,P1,71.53,target,2,113.55,target,matches the side of the 'target' montage,,,no
sub-1195,ses-3,run-02,P1,71.87,target,2,113.55,target,matches the side of the 'target' montage,,,no
sub-1195,ses-4,run-01,P1,72.13,target,2,113.55,target,matches the side of the 'target' montage,,,no
sub-1195,ses-4,run-02,P1,71.73,target,2,113.55,target,matches the side of the 'target' montage,,,no
sub-1196,ses-1,run-01,P1,65.9,target,2,108.98,target,matches the side of the 'target' montage,,,no
sub-1196,ses-1,run-02,P1,65.97,target,2,108.98,target,matches the side of the 'target' montage,,,no
sub-1196,ses-2,run-01,P1,65.42,target,2,108.98,target,matches the side of the 'target' montage,,,no
sub-1196,ses-2,run-02,P1,65.36,target,2,108.98,target,matches the side of the 'target' montage,,,no
sub-1196,ses-3,run-01,P1,67.66,target,2,108.98,target,matches the side of the 'target' montage,,,no
sub-1196,ses-3,run-02,P1,67.85,target,2,108.98,target,matches the side of the 'target' montage,,,no
sub-1196,ses-4,run-01,P1,64.9,target,2,108.98,target,matches the side of the 'target' montage,,,no
sub-1196,ses-4,run-02,P1,65.13,target,2,108.98,target,matches the side of the 'target' montage,,,no
sub-1197,ses-1,run-01,P1,-48.17,control,2,112.42,control,matches the side of the 'control' montage,,,no
sub-1197,ses-1,run-02,P1,-48.35,control,2,112.42,control,matches the side of the 'control' montage,,,no
sub-1197,ses-2,run-01,P1,-43.55,control,2,112.42,control,matches the side of the 'control' montage,,,no
sub-1197,ses-2,run-02,P1,-43.8,control,2,112.42,control,matches the side of the 'control' montage,,,no
sub-1197,ses-3,run-01,P1,-46.05,control,2,112.42,control,matches the side of the 'control' montage,,,no
sub-1197,ses-3,run-02,P1,-45.78,control,2,112.42,control,matches the side of the 'control' montage,,,no
sub-1197,ses-4,run-01,P1,-47.84,control,2,112.42,control,matches the side of the 'control' montage,,,no
sub-1197,ses-4,run-02,P1,-47.69,control,2,112.42,control,matches the side of the 'control' montage,,,no
sub-1198,ses-1,run-01,P1,-44.96,control,2,106.0,control,matches the side of the 'control' montage,,,no
sub-1198,ses-1,run-02,P1,-43.98,control,2,106.0,control,matches the side of the 'control' montage,,,no
sub-1199,ses-1,run-01,P1,67.68,target,2,105.16,target,matches the side of the 'target' montage,,,no
sub-1199,ses-1,run-02,P1,68.16,target,2,105.16,target,matches the side of the 'target' montage,,,no
sub-1199,ses-2,run-01,P1,65.17,target,2,105.16,target,matches the side of the 'target' montage,,,no
sub-1199,ses-2,run-02,P1,65.07,target,2,105.16,target,matches the side of the 'target' montage,,,no
sub-1199,ses-3,run-01,P1,68.7,target,2,105.16,target,matches the side of the 'target' montage,,,no
sub-1199,ses-3,run-02,P1,68.83,target,2,105.16,target,matches the side of the 'target' montage,,,no
sub-1199,ses-4,run-01,P1,69.03,target,2,105.16,target,matches the side of the 'target' montage,,,no
sub-1199,ses-4,run-02,P1,68.95,target,2,105.16,target,matches the side of the 'target' montage,,,no
sub-1200,ses-1,run-01,P1,73.46,target,2,108.46,target,matches the side of the 'target' montage,,,no
sub-1200,ses-1,run-02,P1,73.1,target,2,108.46,target,matches the side of the 'target' montage,,,no
sub-1200,ses-2,run-01,P1,71.81,target,2,108.46,target,matches the side of the 'target' montage,,,no
sub-1200,ses-2,run-02,P1,72.44,target,2,108.46,target,matches the side of the 'target' montage,,,no
sub-1200,ses-3,run-01,P1,71.89,target,2,108.46,target,matches the side of the 'target' montage,,,no
sub-1200,ses-3,run-02,P1,71.97,target,2,108.46,target,matches the side of the 'target' montage,,,no
sub-1200,ses-4,run-01,P1,73.94,target,2,108.46,target,matches the side of the 'target' montage,,,no
sub-1200,ses-4,run-02,P1,74.06,target,2,108.46,target,matches the side of the 'target' montage,,,no
sub-1201,ses-2,run-01,P1,-45.68,control,2,108.66,control,matches the side of the 'control' montage,,,no
sub-1201,ses-2,run-02,P1,-44.84,control,2,108.66,control,matches the side of the 'control' montage,,,no
sub-1201,ses-3,run-01,P1,-51.4,control,2,108.66,control,matches the side of the 'control' montage,,,no
sub-1201,ses-3,run-02,P1,-51.14,control,2,108.66,control,matches the side of the 'control' montage,,,no
sub-1201,ses-4,run-01,P1,-47.58,control,2,108.66,control,matches the side of the 'control' montage,,,no
sub-1201,ses-4,run-02,P1,-47.0,control,2,108.66,control,matches the side of the 'control' montage,,,no
sub-1202,ses-1,run-01,P1,-48.55,control,2,109.38,control,matches the side of the 'control' montage,,,no
sub-1202,ses-1,run-02,P1,-48.51,control,2,109.38,control,matches the side of the 'control' montage,,,no
sub-1202,ses-2,run-01,P1,-48.54,control,2,109.38,control,matches the side of the 'control' montage,,,no
sub-1202,ses-2,run-02,P1,-48.25,control,2,109.38,control,matches the side of the 'control' montage,,,no
sub-1202,ses-3,run-01,P1,-43.44,control,2,109.38,control,matches the side of the 'control' montage,,,no
sub-1202,ses-3,run-02,P1,-43.25,control,2,109.38,control,matches the side of the 'control' montage,,,no
sub-1202,ses-4,run-01,P1,-44.69,control,2,109.38,control,matches the side of the 'control' montage,,,no
sub-1202,ses-4,run-02,P1,-44.11,control,2,109.38,control,matches the side of the 'control' montage,,,no
sub-1203,ses-1,run-01,P1,70.95,target,2,112.4,target,matches the side of the 'target' montage,,,no
sub-1203,ses-1,run-02,P1,71.29,target,2,112.4,target,matches the side of the 'target' montage,,,no
sub-1203,ses-2,run-01,P1,72.01,target,2,112.4,target,matches the side of the 'target' montage,,,no
sub-1203,ses-2,run-02,P1,72.19,target,2,112.4,target,matches the side of the 'target' montage,,,no
sub-1203,ses-3,run-01,P1,72.39,target,2,112.4,target,matches the side of the 'target' montage,,,no
sub-1203,ses-3,run-02,P1,72.27,target,2,112.4,target,matches the side of the 'target' montage,,,no
sub-1203,ses-4,run-01,P1,70.78,target,2,112.4,target,matches the side of the 'target' montage,,,no
sub-1203,ses-4,run-02,P1,68.99,target,2,112.4,target,matches the side of the 'target' montage,,,no
sub-1204,ses-1,run-01,P1,-43.62,control,2,110.38,control,matches the side of the 'control' montage,,,no
sub-1204,ses-1,run-02,P1,-43.37,control,2,110.38,control,matches the side of the 'control' montage,,,no
sub-1204,ses-2,run-01,P1,-46.79,control,2,110.38,control,matches the side of the 'control' montage,,,no
sub-1204,ses-2,run-02,P1,-46.36,control,2,110.38,control,matches the side of the 'control' montage,,,no
sub-1204,ses-3,run-01,P1,-45.12,control,2,110.38,control,matches the side of the 'control' montage,,,no
sub-1204,ses-3,run-02,P1,-45.0,control,2,110.38,control,matches the side of the 'control' montage,,,no
sub-1204,ses-4,run-01,P1,-48.53,control,2,110.38,control,matches the side of the 'control' montage,,,no
sub-1204,ses-4,run-02,P1,-48.49,control,2,110.38,control,matches the side of the 'control' montage,,,no
sub-1205,ses-1,run-01,P1,-43.2,control,2,107.85,control,matches the side of the 'control' montage,,,no
sub-1205,ses-1,run-02,P1,-42.75,control,2,107.85,control,matches the side of the 'control' montage,,,no
sub-1205,ses-2,run-01,P1,-35.33,control,2,107.85,control,matches the side of the 'control' montage,,,no
sub-1205,ses-2,run-02,P1,-35.22,control,2,107.85,control,matches the side of the 'control' montage,,,no
sub-1205,ses-3,run-01,P1,-53.28,control,2,107.85,control,matches the side of the 'control' montage,,,no
sub-1205,ses-3,run-02,P1,-52.48,control,2,107.85,control,matches the side of the 'control' montage,,,no
sub-1205,ses-4,run-01,P1,-48.9,control,2,107.85,control,matches the side of the 'control' montage,,,no
sub-1205,ses-4,run-02,P1,-48.11,control,2,107.85,control,matches the side of the 'control' montage,,,no
sub-1207,ses-1,run-01,P1,72.41,target,2,110.65,target,matches the side of the 'target' montage,,,no
sub-1207,ses-1,run-02,P1,72.6,target,2,110.65,target,matches the side of the 'target' montage,,,no
sub-1207,ses-2,run-01,P1,73.19,target,2,110.65,target,matches the side of the 'target' montage,,,no
sub-1207,ses-2,run-02,P1,73.12,target,2,110.65,target,matches the side of the 'target' montage,,,no
sub-1207,ses-3,run-01,P1,71.92,target,2,110.65,target,matches the side of the 'target' montage,,,no
sub-1207,ses-3,run-02,P1,72.56,target,2,110.65,target,matches the side of the 'target' montage,,,no
sub-1207,ses-4,run-01,P1,73.33,target,2,110.65,target,matches the side of the 'target' montage,,,no
sub-1207,ses-4,run-02,P1,72.56,target,2,110.65,target,matches the side of the 'target' montage,,,no
sub-1209,ses-1,run-01,P1,71.71,target,2,106.59,target,matches the side of the 'target' montage,,,no
sub-1209,ses-1,run-02,P1,71.05,target,2,106.59,target,matches the side of the 'target' montage,,,no
sub-1209,ses-2,run-01,P1,68.75,target,2,106.59,target,matches the side of the 'target' montage,,,no
sub-1209,ses-2,run-02,P1,71.39,target,2,106.59,target,matches the side of the 'target' montage,,,no
sub-1209,ses-3,run-01,P1,71.49,target,2,106.59,target,matches the side of the 'target' montage,,,no
sub-1209,ses-3,run-02,P1,71.06,target,2,106.59,target,matches the side of the 'target' montage,,,no
sub-1209,ses-4,run-01,P1,70.45,target,2,106.59,target,matches the side of the 'target' montage,,,no
sub-1209,ses-4,run-02,P1,69.83,target,2,106.59,target,matches the side of the 'target' montage,,,no
sub-1210,ses-1,run-01,P1,-43.51,control,2,109.13,control,matches the side of the 'control' montage,,,no
sub-1210,ses-1,run-02,P1,-43.31,control,2,109.13,control,matches the side of the 'control' montage,,,no
sub-1210,ses-2,run-01,P1,-45.8,control,2,109.13,control,matches the side of the 'control' montage,,,no
sub-1210,ses-2,run-02,P1,-46.62,control,2,109.13,control,matches the side of the 'control' montage,,,no
sub-1210,ses-3,run-01,P1,-50.48,control,2,109.13,control,matches the side of the 'control' montage,,,no
sub-1210,ses-3,run-02,P1,-50.64,control,2,109.13,control,matches the side of the 'control' montage,,,no
sub-1210,ses-4,run-01,P1,-47.87,control,2,109.13,control,matches the side of the 'control' montage,,,no
sub-1210,ses-4,run-02,P1,-49.02,control,2,109.13,control,matches the side of the 'control' montage,,,no
sub-1211,ses-1,run-01,P1,-47.85,control,2,114.89,control,matches the side of the 'control' montage,,,no
sub-1211,ses-1,run-02,P1,-46.68,control,2,114.89,control,matches the side of the 'control' montage,,,no
sub-1211,ses-2,run-01,P1,-41.7,control,2,114.89,control,matches the side of the 'control' montage,,,no
sub-1211,ses-2,run-02,P1,-42.41,control,2,114.89,control,matches the side of the 'control' montage,,,no
sub-1211,ses-3,run-01,P1,-47.98,control,2,114.89,control,matches the side of the 'control' montage,,,no
sub-1211,ses-3,run-02,P1,-48.56,control,2,114.89,control,matches the side of the 'control' montage,,,no
sub-1211,ses-4,run-01,P1,-48.37,control,2,114.89,control,matches the side of the 'control' montage,,,no
sub-1211,ses-4,run-02,P1,-48.92,control,2,114.89,control,matches the side of the 'control' montage,,,no
sub-1215,ses-1,run-01,P1,64.74,target,2,106.97,target,matches the side of the 'target' montage,,,no
sub-1215,ses-1,run-02,P1,64.68,target,2,106.97,target,matches the side of the 'target' montage,,,no
sub-1215,ses-2,run-01,P1,65.16,target,2,106.97,target,matches the side of the 'target' montage,,,no
sub-1215,ses-2,run-02,P1,65.14,target,2,106.97,target,matches the side of the 'target' montage,,,no
sub-1215,ses-3,run-01,P1,68.11,target,2,106.97,target,matches the side of the 'target' montage,,,no
sub-1215,ses-3,run-02,P1,68.14,target,2,106.97,target,matches the side of the 'target' montage,,,no
sub-1215,ses-4,run-01,P1,66.69,target,2,106.97,target,matches the side of the 'target' montage,,,no
sub-1215,ses-4,run-02,P1,66.28,target,2,106.97,target,matches the side of the 'target' montage,,,no
sub-1218,ses-1,run-01,P1,-47.58,control,2,109.25,control,matches the side of the 'control' montage,,,no
sub-1218,ses-1,run-02,P1,-46.97,control,2,109.25,control,matches the side of the 'control' montage,,,no
sub-1218,ses-2,run-01,P1,-46.16,control,2,109.25,control,matches the side of the 'control' montage,,,no
sub-1218,ses-2,run-02,P1,-45.66,control,2,109.25,control,matches the side of the 'control' montage,,,no
sub-1218,ses-3,run-01,P1,-46.03,control,2,109.25,control,matches the side of the 'control' montage,,,no
sub-1218,ses-3,run-02,P1,-45.24,control,2,109.25,control,matches the side of the 'control' montage,,,no
sub-1218,ses-4,run-01,P1,-45.49,control,2,109.25,control,matches the side of the 'control' montage,,,no
sub-1218,ses-4,run-02,P1,-45.23,control,2,109.25,control,matches the side of the 'control' montage,,,no
sub-1219,ses-1,run-01,P1,64.54,target,2,103.81,target,matches the side of the 'target' montage,,,no
sub-1219,ses-1,run-02,P1,64.5,target,2,103.81,target,matches the side of the 'target' montage,,,no
sub-1219,ses-2,run-01,P1,64.2,target,2,103.81,target,matches the side of the 'target' montage,,,no
sub-1219,ses-2,run-02,P1,64.99,target,2,103.81,target,matches the side of the 'target' montage,,,no
sub-1219,ses-3,run-01,P1,65.0,target,2,103.81,target,matches the side of the 'target' montage,,,no
sub-1219,ses-3,run-02,P1,64.83,target,2,103.81,target,matches the side of the 'target' montage,,,no
sub-1219,ses-4,run-01,P1,64.41,target,2,103.81,target,matches the side of the 'target' montage,,,no
sub-1219,ses-4,run-02,P1,64.38,target,2,103.81,target,matches the side of the 'target' montage,,,no
sub-1221,ses-1,run-01,P1,52.42,unknown,2,120.42,target,matches the side of the 'target' montage,,,yes
sub-1221,ses-1,run-02,P1,51.24,unknown,2,120.42,target,matches the side of the 'target' montage,,,yes
sub-1221,ses-2,run-01,P1,-43.44,control,2,120.42,control,matches the side of the 'control' montage,,,no
sub-1221,ses-2,run-02,P1,-43.28,control,2,120.42,control,matches the side of the 'control' montage,,,no
sub-1222,ses-1,run-01,P1,65.24,target,2,112.14,target,matches the side of the 'target' montage,,,no
sub-1222,ses-1,run-02,P1,65.87,target,2,112.14,target,matches the side of the 'target' montage,,,no
sub-1222,ses-2,run-01,P1,68.26,target,2,112.14,target,matches the side of the 'target' montage,,,no
sub-1222,ses-2,run-02,P1,68.14,target,2,112.14,target,matches the side of the 'target' montage,,,no
sub-1222,ses-3,run-01,P1,66.44,target,2,112.14,target,matches the side of the 'target' montage,,,no
sub-1222,ses-3,run-02,P1,66.54,target,2,112.14,target,matches the side of the 'target' montage,,,no
sub-1222,ses-4,run-01,P1,69.15,target,2,112.14,target,matches the side of the 'target' montage,,,no
sub-1222,ses-4,run-02,P1,69.84,target,2,112.14,target,matches the side of the 'target' montage,,,no
sub-1223,ses-1,run-01,P1,-44.13,control,2,114.58,control,matches the side of the 'control' montage,,,no
sub-1223,ses-1,run-02,P1,-43.7,control,2,114.58,control,matches the side of the 'control' montage,,,no
sub-1223,ses-2,run-01,P1,-52.95,control,2,114.58,control,matches the side of the 'control' montage,,,no
sub-1223,ses-2,run-02,P1,-52.89,control,2,114.58,control,matches the side of the 'control' montage,,,no
sub-1223,ses-3,run-01,P1,-44.49,control,2,114.58,control,matches the side of the 'control' montage,,,no
sub-1223,ses-3,run-02,P1,-43.8,control,2,114.58,control,matches the side of the 'control' montage,,,no
sub-1223,ses-4,run-01,P1,-51.79,control,2,114.58,control,matches the side of the 'control' montage,,,no
sub-1223,ses-4,run-02,P1,-51.53,control,2,114.58,control,matches the side of the 'control' montage,,,no
sub-1224,ses-1,run-01,P1,-52.67,control,2,109.21,control,matches the side of the 'control' montage,,,no
sub-1224,ses-1,run-02,P1,-52.1,control,2,109.21,control,matches the side of the 'control' montage,,,no
sub-1224,ses-2,run-01,P1,-41.3,control,2,109.21,control,matches the side of the 'control' montage,,,no
sub-1224,ses-2,run-02,P1,-41.7,control,2,109.21,control,matches the side of the 'control' montage,,,no
sub-1224,ses-3,run-01,P1,-42.83,control,2,109.21,control,matches the side of the 'control' montage,,,no
sub-1224,ses-3,run-02,P1,-42.45,control,2,109.21,control,matches the side of the 'control' montage,,,no
sub-1224,ses-4,run-01,P1,-40.46,control,2,109.21,control,matches the side of the 'control' montage,,,no
sub-1224,ses-4,run-02,P1,-39.87,control,2,109.21,control,matches the side of the 'control' montage,,,no
sub-1227,ses-1,run-01,P1,-48.38,control,2,107.99,control,matches the side of the 'control' montage,,,no
sub-1227,ses-1,run-02,P1,-48.62,control,2,107.99,control,matches the side of the 'control' montage,,,no
sub-1228,ses-1,run-01,P1,-44.44,control,2,101.63,control,matches the side of the 'control' montage,,,no
sub-1228,ses-1,run-02,P1,-44.48,control,2,101.63,control,matches the side of the 'control' montage,,,no
sub-1228,ses-2,run-01,P1,-51.24,control,2,101.63,control,matches the side of the 'control' montage,,,no
sub-1228,ses-2,run-02,P1,-50.86,control,2,101.63,control,matches the side of the 'control' montage,,,no
sub-2000,ses-2,run-01,P2,-29.07,target,2,25.97,target,the two conditions are not separated by hemisphere; the rule does not apply,,,no
sub-2000,ses-2,run-02,P2,-28.94,target,2,25.97,target,the two conditions are not separated by hemisphere; the rule does not apply,,,no
sub-2000,ses-3,run-01,P2,-25.8,target,2,25.97,target,the two conditions are not separated by hemisphere; the rule does not apply,,,no
sub-2000,ses-3,run-02,P2,-25.42,target,2,25.97,target,the two conditions are not separated by hemisphere; the rule does not apply,,,no
sub-2000,ses-4,run-01,P2,-15.41,target,2,25.97,target,the two conditions are not separated by hemisphere; the rule does not apply,,,no
sub-2000,ses-4,run-02,P2,-15.47,target,2,25.97,target,the two conditions are not separated by hemisphere; the rule does not apply,,,no
sub-2001,ses-2,run-01,P2,-28.33,target,2,22.68,target,the two conditions are not separated by hemisphere; the rule does not apply,,,no
sub-2001,ses-2,run-02,P2,-28.23,target,2,22.68,target,the two conditions are not separated by hemisphere; the rule does not apply,,,no
sub-2001,ses-3,run-01,P2,-13.06,target,2,22.68,target,montage too close to the midline for its side to be informative,,,no
sub-2001,ses-3,run-02,P2,-15.96,target,2,22.68,target,the two conditions are not separated by hemisphere; the rule does not apply,,,no
sub-2001,ses-4,run-01,P2,-23.4,target,2,22.68,target,the two conditions are not separated by hemisphere; the rule does not apply,,,no
sub-2001,ses-4,run-02,P2,-24.47,target,2,22.68,target,the two conditions are not separated by hemisphere; the rule does not apply,,,no
sub-2002,ses-1,run-01,P2,-16.33,target,2,26.99,target,the two conditions are not separated by hemisphere; the rule does not apply,,,no
sub-2002,ses-1,run-02,P2,-17.76,target,2,26.99,target,the two conditions are not separated by hemisphere; the rule does not apply,,,no
sub-2002,ses-2,run-01,P2,-21.72,target,2,26.99,target,the two conditions are not separated by hemisphere; the rule does not apply,,,no
sub-2002,ses-2,run-02,P2,-21.99,target,2,26.99,target,the two conditions are not separated by hemisphere; the rule does not apply,,,no
sub-2002,ses-3,run-01,P2,-30.07,target,2,26.99,target,the two conditions are not separated by hemisphere; the rule does not apply,,,no
sub-2003,ses-1,run-01,P2,-9.19,target,2,21.5,target,montage too close to the midline for its side to be informative,,,no
sub-2003,ses-1,run-02,P2,-9.47,target,2,21.5,target,montage too close to the midline for its side to be informative,,,no
sub-2003,ses-2,run-01,P2,-24.13,target,2,21.5,target,the two conditions are not separated by hemisphere; the rule does not apply,,,no
sub-2003,ses-2,run-02,P2,-24.26,target,2,21.5,target,the two conditions are not separated by hemisphere; the rule does not apply,,,no
sub-2003,ses-3,run-01,P2,-28.57,target,2,21.5,target,the two conditions are not separated by hemisphere; the rule does not apply,,,no
sub-2003,ses-3,run-02,P2,-27.76,target,2,21.5,target,the two conditions are not separated by hemisphere; the rule does not apply,,,no
sub-2003,ses-4,run-01,P2,-14.99,target,2,21.5,target,montage too close to the midline for its side to be informative,,,no
sub-2003,ses-4,run-02,P2,-13.68,target,2,21.5,target,montage too close to the midline for its side to be informative,,,no
sub-2004,ses-1,run-01,P2,-8.03,target,2,15.61,target,montage too close to the midline for its side to be informative,,,no
sub-2004,ses-1,run-02,P2,-8.15,target,2,15.61,target,montage too close to the midline for its side to be informative,,,no
sub-2004,ses-2,run-01,P2,-11.17,target,2,15.61,target,montage too close to the midline for its side to be informative,,,no
sub-2004,ses-2,run-02,P2,-13.06,target,2,15.61,target,montage too close to the midline for its side to be informative,,,no
sub-2005,ses-1,run-01,P2,-21.07,target,2,22.51,target,the two conditions are not separated by hemisphere; the rule does not apply,,,no
sub-2005,ses-1,run-02,P2,-21.15,target,2,22.51,target,the two conditions are not separated by hemisphere; the rule does not apply,,,no
sub-2005,ses-2,run-01,P2,-33.07,target,2,22.51,target,the two conditions are not separated by hemisphere; the rule does not apply,,,no
sub-2005,ses-2,run-02,P2,-32.99,target,2,22.51,target,the two conditions are not separated by hemisphere; the rule does not apply,,,no
sub-2005,ses-3,run-01,P2,-39.29,target,2,22.51,target,the two conditions are not separated by hemisphere; the rule does not apply,,,no
sub-2005,ses-3,run-02,P2,-39.13,target,2,22.51,target,the two conditions are not separated by hemisphere; the rule does not apply,,,no
sub-2005,ses-4,run-01,P2,-19.79,target,2,22.51,target,the two conditions are not separated by hemisphere; the rule does not apply,,,no
sub-2005,ses-4,run-02,P2,-19.86,target,2,22.51,target,the two conditions are not separated by hemisphere; the rule does not apply,,,no
sub-2006,ses-2,run-01,P2,-21.31,target,2,20.08,target,the two conditions are not separated by hemisphere; the rule does not apply,,,no
sub-2006,ses-3,run-01,P2,-18.69,target,2,20.08,target,the two conditions are not separated by hemisphere; the rule does not apply,,,no
sub-2006,ses-3,run-02,P2,-18.66,target,2,20.08,target,the two conditions are not separated by hemisphere; the rule does not apply,,,no
sub-2006,ses-4,run-01,P2,-24.32,target,2,20.08,target,the two conditions are not separated by hemisphere; the rule does not apply,,,no
sub-2006,ses-4,run-02,P2,-24.17,target,2,20.08,target,the two conditions are not separated by hemisphere; the rule does not apply,,,no
sub-2007,ses-1,run-01,P2,-27.5,target,2,24.9,target,the two conditions are not separated by hemisphere; the rule does not apply,,,no
sub-2007,ses-1,run-02,P2,-27.61,target,2,24.9,target,the two conditions are not separated by hemisphere; the rule does not apply,,,no
sub-2007,ses-2,run-01,P2,-22.84,target,2,24.9,target,the two conditions are not separated by hemisphere; the rule does not apply,,,no
sub-2007,ses-2,run-02,P2,-22.83,target,2,24.9,target,the two conditions are not separated by hemisphere; the rule does not apply,,,no
sub-2007,ses-3,run-01,P2,-38.71,target,2,24.9,target,the two conditions are not separated by hemisphere; the rule does not apply,,,no
sub-2007,ses-3,run-02,P2,-38.48,target,2,24.9,target,the two conditions are not separated by hemisphere; the rule does not apply,,,no
sub-2007,ses-4,run-01,P2,-37.47,target,2,24.9,target,the two conditions are not separated by hemisphere; the rule does not apply,,,no
sub-2007,ses-4,run-02,P2,-37.48,target,2,24.9,target,the two conditions are not separated by hemisphere; the rule does not apply,,,no
sub-2008,ses-1,run-01,P2,-8.1,target,2,15.43,target,montage too close to the midline for its side to be informative,,,no
sub-2008,ses-1,run-02,P2,-8.1,target,2,15.43,target,montage too close to the midline for its side to be informative,,,no
sub-2008,ses-2,run-01,P2,-44.59,target,2,15.43,target,the two conditions are not separated by hemisphere; the rule does not apply,,,no
sub-2008,ses-2,run-02,P2,-44.67,target,2,15.43,target,the two conditions are not separated by hemisphere; the rule does not apply,,,no
sub-2008,ses-3,run-01,P2,-27.53,target,2,15.43,target,the two conditions are not separated by hemisphere; the rule does not apply,,,no
sub-2008,ses-3,run-02,P2,-25.67,target,2,15.43,target,the two conditions are not separated by hemisphere; the rule does not apply,,,no
sub-2009,ses-1,run-01,P2,-18.86,target,2,17.99,target,the two conditions are not separated by hemisphere; the rule does not apply,,,no
sub-2009,ses-1,run-02,P2,-19.0,target,2,17.99,target,the two conditions are not separated by hemisphere; the rule does not apply,,,no
sub-2009,ses-2,run-01,P2,3.15,target,2,17.99,target,montage too close to the midline for its side to be informative,,,no
sub-2009,ses-2,run-02,P2,0.05,target,2,17.99,target,montage too close to the midline for its side to be informative,,,no
sub-2009,ses-3,run-01,P2,-11.42,target,2,17.99,target,montage too close to the midline for its side to be informative,,,no
sub-2009,ses-3,run-02,P2,-11.84,target,2,17.99,target,montage too close to the midline for its side to be informative,,,no
sub-2009,ses-4,run-01,P2,-10.3,target,2,17.99,target,montage too close to the midline for its side to be informative,,,no
sub-2009,ses-4,run-02,P2,-11.2,target,2,17.99,target,montage too close to the midline for its side to be informative,,,no
sub-2010,ses-1,run-01,P2,-23.07,target,2,26.97,target,the two conditions are not separated by hemisphere; the rule does not apply,,,no
sub-2010,ses-1,run-02,P2,-23.03,target,2,26.97,target,the two conditions are not separated by hemisphere; the rule does not apply,,,no
sub-2010,ses-2,run-01,P2,-28.22,target,2,26.97,target,the two conditions are not separated by hemisphere; the rule does not apply,,,no
sub-2010,ses-2,run-02,P2,-28.53,target,2,26.97,target,the two conditions are not separated by hemisphere; the rule does not apply,,,no
sub-2010,ses-3,run-01,P2,-20.67,target,2,26.97,target,the two conditions are not separated by hemisphere; the rule does not apply,,,no
sub-2010,ses-3,run-02,P2,-20.6,target,2,26.97,target,the two conditions are not separated by hemisphere; the rule does not apply,,,no
sub-2010,ses-4,run-01,P2,-31.79,target,2,26.97,target,the two conditions are not separated by hemisphere; the rule does not apply,,,no
sub-2010,ses-4,run-02,P2,-31.92,target,2,26.97,target,the two conditions are not separated by hemisphere; the rule does not apply,,,no
sub-2011,ses-1,run-01,P2,-34.78,target,2,22.79,target,the two conditions are not separated by hemisphere; the rule does not apply,,,no
sub-2011,ses-1,run-02,P2,-35.09,target,2,22.79,target,the two conditions are not separated by hemisphere; the rule does not apply,,,no
sub-2011,ses-2,run-01,P2,-35.04,target,2,22.79,target,the two conditions are not separated by hemisphere; the rule does not apply,,,no
sub-2011,ses-2,run-02,P2,-35.49,target,2,22.79,target,the two conditions are not separated by hemisphere; the rule does not apply,,,no
sub-2011,ses-3,run-01,P2,-33.58,target,2,22.79,target,the two conditions are not separated by hemisphere; the rule does not apply,,,no
sub-2011,ses-3,run-02,P2,-34.1,target,2,22.79,target,the two conditions are not separated by hemisphere; the rule does not apply,,,no
sub-2011,ses-4,run-01,P2,-25.05,target,2,22.79,target,the two conditions are not separated by hemisphere; the rule does not apply,,,no
sub-2011,ses-4,run-02,P2,-25.27,target,2,22.79,target,the two conditions are not separated by hemisphere; the rule does not apply,,,no
sub-2012,ses-1,run-01,P2,-41.71,target,2,35.96,target,matches the side of the 'target' montage,,,no
sub-2012,ses-1,run-02,P2,-52.8,unknown,2,35.96,target,matches the side of the 'target' montage,,,yes
sub-2012,ses-2,run-01,P2,-27.8,target,2,35.96,target,matches the side of the 'target' montage,,,no
sub-2012,ses-2,run-02,P2,-27.41,target,2,35.96,target,matches the side of the 'target' montage,,,no
sub-2012,ses-3,run-01,P2,-21.2,target,2,35.96,target,matches the side of the 'target' montage,,,no
sub-2012,ses-3,run-02,P2,-20.33,target,2,35.96,target,matches the side of the 'target' montage,,,no
sub-2012,ses-4,run-01,P2,-31.61,target,2,35.96,target,matches the side of the 'target' montage,,,no
sub-2012,ses-4,run-02,P2,-31.95,target,2,35.96,target,matches the side of the 'target' montage,,,no
sub-2013,ses-2,run-01,P2,-28.94,target,2,19.25,target,the two conditions are not separated by hemisphere; the rule does not apply,,,no
sub-2013,ses-2,run-02,P2,-28.15,target,2,19.25,target,the two conditions are not separated by hemisphere; the rule does not apply,,,no
sub-2013,ses-3,run-01,P2,-17.32,target,2,19.25,target,the two conditions are not separated by hemisphere; the rule does not apply,,,no
sub-2013,ses-3,run-02,P2,-17.48,target,2,19.25,target,the two conditions are not separated by hemisphere; the rule does not apply,,,no
sub-2013,ses-4,run-01,P2,-14.97,target,2,19.25,target,montage too close to the midline for its side to be informative,,,no
sub-2013,ses-4,run-02,P2,-15.06,target,2,19.25,target,the two conditions are not separated by hemisphere; the rule does not apply,,,no
sub-2015,ses-1,run-01,P2,-24.59,target,2,23.87,target,the two conditions are not separated by hemisphere; the rule does not apply,,,no
sub-2015,ses-1,run-02,P2,-25.08,target,2,23.87,target,the two conditions are not separated by hemisphere; the rule does not apply,,,no
sub-2015,ses-2,run-01,P2,-26.57,target,2,23.87,target,the two conditions are not separated by hemisphere; the rule does not apply,,,no
sub-2015,ses-2,run-02,P2,-26.89,target,2,23.87,target,the two conditions are not separated by hemisphere; the rule does not apply,,,no
sub-2015,ses-3,run-01,P2,-28.14,target,2,23.87,target,the two conditions are not separated by hemisphere; the rule does not apply,,,no
sub-2015,ses-3,run-02,P2,-27.89,target,2,23.87,target,the two conditions are not separated by hemisphere; the rule does not apply,,,no
sub-2015,ses-4,run-01,P2,-27.24,target,2,23.87,target,the two conditions are not separated by hemisphere; the rule does not apply,,,no
sub-2015,ses-4,run-02,P2,-27.46,target,2,23.87,target,the two conditions are not separated by hemisphere; the rule does not apply,,,no
sub-2016,ses-1,run-01,P2,-34.07,target,2,36.97,target,matches the side of the 'target' montage,,,no
sub-2016,ses-1,run-02,P2,-34.78,target,2,36.97,target,matches the side of the 'target' montage,,,no
sub-2016,ses-2,run-01,P2,-39.03,target,2,36.97,target,matches the side of the 'target' montage,,,no
sub-2016,ses-3,run-01,P2,-35.52,target,2,36.97,target,matches the side of the 'target' montage,,,no
sub-2016,ses-4,run-01,P2,-52.05,target,2,36.97,target,matches the side of the 'target' montage,,,no
sub-2016,ses-4,run-02,P2,-51.72,target,2,36.97,target,matches the side of the 'target' montage,,,no
sub-2017,ses-2,run-01,P2,-33.69,target,2,25.14,target,the two conditions are not separated by hemisphere; the rule does not apply,,,no
sub-2017,ses-2,run-02,P2,-33.27,target,2,25.14,target,the two conditions are not separated by hemisphere; the rule does not apply,,,no
sub-2017,ses-3,run-02,P2,-44.63,target,2,25.14,target,the two conditions are not separated by hemisphere; the rule does not apply,,,no
sub-2017,ses-4,run-01,P2,-32.1,target,2,25.14,target,the two conditions are not separated by hemisphere; the rule does not apply,,,no
sub-2017,ses-4,run-02,P2,-31.97,target,2,25.14,target,the two conditions are not separated by hemisphere; the rule does not apply,,,no
sub-2018,ses-1,run-01,P2,-25.95,target,2,24.55,target,the two conditions are not separated by hemisphere; the rule does not apply,,,no
sub-2018,ses-1,run-02,P2,-25.4,target,2,24.55,target,the two conditions are not separated by hemisphere; the rule does not apply,,,no
sub-2018,ses-2,run-01,P2,-14.38,target,2,24.55,target,montage too close to the midline for its side to be informative,,,no
sub-2018,ses-2,run-02,P2,-14.56,target,2,24.55,target,montage too close to the midline for its side to be informative,,,no
sub-2018,ses-3,run-01,P2,-22.19,target,2,24.55,target,the two conditions are not separated by hemisphere; the rule does not apply,,,no
sub-2018,ses-3,run-02,P2,-22.41,target,2,24.55,target,the two conditions are not separated by hemisphere; the rule does not apply,,,no
sub-2018,ses-4,run-01,P2,-34.04,target,2,24.55,target,the two conditions are not separated by hemisphere; the rule does not apply,,,no
sub-2018,ses-4,run-02,P2,-37.57,target,2,24.55,target,the two conditions are not separated by hemisphere; the rule does not apply,,,no
sub-2019,ses-1,run-01,P2,-29.91,target,2,22.27,target,the two conditions are not separated by hemisphere; the rule does not apply,,,no
sub-2019,ses-1,run-02,P2,-29.99,target,2,22.27,target,the two conditions are not separated by hemisphere; the rule does not apply,,,no
sub-2019,ses-2,run-01,P2,-21.94,target,2,22.27,target,the two conditions are not separated by hemisphere; the rule does not apply,,,no
sub-2019,ses-2,run-02,P2,-22.16,target,2,22.27,target,the two conditions are not separated by hemisphere; the rule does not apply,,,no
sub-2019,ses-3,run-01,P2,-13.44,target,2,22.27,target,montage too close to the midline for its side to be informative,,,no
sub-2019,ses-4,run-01,P2,-26.81,target,2,22.27,target,the two conditions are not separated by hemisphere; the rule does not apply,,,no
sub-2019,ses-4,run-02,P2,-32.97,target,2,22.27,target,the two conditions are not separated by hemisphere; the rule does not apply,,,no
sub-2020,ses-1,run-01,P2,-19.57,target,2,20.85,target,the two conditions are not separated by hemisphere; the rule does not apply,,,no
sub-2020,ses-1,run-02,P2,-21.84,target,2,20.85,target,the two conditions are not separated by hemisphere; the rule does not apply,,,no
sub-2020,ses-2,run-01,P2,-37.17,target,2,20.85,target,the two conditions are not separated by hemisphere; the rule does not apply,,,no
sub-2020,ses-2,run-02,P2,-37.3,target,2,20.85,target,the two conditions are not separated by hemisphere; the rule does not apply,,,no
sub-2020,ses-3,run-01,P2,-22.8,target,2,20.85,target,the two conditions are not separated by hemisphere; the rule does not apply,,,no
sub-2020,ses-3,run-02,P2,-22.78,target,2,20.85,target,the two conditions are not separated by hemisphere; the rule does not apply,,,no
sub-2020,ses-4,run-01,P2,-28.14,target,2,20.85,target,the two conditions are not separated by hemisphere; the rule does not apply,,,no
sub-2020,ses-4,run-02,P2,-28.54,target,2,20.85,target,the two conditions are not separated by hemisphere; the rule does not apply,,,no
sub-2021,ses-1,run-01,P2,-29.42,target,2,19.66,target,the two conditions are not separated by hemisphere; the rule does not apply,,,no
sub-2021,ses-1,run-02,P2,-29.9,target,2,19.66,target,the two conditions are not separated by hemisphere; the rule does not apply,,,no
sub-2021,ses-2,run-01,P2,-12.97,target,2,19.66,target,montage too close to the midline for its side to be informative,,,no
sub-2021,ses-2,run-02,P2,-13.2,target,2,19.66,target,montage too close to the midline for its side to be informative,,,no
sub-2023,ses-2,run-01,P2,-32.24,target,2,25.15,target,the two conditions are not separated by hemisphere; the rule does not apply,,,no
sub-2023,ses-2,run-02,P2,-32.04,target,2,25.15,target,the two conditions are not separated by hemisphere; the rule does not apply,,,no
sub-2023,ses-3,run-01,P2,-23.62,target,2,25.15,target,the two conditions are not separated by hemisphere; the rule does not apply,,,no
sub-2023,ses-3,run-02,P2,-23.82,target,2,25.15,target,the two conditions are not separated by hemisphere; the rule does not apply,,,no
sub-2023,ses-4,run-01,P2,-28.13,target,2,25.15,target,the two conditions are not separated by hemisphere; the rule does not apply,,,no
sub-2023,ses-4,run-02,P2,-28.9,target,2,25.15,target,the two conditions are not separated by hemisphere; the rule does not apply,,,no
sub-2024,ses-1,run-01,P2,-18.32,target,2,15.78,target,the two conditions are not separated by hemisphere; the rule does not apply,,,no
sub-2024,ses-1,run-02,P2,-18.39,target,2,15.78,target,the two conditions are not separated by hemisphere; the rule does not apply,,,no
sub-2024,ses-2,run-01,P2,-13.99,target,2,15.78,target,montage too close to the midline for its side to be informative,,,no
sub-2024,ses-2,run-02,P2,-13.8,target,2,15.78,target,montage too close to the midline for its side to be informative,,,no
sub-2024,ses-3,run-02,P2,-8.28,target,2,15.78,target,montage too close to the midline for its side to be informative,,,no
sub-2024,ses-4,run-01,P2,-9.11,target,2,15.78,target,montage too close to the midline for its side to be informative,,,no
sub-2024,ses-4,run-02,P2,-5.11,target,2,15.78,target,montage too close to the midline for its side to be informative,,,no
sub-2202,ses-1,run-01,P2,-19.54,target,2,85.89,target,matches the side of the 'target' montage,,,no
sub-2202,ses-1,run-02,P2,-19.9,target,2,85.89,target,matches the side of the 'target' montage,,,no
sub-2202,ses-2,run-01,P2,-16.39,target,2,85.89,target,matches the side of the 'target' montage,,,no
sub-2202,ses-2,run-02,P2,-16.91,target,2,85.89,target,matches the side of the 'target' montage,,,no
sub-2202,ses-3,run-01,P2,-14.44,target,2,85.89,target,montage too close to the midline for its side to be informative,,,no
sub-2202,ses-3,run-02,P2,-14.51,target,2,85.89,target,montage too close to the midline for its side to be informative,,,no
sub-2202,ses-4,run-01,P2,-15.76,target,2,85.89,target,matches the side of the 'target' montage,,,no
sub-2202,ses-4,run-02,P2,-15.85,target,2,85.89,target,matches the side of the 'target' montage,,,no
sub-2204,ses-1,run-01,P2,72.7,control,2,90.98,control,matches the side of the 'control' montage,,,no
sub-2204,ses-1,run-02,P2,73.27,control,2,90.98,control,matches the side of the 'control' montage,,,no
sub-2204,ses-2,run-01,P2,75.11,control,2,90.98,control,matches the side of the 'control' montage,,,no
sub-2204,ses-2,run-02,P2,75.56,control,2,90.98,control,matches the side of the 'control' montage,,,no
sub-2204,ses-3,run-01,P2,74.23,control,2,90.98,control,matches the side of the 'control' montage,,,no
sub-2204,ses-3,run-02,P2,74.47,control,2,90.98,control,matches the side of the 'control' montage,,,no
sub-2204,ses-4,run-01,P2,72.96,control,2,90.98,control,matches the side of the 'control' montage,,,no
sub-2204,ses-4,run-02,P2,73.69,control,2,90.98,control,matches the side of the 'control' montage,,,no
sub-2205,ses-1,run-01,P2,-28.04,target,2,81.99,target,matches the side of the 'target' montage,,,no
sub-2205,ses-1,run-02,P2,-25.0,target,2,81.99,target,matches the side of the 'target' montage,,,no
sub-2205,ses-2,run-01,P2,-20.98,target,2,81.99,target,matches the side of the 'target' montage,,,no
sub-2205,ses-2,run-02,P2,-21.11,target,2,81.99,target,matches the side of the 'target' montage,,,no
sub-2205,ses-4,run-01,P2,-15.06,target,2,81.99,target,matches the side of the 'target' montage,,,no
sub-2205,ses-4,run-02,P2,-4.5,target,2,81.99,target,montage too close to the midline for its side to be informative,,,no
sub-2206,ses-1,run-01,P2,69.86,control,2,91.11,control,matches the side of the 'control' montage,,,no
sub-2206,ses-1,run-02,P2,69.99,control,2,91.11,control,matches the side of the 'control' montage,,,no
sub-2206,ses-2,run-01,P2,72.47,control,2,91.11,control,matches the side of the 'control' montage,,,no
sub-2206,ses-2,run-02,P2,72.61,control,2,91.11,control,matches the side of the 'control' montage,,,no
sub-2206,ses-3,run-01,P2,71.67,control,2,91.11,control,matches the side of the 'control' montage,,,no
sub-2206,ses-3,run-02,P2,71.45,control,2,91.11,control,matches the side of the 'control' montage,,,no
sub-2206,ses-4,run-01,P2,67.13,control,2,91.11,control,matches the side of the 'control' montage,,,no
sub-2206,ses-4,run-02,P2,66.93,control,2,91.11,control,matches the side of the 'control' montage,,,no
sub-2207,ses-1,run-01,P2,-10.46,target,2,80.42,target,montage too close to the midline for its side to be informative,,,no
sub-2207,ses-1,run-02,P2,-10.53,target,2,80.42,target,montage too close to the midline for its side to be informative,,,no
sub-2207,ses-2,run-01,P2,-11.14,target,2,80.42,target,montage too close to the midline for its side to be informative,,,no
sub-2207,ses-2,run-02,P2,-10.99,target,2,80.42,target,montage too close to the midline for its side to be informative,,,no
sub-2207,ses-4,run-01,P2,-9.13,target,2,80.42,target,montage too close to the midline for its side to be informative,,,no
sub-2208,ses-1,run-01,P2,-21.99,target,2,92.79,target,matches the side of the 'target' montage,,,no
sub-2208,ses-1,run-02,P2,-22.39,target,2,92.79,target,matches the side of the 'target' montage,,,no
sub-2208,ses-2,run-01,P2,73.33,control,2,92.79,control,matches the side of the 'control' montage,,,no
sub-2208,ses-2,run-02,P2,72.9,control,2,92.79,control,matches the side of the 'control' montage,,,no
sub-2208,ses-4,run-01,P2,-16.62,target,2,92.79,target,matches the side of the 'target' montage,,,no
sub-2208,ses-4,run-02,P2,-16.67,target,2,92.79,target,matches the side of the 'target' montage,,,no
sub-2209,ses-1,run-01,P2,77.18,control,2,91.41,control,matches the side of the 'control' montage,,,no
sub-2209,ses-1,run-02,P2,77.08,control,2,91.41,control,matches the side of the 'control' montage,,,no
sub-2209,ses-2,run-01,P2,76.62,control,2,91.41,control,matches the side of the 'control' montage,,,no
sub-2209,ses-2,run-02,P2,76.39,control,2,91.41,control,matches the side of the 'control' montage,,,no
sub-2209,ses-3,run-01,P2,77.67,control,2,91.41,control,matches the side of the 'control' montage,,,no
sub-2209,ses-3,run-02,P2,77.75,control,2,91.41,control,matches the side of the 'control' montage,,,no
sub-2209,ses-4,run-01,P2,74.52,control,2,91.41,control,matches the side of the 'control' montage,,,no
sub-2209,ses-4,run-02,P2,74.67,control,2,91.41,control,matches the side of the 'control' montage,,,no
sub-2210,ses-1,run-01,P2,-16.41,target,2,84.54,target,matches the side of the 'target' montage,,,no
sub-2210,ses-1,run-02,P2,-16.15,target,2,84.54,target,matches the side of the 'target' montage,,,no
sub-2210,ses-2,run-01,P2,-12.69,target,2,84.54,target,montage too close to the midline for its side to be informative,,,no
sub-2210,ses-2,run-02,P2,-12.67,target,2,84.54,target,montage too close to the midline for its side to be informative,,,no
sub-2210,ses-3,run-01,P2,-16.62,target,2,84.54,target,matches the side of the 'target' montage,,,no
sub-2210,ses-3,run-02,P2,-8.64,target,2,84.54,target,montage too close to the midline for its side to be informative,,,no
sub-2210,ses-4,run-01,P2,-12.89,target,2,84.54,target,montage too close to the midline for its side to be informative,,,no
sub-2210,ses-4,run-02,P2,-12.54,target,2,84.54,target,montage too close to the midline for its side to be informative,,,no
sub-2211,ses-1,run-01,P2,78.91,control,2,91.64,control,matches the side of the 'control' montage,,,no
sub-2211,ses-1,run-02,P2,79.01,control,2,91.64,control,matches the side of the 'control' montage,,,no
sub-2211,ses-2,run-01,P2,79.18,control,2,91.64,control,matches the side of the 'control' montage,,,no
sub-2211,ses-2,run-02,P2,78.98,control,2,91.64,control,matches the side of the 'control' montage,,,no
sub-2211,ses-3,run-01,P2,76.77,control,2,91.64,control,matches the side of the 'control' montage,,,no
sub-2211,ses-3,run-02,P2,76.55,control,2,91.64,control,matches the side of the 'control' montage,,,no
sub-2211,ses-4,run-01,P2,77.8,control,2,91.64,control,matches the side of the 'control' montage,,,no
sub-2211,ses-4,run-02,P2,77.66,control,2,91.64,control,matches the side of the 'control' montage,,,no
sub-2212,ses-1,run-01,P2,-27.51,target,2,96.77,target,matches the side of the 'target' montage,,,no
sub-2212,ses-1,run-02,P2,-27.36,target,2,96.77,target,matches the side of the 'target' montage,,,no
sub-2212,ses-2,run-01,P2,-23.31,target,2,96.77,target,matches the side of the 'target' montage,,,no
sub-2212,ses-2,run-02,P2,-22.82,target,2,96.77,target,matches the side of the 'target' montage,,,no
sub-2212,ses-3,run-01,P2,-21.83,target,2,96.77,target,matches the side of the 'target' montage,,,no
sub-2212,ses-3,run-02,P2,-24.04,target,2,96.77,target,matches the side of the 'target' montage,,,no
sub-2213,ses-1,run-01,P2,71.07,control,2,82.01,control,matches the side of the 'control' montage,,,no
sub-2213,ses-1,run-02,P2,72.24,control,2,82.01,control,matches the side of the 'control' montage,,,no
sub-2213,ses-2,run-01,P2,70.21,control,2,82.01,control,matches the side of the 'control' montage,,,no
sub-2213,ses-2,run-02,P2,75.16,control,2,82.01,control,matches the side of the 'control' montage,,,no
sub-2213,ses-3,run-01,P2,70.58,control,2,82.01,control,matches the side of the 'control' montage,,,no
sub-2213,ses-3,run-02,P2,69.97,control,2,82.01,control,matches the side of the 'control' montage,,,no
sub-2213,ses-4,run-01,P2,71.46,control,2,82.01,control,matches the side of the 'control' montage,,,no
sub-2213,ses-4,run-02,P2,75.06,control,2,82.01,control,matches the side of the 'control' montage,,,no
sub-2214,ses-1,run-01,P2,71.23,control,2,88.59,control,matches the side of the 'control' montage,,,no
sub-2214,ses-1,run-02,P2,67.21,control,2,88.59,control,matches the side of the 'control' montage,,,no
sub-2214,ses-2,run-01,P2,74.15,control,2,88.59,control,matches the side of the 'control' montage,,,no
sub-2214,ses-2,run-02,P2,74.61,control,2,88.59,control,matches the side of the 'control' montage,,,no
sub-2214,ses-3,run-01,P2,72.91,control,2,88.59,control,matches the side of the 'control' montage,,,no
sub-2214,ses-3,run-02,P2,72.27,control,2,88.59,control,matches the side of the 'control' montage,,,no
sub-2214,ses-4,run-01,P2,72.0,control,2,88.59,control,matches the side of the 'control' montage,,,no
sub-2214,ses-4,run-02,P2,71.89,control,2,88.59,control,matches the side of the 'control' montage,,,no
sub-2215,ses-1,run-01,P2,68.61,control,2,90.19,control,matches the side of the 'control' montage,,,no
sub-2215,ses-1,run-02,P2,68.35,control,2,90.19,control,matches the side of the 'control' montage,,,no
sub-2215,ses-2,run-01,P2,68.31,control,2,90.19,control,matches the side of the 'control' montage,,,no
sub-2215,ses-2,run-02,P2,68.43,control,2,90.19,control,matches the side of the 'control' montage,,,no
sub-2215,ses-3,run-01,P2,70.42,control,2,90.19,control,matches the side of the 'control' montage,,,no
sub-2215,ses-3,run-02,P2,70.23,control,2,90.19,control,matches the side of the 'control' montage,,,no
sub-2215,ses-4,run-01,P2,67.53,control,2,90.19,control,matches the side of the 'control' montage,,,no
sub-2215,ses-4,run-02,P2,67.59,control,2,90.19,control,matches the side of the 'control' montage,,,no
sub-2216,ses-1,run-01,P2,-20.17,target,2,90.39,target,matches the side of the 'target' montage,,,no
sub-2216,ses-1,run-02,P2,-20.35,target,2,90.39,target,matches the side of the 'target' montage,,,no
sub-2216,ses-2,run-01,P2,-16.84,target,2,90.39,target,matches the side of the 'target' montage,,,no
sub-2216,ses-2,run-02,P2,-16.44,target,2,90.39,target,matches the side of the 'target' montage,,,no
sub-2216,ses-3,run-01,P2,-17.49,target,2,90.39,target,matches the side of the 'target' montage,,,no
sub-2216,ses-3,run-02,P2,-18.02,target,2,90.39,target,matches the side of the 'target' montage,,,no
sub-2216,ses-4,run-01,P2,-19.62,target,2,90.39,target,matches the side of the 'target' montage,,,no
sub-2216,ses-4,run-02,P2,-17.02,target,2,90.39,target,matches the side of the 'target' montage,,,no
sub-2217,ses-1,run-01,P2,-22.72,target,2,100.66,target,matches the side of the 'target' montage,,,no
sub-2217,ses-1,run-02,P2,-22.58,target,2,100.66,target,matches the side of the 'target' montage,,,no
sub-2217,ses-2,run-01,P2,-20.71,target,2,100.66,target,matches the side of the 'target' montage,,,no
sub-2217,ses-2,run-02,P2,-20.74,target,2,100.66,target,matches the side of the 'target' montage,,,no
sub-2217,ses-3,run-01,P2,-23.68,target,2,100.66,target,matches the side of the 'target' montage,,,no
sub-2217,ses-3,run-02,P2,-24.22,target,2,100.66,target,matches the side of the 'target' montage,,,no
sub-2218,ses-1,run-01,P2,-20.86,target,2,103.23,target,matches the side of the 'target' montage,,,no
sub-2218,ses-1,run-02,P2,-22.57,target,2,103.23,target,matches the side of the 'target' montage,,,no
sub-2218,ses-2,run-01,P2,-30.78,target,2,103.23,target,matches the side of the 'target' montage,,,no
sub-2218,ses-2,run-02,P2,-30.13,target,2,103.23,target,matches the side of the 'target' montage,,,no
sub-2218,ses-3,run-01,P2,-21.78,target,2,103.23,target,matches the side of the 'target' montage,,,no
sub-2218,ses-3,run-02,P2,-21.61,target,2,103.23,target,matches the side of the 'target' montage,,,no
sub-2218,ses-4,run-01,P2,-24.31,target,2,103.23,target,matches the side of the 'target' montage,,,no
sub-2218,ses-4,run-02,P2,-22.84,target,2,103.23,target,matches the side of the 'target' montage,,,no
sub-2219,ses-1,run-01,P2,75.39,control,2,91.7,control,matches the side of the 'control' montage,,,no
sub-2219,ses-1,run-02,P2,75.56,control,2,91.7,control,matches the side of the 'control' montage,,,no
sub-2219,ses-2,run-01,P2,75.67,control,2,91.7,control,matches the side of the 'control' montage,,,no
sub-2219,ses-2,run-02,P2,76.37,control,2,91.7,control,matches the side of the 'control' montage,,,no
sub-2219,ses-3,run-01,P2,75.1,control,2,91.7,control,matches the side of the 'control' montage,,,no
sub-2219,ses-3,run-02,P2,75.12,control,2,91.7,control,matches the side of the 'control' montage,,,no
sub-2219,ses-4,run-01,P2,75.47,control,2,91.7,control,matches the side of the 'control' montage,,,no
sub-2219,ses-4,run-02,P2,75.51,control,2,91.7,control,matches the side of the 'control' montage,,,no
sub-2220,ses-1,run-01,P2,-25.26,target,2,86.38,target,matches the side of the 'target' montage,,,no
sub-2220,ses-1,run-02,P2,-27.61,target,2,86.38,target,matches the side of the 'target' montage,,,no
sub-2220,ses-2,run-01,P2,-22.8,target,2,86.38,target,matches the side of the 'target' montage,,,no
sub-2220,ses-2,run-02,P2,-22.55,target,2,86.38,target,matches the side of the 'target' montage,,,no
sub-2220,ses-3,run-01,P2,-12.91,target,2,86.38,target,montage too close to the midline for its side to be informative,,,no
sub-2220,ses-3,run-02,P2,-13.17,target,2,86.38,target,montage too close to the midline for its side to be informative,,,no
sub-2220,ses-4,run-01,P2,-26.29,target,2,86.38,target,matches the side of the 'target' montage,,,no
sub-2220,ses-4,run-02,P2,-29.75,target,2,86.38,target,matches the side of the 'target' montage,,,no
sub-2221,ses-1,run-01,P2,-18.06,target,2,81.38,target,matches the side of the 'target' montage,,,no
sub-2221,ses-2,run-01,P2,-18.37,target,2,81.38,target,matches the side of the 'target' montage,,,no
sub-2221,ses-2,run-02,P2,-18.46,target,2,81.38,target,matches the side of the 'target' montage,,,no
sub-2221,ses-3,run-01,P2,-13.17,target,2,81.38,target,montage too close to the midline for its side to be informative,,,no
sub-2221,ses-3,run-02,P2,-13.19,target,2,81.38,target,montage too close to the midline for its side to be informative,,,no
sub-2221,ses-4,run-01,P2,-17.78,target,2,81.38,target,matches the side of the 'target' montage,,,no
sub-2221,ses-4,run-02,P2,-17.84,target,2,81.38,target,matches the side of the 'target' montage,,,no
sub-2222,ses-1,run-01,P2,-27.6,target,2,101.32,target,matches the side of the 'target' montage,,,no
sub-2222,ses-1,run-02,P2,-27.1,target,2,101.32,target,matches the side of the 'target' montage,,,no
sub-2222,ses-2,run-01,P2,-28.17,target,2,101.32,target,matches the side of the 'target' montage,,,no
sub-2222,ses-2,run-02,P2,-25.01,target,2,101.32,target,matches the side of the 'target' montage,,,no
sub-2222,ses-3,run-01,P2,-21.79,target,2,101.32,target,matches the side of the 'target' montage,,,no
sub-2222,ses-3,run-02,P2,-17.02,target,2,101.32,target,matches the side of the 'target' montage,,,no
sub-2222,ses-4,run-01,P2,-28.78,target,2,101.32,target,matches the side of the 'target' montage,,,no
sub-2222,ses-4,run-02,P2,-25.34,target,2,101.32,target,matches the side of the 'target' montage,,,no
sub-2223,ses-1,run-01,P2,65.61,control,2,81.55,control,matches the side of the 'control' montage,,,no
sub-2223,ses-1,run-02,P2,65.67,control,2,81.55,control,matches the side of the 'control' montage,,,no
sub-2223,ses-2,run-01,P2,65.32,control,2,81.55,control,matches the side of the 'control' montage,,,no
sub-2223,ses-2,run-02,P2,65.21,control,2,81.55,control,matches the side of the 'control' montage,,,no
sub-2223,ses-3,run-01,P2,64.82,control,2,81.55,control,matches the side of the 'control' montage,,,no
sub-2223,ses-3,run-02,P2,65.05,control,2,81.55,control,matches the side of the 'control' montage,,,no
sub-2223,ses-4,run-01,P2,66.18,control,2,81.55,control,matches the side of the 'control' montage,,,no
sub-2223,ses-4,run-02,P2,65.97,control,2,81.55,control,matches the side of the 'control' montage,,,no
sub-2225,ses-1,run-01,P2,-5.93,target,2,83.79,target,montage too close to the midline for its side to be informative,,,no
sub-2225,ses-1,run-02,P2,-6.3,target,2,83.79,target,montage too close to the midline for its side to be informative,,,no
sub-2225,ses-2,run-01,P2,-17.13,target,2,83.79,target,matches the side of the 'target' montage,,,no
sub-2225,ses-2,run-02,P2,-17.44,target,2,83.79,target,matches the side of the 'target' montage,,,no
sub-2225,ses-3,run-01,P2,-6.54,target,2,83.79,target,montage too close to the midline for its side to be informative,,,no
sub-2225,ses-3,run-02,P2,-7.42,target,2,83.79,target,montage too close to the midline for its side to be informative,,,no
sub-2225,ses-4,run-01,P2,-10.07,target,2,83.79,target,montage too close to the midline for its side to be informative,,,no
sub-2225,ses-4,run-02,P2,-10.1,target,2,83.79,target,montage too close to the midline for its side to be informative,,,no
sub-2226,ses-1,run-01,P2,-11.99,target,2,83.27,target,montage too close to the midline for its side to be informative,,,no
sub-2226,ses-1,run-02,P2,-12.05,target,2,83.27,target,montage too close to the midline for its side to be informative,,,no
sub-2226,ses-2,run-01,P2,-16.63,target,2,83.27,target,matches the side of the 'target' montage,,,no
sub-2226,ses-2,run-02,P2,-16.86,target,2,83.27,target,matches the side of the 'target' montage,,,no
sub-2226,ses-3,run-01,P2,-10.45,target,2,83.27,target,montage too close to the midline for its side to be informative,,,no
sub-2226,ses-3,run-02,P2,-10.17,target,2,83.27,target,montage too close to the midline for its side to be informative,,,no
sub-2226,ses-4,run-01,P2,-6.36,target,2,83.27,target,montage too close to the midline for its side to be informative,,,no
sub-2226,ses-4,run-02,P2,-6.25,target,2,83.27,target,montage too close to the midline for its side to be informative,,,no
sub-2227,ses-1,run-01,P2,71.58,control,2,87.71,control,matches the side of the 'control' montage,,,no
sub-2227,ses-1,run-02,P2,71.43,control,2,87.71,control,matches the side of the 'control' montage,,,no
sub-2227,ses-2,run-01,P2,71.23,control,2,87.71,control,matches the side of the 'control' montage,,,no
sub-2227,ses-2,run-02,P2,71.08,control,2,87.71,control,matches the side of the 'control' montage,,,no
sub-2227,ses-3,run-01,P2,69.88,control,2,87.71,control,matches the side of the 'control' montage,,,no
sub-2227,ses-3,run-02,P2,69.96,control,2,87.71,control,matches the side of the 'control' montage,,,no
sub-2227,ses-4,run-01,P2,69.72,control,2,87.71,control,matches the side of the 'control' montage,,,no
sub-2227,ses-4,run-02,P2,70.02,control,2,87.71,control,matches the side of the 'control' montage,,,no
sub-2228,ses-1,run-01,P2,70.02,control,2,80.7,control,matches the side of the 'control' montage,,,no
sub-2228,ses-1,run-02,P2,70.21,control,2,80.7,control,matches the side of the 'control' montage,,,no
sub-2228,ses-2,run-01,P2,67.1,control,2,80.7,control,matches the side of the 'control' montage,,,no
sub-2228,ses-2,run-02,P2,67.39,control,2,80.7,control,matches the side of the 'control' montage,,,no
sub-2228,ses-3,run-01,P2,66.53,control,2,80.7,control,matches the side of the 'control' montage,,,no
sub-2228,ses-3,run-02,P2,66.18,control,2,80.7,control,matches the side of the 'control' montage,,,no
sub-2228,ses-4,run-01,P2,68.03,control,2,80.7,control,matches the side of the 'control' montage,,,no
sub-2228,ses-4,run-02,P2,67.63,control,2,80.7,control,matches the side of the 'control' montage,,,no
sub-2229,ses-1,run-01,P2,77.42,control,2,96.48,control,matches the side of the 'control' montage,,,no
sub-2229,ses-1,run-02,P2,77.48,control,2,96.48,control,matches the side of the 'control' montage,,,no
sub-2229,ses-2,run-01,P2,77.43,control,2,96.48,control,matches the side of the 'control' montage,,,no
sub-2229,ses-2,run-02,P2,77.55,control,2,96.48,control,matches the side of the 'control' montage,,,no
sub-2229,ses-3,run-01,P2,78.19,control,2,96.48,control,matches the side of the 'control' montage,,,no
sub-2229,ses-3,run-02,P2,77.79,control,2,96.48,control,matches the side of the 'control' montage,,,no
sub-2229,ses-4,run-01,P2,78.33,control,2,96.48,control,matches the side of the 'control' montage,,,no
sub-2229,ses-4,run-02,P2,78.27,control,2,96.48,control,matches the side of the 'control' montage,,,no
sub-2230,ses-1,run-01,P2,-26.37,target,2,90.58,target,matches the side of the 'target' montage,,,no
sub-2230,ses-1,run-02,P2,-26.0,target,2,90.58,target,matches the side of the 'target' montage,,,no
sub-2230,ses-2,run-01,P2,-20.19,target,2,90.58,target,matches the side of the 'target' montage,,,no
sub-2230,ses-2,run-02,P2,-19.49,target,2,90.58,target,matches the side of the 'target' montage,,,no
sub-2231,ses-1,run-01,P2,-7.43,target,2,85.93,target,montage too close to the midline for its side to be informative,,,no
sub-2231,ses-1,run-02,P2,-7.29,target,2,85.93,target,montage too close to the midline for its side to be informative,,,no
sub-2231,ses-2,run-01,P2,-2.11,target,2,85.93,target,montage too close to the midline for its side to be informative,,,no
sub-2231,ses-2,run-02,P2,-1.83,target,2,85.93,target,montage too close to the midline for its side to be informative,,,no
sub-2231,ses-3,run-01,P2,-3.59,target,2,85.93,target,montage too close to the midline for its side to be informative,,,no
sub-2231,ses-3,run-02,P2,-4.79,target,2,85.93,target,montage too close to the midline for its side to be informative,,,no
sub-2231,ses-4,run-01,P2,-9.88,target,2,85.93,target,montage too close to the midline for its side to be informative,,,no
sub-2231,ses-4,run-02,P2,-9.74,target,2,85.93,target,montage too close to the midline for its side to be informative,,,no
sub-2232,ses-1,run-01,P2,71.72,control,2,87.26,control,matches the side of the 'control' montage,,,no
sub-2232,ses-1,run-02,P2,72.19,control,2,87.26,control,matches the side of the 'control' montage,,,no
sub-2232,ses-2,run-01,P2,72.44,control,2,87.26,control,matches the side of the 'control' montage,,,no
sub-2232,ses-2,run-02,P2,72.69,control,2,87.26,control,matches the side of the 'control' montage,,,no
sub-2232,ses-3,run-01,P2,72.02,control,2,87.26,control,matches the side of the 'control' montage,,,no
sub-2232,ses-3,run-02,P2,71.7,control,2,87.26,control,matches the side of the 'control' montage,,,no
sub-2232,ses-4,run-01,P2,73.12,control,2,87.26,control,matches the side of the 'control' montage,,,no
sub-2232,ses-4,run-02,P2,73.25,control,2,87.26,control,matches the side of the 'control' montage,,,no
sub-2233,ses-1,run-01,P2,70.06,control,2,96.48,control,matches the side of the 'control' montage,,,no
sub-2233,ses-1,run-02,P2,70.33,control,2,96.48,control,matches the side of the 'control' montage,,,no
sub-2233,ses-2,run-01,P2,67.47,control,2,96.48,control,matches the side of the 'control' montage,,,no
sub-2233,ses-2,run-02,P2,67.35,control,2,96.48,control,matches the side of the 'control' montage,,,no
sub-2233,ses-3,run-01,P2,69.59,control,2,96.48,control,matches the side of the 'control' montage,,,no
sub-2233,ses-3,run-02,P2,69.82,control,2,96.48,control,matches the side of the 'control' montage,,,no
sub-2233,ses-4,run-01,P2,70.68,control,2,96.48,control,matches the side of the 'control' montage,,,no
sub-2233,ses-4,run-02,P2,70.43,control,2,96.48,control,matches the side of the 'control' montage,,,no
sub-2234,ses-1,run-01,P2,-8.83,target,2,89.19,target,montage too close to the midline for its side to be informative,,,no
sub-2234,ses-1,run-02,P2,-8.82,target,2,89.19,target,montage too close to the midline for its side to be informative,,,no
sub-2234,ses-2,run-01,P2,-13.02,target,2,89.19,target,montage too close to the midline for its side to be informative,,,no
sub-2234,ses-2,run-02,P2,-10.34,target,2,89.19,target,montage too close to the midline for its side to be informative,,,no
sub-2235,ses-1,run-01,P2,-22.7,target,2,94.81,target,matches the side of the 'target' montage,,,no
sub-2235,ses-1,run-02,P2,-22.46,target,2,94.81,target,matches the side of the 'target' montage,,,no
sub-2235,ses-2,run-01,P2,-23.69,target,2,94.81,target,matches the side of the 'target' montage,,,no
sub-2235,ses-2,run-02,P2,-23.32,target,2,94.81,target,matches the side of the 'target' montage,,,no
sub-2235,ses-3,run-01,P2,-17.49,target,2,94.81,target,matches the side of the 'target' montage,,,no
sub-2235,ses-3,run-02,P2,-16.85,target,2,94.81,target,matches the side of the 'target' montage,,,no
sub-2235,ses-4,run-01,P2,-15.04,target,2,94.81,target,matches the side of the 'target' montage,,,no
sub-2235,ses-4,run-02,P2,-23.81,target,2,94.81,target,matches the side of the 'target' montage,,,no
sub-2236,ses-1,run-01,P2,73.86,control,2,91.99,control,matches the side of the 'control' montage,,,no
sub-2236,ses-1,run-02,P2,73.8,control,2,91.99,control,matches the side of the 'control' montage,,,no
sub-2236,ses-2,run-01,P2,72.69,control,2,91.99,control,matches the side of the 'control' montage,,,no
sub-2236,ses-2,run-02,P2,72.91,control,2,91.99,control,matches the side of the 'control' montage,,,no
sub-2236,ses-3,run-01,P2,-5.22,target,2,91.99,target,montage too close to the midline for its side to be informative,,,no
sub-2236,ses-3,run-02,P2,-5.1,target,2,91.99,target,montage too close to the midline for its side to be informative,,,no
sub-2236,ses-4,run-01,P2,73.28,control,2,91.99,control,matches the side of the 'control' montage,,,no
sub-2236,ses-4,run-02,P2,73.37,control,2,91.99,control,matches the side of the 'control' montage,,,no
sub-2237,ses-1,run-01,P2,-6.63,target,2,86.79,target,montage too close to the midline for its side to be informative,,,no
sub-2237,ses-1,run-02,P2,-6.04,target,2,86.79,target,montage too close to the midline for its side to be informative,,,no
sub-2237,ses-2,run-01,P2,-18.92,target,2,86.79,target,matches the side of the 'target' montage,,,no
sub-2237,ses-2,run-02,P2,-18.27,target,2,86.79,target,matches the side of the 'target' montage,,,no
sub-2237,ses-3,run-01,P2,-15.13,target,2,86.79,target,matches the side of the 'target' montage,,,no
sub-2237,ses-3,run-02,P2,-14.77,target,2,86.79,target,montage too close to the midline for its side to be informative,,,no
sub-2237,ses-4,run-01,P2,-23.8,target,2,86.79,target,matches the side of the 'target' montage,,,no
sub-2237,ses-4,run-02,P2,-22.4,target,2,86.79,target,matches the side of the 'target' montage,,,no
sub-2239,ses-1,run-01,P2,62.97,control,2,85.15,control,matches the side of the 'control' montage,,,no
sub-2239,ses-1,run-02,P2,62.57,control,2,85.15,control,matches the side of the 'control' montage,,,no
sub-2239,ses-2,run-01,P2,63.87,control,2,85.15,control,matches the side of the 'control' montage,,,no
sub-2239,ses-2,run-02,P2,63.65,control,2,85.15,control,matches the side of the 'control' montage,,,no
sub-2239,ses-3,run-01,P2,58.89,control,2,85.15,control,matches the side of the 'control' montage,,,no
sub-2239,ses-3,run-02,P2,57.76,control,2,85.15,control,matches the side of the 'control' montage,,,no
sub-2239,ses-4,run-01,P2,64.09,control,2,85.15,control,matches the side of the 'control' montage,,,no
sub-2239,ses-4,run-02,P2,63.96,control,2,85.15,control,matches the side of the 'control' montage,,,no
sub-2241,ses-1,run-01,P2,-24.81,target,2,103.52,target,matches the side of the 'target' montage,,,no
sub-2241,ses-1,run-02,P2,-24.54,target,2,103.52,target,matches the side of the 'target' montage,,,no
sub-2241,ses-2,run-01,P2,-17.43,target,2,103.52,target,matches the side of the 'target' montage,,,no
sub-2241,ses-2,run-02,P2,-17.38,target,2,103.52,target,matches the side of the 'target' montage,,,no
sub-2241,ses-3,run-01,P2,-29.48,target,2,103.52,target,matches the side of the 'target' montage,,,no
sub-2241,ses-3,run-02,P2,-29.47,target,2,103.52,target,matches the side of the 'target' montage,,,no
sub-2241,ses-4,run-01,P2,-28.5,target,2,103.52,target,matches the side of the 'target' montage,,,no
sub-2241,ses-4,run-02,P2,-23.06,target,2,103.52,target,matches the side of the 'target' montage,,,no
sub-2242,ses-1,run-01,P2,-11.9,target,2,88.13,target,montage too close to the midline for its side to be informative,,,no
sub-2242,ses-1,run-02,P2,-11.92,target,2,88.13,target,montage too close to the midline for its side to be informative,,,no
sub-2242,ses-2,run-01,P2,-15.12,target,2,88.13,target,matches the side of the 'target' montage,,,no
sub-2242,ses-2,run-02,P2,-14.89,target,2,88.13,target,montage too close to the midline for its side to be informative,,,no
sub-2242,ses-3,run-01,P2,-7.76,target,2,88.13,target,montage too close to the midline for its side to be informative,,,no
sub-2242,ses-3,run-02,P2,-8.63,target,2,88.13,target,montage too close to the midline for its side to be informative,,,no
sub-2242,ses-4,run-01,P2,-18.14,target,2,88.13,target,matches the side of the 'target' montage,,,no
sub-2242,ses-4,run-02,P2,-18.42,target,2,88.13,target,matches the side of the 'target' montage,,,no
sub-2243,ses-1,run-01,P2,75.24,control,2,94.06,control,matches the side of the 'control' montage,,,no
sub-2243,ses-1,run-02,P2,73.72,control,2,94.06,control,matches the side of the 'control' montage,,,no
sub-2243,ses-2,run-01,P2,73.56,control,2,94.06,control,matches the side of the 'control' montage,,,no
sub-2243,ses-2,run-02,P2,71.96,control,2,94.06,control,matches the side of the 'control' montage,,,no
sub-2243,ses-3,run-01,P2,72.77,control,2,94.06,control,matches the side of the 'control' montage,,,no
sub-2243,ses-3,run-02,P2,72.84,control,2,94.06,control,matches the side of the 'control' montage,,,no
sub-2244,ses-1,run-01,P2,70.78,control,2,82.35,control,matches the side of the 'control' montage,,,no
sub-2244,ses-1,run-02,P2,66.84,control,2,82.35,control,matches the side of the 'control' montage,,,no
sub-2244,ses-2,run-01,P2,69.97,control,2,82.35,control,matches the side of the 'control' montage,,,no
sub-2244,ses-2,run-02,P2,69.77,control,2,82.35,control,matches the side of the 'control' montage,,,no
sub-2244,ses-3,run-01,P2,65.52,control,2,82.35,control,matches the side of the 'control' montage,,,no
sub-2244,ses-3,run-02,P2,65.41,control,2,82.35,control,matches the side of the 'control' montage,,,no
sub-2244,ses-4,run-01,P2,-11.54,target,2,82.35,target,montage too close to the midline for its side to be informative,,,no
sub-2244,ses-4,run-02,P2,-11.2,target,2,82.35,target,montage too close to the midline for its side to be informative,,,no
sub-2245,ses-1,run-01,P2,71.8,control,2,91.31,control,matches the side of the 'control' montage,,,no
sub-2245,ses-1,run-02,P2,71.53,control,2,91.31,control,matches the side of the 'control' montage,,,no
sub-2245,ses-2,run-01,P2,71.02,control,2,91.31,control,matches the side of the 'control' montage,,,no
sub-2245,ses-2,run-02,P2,70.93,control,2,91.31,control,matches the side of the 'control' montage,,,no
sub-2245,ses-3,run-01,P2,71.74,control,2,91.31,control,matches the side of the 'control' montage,,,no
sub-2245,ses-3,run-02,P2,71.72,control,2,91.31,control,matches the side of the 'control' montage,,,no
sub-2245,ses-4,run-01,P2,73.27,control,2,91.31,control,matches the side of the 'control' montage,,,no
sub-2245,ses-4,run-02,P2,71.0,control,2,91.31,control,matches the side of the 'control' montage,,,no
sub-2246,ses-1,run-01,P2,-5.65,target,2,85.47,target,montage too close to the midline for its side to be informative,,,no
sub-2246,ses-1,run-02,P2,-5.59,target,2,85.47,target,montage too close to the midline for its side to be informative,,,no
sub-2246,ses-2,run-01,P2,-8.24,target,2,85.47,target,montage too close to the midline for its side to be informative,,,no
sub-2246,ses-2,run-02,P2,-8.47,target,2,85.47,target,montage too close to the midline for its side to be informative,,,no
sub-2246,ses-3,run-01,P2,-11.49,target,2,85.47,target,montage too close to the midline for its side to be informative,,,no
sub-2246,ses-3,run-02,P2,-11.03,target,2,85.47,target,montage too close to the midline for its side to be informative,,,no
sub-2246,ses-4,run-01,P2,-8.16,target,2,85.47,target,montage too close to the midline for its side to be informative,,,no
sub-2246,ses-4,run-02,P2,-8.0,target,2,85.47,target,montage too close to the midline for its side to be informative,,,no
sub-2247,ses-1,run-01,P2,-19.0,target,2,85.77,target,matches the side of the 'target' montage,,,no
sub-2247,ses-1,run-02,P2,-18.35,target,2,85.77,target,matches the side of the 'target' montage,,,no
sub-2247,ses-2,run-01,P2,-22.77,target,2,85.77,target,matches the side of the 'target' montage,,,no
sub-2247,ses-2,run-02,P2,-22.54,target,2,85.77,target,matches the side of the 'target' montage,,,no
sub-2247,ses-3,run-01,P2,-18.99,target,2,85.77,target,matches the side of the 'target' montage,,,no
sub-2247,ses-3,run-02,P2,-17.63,target,2,85.77,target,matches the side of the 'target' montage,,,no
sub-2247,ses-4,run-01,P2,-9.85,target,2,85.77,target,montage too close to the midline for its side to be informative,,,no
sub-2247,ses-4,run-02,P2,-10.6,target,2,85.77,target,montage too close to the midline for its side to be informative,,,no
sub-2248,ses-1,run-01,P2,-25.49,target,2,87.09,target,matches the side of the 'target' montage,,,no
sub-2248,ses-1,run-02,P2,-25.55,target,2,87.09,target,matches the side of the 'target' montage,,,no
sub-2248,ses-2,run-01,P2,-23.64,target,2,87.09,target,matches the side of the 'target' montage,,,no
sub-2248,ses-2,run-02,P2,-24.14,target,2,87.09,target,matches the side of the 'target' montage,,,no
sub-2248,ses-3,run-01,P2,-23.79,target,2,87.09,target,matches the side of the 'target' montage,,,no
sub-2248,ses-3,run-02,P2,-23.68,target,2,87.09,target,matches the side of the 'target' montage,,,no
sub-2248,ses-4,run-01,P2,-19.32,target,2,87.09,target,matches the side of the 'target' montage,,,no
sub-2248,ses-4,run-02,P2,-19.17,target,2,87.09,target,matches the side of the 'target' montage,,,no
sub-2250,ses-1,run-01,P2,57.82,control,2,80.74,control,matches the side of the 'control' montage,,,no
sub-2250,ses-1,run-02,P2,58.0,control,2,80.74,control,matches the side of the 'control' montage,,,no
sub-2250,ses-2,run-01,P2,63.27,control,2,80.74,control,matches the side of the 'control' montage,,,no
sub-2250,ses-2,run-02,P2,63.32,control,2,80.74,control,matches the side of the 'control' montage,,,no
sub-2250,ses-3,run-01,P2,64.99,control,2,80.74,control,matches the side of the 'control' montage,,,no
sub-2250,ses-3,run-02,P2,65.07,control,2,80.74,control,matches the side of the 'control' montage,,,no
sub-2250,ses-4,run-01,P2,62.25,control,2,80.74,control,matches the side of the 'control' montage,,,no
sub-2250,ses-4,run-02,P2,63.01,control,2,80.74,control,matches the side of the 'control' montage,,,no
sub-2252,ses-1,run-01,P2,-7.97,target,2,95.99,target,montage too close to the midline for its side to be informative,,,no
sub-2252,ses-1,run-02,P2,-7.85,target,2,95.99,target,montage too close to the midline for its side to be informative,,,no
sub-2252,ses-2,run-01,P2,-10.46,target,2,95.99,target,montage too close to the midline for its side to be informative,,,no
sub-2252,ses-2,run-02,P2,-10.66,target,2,95.99,target,montage too close to the midline for its side to be informative,,,no
sub-2252,ses-3,run-01,P2,-13.29,target,2,95.99,target,montage too close to the midline for its side to be informative,,,no
sub-2252,ses-3,run-02,P2,-13.49,target,2,95.99,target,montage too close to the midline for its side to be informative,,,no
sub-2252,ses-4,run-01,P2,-14.8,target,2,95.99,target,montage too close to the midline for its side to be informative,,,no
sub-2252,ses-4,run-02,P2,-15.19,target,2,95.99,target,matches the side of the 'target' montage,,,no
sub-2253,ses-1,run-01,P2,-16.53,target,2,97.39,target,matches the side of the 'target' montage,,,no
sub-2253,ses-1,run-02,P2,-15.73,target,2,97.39,target,matches the side of the 'target' montage,,,no
sub-2253,ses-2,run-01,P2,-19.3,target,2,97.39,target,matches the side of the 'target' montage,,,no
sub-2253,ses-2,run-02,P2,-20.21,target,2,97.39,target,matches the side of the 'target' montage,,,no
sub-2253,ses-3,run-01,P2,-25.58,target,2,97.39,target,matches the side of the 'target' montage,,,no
sub-2253,ses-3,run-02,P2,-25.1,target,2,97.39,target,matches the side of the 'target' montage,,,no
sub-2253,ses-4,run-01,P2,-22.01,target,2,97.39,target,matches the side of the 'target' montage,,,no
sub-2254,ses-1,run-01,P2,69.94,control,2,85.03,control,matches the side of the 'control' montage,,,no
sub-2254,ses-1,run-02,P2,70.11,control,2,85.03,control,matches the side of the 'control' montage,,,no
sub-2254,ses-3,run-01,P2,70.03,control,2,85.03,control,matches the side of the 'control' montage,,,no
sub-2254,ses-3,run-02,P2,70.81,control,2,85.03,control,matches the side of the 'control' montage,,,no
sub-2254,ses-4,run-01,P2,71.27,control,2,85.03,control,matches the side of the 'control' montage,,,no
sub-2254,ses-4,run-02,P2,71.46,control,2,85.03,control,matches the side of the 'control' montage,,,no
sub-2255,ses-1,run-01,P2,-19.1,target,2,86.64,target,matches the side of the 'target' montage,,,no
sub-2255,ses-1,run-02,P2,-18.71,target,2,86.64,target,matches the side of the 'target' montage,,,no
sub-2255,ses-2,run-01,P2,-21.88,target,2,86.64,target,matches the side of the 'target' montage,,,no
sub-2255,ses-2,run-02,P2,-22.13,target,2,86.64,target,matches the side of the 'target' montage,,,no
sub-2255,ses-3,run-01,P2,-19.09,target,2,86.64,target,matches the side of the 'target' montage,,,no
sub-2255,ses-3,run-02,P2,-19.52,target,2,86.64,target,matches the side of the 'target' montage,,,no
sub-2255,ses-4,run-01,P2,-9.21,target,2,86.64,target,montage too close to the midline for its side to be informative,,,no
sub-2255,ses-4,run-02,P2,-8.41,target,2,86.64,target,montage too close to the midline for its side to be informative,,,no
sub-2256,ses-1,run-01,P2,66.71,control,2,86.5,control,matches the side of the 'control' montage,,,no
sub-2256,ses-1,run-02,P2,67.07,control,2,86.5,control,matches the side of the 'control' montage,,,no
sub-2256,ses-2,run-01,P2,68.75,control,2,86.5,control,matches the side of the 'control' montage,,,no
sub-2256,ses-2,run-02,P2,68.58,control,2,86.5,control,matches the side of the 'control' montage,,,no
sub-2256,ses-3,run-01,P2,68.33,control,2,86.5,control,matches the side of the 'control' montage,,,no
sub-2256,ses-3,run-02,P2,68.43,control,2,86.5,control,matches the side of the 'control' montage,,,no
sub-2256,ses-4,run-01,P2,69.38,control,2,86.5,control,matches the side of the 'control' montage,,,no
sub-2256,ses-4,run-02,P2,69.53,control,2,86.5,control,matches the side of the 'control' montage,,,no
sub-2257,ses-1,run-01,P2,-12.47,target,2,90.5,target,montage too close to the midline for its side to be informative,,,no
sub-2257,ses-1,run-02,P2,-12.61,target,2,90.5,target,montage too close to the midline for its side to be informative,,,no
sub-2257,ses-2,run-01,P2,-13.7,target,2,90.5,target,montage too close to the midline for its side to be informative,,,no
sub-2257,ses-2,run-02,P2,-13.81,target,2,90.5,target,montage too close to the midline for its side to be informative,,,no
sub-2257,ses-4,run-01,P2,-16.11,target,2,90.5,target,matches the side of the 'target' montage,,,no
sub-2257,ses-4,run-02,P2,-16.22,target,2,90.5,target,matches the side of the 'target' montage,,,no
sub-2258,ses-1,run-01,P2,71.89,control,2,86.92,control,matches the side of the 'control' montage,,,no
sub-2258,ses-1,run-02,P2,71.93,control,2,86.92,control,matches the side of the 'control' montage,,,no
sub-2259,ses-1,run-01,P2,61.02,control,2,78.04,control,matches the side of the 'control' montage,,,no
sub-2259,ses-1,run-02,P2,61.09,control,2,78.04,control,matches the side of the 'control' montage,,,no
sub-2259,ses-2,run-01,P2,56.15,control,2,78.04,control,matches the side of the 'control' montage,,,no
sub-2259,ses-2,run-02,P2,56.58,control,2,78.04,control,matches the side of the 'control' montage,,,no
sub-2259,ses-3,run-01,P2,63.62,control,2,78.04,control,matches the side of the 'control' montage,,,no
sub-2259,ses-3,run-02,P2,63.45,control,2,78.04,control,matches the side of the 'control' montage,,,no
sub-2259,ses-4,run-01,P2,57.71,control,2,78.04,control,matches the side of the 'control' montage,,,no
sub-2259,ses-4,run-02,P2,57.4,control,2,78.04,control,matches the side of the 'control' montage,,,no
sub-2260,ses-1,run-01,P2,-8.37,target,2,89.82,target,montage too close to the midline for its side to be informative,,,no
sub-2260,ses-1,run-02,P2,-7.85,target,2,89.82,target,montage too close to the midline for its side to be informative,,,no
sub-2260,ses-2,run-01,P2,-11.45,target,2,89.82,target,montage too close to the midline for its side to be informative,,,no
sub-2260,ses-2,run-02,P2,-10.8,target,2,89.82,target,montage too close to the midline for its side to be informative,,,no
sub-2260,ses-3,run-01,P2,-20.9,target,2,89.82,target,matches the side of the 'target' montage,,,no
sub-2260,ses-3,run-02,P2,-20.49,target,2,89.82,target,matches the side of the 'target' montage,,,no
sub-2260,ses-4,run-01,P2,-8.0,target,2,89.82,target,montage too close to the midline for its side to be informative,,,no
sub-2260,ses-4,run-02,P2,-9.53,target,2,89.82,target,montage too close to the midline for its side to be informative,,,no
sub-2261,ses-1,run-01,P2,-25.68,target,2,88.29,target,matches the side of the 'target' montage,,,no
sub-2261,ses-1,run-02,P2,-25.81,target,2,88.29,target,matches the side of the 'target' montage,,,no
sub-2261,ses-2,run-01,P2,-18.77,target,2,88.29,target,matches the side of the 'target' montage,,,no
sub-2261,ses-2,run-02,P2,-18.72,target,2,88.29,target,matches the side of the 'target' montage,,,no
sub-2262,ses-1,run-01,P2,73.64,control,2,93.65,control,matches the side of the 'control' montage,,,no
sub-2262,ses-1,run-02,P2,74.81,control,2,93.65,control,matches the side of the 'control' montage,,,no
sub-2262,ses-2,run-01,P2,75.58,control,2,93.65,control,matches the side of the 'control' montage,,,no
sub-2262,ses-2,run-02,P2,75.67,control,2,93.65,control,matches the side of the 'control' montage,,,no
sub-2262,ses-3,run-01,P2,73.51,control,2,93.65,control,matches the side of the 'control' montage,,,no
sub-2262,ses-3,run-02,P2,73.74,control,2,93.65,control,matches the side of the 'control' montage,,,no
sub-2262,ses-4,run-01,P2,74.97,control,2,93.65,control,matches the side of the 'control' montage,,,no
sub-2262,ses-4,run-02,P2,75.23,control,2,93.65,control,matches the side of the 'control' montage,,,no
sub-2263,ses-1,run-01,P2,-4.35,target,2,93.71,target,montage too close to the midline for its side to be informative,,,no
sub-2263,ses-1,run-02,P2,-4.78,target,2,93.71,target,montage too close to the midline for its side to be informative,,,no
sub-2263,ses-2,run-01,P2,-16.47,target,2,93.71,target,matches the side of the 'target' montage,,,no
sub-2263,ses-2,run-02,P2,-16.66,target,2,93.71,target,matches the side of the 'target' montage,,,no
sub-2263,ses-4,run-01,P2,-12.49,target,2,93.71,target,montage too close to the midline for its side to be informative,,,no
sub-2263,ses-4,run-02,P2,-12.52,target,2,93.71,target,montage too close to the midline for its side to be informative,,,no
sub-2264,ses-2,run-01,P2,71.94,control,2,86.63,control,matches the side of the 'control' montage,,,no
sub-2264,ses-2,run-02,P2,72.31,control,2,86.63,control,matches the side of the 'control' montage,,,no
sub-2264,ses-3,run-01,P2,74.06,control,2,86.63,control,matches the side of the 'control' montage,,,no
sub-2264,ses-3,run-02,P2,74.78,control,2,86.63,control,matches the side of the 'control' montage,,,no
sub-2264,ses-4,run-01,P2,72.3,control,2,86.63,control,matches the side of the 'control' montage,,,no
sub-2264,ses-4,run-02,P2,72.78,control,2,86.63,control,matches the side of the 'control' montage,,,no
sub-2266,ses-1,run-01,P2,74.72,control,2,94.36,control,matches the side of the 'control' montage,,,no
sub-2266,ses-1,run-02,P2,75.08,control,2,94.36,control,matches the side of the 'control' montage,,,no
sub-2266,ses-3,run-01,P2,74.24,control,2,94.36,control,matches the side of the 'control' montage,,,no
sub-2266,ses-3,run-02,P2,76.64,control,2,94.36,control,matches the side of the 'control' montage,,,no
sub-2266,ses-4,run-01,P2,71.63,control,2,94.36,control,matches the side of the 'control' montage,,,no
sub-2267,ses-1,run-01,P2,74.98,control,2,99.78,control,matches the side of the 'control' montage,,,no
sub-2267,ses-1,run-02,P2,75.16,control,2,99.78,control,matches the side of the 'control' montage,,,no
sub-2267,ses-3,run-01,P2,75.16,control,2,99.78,control,matches the side of the 'control' montage,,,no
sub-2267,ses-3,run-02,P2,75.25,control,2,99.78,control,matches the side of the 'control' montage,,,no
sub-2267,ses-4,run-01,P2,76.31,control,2,99.78,control,matches the side of the 'control' montage,,,no
sub-2267,ses-4,run-02,P2,76.43,control,2,99.78,control,matches the side of the 'control' montage,,,no
sub-2268,ses-1,run-01,P2,-21.43,target,2,85.34,target,matches the side of the 'target' montage,,,no
sub-2268,ses-1,run-02,P2,-21.77,target,2,85.34,target,matches the side of the 'target' montage,,,no
sub-2268,ses-2,run-01,P2,-8.49,target,2,85.34,target,montage too close to the midline for its side to be informative,,,no
sub-2268,ses-2,run-02,P2,-8.85,target,2,85.34,target,montage too close to the midline for its side to be informative,,,no
sub-2268,ses-3,run-01,P2,-15.12,target,2,85.34,target,matches the side of the 'target' montage,,,no
sub-2268,ses-3,run-02,P2,-14.78,target,2,85.34,target,montage too close to the midline for its side to be informative,,,no
sub-2268,ses-4,run-01,P2,-14.04,target,2,85.34,target,montage too close to the midline for its side to be informative,,,no
sub-2268,ses-4,run-02,P2,-13.43,target,2,85.34,target,montage too close to the midline for its side to be informative,,,no
sub-2269,ses-1,run-01,P2,75.46,control,2,95.8,control,matches the side of the 'control' montage,,,no
sub-2269,ses-1,run-02,P2,76.06,control,2,95.8,control,matches the side of the 'control' montage,,,no
sub-2269,ses-2,run-01,P2,75.18,control,2,95.8,control,matches the side of the 'control' montage,,,no
sub-2269,ses-2,run-02,P2,74.9,control,2,95.8,control,matches the side of the 'control' montage,,,no
sub-2269,ses-3,run-01,P2,75.27,control,2,95.8,control,matches the side of the 'control' montage,,,no
sub-2269,ses-3,run-02,P2,74.17,control,2,95.8,control,matches the side of the 'control' montage,,,no
sub-2269,ses-4,run-01,P2,76.08,control,2,95.8,control,matches the side of the 'control' montage,,,no
sub-2269,ses-4,run-02,P2,75.58,control,2,95.8,control,matches the side of the 'control' montage,,,no
sub-2270,ses-1,run-01,P2,-6.93,target,2,82.31,target,montage too close to the midline for its side to be informative,,,no
sub-2270,ses-1,run-02,P2,-6.88,target,2,82.31,target,montage too close to the midline for its side to be informative,,,no
sub-2270,ses-2,run-01,P2,-12.62,target,2,82.31,target,montage too close to the midline for its side to be informative,,,no
sub-2270,ses-2,run-02,P2,-12.24,target,2,82.31,target,montage too close to the midline for its side to be informative,,,no
sub-2501,ses-1,run-01,P2,-48.44,target,2,90.32,target,matches the side of the 'target' montage,,,no
sub-2501,ses-1,run-02,P2,-47.46,target,2,90.32,target,matches the side of the 'target' montage,,,no
sub-2501,ses-2,run-01,P2,-46.39,target,2,90.32,target,matches the side of the 'target' montage,,,no
sub-2501,ses-2,run-02,P2,-47.69,target,2,90.32,target,matches the side of the 'target' montage,,,no
sub-2503,ses-1,run-01,P2,-62.31,target,2,91.36,target,matches the side of the 'target' montage,,,no
sub-2503,ses-1,run-02,P2,-61.46,target,2,91.36,target,matches the side of the 'target' montage,,,no
sub-2503,ses-2,run-01,P2,-61.48,target,2,91.36,target,matches the side of the 'target' montage,,,no
sub-2503,ses-2,run-02,P2,-61.89,target,2,91.36,target,matches the side of the 'target' montage,,,no
sub-2503,ses-3,run-01,P2,-63.43,target,2,91.36,target,matches the side of the 'target' montage,,,no
sub-2503,ses-3,run-02,P2,-63.0,target,2,91.36,target,matches the side of the 'target' montage,,,no
sub-2503,ses-4,run-01,P2,-62.14,target,2,91.36,target,matches the side of the 'target' montage,,,no
sub-2503,ses-4,run-02,P2,-60.93,target,2,91.36,target,matches the side of the 'target' montage,,,no
sub-2504,ses-1,run-02,P2,-51.84,target,2,77.18,target,matches the side of the 'target' montage,,,no
sub-2504,ses-2,run-01,P2,-56.66,target,2,77.18,target,matches the side of the 'target' montage,,,no
sub-2504,ses-2,run-02,P2,-58.07,target,2,77.18,target,matches the side of the 'target' montage,,,no
sub-2504,ses-3,run-01,P2,-52.62,target,2,77.18,target,matches the side of the 'target' montage,,,no
sub-2504,ses-3,run-02,P2,-53.36,target,2,77.18,target,matches the side of the 'target' montage,,,no
sub-2505,ses-1,run-01,P2,-66.56,target,2,96.0,target,matches the side of the 'target' montage,,,no
sub-2505,ses-1,run-02,P2,-66.92,target,2,96.0,target,matches the side of the 'target' montage,,,no
sub-2505,ses-2,run-01,P2,-53.52,target,2,96.0,target,matches the side of the 'target' montage,,,no
sub-2505,ses-2,run-02,P2,-53.84,target,2,96.0,target,matches the side of the 'target' montage,,,no
sub-2505,ses-3,run-01,P2,-67.32,target,2,96.0,target,matches the side of the 'target' montage,,,no
sub-2505,ses-3,run-02,P2,-67.61,target,2,96.0,target,matches the side of the 'target' montage,,,no
sub-2505,ses-4,run-01,P2,-69.43,target,2,96.0,target,matches the side of the 'target' montage,,,no
sub-2505,ses-4,run-02,P2,-70.55,target,2,96.0,target,matches the side of the 'target' montage,,,no
sub-2506,ses-1,run-01,P2,-57.08,target,2,85.25,target,matches the side of the 'target' montage,,,no
sub-2506,ses-1,run-02,P2,-58.14,target,2,85.25,target,matches the side of the 'target' montage,,,no
sub-2506,ses-2,run-01,P2,-51.82,target,2,85.25,target,matches the side of the 'target' montage,,,no
sub-2506,ses-2,run-02,P2,-51.94,target,2,85.25,target,matches the side of the 'target' montage,,,no
sub-2506,ses-3,run-01,P2,-56.83,target,2,85.25,target,matches the side of the 'target' montage,,,no
sub-2506,ses-3,run-02,P2,-56.38,target,2,85.25,target,matches the side of the 'target' montage,,,no
sub-2506,ses-4,run-01,P2,-52.8,target,2,85.25,target,matches the side of the 'target' montage,,,no
sub-2506,ses-4,run-02,P2,-53.74,target,2,85.25,target,matches the side of the 'target' montage,,,no
sub-2507,ses-1,run-01,P2,-49.42,target,2,91.74,target,matches the side of the 'target' montage,,,no
sub-2507,ses-1,run-02,P2,-49.88,target,2,91.74,target,matches the side of the 'target' montage,,,no
sub-2507,ses-2,run-01,P2,-58.27,target,2,91.74,target,matches the side of the 'target' montage,,,no
sub-2507,ses-2,run-02,P2,-58.35,target,2,91.74,target,matches the side of the 'target' montage,,,no
sub-2507,ses-3,run-01,P2,-41.48,target,2,91.74,target,matches the side of the 'target' montage,,,no
sub-2507,ses-3,run-02,P2,-42.75,target,2,91.74,target,matches the side of the 'target' montage,,,no
sub-2507,ses-4,run-01,P2,-48.64,target,2,91.74,target,matches the side of the 'target' montage,,,no
sub-2507,ses-4,run-02,P2,-47.63,target,2,91.74,target,matches the side of the 'target' montage,,,no
sub-2508,ses-1,run-01,P2,-52.56,target,2,93.58,target,matches the side of the 'target' montage,,,no
sub-2508,ses-1,run-02,P2,-53.39,target,2,93.58,target,matches the side of the 'target' montage,,,no
sub-2508,ses-2,run-01,P2,-57.35,target,2,93.58,target,matches the side of the 'target' montage,,,no
sub-2508,ses-2,run-02,P2,-57.27,target,2,93.58,target,matches the side of the 'target' montage,,,no
sub-2508,ses-3,run-01,P2,-55.83,target,2,93.58,target,matches the side of the 'target' montage,,,no
sub-2508,ses-3,run-02,P2,-55.88,target,2,93.58,target,matches the side of the 'target' montage,,,no
sub-2508,ses-4,run-01,P2,-60.58,target,2,93.58,target,matches the side of the 'target' montage,,,no
sub-2508,ses-4,run-02,P2,-61.2,target,2,93.58,target,matches the side of the 'target' montage,,,no
sub-2509,ses-1,run-01,P2,-50.43,target,2,99.53,target,matches the side of the 'target' montage,,,no
sub-2509,ses-1,run-02,P2,-50.38,target,2,99.53,target,matches the side of the 'target' montage,,,no
sub-2509,ses-2,run-01,P2,-47.19,target,2,99.53,target,matches the side of the 'target' montage,,,no
sub-2509,ses-2,run-02,P2,-47.11,target,2,99.53,target,matches the side of the 'target' montage,,,no
sub-2509,ses-3,run-01,P2,-58.62,target,2,99.53,target,matches the side of the 'target' montage,,,no
sub-2509,ses-3,run-02,P2,-57.93,target,2,99.53,target,matches the side of the 'target' montage,,,no
sub-2509,ses-4,run-01,P2,-55.34,target,2,99.53,target,matches the side of the 'target' montage,,,no
sub-2509,ses-4,run-02,P2,-55.71,target,2,99.53,target,matches the side of the 'target' montage,,,no
sub-2510,ses-1,run-01,P2,-63.23,target,2,81.05,target,matches the side of the 'target' montage,,,no
sub-2510,ses-1,run-02,P2,-62.86,target,2,81.05,target,matches the side of the 'target' montage,,,no
sub-2510,ses-3,run-01,P2,-54.81,target,2,81.05,target,matches the side of the 'target' montage,,,no
sub-2510,ses-3,run-02,P2,-56.0,target,2,81.05,target,matches the side of the 'target' montage,,,no
sub-2510,ses-4,run-01,P2,-59.0,target,2,81.05,target,matches the side of the 'target' montage,,,no
sub-2510,ses-4,run-02,P2,-59.59,target,2,81.05,target,matches the side of the 'target' montage,,,no
sub-2511,ses-1,run-01,P2,-70.11,target,2,93.01,target,matches the side of the 'target' montage,,,no
sub-2511,ses-1,run-02,P2,-72.88,target,2,93.01,target,matches the side of the 'target' montage,,,no
sub-2511,ses-2,run-01,P2,-59.97,target,2,93.01,target,matches the side of the 'target' montage,,,no
sub-2511,ses-2,run-02,P2,-59.72,target,2,93.01,target,matches the side of the 'target' montage,,,no
sub-2511,ses-3,run-01,P2,-65.84,target,2,93.01,target,matches the side of the 'target' montage,,,no
sub-2511,ses-3,run-02,P2,-65.62,target,2,93.01,target,matches the side of the 'target' montage,,,no
sub-2511,ses-4,run-01,P2,-54.93,target,2,93.01,target,matches the side of the 'target' montage,,,no
sub-2511,ses-4,run-02,P2,-56.81,target,2,93.01,target,matches the side of the 'target' montage,,,no
sub-2512,ses-1,run-01,P2,-62.06,target,2,96.56,target,matches the side of the 'target' montage,,,no
sub-2512,ses-1,run-02,P2,-63.81,target,2,96.56,target,matches the side of the 'target' montage,,,no
sub-2512,ses-3,run-01,P2,-57.8,target,2,96.56,target,matches the side of the 'target' montage,,,no
sub-2512,ses-3,run-02,P2,-58.56,target,2,96.56,target,matches the side of the 'target' montage,,,no
sub-2512,ses-4,run-01,P2,-55.8,target,2,96.56,target,matches the side of the 'target' montage,,,no
sub-2512,ses-4,run-02,P2,-55.42,target,2,96.56,target,matches the side of the 'target' montage,,,no
sub-2513,ses-1,run-01,P2,-44.19,target,2,80.52,target,matches the side of the 'target' montage,,,no
sub-2513,ses-1,run-02,P2,-43.53,target,2,80.52,target,matches the side of the 'target' montage,,,no
sub-2513,ses-2,run-01,P2,-41.37,target,2,80.52,target,matches the side of the 'target' montage,,,no
sub-2513,ses-2,run-02,P2,-40.94,target,2,80.52,target,matches the side of the 'target' montage,,,no
sub-2513,ses-3,run-01,P2,-47.22,target,2,80.52,target,matches the side of the 'target' montage,,,no
sub-2513,ses-3,run-02,P2,-45.81,target,2,80.52,target,matches the side of the 'target' montage,,,no
sub-2513,ses-4,run-01,P2,-33.44,target,2,80.52,target,matches the side of the 'target' montage,,,no
sub-2513,ses-4,run-02,P2,-33.96,target,2,80.52,target,matches the side of the 'target' montage,,,no
sub-2515,ses-1,run-01,P2,-49.55,target,2,84.25,target,matches the side of the 'target' montage,,,no
sub-2515,ses-1,run-02,P2,-50.86,target,2,84.25,target,matches the side of the 'target' montage,,,no
sub-2515,ses-2,run-01,P2,-54.89,target,2,84.25,target,matches the side of the 'target' montage,,,no
sub-2515,ses-2,run-02,P2,-55.39,target,2,84.25,target,matches the side of the 'target' montage,,,no
sub-2515,ses-3,run-01,P2,-48.63,target,2,84.25,target,matches the side of the 'target' montage,,,no
sub-2515,ses-3,run-02,P2,-50.06,target,2,84.25,target,matches the side of the 'target' montage,,,no
sub-2515,ses-4,run-01,P2,-47.01,target,2,84.25,target,matches the side of the 'target' montage,,,no
sub-2515,ses-4,run-02,P2,-47.38,target,2,84.25,target,matches the side of the 'target' montage,,,no
sub-2516,ses-1,run-01,P2,-68.05,target,2,92.77,target,matches the side of the 'target' montage,,,no
sub-2516,ses-1,run-02,P2,-68.69,target,2,92.77,target,matches the side of the 'target' montage,,,no
sub-2516,ses-2,run-01,P2,-65.24,target,2,92.77,target,matches the side of the 'target' montage,,,no
sub-2516,ses-2,run-02,P2,-63.76,target,2,92.77,target,matches the side of the 'target' montage,,,no
sub-2516,ses-3,run-01,P2,-61.61,target,2,92.77,target,matches the side of the 'target' montage,,,no
sub-2516,ses-3,run-02,P2,-61.14,target,2,92.77,target,matches the side of the 'target' montage,,,no
sub-2516,ses-4,run-01,P2,-63.44,target,2,92.77,target,matches the side of the 'target' montage,,,no
sub-2516,ses-4,run-02,P2,-60.98,target,2,92.77,target,matches the side of the 'target' montage,,,no
sub-2517,ses-1,run-01,P2,-52.27,target,2,92.48,target,matches the side of the 'target' montage,,,no
sub-2517,ses-1,run-02,P2,-51.25,target,2,92.48,target,matches the side of the 'target' montage,,,no
sub-2517,ses-2,run-01,P2,-50.05,target,2,92.48,target,matches the side of the 'target' montage,,,no
sub-2517,ses-2,run-02,P2,-49.94,target,2,92.48,target,matches the side of the 'target' montage,,,no
sub-2517,ses-3,run-01,P2,-49.03,target,2,92.48,target,matches the side of the 'target' montage,,,no
sub-2517,ses-3,run-02,P2,-49.21,target,2,92.48,target,matches the side of the 'target' montage,,,no
sub-2517,ses-4,run-01,P2,-52.27,target,2,92.48,target,matches the side of the 'target' montage,,,no
sub-2517,ses-4,run-02,P2,-53.22,target,2,92.48,target,matches the side of the 'target' montage,,,no
sub-2518,ses-1,run-01,P2,-59.03,target,2,84.97,target,matches the side of the 'target' montage,,,no
sub-2518,ses-1,run-02,P2,-59.24,target,2,84.97,target,matches the side of the 'target' montage,,,no
sub-2518,ses-2,run-01,P2,-60.27,target,2,84.97,target,matches the side of the 'target' montage,,,no
sub-2518,ses-2,run-02,P2,-60.5,target,2,84.97,target,matches the side of the 'target' montage,,,no
sub-2518,ses-3,run-01,P2,-51.93,target,2,84.97,target,matches the side of the 'target' montage,,,no
sub-2518,ses-3,run-02,P2,-51.43,target,2,84.97,target,matches the side of the 'target' montage,,,no
sub-2518,ses-4,run-01,P2,-50.54,target,2,84.97,target,matches the side of the 'target' montage,,,no
sub-2518,ses-4,run-02,P2,-49.31,target,2,84.97,target,matches the side of the 'target' montage,,,no
sub-2519,ses-1,run-01,P2,-50.59,target,2,81.83,target,matches the side of the 'target' montage,,,no
sub-2519,ses-1,run-02,P2,-50.32,target,2,81.83,target,matches the side of the 'target' montage,,,no
sub-2519,ses-2,run-01,P2,-50.42,target,2,81.83,target,matches the side of the 'target' montage,,,no
sub-2519,ses-2,run-02,P2,-51.15,target,2,81.83,target,matches the side of the 'target' montage,,,no
sub-2519,ses-3,run-01,P2,-45.79,target,2,81.83,target,matches the side of the 'target' montage,,,no
sub-2519,ses-3,run-02,P2,-47.01,target,2,81.83,target,matches the side of the 'target' montage,,,no
sub-2519,ses-4,run-01,P2,-46.21,target,2,81.83,target,matches the side of the 'target' montage,,,no
sub-2519,ses-4,run-02,P2,-45.31,target,2,81.83,target,matches the side of the 'target' montage,,,no
sub-2520,ses-1,run-01,P2,-45.29,target,2,89.23,target,matches the side of the 'target' montage,,,no
sub-2520,ses-1,run-02,P2,-45.02,target,2,89.23,target,matches the side of the 'target' montage,,,no
sub-2520,ses-2,run-01,P2,-49.13,target,2,89.23,target,matches the side of the 'target' montage,,,no
sub-2520,ses-2,run-02,P2,-49.15,target,2,89.23,target,matches the side of the 'target' montage,,,no
sub-2520,ses-3,run-01,P2,-43.17,target,2,89.23,target,matches the side of the 'target' montage,,,no
sub-2520,ses-3,run-02,P2,-43.95,target,2,89.23,target,matches the side of the 'target' montage,,,no
sub-2520,ses-4,run-01,P2,-42.78,target,2,89.23,target,matches the side of the 'target' montage,,,no
sub-2520,ses-4,run-02,P2,-42.52,target,2,89.23,target,matches the side of the 'target' montage,,,no
sub-2521,ses-1,run-01,P2,-49.67,target,2,83.14,target,matches the side of the 'target' montage,,,no
sub-2521,ses-1,run-02,P2,-49.03,target,2,83.14,target,matches the side of the 'target' montage,,,no
sub-2521,ses-2,run-01,P2,-46.52,target,2,83.14,target,matches the side of the 'target' montage,,,no
sub-2521,ses-2,run-02,P2,-46.17,target,2,83.14,target,matches the side of the 'target' montage,,,no
sub-2521,ses-3,run-01,P2,-40.35,target,2,83.14,target,matches the side of the 'target' montage,,,no
sub-2521,ses-3,run-02,P2,-39.31,target,2,83.14,target,matches the side of the 'target' montage,,,no
sub-2521,ses-4,run-01,P2,-39.82,target,2,83.14,target,matches the side of the 'target' montage,,,no
sub-2522,ses-1,run-01,P2,-52.14,target,2,96.21,target,matches the side of the 'target' montage,,,no
sub-2522,ses-1,run-02,P2,-51.12,target,2,96.21,target,matches the side of the 'target' montage,,,no
sub-2522,ses-2,run-01,P2,-44.34,target,2,96.21,target,matches the side of the 'target' montage,,,no
sub-2522,ses-2,run-02,P2,-44.72,target,2,96.21,target,matches the side of the 'target' montage,,,no
sub-2522,ses-3,run-01,P2,-54.8,target,2,96.21,target,matches the side of the 'target' montage,,,no
sub-2522,ses-3,run-02,P2,-53.75,target,2,96.21,target,matches the side of the 'target' montage,,,no
sub-2522,ses-4,run-01,P2,-58.38,target,2,96.21,target,matches the side of the 'target' montage,,,no
sub-2522,ses-4,run-02,P2,-57.34,target,2,96.21,target,matches the side of the 'target' montage,,,no
sub-2523,ses-1,run-01,P2,-54.32,target,2,89.66,target,matches the side of the 'target' montage,,,no
sub-2523,ses-1,run-02,P2,-54.44,target,2,89.66,target,matches the side of the 'target' montage,,,no
sub-2523,ses-2,run-01,P2,-54.92,target,2,89.66,target,matches the side of the 'target' montage,,,no
sub-2523,ses-2,run-02,P2,-54.7,target,2,89.66,target,matches the side of the 'target' montage,,,no
sub-2523,ses-3,run-01,P2,-47.54,target,2,89.66,target,matches the side of the 'target' montage,,,no
sub-2523,ses-3,run-02,P2,-47.67,target,2,89.66,target,matches the side of the 'target' montage,,,no
sub-2523,ses-4,run-01,P2,-58.33,target,2,89.66,target,matches the side of the 'target' montage,,,no
sub-2523,ses-4,run-02,P2,-58.91,target,2,89.66,target,matches the side of the 'target' montage,,,no
sub-2524,ses-1,run-01,P2,-58.83,target,2,94.54,target,matches the side of the 'target' montage,,,no
sub-2524,ses-1,run-02,P2,-59.04,target,2,94.54,target,matches the side of the 'target' montage,,,no
sub-2524,ses-2,run-01,P2,-57.58,target,2,94.54,target,matches the side of the 'target' montage,,,no
sub-2524,ses-2,run-02,P2,-57.33,target,2,94.54,target,matches the side of the 'target' montage,,,no
sub-2524,ses-3,run-01,P2,-58.39,target,2,94.54,target,matches the side of the 'target' montage,,,no
sub-2524,ses-3,run-02,P2,-58.5,target,2,94.54,target,matches the side of the 'target' montage,,,no
sub-2524,ses-4,run-01,P2,-57.39,target,2,94.54,target,matches the side of the 'target' montage,,,no
sub-2524,ses-4,run-02,P2,-56.65,target,2,94.54,target,matches the side of the 'target' montage,,,no
sub-3102,ses-1,run-01,P3,34.61,control,2,102.58,control,matches the side of the 'control' montage,,,no
sub-3102,ses-1,run-02,P3,38.3,control,2,102.58,control,matches the side of the 'control' montage,,,no
sub-3102,ses-2,run-01,P3,41.28,control,2,102.58,control,matches the side of the 'control' montage,,,no
sub-3102,ses-2,run-02,P3,41.96,control,2,102.58,control,matches the side of the 'control' montage,,,no
sub-3102,ses-3,run-01,P3,40.57,control,2,102.58,control,matches the side of the 'control' montage,,,no
sub-3102,ses-3,run-02,P3,40.21,control,2,102.58,control,matches the side of the 'control' montage,,,no
sub-3102,ses-4,run-01,P3,42.8,control,2,102.58,control,matches the side of the 'control' montage,,,no
sub-3102,ses-4,run-02,P3,42.5,control,2,102.58,control,matches the side of the 'control' montage,,,no
sub-3103,ses-1,run-01,P3,-59.6,target,2,102.69,target,matches the side of the 'target' montage,,,no
sub-3103,ses-1,run-02,P3,-59.11,target,2,102.69,target,matches the side of the 'target' montage,,,no
sub-3103,ses-2,run-01,P3,-60.76,target,2,102.69,target,matches the side of the 'target' montage,,,no
sub-3103,ses-2,run-02,P3,-60.32,target,2,102.69,target,matches the side of the 'target' montage,,,no
sub-3103,ses-3,run-01,P3,-58.97,target,2,102.69,target,matches the side of the 'target' montage,,,no
sub-3103,ses-3,run-02,P3,-57.94,target,2,102.69,target,matches the side of the 'target' montage,,,no
sub-3103,ses-4,run-01,P3,-60.05,target,2,102.69,target,matches the side of the 'target' montage,,,no
sub-3103,ses-4,run-02,P3,-59.54,target,2,102.69,target,matches the side of the 'target' montage,,,no
sub-3104,ses-1,run-01,P3,-64.84,target,2,103.19,target,matches the side of the 'target' montage,,,no
sub-3104,ses-1,run-02,P3,-64.28,target,2,103.19,target,matches the side of the 'target' montage,,,no
sub-3104,ses-2,run-01,P3,-63.96,target,2,103.19,target,matches the side of the 'target' montage,,,no
sub-3104,ses-2,run-02,P3,-63.59,target,2,103.19,target,matches the side of the 'target' montage,,,no
sub-3104,ses-3,run-01,P3,-66.68,target,2,103.19,target,matches the side of the 'target' montage,,,no
sub-3104,ses-3,run-02,P3,-66.48,target,2,103.19,target,matches the side of the 'target' montage,,,no
sub-3104,ses-4,run-01,P3,-65.18,target,2,103.19,target,matches the side of the 'target' montage,,,no
sub-3104,ses-4,run-02,P3,-63.7,target,2,103.19,target,matches the side of the 'target' montage,,,no
sub-3105,ses-1,run-01,P3,-57.42,target,2,105.11,target,matches the side of the 'target' montage,,,no
sub-3105,ses-1,run-02,P3,-56.79,target,2,105.11,target,matches the side of the 'target' montage,,,no
sub-3105,ses-2,run-01,P3,-58.81,target,2,105.11,target,matches the side of the 'target' montage,,,no
sub-3105,ses-2,run-02,P3,-58.24,target,2,105.11,target,matches the side of the 'target' montage,,,no
sub-3105,ses-3,run-01,P3,-60.08,target,2,105.11,target,matches the side of the 'target' montage,,,no
sub-3105,ses-3,run-02,P3,-59.69,target,2,105.11,target,matches the side of the 'target' montage,,,no
sub-3105,ses-4,run-01,P3,-60.59,target,2,105.11,target,matches the side of the 'target' montage,,,no
sub-3105,ses-4,run-02,P3,-60.44,target,2,105.11,target,matches the side of the 'target' montage,,,no
sub-3106,ses-1,run-01,P3,-57.66,target,2,101.0,target,matches the side of the 'target' montage,,,no
sub-3106,ses-1,run-02,P3,-57.08,target,2,101.0,target,matches the side of the 'target' montage,,,no
sub-3106,ses-2,run-01,P3,-55.64,target,2,101.0,target,matches the side of the 'target' montage,,,no
sub-3106,ses-2,run-02,P3,-60.5,target,2,101.0,target,matches the side of the 'target' montage,,,no
sub-3106,ses-3,run-01,P3,-58.35,target,2,101.0,target,matches the side of the 'target' montage,,,no
sub-3106,ses-3,run-02,P3,-58.09,target,2,101.0,target,matches the side of the 'target' montage,,,no
sub-3106,ses-4,run-01,P3,-57.64,target,2,101.0,target,matches the side of the 'target' montage,,,no
sub-3106,ses-4,run-02,P3,-57.81,target,2,101.0,target,matches the side of the 'target' montage,,,no
sub-3107,ses-1,run-01,P3,-53.59,target,2,95.88,target,matches the side of the 'target' montage,,,no
sub-3107,ses-1,run-02,P3,-53.26,target,2,95.88,target,matches the side of the 'target' montage,,,no
sub-3107,ses-2,run-01,P3,-54.89,target,2,95.88,target,matches the side of the 'target' montage,,,no
sub-3107,ses-2,run-02,P3,-54.45,target,2,95.88,target,matches the side of the 'target' montage,,,no
sub-3107,ses-3,run-01,P3,-56.07,target,2,95.88,target,matches the side of the 'target' montage,,,no
sub-3107,ses-3,run-02,P3,-55.68,target,2,95.88,target,matches the side of the 'target' montage,,,no
sub-3107,ses-4,run-01,P3,-57.65,target,2,95.88,target,matches the side of the 'target' montage,,,no
sub-3107,ses-4,run-02,P3,-56.16,target,2,95.88,target,matches the side of the 'target' montage,,,no
sub-3111,ses-1,run-01,P3,44.0,control,2,101.75,control,matches the side of the 'control' montage,,,no
sub-3111,ses-1,run-02,P3,43.15,control,2,101.75,control,matches the side of the 'control' montage,,,no
sub-3111,ses-2,run-01,P3,44.01,control,2,101.75,control,matches the side of the 'control' montage,,,no
sub-3111,ses-2,run-02,P3,43.47,control,2,101.75,control,matches the side of the 'control' montage,,,no
sub-3111,ses-3,run-01,P3,43.21,control,2,101.75,control,matches the side of the 'control' montage,,,no
sub-3111,ses-3,run-02,P3,42.99,control,2,101.75,control,matches the side of the 'control' montage,,,no
sub-3111,ses-4,run-01,P3,35.21,control,2,101.75,control,matches the side of the 'control' montage,,,no
sub-3111,ses-4,run-02,P3,35.17,control,2,101.75,control,matches the side of the 'control' montage,,,no
sub-3113,ses-1,run-01,P3,-59.36,target,2,106.53,target,matches the side of the 'target' montage,,,no
sub-3113,ses-1,run-02,P3,-57.74,target,2,106.53,target,matches the side of the 'target' montage,,,no
sub-3113,ses-2,run-01,P3,-60.6,target,2,106.53,target,matches the side of the 'target' montage,,,no
sub-3113,ses-2,run-02,P3,-59.58,target,2,106.53,target,matches the side of the 'target' montage,,,no
sub-3113,ses-3,run-01,P3,-61.29,target,2,106.53,target,matches the side of the 'target' montage,,,no
sub-3113,ses-3,run-02,P3,-60.42,target,2,106.53,target,matches the side of the 'target' montage,,,no
sub-3113,ses-4,run-01,P3,-60.5,target,2,106.53,target,matches the side of the 'target' montage,,,no
sub-3113,ses-4,run-02,P3,-59.86,target,2,106.53,target,matches the side of the 'target' montage,,,no
sub-3114,ses-1,run-01,P3,-62.92,target,2,102.57,target,matches the side of the 'target' montage,,,no
sub-3114,ses-1,run-02,P3,-63.04,target,2,102.57,target,matches the side of the 'target' montage,,,no
sub-3114,ses-2,run-01,P3,-64.34,target,2,102.57,target,matches the side of the 'target' montage,,,no
sub-3114,ses-2,run-02,P3,-64.14,target,2,102.57,target,matches the side of the 'target' montage,,,no
sub-3114,ses-3,run-01,P3,-63.48,target,2,102.57,target,matches the side of the 'target' montage,,,no
sub-3114,ses-3,run-02,P3,-62.86,target,2,102.57,target,matches the side of the 'target' montage,,,no
sub-3114,ses-4,run-01,P3,-59.01,target,2,102.57,target,matches the side of the 'target' montage,,,no
sub-3114,ses-4,run-02,P3,-58.66,target,2,102.57,target,matches the side of the 'target' montage,,,no
sub-3115,ses-1,run-01,P3,-59.22,target,2,98.05,target,matches the side of the 'target' montage,,,no
sub-3115,ses-1,run-02,P3,-59.13,target,2,98.05,target,matches the side of the 'target' montage,,,no
sub-3115,ses-2,run-01,P3,-61.03,target,2,98.05,target,matches the side of the 'target' montage,,,no
sub-3115,ses-2,run-02,P3,-60.86,target,2,98.05,target,matches the side of the 'target' montage,,,no
sub-3115,ses-3,run-01,P3,-64.53,target,2,98.05,target,matches the side of the 'target' montage,,,no
sub-3115,ses-3,run-02,P3,-63.32,target,2,98.05,target,matches the side of the 'target' montage,,,no
sub-3115,ses-4,run-01,P3,-61.77,target,2,98.05,target,matches the side of the 'target' montage,,,no
sub-3115,ses-4,run-02,P3,-61.38,target,2,98.05,target,matches the side of the 'target' montage,,,no
sub-3116,ses-1,run-01,P3,55.19,control,2,112.03,control,matches the side of the 'control' montage,,,no
sub-3116,ses-1,run-02,P3,54.95,control,2,112.03,control,matches the side of the 'control' montage,,,no
sub-3116,ses-3,run-01,P3,61.12,control,2,112.03,control,matches the side of the 'control' montage,,,no
sub-3116,ses-3,run-02,P3,61.01,control,2,112.03,control,matches the side of the 'control' montage,,,no
sub-3116,ses-4,run-01,P3,55.19,control,2,112.03,control,matches the side of the 'control' montage,,,no
sub-3116,ses-4,run-02,P3,55.35,control,2,112.03,control,matches the side of the 'control' montage,,,no
sub-3117,ses-1,run-01,P3,50.08,control,2,98.13,control,matches the side of the 'control' montage,,,no
sub-3117,ses-1,run-02,P3,49.63,control,2,98.13,control,matches the side of the 'control' montage,,,no
sub-3117,ses-2,run-01,P3,46.94,control,2,98.13,control,matches the side of the 'control' montage,,,no
sub-3117,ses-2,run-02,P3,47.12,control,2,98.13,control,matches the side of the 'control' montage,,,no
sub-3117,ses-4,run-01,P3,48.6,control,2,98.13,control,matches the side of the 'control' montage,,,no
sub-3117,ses-4,run-02,P3,48.74,control,2,98.13,control,matches the side of the 'control' montage,,,no
sub-3118,ses-1,run-01,P3,53.32,control,2,121.21,control,matches the side of the 'control' montage,,,no
sub-3118,ses-1,run-02,P3,53.67,control,2,121.21,control,matches the side of the 'control' montage,,,no
sub-3118,ses-2,run-01,P3,57.25,control,2,121.21,control,matches the side of the 'control' montage,,,no
sub-3118,ses-2,run-02,P3,56.68,control,2,121.21,control,matches the side of the 'control' montage,,,no
sub-3118,ses-3,run-01,P3,59.76,control,2,121.21,control,matches the side of the 'control' montage,,,no
sub-3118,ses-3,run-02,P3,59.92,control,2,121.21,control,matches the side of the 'control' montage,,,no
sub-3118,ses-4,run-01,P3,54.57,control,2,121.21,control,matches the side of the 'control' montage,,,no
sub-3118,ses-4,run-02,P3,54.79,control,2,121.21,control,matches the side of the 'control' montage,,,no
sub-3119,ses-1,run-01,P3,45.5,control,2,103.34,control,matches the side of the 'control' montage,,,no
sub-3119,ses-1,run-02,P3,45.24,control,2,103.34,control,matches the side of the 'control' montage,,,no
sub-3119,ses-2,run-01,P3,47.35,control,2,103.34,control,matches the side of the 'control' montage,,,no
sub-3119,ses-2,run-02,P3,46.74,control,2,103.34,control,matches the side of the 'control' montage,,,no
sub-3119,ses-3,run-01,P3,44.83,control,2,103.34,control,matches the side of the 'control' montage,,,no
sub-3119,ses-3,run-02,P3,43.87,control,2,103.34,control,matches the side of the 'control' montage,,,no
sub-3119,ses-4,run-01,P3,44.44,control,2,103.34,control,matches the side of the 'control' montage,,,no
sub-3119,ses-4,run-02,P3,44.53,control,2,103.34,control,matches the side of the 'control' montage,,,no
sub-3120,ses-1,run-01,P3,-63.23,target,2,99.43,target,matches the side of the 'target' montage,,,no
sub-3120,ses-1,run-02,P3,-59.98,target,2,99.43,target,matches the side of the 'target' montage,,,no
sub-3121,ses-1,run-01,P3,47.34,control,2,104.4,control,matches the side of the 'control' montage,,,no
sub-3121,ses-1,run-02,P3,46.1,control,2,104.4,control,matches the side of the 'control' montage,,,no
sub-3121,ses-2,run-01,P3,42.03,control,2,104.4,control,matches the side of the 'control' montage,,,no
sub-3121,ses-2,run-02,P3,42.87,control,2,104.4,control,matches the side of the 'control' montage,,,no
sub-3121,ses-3,run-01,P3,40.58,control,2,104.4,control,matches the side of the 'control' montage,,,no
sub-3121,ses-3,run-02,P3,38.9,control,2,104.4,control,matches the side of the 'control' montage,,,no
sub-3121,ses-4,run-01,P3,49.61,control,2,104.4,control,matches the side of the 'control' montage,,,no
sub-3121,ses-4,run-02,P3,48.68,control,2,104.4,control,matches the side of the 'control' montage,,,no
sub-3122,ses-1,run-01,P3,48.29,control,2,105.33,control,matches the side of the 'control' montage,,,no
sub-3122,ses-1,run-02,P3,48.23,control,2,105.33,control,matches the side of the 'control' montage,,,no
sub-3122,ses-2,run-01,P3,42.74,control,2,105.33,control,matches the side of the 'control' montage,,,no
sub-3122,ses-2,run-02,P3,42.57,control,2,105.33,control,matches the side of the 'control' montage,,,no
sub-3122,ses-3,run-01,P3,42.68,control,2,105.33,control,matches the side of the 'control' montage,,,no
sub-3122,ses-3,run-02,P3,43.32,control,2,105.33,control,matches the side of the 'control' montage,,,no
sub-3122,ses-4,run-01,P3,49.52,control,2,105.33,control,matches the side of the 'control' montage,,,no
sub-3122,ses-4,run-02,P3,49.11,control,2,105.33,control,matches the side of the 'control' montage,,,no
sub-3123,ses-1,run-01,P3,-57.31,target,2,94.79,target,matches the side of the 'target' montage,,,no
sub-3123,ses-1,run-02,P3,-57.65,target,2,94.79,target,matches the side of the 'target' montage,,,no
sub-3123,ses-2,run-01,P3,-48.29,target,2,94.79,target,matches the side of the 'target' montage,,,no
sub-3123,ses-2,run-02,P3,-48.09,target,2,94.79,target,matches the side of the 'target' montage,,,no
sub-3123,ses-3,run-01,P3,-59.2,target,2,94.79,target,matches the side of the 'target' montage,,,no
sub-3123,ses-3,run-02,P3,-59.17,target,2,94.79,target,matches the side of the 'target' montage,,,no
sub-3123,ses-4,run-01,P3,-54.01,target,2,94.79,target,matches the side of the 'target' montage,,,no
sub-3123,ses-4,run-02,P3,-53.5,target,2,94.79,target,matches the side of the 'target' montage,,,no
sub-3124,ses-1,run-01,P3,44.4,control,2,99.25,control,matches the side of the 'control' montage,,,no
sub-3124,ses-1,run-02,P3,43.93,control,2,99.25,control,matches the side of the 'control' montage,,,no
sub-3124,ses-2,run-01,P3,43.94,control,2,99.25,control,matches the side of the 'control' montage,,,no
sub-3124,ses-2,run-02,P3,43.9,control,2,99.25,control,matches the side of the 'control' montage,,,no
sub-3124,ses-3,run-01,P3,46.02,control,2,99.25,control,matches the side of the 'control' montage,,,no
sub-3124,ses-3,run-02,P3,44.17,control,2,99.25,control,matches the side of the 'control' montage,,,no
sub-3124,ses-4,run-01,P3,49.58,control,2,99.25,control,matches the side of the 'control' montage,,,no
sub-3124,ses-4,run-02,P3,49.37,control,2,99.25,control,matches the side of the 'control' montage,,,no
sub-3127,ses-1,run-01,P3,44.51,control,2,106.29,control,matches the side of the 'control' montage,,,no
sub-3127,ses-1,run-02,P3,43.44,control,2,106.29,control,matches the side of the 'control' montage,,,no
sub-3127,ses-2,run-01,P3,39.82,control,2,106.29,control,matches the side of the 'control' montage,,,no
sub-3127,ses-2,run-02,P3,39.95,control,2,106.29,control,matches the side of the 'control' montage,,,no
sub-3128,ses-1,run-01,P3,-61.61,target,2,96.18,target,matches the side of the 'target' montage,,,no
sub-3128,ses-1,run-02,P3,-59.55,target,2,96.18,target,matches the side of the 'target' montage,,,no
sub-3128,ses-2,run-01,P3,-61.2,target,2,96.18,target,matches the side of the 'target' montage,,,no
sub-3128,ses-2,run-02,P3,-59.96,target,2,96.18,target,matches the side of the 'target' montage,,,no
sub-3128,ses-3,run-01,P3,-62.31,target,2,96.18,target,matches the side of the 'target' montage,,,no
sub-3128,ses-3,run-02,P3,-60.96,target,2,96.18,target,matches the side of the 'target' montage,,,no
sub-3128,ses-4,run-01,P3,-62.29,target,2,96.18,target,matches the side of the 'target' montage,,,no
sub-3128,ses-4,run-02,P3,-61.07,target,2,96.18,target,matches the side of the 'target' montage,,,no
sub-3129,ses-1,run-01,P3,47.32,control,2,104.03,control,matches the side of the 'control' montage,,,no
sub-3129,ses-1,run-02,P3,46.95,control,2,104.03,control,matches the side of the 'control' montage,,,no
sub-3129,ses-2,run-01,P3,42.72,control,2,104.03,control,matches the side of the 'control' montage,,,no
sub-3129,ses-2,run-02,P3,42.14,control,2,104.03,control,matches the side of the 'control' montage,,,no
sub-3129,ses-3,run-01,P3,45.27,control,2,104.03,control,matches the side of the 'control' montage,,,no
sub-3129,ses-3,run-02,P3,44.84,control,2,104.03,control,matches the side of the 'control' montage,,,no
sub-3129,ses-4,run-01,P3,48.28,control,2,104.03,control,matches the side of the 'control' montage,,,no
sub-3129,ses-4,run-02,P3,48.01,control,2,104.03,control,matches the side of the 'control' montage,,,no
sub-3130,ses-1,run-01,P3,49.11,control,2,108.31,control,matches the side of the 'control' montage,,,no
sub-3130,ses-1,run-02,P3,49.38,control,2,108.31,control,matches the side of the 'control' montage,,,no
sub-3130,ses-2,run-01,P3,46.16,control,2,108.31,control,matches the side of the 'control' montage,,,no
sub-3130,ses-2,run-02,P3,46.4,control,2,108.31,control,matches the side of the 'control' montage,,,no
sub-3130,ses-3,run-01,P3,50.38,control,2,108.31,control,matches the side of the 'control' montage,,,no
sub-3130,ses-3,run-02,P3,50.31,control,2,108.31,control,matches the side of the 'control' montage,,,no
sub-3130,ses-4,run-01,P3,54.68,control,2,108.31,control,matches the side of the 'control' montage,,,no
sub-3130,ses-4,run-02,P3,53.17,control,2,108.31,control,matches the side of the 'control' montage,,,no
sub-3133,ses-1,run-01,P3,45.47,control,2,101.92,control,matches the side of the 'control' montage,,,no
sub-3133,ses-1,run-02,P3,45.28,control,2,101.92,control,matches the side of the 'control' montage,,,no
sub-3133,ses-2,run-01,P3,45.04,control,2,101.92,control,matches the side of the 'control' montage,,,no
sub-3133,ses-2,run-02,P3,44.98,control,2,101.92,control,matches the side of the 'control' montage,,,no
sub-3133,ses-3,run-01,P3,44.73,control,2,101.92,control,matches the side of the 'control' montage,,,no
sub-3133,ses-3,run-02,P3,47.22,control,2,101.92,control,matches the side of the 'control' montage,,,no
sub-3133,ses-4,run-01,P3,46.32,control,2,101.92,control,matches the side of the 'control' montage,,,no
sub-3133,ses-4,run-02,P3,46.29,control,2,101.92,control,matches the side of the 'control' montage,,,no
sub-3134,ses-1,run-01,P3,47.17,control,2,103.92,control,matches the side of the 'control' montage,,,no
sub-3134,ses-1,run-02,P3,46.4,control,2,103.92,control,matches the side of the 'control' montage,,,no
sub-3134,ses-2,run-01,P3,46.39,control,2,103.92,control,matches the side of the 'control' montage,,,no
sub-3134,ses-2,run-02,P3,46.27,control,2,103.92,control,matches the side of the 'control' montage,,,no
sub-3134,ses-3,run-01,P3,48.29,control,2,103.92,control,matches the side of the 'control' montage,,,no
sub-3134,ses-3,run-02,P3,48.07,control,2,103.92,control,matches the side of the 'control' montage,,,no
sub-3134,ses-4,run-01,P3,48.37,control,2,103.92,control,matches the side of the 'control' montage,,,no
sub-3134,ses-4,run-02,P3,48.34,control,2,103.92,control,matches the side of the 'control' montage,,,no
sub-3135,ses-1,run-01,P3,56.52,control,2,124.56,control,matches the side of the 'control' montage,,,no
sub-3135,ses-1,run-02,P3,55.8,control,2,124.56,control,matches the side of the 'control' montage,,,no
sub-3135,ses-2,run-01,P3,52.87,control,2,124.56,control,matches the side of the 'control' montage,,,no
sub-3135,ses-2,run-02,P3,52.8,control,2,124.56,control,matches the side of the 'control' montage,,,no
sub-3135,ses-4,run-01,P3,49.11,control,2,124.56,control,matches the side of the 'control' montage,,,no
sub-3135,ses-4,run-02,P3,48.64,control,2,124.56,control,matches the side of the 'control' montage,,,no
sub-3136,ses-1,run-01,P3,48.86,control,2,99.57,control,matches the side of the 'control' montage,,,no
sub-3136,ses-1,run-02,P3,48.73,control,2,99.57,control,matches the side of the 'control' montage,,,no
sub-3136,ses-2,run-01,P3,36.19,control,2,99.57,control,matches the side of the 'control' montage,,,no
sub-3136,ses-2,run-02,P3,36.33,control,2,99.57,control,matches the side of the 'control' montage,,,no
sub-3136,ses-3,run-01,P3,43.81,control,2,99.57,control,matches the side of the 'control' montage,,,no
sub-3136,ses-3,run-02,P3,43.85,control,2,99.57,control,matches the side of the 'control' montage,,,no
sub-3136,ses-4,run-01,P3,44.84,control,2,99.57,control,matches the side of the 'control' montage,,,no
sub-3136,ses-4,run-02,P3,44.62,control,2,99.57,control,matches the side of the 'control' montage,,,no
sub-3137,ses-1,run-01,P3,-65.16,target,2,109.51,target,matches the side of the 'target' montage,,,no
sub-3137,ses-1,run-02,P3,-65.24,target,2,109.51,target,matches the side of the 'target' montage,,,no
sub-3137,ses-2,run-01,P3,-62.16,target,2,109.51,target,matches the side of the 'target' montage,,,no
sub-3137,ses-2,run-02,P3,-62.15,target,2,109.51,target,matches the side of the 'target' montage,,,no
sub-3137,ses-3,run-01,P3,-62.58,target,2,109.51,target,matches the side of the 'target' montage,,,no
sub-3137,ses-3,run-02,P3,-61.25,target,2,109.51,target,matches the side of the 'target' montage,,,no
sub-3137,ses-4,run-01,P3,-64.68,target,2,109.51,target,matches the side of the 'target' montage,,,no
sub-3137,ses-4,run-02,P3,-64.07,target,2,109.51,target,matches the side of the 'target' montage,,,no
sub-3138,ses-1,run-01,P3,46.23,control,2,101.45,control,matches the side of the 'control' montage,,,no
sub-3138,ses-1,run-02,P3,46.23,control,2,101.45,control,matches the side of the 'control' montage,,,no
sub-3138,ses-2,run-01,P3,43.14,control,2,101.45,control,matches the side of the 'control' montage,,,no
sub-3138,ses-2,run-02,P3,42.95,control,2,101.45,control,matches the side of the 'control' montage,,,no
sub-3138,ses-3,run-01,P3,49.75,control,2,101.45,control,matches the side of the 'control' montage,,,no
sub-3138,ses-3,run-02,P3,49.16,control,2,101.45,control,matches the side of the 'control' montage,,,no
sub-3138,ses-4,run-01,P3,45.19,control,2,101.45,control,matches the side of the 'control' montage,,,no
sub-3138,ses-4,run-02,P3,44.76,control,2,101.45,control,matches the side of the 'control' montage,,,no
sub-3139,ses-1,run-01,P3,-67.06,target,2,102.77,target,matches the side of the 'target' montage,,,no
sub-3139,ses-1,run-02,P3,-67.3,target,2,102.77,target,matches the side of the 'target' montage,,,no
sub-3139,ses-2,run-01,P3,-65.58,target,2,102.77,target,matches the side of the 'target' montage,,,no
sub-3139,ses-2,run-02,P3,-66.01,target,2,102.77,target,matches the side of the 'target' montage,,,no
sub-3139,ses-3,run-01,P3,-66.32,target,2,102.77,target,matches the side of the 'target' montage,,,no
sub-3139,ses-3,run-02,P3,-65.96,target,2,102.77,target,matches the side of the 'target' montage,,,no
sub-3139,ses-4,run-01,P3,-62.6,target,2,102.77,target,matches the side of the 'target' montage,,,no
sub-3139,ses-4,run-02,P3,-62.21,target,2,102.77,target,matches the side of the 'target' montage,,,no
sub-3141,ses-1,run-01,P3,-55.88,target,2,103.76,target,matches the side of the 'target' montage,,,no
sub-3141,ses-1,run-02,P3,-55.82,target,2,103.76,target,matches the side of the 'target' montage,,,no
sub-3141,ses-2,run-01,P3,-55.57,target,2,103.76,target,matches the side of the 'target' montage,,,no
sub-3141,ses-2,run-02,P3,-55.32,target,2,103.76,target,matches the side of the 'target' montage,,,no
sub-3141,ses-3,run-01,P3,-57.3,target,2,103.76,target,matches the side of the 'target' montage,,,no
sub-3141,ses-3,run-02,P3,-56.84,target,2,103.76,target,matches the side of the 'target' montage,,,no
sub-3141,ses-4,run-01,P3,-56.45,target,2,103.76,target,matches the side of the 'target' montage,,,no
sub-3141,ses-4,run-02,P3,-56.22,target,2,103.76,target,matches the side of the 'target' montage,,,no
sub-3142,ses-1,run-01,P3,-61.67,target,2,100.44,target,matches the side of the 'target' montage,,,no
sub-3142,ses-1,run-02,P3,-61.59,target,2,100.44,target,matches the side of the 'target' montage,,,no
sub-3142,ses-2,run-01,P3,-61.58,target,2,100.44,target,matches the side of the 'target' montage,,,no
sub-3142,ses-2,run-02,P3,-61.12,target,2,100.44,target,matches the side of the 'target' montage,,,no
sub-3142,ses-3,run-01,P3,-61.24,target,2,100.44,target,matches the side of the 'target' montage,,,no
sub-3142,ses-3,run-02,P3,-60.61,target,2,100.44,target,matches the side of the 'target' montage,,,no
sub-3142,ses-4,run-01,P3,-59.5,target,2,100.44,target,matches the side of the 'target' montage,,,no
sub-3142,ses-4,run-02,P3,-59.33,target,2,100.44,target,matches the side of the 'target' montage,,,no
sub-3143,ses-1,run-01,P3,51.16,control,2,102.33,control,matches the side of the 'control' montage,,,no
sub-3143,ses-1,run-02,P3,51.35,control,2,102.33,control,matches the side of the 'control' montage,,,no
sub-3143,ses-2,run-01,P3,51.75,control,2,102.33,control,matches the side of the 'control' montage,,,no
sub-3143,ses-2,run-02,P3,52.02,control,2,102.33,control,matches the side of the 'control' montage,,,no
sub-3143,ses-3,run-01,P3,51.79,control,2,102.33,control,matches the side of the 'control' montage,,,no
sub-3143,ses-3,run-02,P3,52.72,control,2,102.33,control,matches the side of the 'control' montage,,,no
sub-3143,ses-4,run-01,P3,49.17,control,2,102.33,control,matches the side of the 'control' montage,,,no
sub-3143,ses-4,run-02,P3,49.03,control,2,102.33,control,matches the side of the 'control' montage,,,no
sub-3144,ses-1,run-01,P3,-59.58,target,2,100.21,target,matches the side of the 'target' montage,,,no
sub-3144,ses-1,run-02,P3,-59.16,target,2,100.21,target,matches the side of the 'target' montage,,,no
sub-3144,ses-2,run-01,P3,-63.16,target,2,100.21,target,matches the side of the 'target' montage,,,no
sub-3144,ses-2,run-02,P3,-62.77,target,2,100.21,target,matches the side of the 'target' montage,,,no
sub-3144,ses-3,run-01,P3,-54.77,target,2,100.21,target,matches the side of the 'target' montage,,,no
sub-3144,ses-3,run-02,P3,-54.7,target,2,100.21,target,matches the side of the 'target' montage,,,no
sub-3144,ses-4,run-01,P3,-59.95,target,2,100.21,target,matches the side of the 'target' montage,,,no
sub-3144,ses-4,run-02,P3,-59.96,target,2,100.21,target,matches the side of the 'target' montage,,,no
sub-3145,ses-1,run-01,P3,48.13,control,2,111.06,control,matches the side of the 'control' montage,,,no
sub-3145,ses-1,run-02,P3,48.05,control,2,111.06,control,matches the side of the 'control' montage,,,no
sub-3145,ses-2,run-01,P3,49.11,control,2,111.06,control,matches the side of the 'control' montage,,,no
sub-3145,ses-2,run-02,P3,49.25,control,2,111.06,control,matches the side of the 'control' montage,,,no
sub-3145,ses-3,run-01,P3,48.49,control,2,111.06,control,matches the side of the 'control' montage,,,no
sub-3145,ses-3,run-02,P3,47.98,control,2,111.06,control,matches the side of the 'control' montage,,,no
sub-3145,ses-4,run-01,P3,47.99,control,2,111.06,control,matches the side of the 'control' montage,,,no
sub-3145,ses-4,run-02,P3,47.93,control,2,111.06,control,matches the side of the 'control' montage,,,no
sub-3146,ses-1,run-01,P3,47.73,control,2,98.8,control,matches the side of the 'control' montage,,,no
sub-3146,ses-1,run-02,P3,47.25,control,2,98.8,control,matches the side of the 'control' montage,,,no
sub-3146,ses-2,run-01,P3,45.31,control,2,98.8,control,matches the side of the 'control' montage,,,no
sub-3146,ses-2,run-02,P3,45.07,control,2,98.8,control,matches the side of the 'control' montage,,,no
sub-3146,ses-3,run-01,P3,44.98,control,2,98.8,control,matches the side of the 'control' montage,,,no
sub-3146,ses-3,run-02,P3,44.94,control,2,98.8,control,matches the side of the 'control' montage,,,no
sub-3146,ses-4,run-01,P3,42.5,control,2,98.8,control,matches the side of the 'control' montage,,,no
sub-3146,ses-4,run-02,P3,42.51,control,2,98.8,control,matches the side of the 'control' montage,,,no
sub-3147,ses-1,run-01,P3,-64.96,target,2,105.74,target,matches the side of the 'target' montage,,,no
sub-3147,ses-1,run-02,P3,-64.05,target,2,105.74,target,matches the side of the 'target' montage,,,no
sub-3147,ses-2,run-01,P3,-64.74,target,2,105.74,target,matches the side of the 'target' montage,,,no
sub-3147,ses-2,run-02,P3,-64.55,target,2,105.74,target,matches the side of the 'target' montage,,,no
sub-3147,ses-3,run-01,P3,-64.72,target,2,105.74,target,matches the side of the 'target' montage,,,no
sub-3147,ses-3,run-02,P3,-64.34,target,2,105.74,target,matches the side of the 'target' montage,,,no
sub-3147,ses-4,run-01,P3,-64.62,target,2,105.74,target,matches the side of the 'target' montage,,,no
sub-3147,ses-4,run-02,P3,-64.36,target,2,105.74,target,matches the side of the 'target' montage,,,no
sub-3149,ses-1,run-01,P3,-52.75,target,2,107.66,target,matches the side of the 'target' montage,,,no
sub-3149,ses-1,run-02,P3,-52.42,target,2,107.66,target,matches the side of the 'target' montage,,,no
sub-3149,ses-2,run-01,P3,-57.96,target,2,107.66,target,matches the side of the 'target' montage,,,no
sub-3149,ses-2,run-02,P3,-57.83,target,2,107.66,target,matches the side of the 'target' montage,,,no
sub-3149,ses-3,run-01,P3,-54.94,target,2,107.66,target,matches the side of the 'target' montage,,,no
sub-3149,ses-3,run-02,P3,-54.81,target,2,107.66,target,matches the side of the 'target' montage,,,no
sub-3149,ses-4,run-01,P3,-56.87,target,2,107.66,target,matches the side of the 'target' montage,,,no
sub-3149,ses-4,run-02,P3,-56.73,target,2,107.66,target,matches the side of the 'target' montage,,,no
sub-3151,ses-1,run-01,P3,-59.09,target,2,98.28,target,matches the side of the 'target' montage,,,no
sub-3151,ses-1,run-02,P3,-58.86,target,2,98.28,target,matches the side of the 'target' montage,,,no
sub-3151,ses-2,run-01,P3,-61.22,target,2,98.28,target,matches the side of the 'target' montage,,,no
sub-3151,ses-2,run-02,P3,-60.8,target,2,98.28,target,matches the side of the 'target' montage,,,no
sub-3151,ses-3,run-01,P3,-60.99,target,2,98.28,target,matches the side of the 'target' montage,,,no
sub-3151,ses-3,run-02,P3,-60.43,target,2,98.28,target,matches the side of the 'target' montage,,,no
sub-3151,ses-4,run-01,P3,-60.76,target,2,98.28,target,matches the side of the 'target' montage,,,no
sub-3151,ses-4,run-02,P3,-60.31,target,2,98.28,target,matches the side of the 'target' montage,,,no
sub-3153,ses-1,run-01,P3,-67.74,target,2,111.78,target,matches the side of the 'target' montage,,,no
sub-3153,ses-1,run-02,P3,-67.04,target,2,111.78,target,matches the side of the 'target' montage,,,no
sub-3153,ses-2,run-01,P3,-67.57,target,2,111.78,target,matches the side of the 'target' montage,,,no
sub-3153,ses-2,run-02,P3,-67.11,target,2,111.78,target,matches the side of the 'target' montage,,,no
sub-3153,ses-3,run-01,P3,-66.7,target,2,111.78,target,matches the side of the 'target' montage,,,no
sub-3153,ses-3,run-02,P3,-66.5,target,2,111.78,target,matches the side of the 'target' montage,,,no
sub-3153,ses-4,run-01,P3,-68.55,target,2,111.78,target,matches the side of the 'target' montage,,,no
sub-3153,ses-4,run-02,P3,-68.49,target,2,111.78,target,matches the side of the 'target' montage,,,no
sub-3155,ses-1,run-01,P3,47.42,control,2,104.71,control,matches the side of the 'control' montage,,,no
sub-3155,ses-1,run-02,P3,47.47,control,2,104.71,control,matches the side of the 'control' montage,,,no
sub-3155,ses-2,run-01,P3,50.94,control,2,104.71,control,matches the side of the 'control' montage,,,no
sub-3155,ses-2,run-02,P3,51.19,control,2,104.71,control,matches the side of the 'control' montage,,,no
sub-3155,ses-3,run-01,P3,54.15,control,2,104.71,control,matches the side of the 'control' montage,,,no
sub-3155,ses-3,run-02,P3,53.63,control,2,104.71,control,matches the side of the 'control' montage,,,no
sub-3155,ses-4,run-01,P3,49.67,control,2,104.71,control,matches the side of the 'control' montage,,,no
sub-3155,ses-4,run-02,P3,49.35,control,2,104.71,control,matches the side of the 'control' montage,,,no
sub-3158,ses-1,run-01,P3,44.49,control,2,103.9,control,matches the side of the 'control' montage,,,no
sub-3158,ses-1,run-02,P3,44.08,control,2,103.9,control,matches the side of the 'control' montage,,,no
sub-3158,ses-2,run-01,P3,43.14,control,2,103.9,control,matches the side of the 'control' montage,,,no
sub-3158,ses-2,run-02,P3,42.71,control,2,103.9,control,matches the side of the 'control' montage,,,no
sub-3158,ses-3,run-01,P3,38.94,control,2,103.9,control,matches the side of the 'control' montage,,,no
sub-3158,ses-3,run-02,P3,38.9,control,2,103.9,control,matches the side of the 'control' montage,,,no
sub-3158,ses-4,run-01,P3,40.82,control,2,103.9,control,matches the side of the 'control' montage,,,no
sub-3158,ses-4,run-02,P3,40.78,control,2,103.9,control,matches the side of the 'control' montage,,,no
sub-3160,ses-1,run-01,P3,51.75,control,2,105.55,control,matches the side of the 'control' montage,,,no
sub-3160,ses-1,run-02,P3,51.98,control,2,105.55,control,matches the side of the 'control' montage,,,no
sub-3160,ses-2,run-01,P3,53.46,control,2,105.55,control,matches the side of the 'control' montage,,,no
sub-3160,ses-2,run-02,P3,54.07,control,2,105.55,control,matches the side of the 'control' montage,,,no
sub-3160,ses-3,run-01,P3,56.93,control,2,105.55,control,matches the side of the 'control' montage,,,no
sub-3160,ses-3,run-02,P3,56.53,control,2,105.55,control,matches the side of the 'control' montage,,,no
sub-3160,ses-4,run-01,P3,52.31,control,2,105.55,control,matches the side of the 'control' montage,,,no
sub-3160,ses-4,run-02,P3,52.88,control,2,105.55,control,matches the side of the 'control' montage,,,no
sub-3161,ses-1,run-01,P3,-58.56,target,2,99.08,target,matches the side of the 'target' montage,,,no
sub-3161,ses-1,run-02,P3,-58.34,target,2,99.08,target,matches the side of the 'target' montage,,,no
sub-3161,ses-2,run-01,P3,-56.24,target,2,99.08,target,matches the side of the 'target' montage,,,no
sub-3161,ses-2,run-02,P3,-55.34,target,2,99.08,target,matches the side of the 'target' montage,,,no
sub-3161,ses-3,run-01,P3,-54.12,target,2,99.08,target,matches the side of the 'target' montage,,,no
sub-3161,ses-3,run-02,P3,-53.66,target,2,99.08,target,matches the side of the 'target' montage,,,no
sub-3161,ses-4,run-01,P3,-56.64,target,2,99.08,target,matches the side of the 'target' montage,,,no
sub-3161,ses-4,run-02,P3,-56.12,target,2,99.08,target,matches the side of the 'target' montage,,,no
sub-3162,ses-1,run-01,P3,48.49,control,2,103.03,control,matches the side of the 'control' montage,,,no
sub-3162,ses-1,run-02,P3,48.54,control,2,103.03,control,matches the side of the 'control' montage,,,no
sub-3162,ses-3,run-01,P3,50.46,control,2,103.03,control,matches the side of the 'control' montage,,,no
sub-3162,ses-3,run-02,P3,51.04,control,2,103.03,control,matches the side of the 'control' montage,,,no
sub-3164,ses-1,run-01,P3,-67.06,target,2,118.03,target,matches the side of the 'target' montage,,,no
sub-3164,ses-1,run-02,P3,-66.92,target,2,118.03,target,matches the side of the 'target' montage,,,no
sub-3164,ses-2,run-01,P3,-66.92,target,2,118.03,target,matches the side of the 'target' montage,,,no
sub-3164,ses-2,run-02,P3,-66.81,target,2,118.03,target,matches the side of the 'target' montage,,,no
sub-3164,ses-3,run-01,P3,-66.91,target,2,118.03,target,matches the side of the 'target' montage,,,no
sub-3164,ses-3,run-02,P3,-66.36,target,2,118.03,target,matches the side of the 'target' montage,,,no
sub-3164,ses-4,run-01,P3,-69.48,target,2,118.03,target,matches the side of the 'target' montage,,,no
sub-3164,ses-4,run-02,P3,-68.88,target,2,118.03,target,matches the side of the 'target' montage,,,no
sub-3165,ses-1,run-01,P3,-66.55,target,2,110.72,target,matches the side of the 'target' montage,,,no
sub-3165,ses-1,run-02,P3,-66.49,target,2,110.72,target,matches the side of the 'target' montage,,,no
sub-3165,ses-2,run-01,P3,-62.77,target,2,110.72,target,matches the side of the 'target' montage,,,no
sub-3165,ses-2,run-02,P3,-62.6,target,2,110.72,target,matches the side of the 'target' montage,,,no
sub-3165,ses-3,run-01,P3,-67.15,target,2,110.72,target,matches the side of the 'target' montage,,,no
sub-3165,ses-3,run-02,P3,-67.06,target,2,110.72,target,matches the side of the 'target' montage,,,no
sub-3165,ses-4,run-01,P3,-63.24,target,2,110.72,target,matches the side of the 'target' montage,,,no
sub-3165,ses-4,run-02,P3,-62.18,target,2,110.72,target,matches the side of the 'target' montage,,,no
sub-3166,ses-1,run-01,P3,-61.48,target,2,99.61,target,matches the side of the 'target' montage,,,no
sub-3166,ses-1,run-02,P3,-61.19,target,2,99.61,target,matches the side of the 'target' montage,,,no
sub-3166,ses-2,run-01,P3,-60.69,target,2,99.61,target,matches the side of the 'target' montage,,,no
sub-3166,ses-2,run-02,P3,-60.65,target,2,99.61,target,matches the side of the 'target' montage,,,no
sub-3166,ses-3,run-01,P3,-60.87,target,2,99.61,target,matches the side of the 'target' montage,,,no
sub-3166,ses-3,run-02,P3,-61.39,target,2,99.61,target,matches the side of the 'target' montage,,,no
sub-3166,ses-4,run-01,P3,-57.67,target,2,99.61,target,matches the side of the 'target' montage,,,no
sub-3166,ses-4,run-02,P3,-58.2,target,2,99.61,target,matches the side of the 'target' montage,,,no
sub-3167,ses-1,run-01,P3,45.3,control,2,101.99,control,matches the side of the 'control' montage,,,no
sub-3167,ses-1,run-02,P3,45.07,control,2,101.99,control,matches the side of the 'control' montage,,,no
sub-3167,ses-2,run-01,P3,52.07,control,2,101.99,control,matches the side of the 'control' montage,,,no
sub-3167,ses-2,run-02,P3,52.13,control,2,101.99,control,matches the side of the 'control' montage,,,no
sub-3167,ses-3,run-01,P3,43.55,control,2,101.99,control,matches the side of the 'control' montage,,,no
sub-3167,ses-3,run-02,P3,43.66,control,2,101.99,control,matches the side of the 'control' montage,,,no
sub-3167,ses-4,run-01,P3,43.53,control,2,101.99,control,matches the side of the 'control' montage,,,no
sub-3167,ses-4,run-02,P3,43.61,control,2,101.99,control,matches the side of the 'control' montage,,,no
sub-3168,ses-1,run-01,P3,47.85,control,2,101.68,control,matches the side of the 'control' montage,,,no
sub-3168,ses-1,run-02,P3,47.88,control,2,101.68,control,matches the side of the 'control' montage,,,no
sub-3168,ses-2,run-01,P3,52.84,control,2,101.68,control,matches the side of the 'control' montage,,,no
sub-3168,ses-2,run-02,P3,52.51,control,2,101.68,control,matches the side of the 'control' montage,,,no
sub-3168,ses-3,run-01,P3,45.64,control,2,101.68,control,matches the side of the 'control' montage,,,no
sub-3168,ses-3,run-02,P3,45.76,control,2,101.68,control,matches the side of the 'control' montage,,,no
sub-3168,ses-4,run-01,P3,51.12,control,2,101.68,control,matches the side of the 'control' montage,,,no
sub-3168,ses-4,run-02,P3,51.01,control,2,101.68,control,matches the side of the 'control' montage,,,no
sub-3170,ses-1,run-01,P3,-64.51,target,2,106.79,target,matches the side of the 'target' montage,,,no
sub-3170,ses-1,run-02,P3,-64.68,target,2,106.79,target,matches the side of the 'target' montage,,,no
sub-3170,ses-2,run-01,P3,-61.93,target,2,106.79,target,matches the side of the 'target' montage,,,no
sub-3170,ses-2,run-02,P3,-62.06,target,2,106.79,target,matches the side of the 'target' montage,,,no
sub-3170,ses-3,run-01,P3,-62.42,target,2,106.79,target,matches the side of the 'target' montage,,,no
sub-3170,ses-3,run-02,P3,-62.12,target,2,106.79,target,matches the side of the 'target' montage,,,no
sub-3170,ses-4,run-01,P3,-63.06,target,2,106.79,target,matches the side of the 'target' montage,,,no
sub-3170,ses-4,run-02,P3,-62.77,target,2,106.79,target,matches the side of the 'target' montage,,,no
sub-3171,ses-1,run-01,P3,-63.79,target,2,97.82,target,matches the side of the 'target' montage,,,no
sub-3171,ses-1,run-02,P3,-63.42,target,2,97.82,target,matches the side of the 'target' montage,,,no
sub-3171,ses-2,run-01,P3,-62.89,target,2,97.82,target,matches the side of the 'target' montage,,,no
sub-3171,ses-2,run-02,P3,-62.75,target,2,97.82,target,matches the side of the 'target' montage,,,no
sub-3171,ses-3,run-01,P3,-61.42,target,2,97.82,target,matches the side of the 'target' montage,,,no
sub-3171,ses-3,run-02,P3,-61.37,target,2,97.82,target,matches the side of the 'target' montage,,,no
sub-3171,ses-4,run-01,P3,-61.08,target,2,97.82,target,matches the side of the 'target' montage,,,no
sub-3171,ses-4,run-02,P3,-61.76,target,2,97.82,target,matches the side of the 'target' montage,,,no
sub-3172,ses-1,run-01,P3,-68.74,target,2,112.81,target,matches the side of the 'target' montage,,,no
sub-3172,ses-1,run-02,P3,-68.97,target,2,112.81,target,matches the side of the 'target' montage,,,no
sub-3172,ses-2,run-01,P3,-59.47,target,2,112.81,target,matches the side of the 'target' montage,,,no
sub-3172,ses-2,run-02,P3,-59.41,target,2,112.81,target,matches the side of the 'target' montage,,,no
sub-3172,ses-3,run-01,P3,-67.21,target,2,112.81,target,matches the side of the 'target' montage,,,no
sub-3172,ses-3,run-02,P3,-65.35,target,2,112.81,target,matches the side of the 'target' montage,,,no
sub-3172,ses-4,run-01,P3,-65.84,target,2,112.81,target,matches the side of the 'target' montage,,,no
sub-3172,ses-4,run-02,P3,-65.35,target,2,112.81,target,matches the side of the 'target' montage,,,no
sub-3173,ses-1,run-01,P3,51.44,control,2,93.18,control,matches the side of the 'control' montage,,,no
sub-3173,ses-1,run-02,P3,51.0,control,2,93.18,control,matches the side of the 'control' montage,,,no
sub-3173,ses-2,run-01,P3,54.67,control,2,93.18,control,matches the side of the 'control' montage,,,no
sub-3173,ses-2,run-02,P3,55.18,control,2,93.18,control,matches the side of the 'control' montage,,,no
sub-3173,ses-3,run-01,P3,53.68,control,2,93.18,control,matches the side of the 'control' montage,,,no
sub-3173,ses-3,run-02,P3,53.82,control,2,93.18,control,matches the side of the 'control' montage,,,no
sub-3173,ses-4,run-01,P3,53.54,control,2,93.18,control,matches the side of the 'control' montage,,,no
sub-3173,ses-4,run-02,P3,52.52,control,2,93.18,control,matches the side of the 'control' montage,,,no
sub-3174,ses-1,run-01,P3,45.43,control,2,104.4,control,matches the side of the 'control' montage,,,no
sub-3174,ses-1,run-02,P3,45.07,control,2,104.4,control,matches the side of the 'control' montage,,,no
sub-3174,ses-2,run-01,P3,40.87,control,2,104.4,control,matches the side of the 'control' montage,,,no
sub-3174,ses-2,run-02,P3,40.8,control,2,104.4,control,matches the side of the 'control' montage,,,no
sub-3174,ses-3,run-01,P3,52.52,control,2,104.4,control,matches the side of the 'control' montage,,,no
sub-3174,ses-3,run-02,P3,51.52,control,2,104.4,control,matches the side of the 'control' montage,,,no
sub-3174,ses-4,run-01,P3,55.49,control,2,104.4,control,matches the side of the 'control' montage,,,no
sub-3174,ses-4,run-02,P3,54.68,control,2,104.4,control,matches the side of the 'control' montage,,,no
sub-3176,ses-1,run-01,P3,-56.33,target,2,99.39,target,matches the side of the 'target' montage,,,no
sub-3176,ses-1,run-02,P3,-56.25,target,2,99.39,target,matches the side of the 'target' montage,,,no
sub-3176,ses-2,run-01,P3,-60.95,target,2,99.39,target,matches the side of the 'target' montage,,,no
sub-3176,ses-2,run-02,P3,-60.78,target,2,99.39,target,matches the side of the 'target' montage,,,no
sub-3176,ses-3,run-01,P3,-60.72,target,2,99.39,target,matches the side of the 'target' montage,,,no
sub-3176,ses-3,run-02,P3,-61.26,target,2,99.39,target,matches the side of the 'target' montage,,,no
sub-3176,ses-4,run-01,P3,-60.35,target,2,99.39,target,matches the side of the 'target' montage,,,no
sub-3176,ses-4,run-02,P3,-59.84,target,2,99.39,target,matches the side of the 'target' montage,,,no
sub-3177,ses-1,run-01,P3,46.12,control,2,98.98,control,matches the side of the 'control' montage,,,no
sub-3177,ses-1,run-02,P3,45.82,control,2,98.98,control,matches the side of the 'control' montage,,,no
sub-3177,ses-2,run-01,P3,49.76,control,2,98.98,control,matches the side of the 'control' montage,,,no
sub-3177,ses-2,run-02,P3,49.88,control,2,98.98,control,matches the side of the 'control' montage,,,no
sub-3177,ses-3,run-01,P3,47.73,control,2,98.98,control,matches the side of the 'control' montage,,,no
sub-3177,ses-3,run-02,P3,47.45,control,2,98.98,control,matches the side of the 'control' montage,,,no
sub-3177,ses-4,run-01,P3,51.72,control,2,98.98,control,matches the side of the 'control' montage,,,no
sub-3177,ses-4,run-02,P3,52.0,control,2,98.98,control,matches the side of the 'control' montage,,,no
sub-3178,ses-1,run-01,P3,-63.93,target,2,112.44,target,matches the side of the 'target' montage,,,no
sub-3178,ses-1,run-02,P3,-64.09,target,2,112.44,target,matches the side of the 'target' montage,,,no
sub-3178,ses-3,run-01,P3,-58.3,target,2,112.44,target,matches the side of the 'target' montage,,,no
sub-3178,ses-3,run-02,P3,-57.96,target,2,112.44,target,matches the side of the 'target' montage,,,no
sub-3178,ses-4,run-01,P3,-62.69,target,2,112.44,target,matches the side of the 'target' montage,,,no
sub-3178,ses-4,run-02,P3,-62.66,target,2,112.44,target,matches the side of the 'target' montage,,,no
sub-3179,ses-1,run-01,P3,56.67,control,2,107.53,control,matches the side of the 'control' montage,,,no
sub-3179,ses-1,run-02,P3,56.32,control,2,107.53,control,matches the side of the 'control' montage,,,no
sub-3179,ses-2,run-01,P3,56.68,control,2,107.53,control,matches the side of the 'control' montage,,,no
sub-3179,ses-2,run-02,P3,57.3,control,2,107.53,control,matches the side of the 'control' montage,,,no
sub-3179,ses-3,run-01,P3,49.94,control,2,107.53,control,matches the side of the 'control' montage,,,no
sub-3179,ses-3,run-02,P3,49.56,control,2,107.53,control,matches the side of the 'control' montage,,,no
sub-3179,ses-4,run-01,P3,51.81,control,2,107.53,control,matches the side of the 'control' montage,,,no
sub-3179,ses-4,run-02,P3,51.38,control,2,107.53,control,matches the side of the 'control' montage,,,no
sub-3180,ses-1,run-01,P3,-60.79,target,2,101.99,target,matches the side of the 'target' montage,,,no
sub-3180,ses-1,run-02,P3,-60.22,target,2,101.99,target,matches the side of the 'target' montage,,,no
sub-3180,ses-2,run-01,P3,-65.06,target,2,101.99,target,matches the side of the 'target' montage,,,no
sub-3180,ses-2,run-02,P3,-64.32,target,2,101.99,target,matches the side of the 'target' montage,,,no
sub-3180,ses-3,run-01,P3,-62.92,target,2,101.99,target,matches the side of the 'target' montage,,,no
sub-3180,ses-3,run-02,P3,-62.41,target,2,101.99,target,matches the side of the 'target' montage,,,no
sub-3180,ses-4,run-01,P3,-59.08,target,2,101.99,target,matches the side of the 'target' montage,,,no
sub-3180,ses-4,run-02,P3,-59.3,target,2,101.99,target,matches the side of the 'target' montage,,,no
sub-3181,ses-1,run-01,P3,-54.5,target,2,95.24,target,matches the side of the 'target' montage,,,no
sub-3181,ses-1,run-02,P3,-53.98,target,2,95.24,target,matches the side of the 'target' montage,,,no
sub-3181,ses-2,run-01,P3,-53.83,target,2,95.24,target,matches the side of the 'target' montage,,,no
sub-3181,ses-2,run-02,P3,-54.33,target,2,95.24,target,matches the side of the 'target' montage,,,no
sub-3181,ses-3,run-01,P3,-58.51,target,2,95.24,target,matches the side of the 'target' montage,,,no
sub-3181,ses-3,run-02,P3,-57.93,target,2,95.24,target,matches the side of the 'target' montage,,,no
sub-3181,ses-4,run-01,P3,-57.09,target,2,95.24,target,matches the side of the 'target' montage,,,no
sub-3181,ses-4,run-02,P3,-57.01,target,2,95.24,target,matches the side of the 'target' montage,,,no
sub-3183,ses-1,run-01,P3,-66.14,target,2,117.45,target,matches the side of the 'target' montage,,,no
sub-3183,ses-1,run-02,P3,-64.99,target,2,117.45,target,matches the side of the 'target' montage,,,no
sub-3183,ses-2,run-01,P3,-67.84,target,2,117.45,target,matches the side of the 'target' montage,,,no
sub-3183,ses-2,run-02,P3,-67.16,target,2,117.45,target,matches the side of the 'target' montage,,,no
sub-3183,ses-3,run-02,P3,-68.13,target,2,117.45,target,matches the side of the 'target' montage,,,no
sub-3183,ses-4,run-01,P3,-70.51,target,2,117.45,target,matches the side of the 'target' montage,,,no
sub-3183,ses-4,run-02,P3,-69.5,target,2,117.45,target,matches the side of the 'target' montage,,,no
sub-3184,ses-1,run-01,P3,-67.9,target,2,110.77,target,matches the side of the 'target' montage,,,no
sub-3184,ses-1,run-02,P3,-68.23,target,2,110.77,target,matches the side of the 'target' montage,,,no
sub-3184,ses-2,run-01,P3,-70.59,target,2,110.77,target,matches the side of the 'target' montage,,,no
sub-3184,ses-2,run-02,P3,-70.98,target,2,110.77,target,matches the side of the 'target' montage,,,no
sub-3184,ses-3,run-01,P3,-71.19,target,2,110.77,target,matches the side of the 'target' montage,,,no
sub-3184,ses-3,run-02,P3,-71.68,target,2,110.77,target,matches the side of the 'target' montage,,,no
sub-3186,ses-1,run-01,P3,56.13,control,2,113.38,control,matches the side of the 'control' montage,,,no
sub-3186,ses-1,run-02,P3,55.85,control,2,113.38,control,matches the side of the 'control' montage,,,no
sub-3186,ses-2,run-01,P3,56.17,control,2,113.38,control,matches the side of the 'control' montage,,,no
sub-3186,ses-2,run-02,P3,55.92,control,2,113.38,control,matches the side of the 'control' montage,,,no
sub-3186,ses-3,run-01,P3,51.97,control,2,113.38,control,matches the side of the 'control' montage,,,no
sub-3186,ses-3,run-02,P3,52.03,control,2,113.38,control,matches the side of the 'control' montage,,,no
sub-3186,ses-4,run-01,P3,56.87,control,2,113.38,control,matches the side of the 'control' montage,,,no
sub-3186,ses-4,run-02,P3,56.57,control,2,113.38,control,matches the side of the 'control' montage,,,no
sub-3187,ses-1,run-01,P3,53.9,control,2,102.87,control,matches the side of the 'control' montage,,,no
sub-3187,ses-1,run-02,P3,53.32,control,2,102.87,control,matches the side of the 'control' montage,,,no
sub-3187,ses-2,run-01,P3,55.93,control,2,102.87,control,matches the side of the 'control' montage,,,no
sub-3187,ses-2,run-02,P3,56.07,control,2,102.87,control,matches the side of the 'control' montage,,,no
sub-3187,ses-3,run-01,P3,53.43,control,2,102.87,control,matches the side of the 'control' montage,,,no
sub-3187,ses-3,run-02,P3,52.9,control,2,102.87,control,matches the side of the 'control' montage,,,no
sub-3187,ses-4,run-01,P3,58.36,control,2,102.87,control,matches the side of the 'control' montage,,,no
sub-3187,ses-4,run-02,P3,57.4,control,2,102.87,control,matches the side of the 'control' montage,,,no
sub-3188,ses-1,run-01,P3,51.79,control,2,100.96,control,matches the side of the 'control' montage,,,no
sub-3188,ses-1,run-02,P3,51.71,control,2,100.96,control,matches the side of the 'control' montage,,,no
sub-3188,ses-2,run-01,P3,49.61,control,2,100.96,control,matches the side of the 'control' montage,,,no
sub-3188,ses-2,run-02,P3,49.01,control,2,100.96,control,matches the side of the 'control' montage,,,no
sub-3188,ses-3,run-01,P3,58.96,control,2,100.96,control,matches the side of the 'control' montage,,,no
sub-3188,ses-3,run-02,P3,58.31,control,2,100.96,control,matches the side of the 'control' montage,,,no
sub-3188,ses-4,run-01,P3,51.38,control,2,100.96,control,matches the side of the 'control' montage,,,no
sub-3188,ses-4,run-02,P3,51.81,control,2,100.96,control,matches the side of the 'control' montage,,,no
sub-3189,ses-1,run-01,P3,48.43,control,2,105.05,control,matches the side of the 'control' montage,,,no
sub-3189,ses-1,run-02,P3,47.94,control,2,105.05,control,matches the side of the 'control' montage,,,no
sub-3189,ses-2,run-01,P3,48.87,control,2,105.05,control,matches the side of the 'control' montage,,,no
sub-3189,ses-2,run-02,P3,48.93,control,2,105.05,control,matches the side of the 'control' montage,,,no
sub-3189,ses-3,run-01,P3,50.93,control,2,105.05,control,matches the side of the 'control' montage,,,no
sub-3189,ses-3,run-02,P3,49.59,control,2,105.05,control,matches the side of the 'control' montage,,,no
sub-3189,ses-4,run-01,P3,44.46,control,2,105.05,control,matches the side of the 'control' montage,,,no
sub-3189,ses-4,run-02,P3,44.74,control,2,105.05,control,matches the side of the 'control' montage,,,no
sub-3190,ses-1,run-01,P3,-65.35,target,2,111.85,target,matches the side of the 'target' montage,,,no
sub-3190,ses-1,run-02,P3,-65.49,target,2,111.85,target,matches the side of the 'target' montage,,,no
sub-3190,ses-2,run-01,P3,-66.41,target,2,111.85,target,matches the side of the 'target' montage,,,no
sub-3190,ses-2,run-02,P3,-66.47,target,2,111.85,target,matches the side of the 'target' montage,,,no
sub-3190,ses-3,run-01,P3,-63.18,target,2,111.85,target,matches the side of the 'target' montage,,,no
sub-3190,ses-3,run-02,P3,-62.88,target,2,111.85,target,matches the side of the 'target' montage,,,no
sub-3190,ses-4,run-01,P3,-66.82,target,2,111.85,target,matches the side of the 'target' montage,,,no
sub-3190,ses-4,run-02,P3,-64.52,target,2,111.85,target,matches the side of the 'target' montage,,,no
sub-3191,ses-1,run-01,P3,49.0,control,2,107.52,control,matches the side of the 'control' montage,,,no
sub-3191,ses-1,run-02,P3,47.51,control,2,107.52,control,matches the side of the 'control' montage,,,no
sub-3191,ses-2,run-01,P3,48.51,control,2,107.52,control,matches the side of the 'control' montage,,,no
sub-3191,ses-2,run-02,P3,47.48,control,2,107.52,control,matches the side of the 'control' montage,,,no
sub-3191,ses-3,run-01,P3,49.93,control,2,107.52,control,matches the side of the 'control' montage,,,no
sub-3191,ses-3,run-02,P3,49.54,control,2,107.52,control,matches the side of the 'control' montage,,,no
sub-3193,ses-1,run-01,P3,57.94,control,2,114.66,control,matches the side of the 'control' montage,,,no
sub-3193,ses-1,run-02,P3,57.01,control,2,114.66,control,matches the side of the 'control' montage,,,no
sub-3193,ses-2,run-01,P3,55.34,control,2,114.66,control,matches the side of the 'control' montage,,,no
sub-3193,ses-2,run-02,P3,54.94,control,2,114.66,control,matches the side of the 'control' montage,,,no
sub-3193,ses-3,run-01,P3,55.68,control,2,114.66,control,matches the side of the 'control' montage,,,no
sub-3193,ses-3,run-02,P3,55.01,control,2,114.66,control,matches the side of the 'control' montage,,,no
sub-3193,ses-4,run-01,P3,58.25,control,2,114.66,control,matches the side of the 'control' montage,,,no
sub-3193,ses-4,run-02,P3,58.27,control,2,114.66,control,matches the side of the 'control' montage,,,no
sub-3195,ses-1,run-01,P3,52.42,control,2,119.74,control,matches the side of the 'control' montage,,,no
sub-3195,ses-1,run-02,P3,51.24,control,2,119.74,control,matches the side of the 'control' montage,,,no
sub-3195,ses-2,run-01,P3,51.8,control,2,119.74,control,matches the side of the 'control' montage,,,no
sub-3195,ses-2,run-02,P3,51.47,control,2,119.74,control,matches the side of the 'control' montage,,,no
sub-3196,ses-1,run-01,P3,48.52,control,2,103.64,control,matches the side of the 'control' montage,,,no
sub-3196,ses-1,run-02,P3,47.97,control,2,103.64,control,matches the side of the 'control' montage,,,no
sub-3196,ses-2,run-01,P3,50.03,control,2,103.64,control,matches the side of the 'control' montage,,,no
sub-3196,ses-2,run-02,P3,50.09,control,2,103.64,control,matches the side of the 'control' montage,,,no
sub-3196,ses-3,run-01,P3,46.15,control,2,103.64,control,matches the side of the 'control' montage,,,no
sub-3196,ses-3,run-02,P3,45.73,control,2,103.64,control,matches the side of the 'control' montage,,,no
sub-3196,ses-4,run-01,P3,34.92,control,2,103.64,control,matches the side of the 'control' montage,,,no
sub-3196,ses-4,run-02,P3,35.08,control,2,103.64,control,matches the side of the 'control' montage,,,no
sub-3197,ses-1,run-01,P3,60.07,control,2,105.15,control,matches the side of the 'control' montage,,,no
sub-3197,ses-1,run-02,P3,60.08,control,2,105.15,control,matches the side of the 'control' montage,,,no
sub-3197,ses-2,run-01,P3,54.9,control,2,105.15,control,matches the side of the 'control' montage,,,no
sub-3197,ses-2,run-02,P3,54.91,control,2,105.15,control,matches the side of the 'control' montage,,,no
sub-3197,ses-3,run-01,P3,54.84,control,2,105.15,control,matches the side of the 'control' montage,,,no
sub-3197,ses-3,run-02,P3,53.7,control,2,105.15,control,matches the side of the 'control' montage,,,no
sub-3199,ses-1,run-01,P3,50.17,control,2,114.23,control,matches the side of the 'control' montage,,,no
sub-3199,ses-1,run-02,P3,50.13,control,2,114.23,control,matches the side of the 'control' montage,,,no
sub-3199,ses-2,run-01,P3,49.3,control,2,114.23,control,matches the side of the 'control' montage,,,no
sub-3199,ses-2,run-02,P3,48.68,control,2,114.23,control,matches the side of the 'control' montage,,,no
sub-3199,ses-3,run-01,P3,42.21,control,2,114.23,control,matches the side of the 'control' montage,,,no
sub-3199,ses-3,run-02,P3,42.25,control,2,114.23,control,matches the side of the 'control' montage,,,no
sub-3199,ses-4,run-01,P3,43.83,control,2,114.23,control,matches the side of the 'control' montage,,,no
sub-3199,ses-4,run-02,P3,43.93,control,2,114.23,control,matches the side of the 'control' montage,,,no
sub-3201,ses-1,run-01,P3,-62.41,target,2,90.18,target,matches the side of the 'target' montage,,,no
sub-3201,ses-1,run-02,P3,-61.47,target,2,90.18,target,matches the side of the 'target' montage,,,no
sub-3201,ses-2,run-01,P3,-58.81,target,2,90.18,target,matches the side of the 'target' montage,,,no
sub-3201,ses-2,run-02,P3,-58.84,target,2,90.18,target,matches the side of the 'target' montage,,,no
sub-3202,ses-1,run-01,P3,-66.0,target,2,101.5,target,matches the side of the 'target' montage,,,no
sub-3202,ses-1,run-02,P3,-65.98,target,2,101.5,target,matches the side of the 'target' montage,,,no
sub-3202,ses-2,run-01,P3,-64.34,target,2,101.5,target,matches the side of the 'target' montage,,,no
sub-3202,ses-2,run-02,P3,-63.15,target,2,101.5,target,matches the side of the 'target' montage,,,no
sub-3202,ses-3,run-01,P3,-63.32,target,2,101.5,target,matches the side of the 'target' montage,,,no
sub-3202,ses-3,run-02,P3,-63.18,target,2,101.5,target,matches the side of the 'target' montage,,,no
sub-3202,ses-4,run-01,P3,-63.69,target,2,101.5,target,matches the side of the 'target' montage,,,no
sub-3202,ses-4,run-02,P3,-61.59,target,2,101.5,target,matches the side of the 'target' montage,,,no
sub-3203,ses-1,run-01,P3,-61.25,target,2,101.71,target,matches the side of the 'target' montage,,,no
sub-3203,ses-1,run-02,P3,-61.21,target,2,101.71,target,matches the side of the 'target' montage,,,no
sub-3203,ses-2,run-01,P3,-62.93,target,2,101.71,target,matches the side of the 'target' montage,,,no
sub-3203,ses-2,run-02,P3,-62.6,target,2,101.71,target,matches the side of the 'target' montage,,,no
sub-3203,ses-3,run-01,P3,-58.93,target,2,101.71,target,matches the side of the 'target' montage,,,no
sub-3203,ses-3,run-02,P3,-58.6,target,2,101.71,target,matches the side of the 'target' montage,,,no
sub-3203,ses-4,run-01,P3,-63.19,target,2,101.71,target,matches the side of the 'target' montage,,,no
sub-3203,ses-4,run-02,P3,-62.82,target,2,101.71,target,matches the side of the 'target' montage,,,no
sub-3204,ses-1,run-01,P3,-72.7,target,2,109.36,target,matches the side of the 'target' montage,,,no
sub-3204,ses-1,run-02,P3,-72.74,target,2,109.36,target,matches the side of the 'target' montage,,,no
sub-3204,ses-2,run-01,P3,-72.26,target,2,109.36,target,matches the side of the 'target' montage,,,no
sub-3204,ses-2,run-02,P3,-72.23,target,2,109.36,target,matches the side of the 'target' montage,,,no
sub-3204,ses-4,run-01,P3,-73.45,target,2,109.36,target,matches the side of the 'target' montage,,,no
sub-3204,ses-4,run-02,P3,-74.54,target,2,109.36,target,matches the side of the 'target' montage,,,no
sub-3205,ses-1,run-01,P3,36.1,control,2,92.59,control,matches the side of the 'control' montage,,,no
sub-3205,ses-1,run-02,P3,36.23,control,2,92.59,control,matches the side of the 'control' montage,,,no
sub-3205,ses-2,run-01,P3,42.33,control,2,92.59,control,matches the side of the 'control' montage,,,no
sub-3205,ses-2,run-02,P3,41.5,control,2,92.59,control,matches the side of the 'control' montage,,,no
sub-3205,ses-3,run-01,P3,41.65,control,2,92.59,control,matches the side of the 'control' montage,,,no
sub-3205,ses-3,run-02,P3,41.12,control,2,92.59,control,matches the side of the 'control' montage,,,no
sub-3205,ses-4,run-01,P3,43.83,control,2,92.59,control,matches the side of the 'control' montage,,,no
sub-3205,ses-4,run-02,P3,43.88,control,2,92.59,control,matches the side of the 'control' montage,,,no
sub-3206,ses-1,run-01,P3,-66.78,target,2,111.61,target,matches the side of the 'target' montage,,,no
sub-3206,ses-1,run-02,P3,-66.6,target,2,111.61,target,matches the side of the 'target' montage,,,no
sub-3206,ses-2,run-01,P3,-61.17,target,2,111.61,target,matches the side of the 'target' montage,,,no
sub-3206,ses-2,run-02,P3,-60.45,target,2,111.61,target,matches the side of the 'target' montage,,,no
sub-3206,ses-3,run-01,P3,-66.95,target,2,111.61,target,matches the side of the 'target' montage,,,no
sub-3206,ses-4,run-01,P3,-65.92,target,2,111.61,target,matches the side of the 'target' montage,,,no
sub-3206,ses-4,run-02,P3,-65.08,target,2,111.61,target,matches the side of the 'target' montage,,,no
sub-3210,ses-1,run-01,P3,-54.05,target,2,102.89,target,matches the side of the 'target' montage,,,no
sub-3210,ses-1,run-02,P3,-65.89,target,2,102.89,target,matches the side of the 'target' montage,,,no
sub-3210,ses-2,run-02,P3,-58.8,target,2,102.89,target,matches the side of the 'target' montage,,,no
sub-3210,ses-3,run-01,P3,-59.97,target,2,102.89,target,matches the side of the 'target' montage,,,no
sub-3210,ses-3,run-02,P3,-59.54,target,2,102.89,target,matches the side of the 'target' montage,,,no
sub-3210,ses-4,run-01,P3,-63.59,target,2,102.89,target,matches the side of the 'target' montage,,,no
sub-3210,ses-4,run-02,P3,-62.92,target,2,102.89,target,matches the side of the 'target' montage,,,no
sub-3211,ses-1,run-01,P3,-65.8,target,2,111.34,target,matches the side of the 'target' montage,,,no
sub-3211,ses-1,run-02,P3,-66.24,target,2,111.34,target,matches the side of the 'target' montage,,,no
sub-3211,ses-2,run-01,P3,-65.01,target,2,111.34,target,matches the side of the 'target' montage,,,no
sub-3211,ses-2,run-02,P3,-65.41,target,2,111.34,target,matches the side of the 'target' montage,,,no
sub-3211,ses-3,run-01,P3,-67.34,target,2,111.34,target,matches the side of the 'target' montage,,,no
sub-3211,ses-3,run-02,P3,-68.17,target,2,111.34,target,matches the side of the 'target' montage,,,no
sub-3211,ses-4,run-01,P3,-66.73,target,2,111.34,target,matches the side of the 'target' montage,,,no
sub-3211,ses-4,run-02,P3,-66.98,target,2,111.34,target,matches the side of the 'target' montage,,,no
sub-3212,ses-1,run-01,P3,34.38,control,2,109.07,control,matches the side of the 'control' montage,,,no
sub-3212,ses-1,run-02,P3,36.31,control,2,109.07,control,matches the side of the 'control' montage,,,no
sub-3212,ses-2,run-01,P3,40.36,control,2,109.07,control,matches the side of the 'control' montage,,,no
sub-3212,ses-2,run-02,P3,40.81,control,2,109.07,control,matches the side of the 'control' montage,,,no
sub-3213,ses-1,run-01,P3,61.12,control,2,126.95,control,matches the side of the 'control' montage,,,no
sub-3213,ses-1,run-02,P3,60.15,control,2,126.95,control,matches the side of the 'control' montage,,,no
sub-3213,ses-2,run-01,P3,62.55,control,2,126.95,control,matches the side of the 'control' montage,,,no
sub-3213,ses-2,run-02,P3,62.23,control,2,126.95,control,matches the side of the 'control' montage,,,no
sub-3213,ses-3,run-01,P3,53.9,control,2,126.95,control,matches the side of the 'control' montage,,,no
sub-3213,ses-3,run-02,P3,53.14,control,2,126.95,control,matches the side of the 'control' montage,,,no
sub-3213,ses-4,run-01,P3,54.1,control,2,126.95,control,matches the side of the 'control' montage,,,no
sub-3213,ses-4,run-02,P3,54.02,control,2,126.95,control,matches the side of the 'control' montage,,,no
sub-3214,ses-1,run-01,P3,59.44,control,2,114.15,control,matches the side of the 'control' montage,,,no
sub-3214,ses-1,run-02,P3,59.24,control,2,114.15,control,matches the side of the 'control' montage,,,no
sub-4001,ses-1,run-01,P4,-61.83,target,2,52.15,target,side is ambiguous,,,no
sub-4001,ses-1,run-02,P4,-62.27,target,2,52.15,target,side is ambiguous,,,no
sub-4001,ses-2,run-01,P4,-61.13,target,2,52.15,target,side is ambiguous,,,no
sub-4001,ses-2,run-02,P4,-61.84,target,2,52.15,target,side is ambiguous,,,no
sub-4001,ses-3,run-01,P4,-63.99,target,2,52.15,target,side is ambiguous,,,no
sub-4001,ses-3,run-02,P4,-64.12,target,2,52.15,target,side is ambiguous,,,no
sub-4001,ses-4,run-01,P4,-62.92,target,2,52.15,target,side is ambiguous,,,no
sub-4001,ses-4,run-02,P4,-63.11,target,2,52.15,target,side is ambiguous,,,no
sub-4002,ses-1,run-01,P4,-64.89,target,2,59.95,target,side is ambiguous,,,no
sub-4002,ses-1,run-02,P4,-64.96,target,2,59.95,target,side is ambiguous,,,no
sub-4002,ses-2,run-01,P4,-63.08,target,2,59.95,target,side is ambiguous,,,no
sub-4002,ses-2,run-02,P4,-63.44,target,2,59.95,target,side is ambiguous,,,no
sub-4002,ses-3,run-01,P4,-66.9,target,2,59.95,target,side is ambiguous,,,no
sub-4002,ses-3,run-02,P4,-67.05,target,2,59.95,target,side is ambiguous,,,no
sub-4002,ses-4,run-01,P4,-63.82,target,2,59.95,target,side is ambiguous,,,no
sub-4002,ses-4,run-02,P4,-63.73,target,2,59.95,target,side is ambiguous,,,no
sub-4003,ses-1,run-01,P4,-67.35,target,2,60.12,target,side is ambiguous,,,no
sub-4003,ses-1,run-02,P4,-67.39,target,2,60.12,target,side is ambiguous,,,no
sub-4003,ses-2,run-01,P4,-64.81,target,2,60.12,target,side is ambiguous,,,no
sub-4003,ses-2,run-02,P4,-64.36,target,2,60.12,target,side is ambiguous,,,no
sub-4003,ses-3,run-01,P4,-65.68,target,2,60.12,target,side is ambiguous,,,no
sub-4003,ses-3,run-02,P4,-65.28,target,2,60.12,target,side is ambiguous,,,no
sub-4003,ses-4,run-01,P4,-66.39,target,2,60.12,target,side is ambiguous,,,no
sub-4003,ses-4,run-02,P4,-66.3,target,2,60.12,target,side is ambiguous,,,no
sub-4005,ses-1,run-01,P4,-64.8,target,2,60.94,target,side is ambiguous,,,no
sub-4005,ses-1,run-02,P4,-64.83,target,2,60.94,target,side is ambiguous,,,no
sub-4005,ses-2,run-01,P4,-62.71,target,2,60.94,target,side is ambiguous,,,no
sub-4005,ses-2,run-02,P4,-62.03,target,2,60.94,target,side is ambiguous,,,no
sub-4005,ses-3,run-01,P4,-64.22,target,2,60.94,target,side is ambiguous,,,no
sub-4005,ses-3,run-02,P4,-64.35,target,2,60.94,target,side is ambiguous,,,no
sub-4005,ses-4,run-01,P4,-66.84,target,2,60.94,target,side is ambiguous,,,no
sub-4005,ses-4,run-02,P4,-66.49,target,2,60.94,target,side is ambiguous,,,no
sub-4006,ses-1,run-01,P4,-66.47,target,2,62.3,target,side is ambiguous,,,no
sub-4006,ses-1,run-02,P4,-66.64,target,2,62.3,target,side is ambiguous,,,no
sub-4006,ses-2,run-01,P4,-67.41,target,2,62.3,target,side is ambiguous,,,no
sub-4006,ses-2,run-02,P4,-67.21,target,2,62.3,target,side is ambiguous,,,no
sub-4006,ses-3,run-01,P4,-70.08,target,2,62.3,target,side is ambiguous,,,no
sub-4006,ses-3,run-02,P4,-70.13,target,2,62.3,target,side is ambiguous,,,no
sub-4006,ses-4,run-01,P4,-68.63,target,2,62.3,target,side is ambiguous,,,no
sub-4006,ses-4,run-02,P4,-68.52,target,2,62.3,target,side is ambiguous,,,no
sub-4007,ses-1,run-01,P4,-74.72,target,2,70.82,target,side is ambiguous,,,no
sub-4007,ses-1,run-02,P4,-75.46,target,2,70.82,target,side is ambiguous,,,no
sub-4007,ses-2,run-01,P4,-74.15,target,2,70.82,target,side is ambiguous,,,no
sub-4007,ses-2,run-02,P4,-74.3,target,2,70.82,target,side is ambiguous,,,no
sub-4007,ses-3,run-01,P4,-75.36,target,2,70.82,target,side is ambiguous,,,no
sub-4007,ses-3,run-02,P4,-76.15,target,2,70.82,target,side is ambiguous,,,no
sub-4007,ses-4,run-01,P4,-73.91,target,2,70.82,target,side is ambiguous,,,no
sub-4007,ses-4,run-02,P4,-73.32,target,2,70.82,target,side is ambiguous,,,no
sub-4008,ses-1,run-01,P4,-61.65,target,2,55.19,target,side is ambiguous,,,no
sub-4008,ses-1,run-02,P4,-60.99,target,2,55.19,target,side is ambiguous,,,no
sub-4008,ses-2,run-01,P4,-61.45,target,2,55.19,target,side is ambiguous,,,no
sub-4008,ses-2,run-02,P4,-60.93,target,2,55.19,target,side is ambiguous,,,no
sub-4008,ses-3,run-01,P4,-64.68,target,2,55.19,target,side is ambiguous,,,no
sub-4008,ses-3,run-02,P4,-64.26,target,2,55.19,target,side is ambiguous,,,no
sub-4008,ses-4,run-01,P4,-63.89,target,2,55.19,target,side is ambiguous,,,no
sub-4008,ses-4,run-02,P4,-64.07,target,2,55.19,target,side is ambiguous,,,no
sub-4009,ses-1,run-01,P4,-66.27,target,2,65.05,target,side is ambiguous,,,no
sub-4009,ses-1,run-02,P4,-66.3,target,2,65.05,target,side is ambiguous,,,no
sub-4009,ses-2,run-01,P4,-66.39,target,2,65.05,target,side is ambiguous,,,no
sub-4009,ses-2,run-02,P4,-66.05,target,2,65.05,target,side is ambiguous,,,no
sub-4009,ses-3,run-01,P4,-66.33,target,2,65.05,target,side is ambiguous,,,no
sub-4009,ses-3,run-02,P4,-67.19,target,2,65.05,target,side is ambiguous,,,no
sub-4009,ses-4,run-01,P4,-65.17,target,2,65.05,target,side is ambiguous,,,no
sub-4009,ses-4,run-02,P4,-65.22,target,2,65.05,target,side is ambiguous,,,no
sub-4010,ses-1,run-01,P4,-67.23,target,2,66.86,target,side is ambiguous,,,no
sub-4010,ses-1,run-02,P4,-67.51,target,2,66.86,target,side is ambiguous,,,no
sub-4010,ses-2,run-01,P4,-67.95,target,2,66.86,target,side is ambiguous,,,no
sub-4010,ses-2,run-02,P4,-68.43,target,2,66.86,target,side is ambiguous,,,no
sub-4010,ses-3,run-01,P4,-66.47,target,2,66.86,target,side is ambiguous,,,no
sub-4010,ses-3,run-02,P4,-66.07,target,2,66.86,target,side is ambiguous,,,no
sub-4010,ses-4,run-01,P4,-68.14,target,2,66.86,target,side is ambiguous,,,no
sub-4010,ses-4,run-02,P4,-68.66,target,2,66.86,target,side is ambiguous,,,no
sub-4011,ses-1,run-01,P4,-68.37,target,2,60.09,target,side is ambiguous,,,no
sub-4011,ses-1,run-02,P4,-68.3,target,2,60.09,target,side is ambiguous,,,no
sub-4011,ses-2,run-01,P4,-66.14,target,2,60.09,target,side is ambiguous,,,no
sub-4011,ses-2,run-02,P4,-67.59,target,2,60.09,target,side is ambiguous,,,no
sub-4011,ses-3,run-01,P4,-66.44,target,2,60.09,target,side is ambiguous,,,no
sub-4011,ses-3,run-02,P4,-66.85,target,2,60.09,target,side is ambiguous,,,no
sub-4011,ses-4,run-01,P4,-73.48,target,2,60.09,target,side is ambiguous,,,no
sub-4011,ses-4,run-02,P4,-74.82,target,2,60.09,target,side is ambiguous,,,no
sub-4012,ses-1,run-01,P4,-67.46,target,2,62.71,target,side is ambiguous,,,no
sub-4012,ses-1,run-02,P4,-67.24,target,2,62.71,target,side is ambiguous,,,no
sub-4012,ses-2,run-01,P4,-61.28,target,2,62.71,target,side is ambiguous,,,no
sub-4012,ses-2,run-02,P4,-61.09,target,2,62.71,target,side is ambiguous,,,no
sub-4012,ses-3,run-01,P4,-64.55,target,2,62.71,target,side is ambiguous,,,no
sub-4012,ses-3,run-02,P4,-64.86,target,2,62.71,target,side is ambiguous,,,no
sub-4012,ses-4,run-01,P4,-61.69,target,2,62.71,target,side is ambiguous,,,no
sub-4012,ses-4,run-02,P4,-61.78,target,2,62.71,target,side is ambiguous,,,no
sub-4013,ses-1,run-01,P4,-67.5,target,2,58.4,target,side is ambiguous,,,no
sub-4013,ses-1,run-02,P4,-67.8,target,2,58.4,target,side is ambiguous,,,no
sub-4013,ses-2,run-01,P4,-62.8,target,2,58.4,target,side is ambiguous,,,no
sub-4013,ses-2,run-02,P4,-62.91,target,2,58.4,target,side is ambiguous,,,no
sub-4013,ses-3,run-01,P4,-66.16,target,2,58.4,target,side is ambiguous,,,no
sub-4013,ses-3,run-02,P4,-66.61,target,2,58.4,target,side is ambiguous,,,no
sub-4013,ses-4,run-01,P4,-62.8,target,2,58.4,target,side is ambiguous,,,no
sub-4013,ses-4,run-02,P4,-62.91,target,2,58.4,target,side is ambiguous,,,no
sub-4014,ses-1,run-01,P4,-67.23,target,2,56.62,target,side is ambiguous,,,no
sub-4014,ses-1,run-02,P4,-67.01,target,2,56.62,target,side is ambiguous,,,no
sub-4014,ses-2,run-01,P4,-63.32,target,2,56.62,target,side is ambiguous,,,no
sub-4014,ses-2,run-02,P4,-63.79,target,2,56.62,target,side is ambiguous,,,no
sub-4014,ses-3,run-01,P4,-67.07,target,2,56.62,target,side is ambiguous,,,no
sub-4014,ses-3,run-02,P4,-67.97,target,2,56.62,target,side is ambiguous,,,no
sub-4014,ses-4,run-01,P4,-71.17,target,2,56.62,target,side is ambiguous,,,no
sub-4014,ses-4,run-02,P4,-71.9,target,2,56.62,target,side is ambiguous,,,no
sub-4015,ses-1,run-01,P4,-60.22,target,2,65.0,target,matches the side of the 'target' montage,,,no
sub-4015,ses-1,run-02,P4,-60.64,target,2,65.0,target,matches the side of the 'target' montage,,,no
sub-4015,ses-2,run-01,P4,-61.53,target,2,65.0,target,matches the side of the 'target' montage,,,no
sub-4015,ses-2,run-02,P4,-61.54,target,2,65.0,target,matches the side of the 'target' montage,,,no
sub-4015,ses-3,run-01,P4,-62.26,target,2,65.0,target,matches the side of the 'target' montage,,,no
sub-4015,ses-3,run-02,P4,-62.61,target,2,65.0,target,matches the side of the 'target' montage,,,no
sub-4015,ses-4,run-01,P4,-61.34,target,2,65.0,target,matches the side of the 'target' montage,,,no
sub-4015,ses-4,run-02,P4,-59.58,target,2,65.0,target,matches the side of the 'target' montage,,,no
sub-4016,ses-1,run-01,P4,-72.57,target,2,71.35,target,side is ambiguous,,,no
sub-4016,ses-1,run-02,P4,-72.88,target,2,71.35,target,side is ambiguous,,,no
sub-4016,ses-2,run-01,P4,-75.41,target,2,71.35,target,side is ambiguous,,,no
sub-4016,ses-2,run-02,P4,-75.16,target,2,71.35,target,side is ambiguous,,,no
sub-4016,ses-3,run-01,P4,-72.83,target,2,71.35,target,side is ambiguous,,,no
sub-4016,ses-3,run-02,P4,-72.26,target,2,71.35,target,side is ambiguous,,,no
sub-4016,ses-4,run-01,P4,-68.1,target,2,71.35,target,side is ambiguous,,,no
sub-4016,ses-4,run-02,P4,-66.88,target,2,71.35,target,side is ambiguous,,,no
sub-4017,ses-1,run-01,P4,-74.1,target,2,61.34,target,side is ambiguous,,,no
sub-4017,ses-1,run-02,P4,-73.95,target,2,61.34,target,side is ambiguous,,,no
sub-4017,ses-2,run-01,P4,-73.52,target,2,61.34,target,side is ambiguous,,,no
sub-4017,ses-2,run-02,P4,-73.17,target,2,61.34,target,side is ambiguous,,,no
sub-4017,ses-3,run-01,P4,-73.34,target,2,61.34,target,side is ambiguous,,,no
sub-4017,ses-3,run-02,P4,-72.95,target,2,61.34,target,side is ambiguous,,,no
sub-4017,ses-4,run-01,P4,-71.91,target,2,61.34,target,side is ambiguous,,,no
sub-4017,ses-4,run-02,P4,-71.65,target,2,61.34,target,side is ambiguous,,,no
sub-4018,ses-1,run-01,P4,-65.79,target,2,61.84,target,side is ambiguous,,,no
sub-4018,ses-1,run-02,P4,-64.61,target,2,61.84,target,side is ambiguous,,,no
sub-4018,ses-2,run-01,P4,-67.38,target,2,61.84,target,side is ambiguous,,,no
sub-4018,ses-2,run-02,P4,-67.43,target,2,61.84,target,side is ambiguous,,,no
sub-4018,ses-3,run-01,P4,-63.83,target,2,61.84,target,side is ambiguous,,,no
sub-4018,ses-3,run-02,P4,-63.15,target,2,61.84,target,side is ambiguous,,,no
sub-4018,ses-4,run-01,P4,-64.51,target,2,61.84,target,side is ambiguous,,,no
sub-4018,ses-4,run-02,P4,-63.37,target,2,61.84,target,side is ambiguous,,,no
sub-4019,ses-1,run-01,P4,-54.7,target,2,54.34,target,matches the side of the 'target' montage,,,no
sub-4019,ses-1,run-02,P4,-55.85,target,2,54.34,target,matches the side of the 'target' montage,,,no
sub-4019,ses-2,run-01,P4,-54.2,target,2,54.34,target,matches the side of the 'target' montage,,,no
sub-4019,ses-2,run-02,P4,-53.5,target,2,54.34,target,matches the side of the 'target' montage,,,no
sub-4019,ses-3,run-01,P4,-55.42,target,2,54.34,target,matches the side of the 'target' montage,,,no
sub-4019,ses-3,run-02,P4,-55.13,target,2,54.34,target,matches the side of the 'target' montage,,,no
sub-4019,ses-4,run-01,P4,-50.61,target,2,54.34,target,matches the side of the 'target' montage,,,no
sub-4019,ses-4,run-02,P4,-50.88,target,2,54.34,target,matches the side of the 'target' montage,,,no
sub-4020,ses-1,run-01,P4,-62.38,target,2,59.26,target,side is ambiguous,,,no
sub-4020,ses-1,run-02,P4,-62.4,target,2,59.26,target,side is ambiguous,,,no
sub-4020,ses-2,run-01,P4,-64.02,target,2,59.26,target,side is ambiguous,,,no
sub-4020,ses-2,run-02,P4,-63.56,target,2,59.26,target,side is ambiguous,,,no
sub-4020,ses-3,run-01,P4,-62.55,target,2,59.26,target,side is ambiguous,,,no
sub-4020,ses-3,run-02,P4,-62.4,target,2,59.26,target,side is ambiguous,,,no
sub-4020,ses-4,run-01,P4,-68.24,target,2,59.26,target,side is ambiguous,,,no
sub-4020,ses-4,run-02,P4,-67.92,target,2,59.26,target,side is ambiguous,,,no
sub-4021,ses-1,run-01,P4,-65.3,target,2,57.43,target,side is ambiguous,,,no
sub-4021,ses-1,run-02,P4,-65.09,target,2,57.43,target,side is ambiguous,,,no
sub-4021,ses-2,run-01,P4,-58.8,target,2,57.43,target,side is ambiguous,,,no
sub-4021,ses-2,run-02,P4,-58.87,target,2,57.43,target,side is ambiguous,,,no
sub-4021,ses-3,run-01,P4,-63.75,target,2,57.43,target,side is ambiguous,,,no
sub-4021,ses-3,run-02,P4,-63.19,target,2,57.43,target,side is ambiguous,,,no
sub-4021,ses-4,run-01,P4,-60.51,target,2,57.43,target,side is ambiguous,,,no
sub-4021,ses-4,run-02,P4,-61.01,target,2,57.43,target,side is ambiguous,,,no
sub-4101,ses-1,run-01,P4,-67.41,target,2,138.82,target,matches the side of the 'target' montage,,,no
sub-4101,ses-1,run-02,P4,-67.11,target,2,138.82,target,matches the side of the 'target' montage,,,no
sub-4101,ses-2,run-01,P4,-69.41,target,2,138.82,target,matches the side of the 'target' montage,,,no
sub-4101,ses-2,run-02,P4,-69.63,target,2,138.82,target,matches the side of the 'target' montage,,,no
sub-4101,ses-3,run-01,P4,-70.22,target,2,138.82,target,matches the side of the 'target' montage,,,no
sub-4101,ses-3,run-02,P4,-70.26,target,2,138.82,target,matches the side of the 'target' montage,,,no
sub-4101,ses-4,run-01,P4,-69.68,target,2,138.82,target,matches the side of the 'target' montage,,,no
sub-4101,ses-4,run-02,P4,-70.61,target,2,138.82,target,matches the side of the 'target' montage,,,no
sub-4102,ses-1,run-01,P4,-69.07,target,2,133.65,target,matches the side of the 'target' montage,,,no
sub-4102,ses-1,run-02,P4,-69.0,target,2,133.65,target,matches the side of the 'target' montage,,,no
sub-4102,ses-2,run-01,P4,-68.83,target,2,133.65,target,matches the side of the 'target' montage,,,no
sub-4102,ses-2,run-02,P4,-69.46,target,2,133.65,target,matches the side of the 'target' montage,,,no
sub-4102,ses-3,run-01,P4,-68.96,target,2,133.65,target,matches the side of the 'target' montage,,,no
sub-4102,ses-3,run-02,P4,-69.25,target,2,133.65,target,matches the side of the 'target' montage,,,no
sub-4102,ses-4,run-01,P4,-68.2,target,2,133.65,target,matches the side of the 'target' montage,,,no
sub-4102,ses-4,run-02,P4,-68.46,target,2,133.65,target,matches the side of the 'target' montage,,,no
sub-4103,ses-1,run-01,P4,-54.57,target,2,120.12,target,matches the side of the 'target' montage,,,no
sub-4103,ses-1,run-02,P4,-53.78,target,2,120.12,target,matches the side of the 'target' montage,,,no
sub-4103,ses-2,run-01,P4,-65.04,target,2,120.12,target,matches the side of the 'target' montage,,,no
sub-4103,ses-2,run-02,P4,-64.83,target,2,120.12,target,matches the side of the 'target' montage,,,no
sub-4103,ses-3,run-01,P4,-61.28,target,2,120.12,target,matches the side of the 'target' montage,,,no
sub-4103,ses-3,run-02,P4,-61.19,target,2,120.12,target,matches the side of the 'target' montage,,,no
sub-4103,ses-4,run-01,P4,-62.22,target,2,120.12,target,matches the side of the 'target' montage,,,no
sub-4103,ses-4,run-02,P4,-61.34,target,2,120.12,target,matches the side of the 'target' montage,,,no
sub-4104,ses-1,run-01,P4,-68.19,target,2,130.62,target,matches the side of the 'target' montage,,,no
sub-4104,ses-1,run-02,P4,-68.81,target,2,130.62,target,matches the side of the 'target' montage,,,no
sub-4104,ses-2,run-01,P4,-67.61,target,2,130.62,target,matches the side of the 'target' montage,,,no
sub-4104,ses-2,run-02,P4,-66.37,target,2,130.62,target,matches the side of the 'target' montage,,,no
sub-4104,ses-3,run-01,P4,-68.28,target,2,130.62,target,matches the side of the 'target' montage,,,no
sub-4104,ses-3,run-02,P4,-67.61,target,2,130.62,target,matches the side of the 'target' montage,,,no
sub-4104,ses-4,run-01,P4,-69.26,target,2,130.62,target,matches the side of the 'target' montage,,,no
sub-4104,ses-4,run-02,P4,-69.03,target,2,130.62,target,matches the side of the 'target' montage,,,no
sub-4105,ses-1,run-01,P4,-71.58,target,2,133.85,target,matches the side of the 'target' montage,,,no
sub-4105,ses-1,run-02,P4,-72.26,target,2,133.85,target,matches the side of the 'target' montage,,,no
sub-4105,ses-2,run-01,P4,-70.26,target,2,133.85,target,matches the side of the 'target' montage,,,no
sub-4105,ses-2,run-02,P4,-69.74,target,2,133.85,target,matches the side of the 'target' montage,,,no
sub-4105,ses-3,run-01,P4,-72.56,target,2,133.85,target,matches the side of the 'target' montage,,,no
sub-4105,ses-3,run-02,P4,-72.94,target,2,133.85,target,matches the side of the 'target' montage,,,no
sub-4105,ses-4,run-01,P4,-74.4,target,2,133.85,target,matches the side of the 'target' montage,,,no
sub-4105,ses-4,run-02,P4,-74.87,target,2,133.85,target,matches the side of the 'target' montage,,,no
sub-4106,ses-1,run-01,P4,63.0,control,2,126.3,control,matches the side of the 'control' montage,,,no
sub-4106,ses-1,run-02,P4,62.73,control,2,126.3,control,matches the side of the 'control' montage,,,no
sub-4106,ses-2,run-01,P4,61.07,control,2,126.3,control,matches the side of the 'control' montage,,,no
sub-4106,ses-2,run-02,P4,61.17,control,2,126.3,control,matches the side of the 'control' montage,,,no
sub-4106,ses-3,run-01,P4,61.61,control,2,126.3,control,matches the side of the 'control' montage,,,no
sub-4106,ses-3,run-02,P4,61.55,control,2,126.3,control,matches the side of the 'control' montage,,,no
sub-4106,ses-4,run-01,P4,62.46,control,2,126.3,control,matches the side of the 'control' montage,,,no
sub-4106,ses-4,run-02,P4,63.06,control,2,126.3,control,matches the side of the 'control' montage,,,no
sub-4109,ses-1,run-01,P4,72.69,control,2,139.85,control,matches the side of the 'control' montage,,,no
sub-4109,ses-1,run-02,P4,72.46,control,2,139.85,control,matches the side of the 'control' montage,,,no
sub-4109,ses-2,run-01,P4,70.89,control,2,139.85,control,matches the side of the 'control' montage,,,no
sub-4109,ses-2,run-02,P4,70.34,control,2,139.85,control,matches the side of the 'control' montage,,,no
sub-4109,ses-3,run-01,P4,70.35,control,2,139.85,control,matches the side of the 'control' montage,,,no
sub-4109,ses-3,run-02,P4,70.41,control,2,139.85,control,matches the side of the 'control' montage,,,no
sub-4109,ses-4,run-01,P4,70.53,control,2,139.85,control,matches the side of the 'control' montage,,,no
sub-4109,ses-4,run-02,P4,70.5,control,2,139.85,control,matches the side of the 'control' montage,,,no
sub-4110,ses-1,run-01,P4,-70.52,target,2,140.95,target,matches the side of the 'target' montage,,,no
sub-4110,ses-1,run-02,P4,-70.25,target,2,140.95,target,matches the side of the 'target' montage,,,no
sub-4110,ses-2,run-01,P4,-65.03,target,2,140.95,target,matches the side of the 'target' montage,,,no
sub-4110,ses-2,run-02,P4,-65.0,target,2,140.95,target,matches the side of the 'target' montage,,,no
sub-4110,ses-3,run-01,P4,-66.48,target,2,140.95,target,matches the side of the 'target' montage,,,no
sub-4110,ses-3,run-02,P4,-67.47,target,2,140.95,target,matches the side of the 'target' montage,,,no
sub-4110,ses-4,run-01,P4,-65.75,target,2,140.95,target,matches the side of the 'target' montage,,,no
sub-4110,ses-4,run-02,P4,-66.2,target,2,140.95,target,matches the side of the 'target' montage,,,no
sub-4113,ses-1,run-01,P4,68.73,control,2,138.74,control,matches the side of the 'control' montage,,,no
sub-4113,ses-1,run-02,P4,68.42,control,2,138.74,control,matches the side of the 'control' montage,,,no
sub-4113,ses-2,run-01,P4,67.97,control,2,138.74,control,matches the side of the 'control' montage,,,no
sub-4113,ses-2,run-02,P4,67.6,control,2,138.74,control,matches the side of the 'control' montage,,,no
sub-4113,ses-3,run-01,P4,-69.49,target,2,138.74,target,matches the side of the 'target' montage,,,no
sub-4113,ses-3,run-02,P4,-70.48,target,2,138.74,target,matches the side of the 'target' montage,,,no
sub-4113,ses-4,run-01,P4,68.22,control,2,138.74,control,matches the side of the 'control' montage,,,no
sub-4113,ses-4,run-02,P4,67.97,control,2,138.74,control,matches the side of the 'control' montage,,,no
sub-4114,ses-1,run-01,P4,69.89,control,2,131.83,control,matches the side of the 'control' montage,,,no
sub-4114,ses-1,run-02,P4,69.93,control,2,131.83,control,matches the side of the 'control' montage,,,no
sub-4114,ses-2,run-01,P4,69.54,control,2,131.83,control,matches the side of the 'control' montage,,,no
sub-4114,ses-2,run-02,P4,69.3,control,2,131.83,control,matches the side of the 'control' montage,,,no
sub-4114,ses-4,run-01,P4,68.62,control,2,131.83,control,matches the side of the 'control' montage,,,no
sub-4114,ses-4,run-02,P4,68.71,control,2,131.83,control,matches the side of the 'control' montage,,,no
sub-4115,ses-1,run-01,P4,64.99,control,2,139.15,control,matches the side of the 'control' montage,,,no
sub-4115,ses-1,run-02,P4,64.89,control,2,139.15,control,matches the side of the 'control' montage,,,no
sub-4115,ses-2,run-01,P4,64.57,control,2,139.15,control,matches the side of the 'control' montage,,,no
sub-4115,ses-2,run-02,P4,64.6,control,2,139.15,control,matches the side of the 'control' montage,,,no
sub-4115,ses-3,run-01,P4,65.49,control,2,139.15,control,matches the side of the 'control' montage,,,no
sub-4115,ses-3,run-02,P4,65.43,control,2,139.15,control,matches the side of the 'control' montage,,,no
sub-4116,ses-1,run-01,P4,62.36,control,2,132.38,control,matches the side of the 'control' montage,,,no
sub-4116,ses-2,run-01,P4,62.22,control,2,132.38,control,matches the side of the 'control' montage,,,no
sub-4116,ses-2,run-02,P4,61.63,control,2,132.38,control,matches the side of the 'control' montage,,,no
sub-4116,ses-3,run-01,P4,62.56,control,2,132.38,control,matches the side of the 'control' montage,,,no
sub-4116,ses-3,run-02,P4,61.87,control,2,132.38,control,matches the side of the 'control' montage,,,no
sub-4116,ses-4,run-01,P4,59.64,control,2,132.38,control,matches the side of the 'control' montage,,,no
sub-4116,ses-4,run-02,P4,59.06,control,2,132.38,control,matches the side of the 'control' montage,,,no
sub-4117,ses-1,run-01,P4,57.46,control,2,118.52,control,matches the side of the 'control' montage,,,no
sub-4117,ses-1,run-02,P4,56.87,control,2,118.52,control,matches the side of the 'control' montage,,,no
sub-4117,ses-2,run-01,P4,58.2,control,2,118.52,control,matches the side of the 'control' montage,,,no
sub-4117,ses-2,run-02,P4,58.12,control,2,118.52,control,matches the side of the 'control' montage,,,no
sub-4117,ses-3,run-01,P4,56.65,control,2,118.52,control,matches the side of the 'control' montage,,,no
sub-4117,ses-3,run-02,P4,57.1,control,2,118.52,control,matches the side of the 'control' montage,,,no
sub-4117,ses-4,run-01,P4,58.28,control,2,118.52,control,matches the side of the 'control' montage,,,no
sub-4117,ses-4,run-02,P4,58.32,control,2,118.52,control,matches the side of the 'control' montage,,,no
sub-4118,ses-1,run-01,P4,-62.18,target,2,127.28,target,matches the side of the 'target' montage,,,no
sub-4118,ses-1,run-02,P4,-62.15,target,2,127.28,target,matches the side of the 'target' montage,,,no
sub-4118,ses-2,run-01,P4,-62.06,target,2,127.28,target,matches the side of the 'target' montage,,,no
sub-4118,ses-2,run-02,P4,-61.73,target,2,127.28,target,matches the side of the 'target' montage,,,no
sub-4118,ses-3,run-01,P4,-64.54,target,2,127.28,target,matches the side of the 'target' montage,,,no
sub-4118,ses-3,run-02,P4,-65.46,target,2,127.28,target,matches the side of the 'target' montage,,,no
sub-4118,ses-4,run-01,P4,-61.06,target,2,127.28,target,matches the side of the 'target' montage,,,no
sub-4118,ses-4,run-02,P4,-59.74,target,2,127.28,target,matches the side of the 'target' montage,,,no
sub-4119,ses-1,run-01,P4,62.0,control,2,126.81,control,matches the side of the 'control' montage,,,no
sub-4119,ses-1,run-02,P4,62.07,control,2,126.81,control,matches the side of the 'control' montage,,,no
sub-4119,ses-2,run-01,P4,62.4,control,2,126.81,control,matches the side of the 'control' montage,,,no
sub-4119,ses-2,run-02,P4,62.4,control,2,126.81,control,matches the side of the 'control' montage,,,no
sub-4119,ses-3,run-01,P4,64.17,control,2,126.81,control,matches the side of the 'control' montage,,,no
sub-4119,ses-3,run-02,P4,64.27,control,2,126.81,control,matches the side of the 'control' montage,,,no
sub-4119,ses-4,run-01,P4,62.58,control,2,126.81,control,matches the side of the 'control' montage,,,no
sub-4119,ses-4,run-02,P4,62.54,control,2,126.81,control,matches the side of the 'control' montage,,,no
sub-4120,ses-1,run-01,P4,68.94,control,2,133.17,control,matches the side of the 'control' montage,,,no
sub-4120,ses-1,run-02,P4,69.11,control,2,133.17,control,matches the side of the 'control' montage,,,no
sub-4120,ses-2,run-01,P4,68.18,control,2,133.17,control,matches the side of the 'control' montage,,,no
sub-4120,ses-2,run-02,P4,69.31,control,2,133.17,control,matches the side of the 'control' montage,,,no
sub-4120,ses-3,run-01,P4,68.37,control,2,133.17,control,matches the side of the 'control' montage,,,no
sub-4120,ses-3,run-02,P4,68.51,control,2,133.17,control,matches the side of the 'control' montage,,,no
sub-4120,ses-4,run-01,P4,68.37,control,2,133.17,control,matches the side of the 'control' montage,,,no
sub-4120,ses-4,run-02,P4,68.77,control,2,133.17,control,matches the side of the 'control' montage,,,no
sub-4121,ses-1,run-01,P4,65.57,control,2,118.59,control,matches the side of the 'control' montage,,,no
sub-4121,ses-1,run-02,P4,65.77,control,2,118.59,control,matches the side of the 'control' montage,,,no
sub-4121,ses-2,run-01,P4,66.3,control,2,118.59,control,matches the side of the 'control' montage,,,no
sub-4121,ses-2,run-02,P4,66.49,control,2,118.59,control,matches the side of the 'control' montage,,,no
sub-4121,ses-3,run-01,P4,65.11,control,2,118.59,control,matches the side of the 'control' montage,,,no
sub-4121,ses-3,run-02,P4,65.11,control,2,118.59,control,matches the side of the 'control' montage,,,no
sub-4121,ses-4,run-01,P4,63.59,control,2,118.59,control,matches the side of the 'control' montage,,,no
sub-4121,ses-4,run-02,P4,63.62,control,2,118.59,control,matches the side of the 'control' montage,,,no
sub-4122,ses-1,run-01,P4,63.22,control,2,122.77,control,matches the side of the 'control' montage,,,no
sub-4122,ses-1,run-02,P4,63.32,control,2,122.77,control,matches the side of the 'control' montage,,,no
sub-4122,ses-2,run-01,P4,63.22,control,2,122.77,control,matches the side of the 'control' montage,,,no
sub-4122,ses-2,run-02,P4,63.32,control,2,122.77,control,matches the side of the 'control' montage,,,no
sub-4122,ses-3,run-01,P4,66.17,control,2,122.77,control,matches the side of the 'control' montage,,,no
sub-4122,ses-3,run-02,P4,66.02,control,2,122.77,control,matches the side of the 'control' montage,,,no
sub-4123,ses-1,run-01,P4,-60.69,target,2,122.91,target,matches the side of the 'target' montage,,,no
sub-4123,ses-1,run-02,P4,-62.49,target,2,122.91,target,matches the side of the 'target' montage,,,no
sub-4123,ses-2,run-01,P4,-59.23,target,2,122.91,target,matches the side of the 'target' montage,,,no
sub-4123,ses-2,run-02,P4,-59.04,target,2,122.91,target,matches the side of the 'target' montage,,,no
sub-4123,ses-3,run-01,P4,-61.49,target,2,122.91,target,matches the side of the 'target' montage,,,no
sub-4123,ses-3,run-02,P4,-64.24,target,2,122.91,target,matches the side of the 'target' montage,,,no
sub-4123,ses-4,run-01,P4,-61.33,target,2,122.91,target,matches the side of the 'target' montage,,,no
sub-4123,ses-4,run-02,P4,-61.79,target,2,122.91,target,matches the side of the 'target' montage,,,no
sub-4125,ses-1,run-01,P4,-62.04,target,2,135.15,target,matches the side of the 'target' montage,,,no
sub-4125,ses-1,run-02,P4,-61.91,target,2,135.15,target,matches the side of the 'target' montage,,,no
sub-4125,ses-2,run-01,P4,-65.39,target,2,135.15,target,matches the side of the 'target' montage,,,no
sub-4125,ses-2,run-02,P4,-65.12,target,2,135.15,target,matches the side of the 'target' montage,,,no
sub-4125,ses-3,run-01,P4,-65.51,target,2,135.15,target,matches the side of the 'target' montage,,,no
sub-4125,ses-3,run-02,P4,-65.53,target,2,135.15,target,matches the side of the 'target' montage,,,no
sub-4125,ses-4,run-01,P4,-64.17,target,2,135.15,target,matches the side of the 'target' montage,,,no
sub-4125,ses-4,run-02,P4,-64.17,target,2,135.15,target,matches the side of the 'target' montage,,,no
sub-4126,ses-1,run-01,P4,63.73,control,2,131.44,control,matches the side of the 'control' montage,,,no
sub-4126,ses-1,run-02,P4,43.27,control,2,131.44,control,matches the side of the 'control' montage,,,no
sub-4126,ses-2,run-01,P4,64.12,control,2,131.44,control,matches the side of the 'control' montage,,,no
sub-4126,ses-2,run-02,P4,64.26,control,2,131.44,control,matches the side of the 'control' montage,,,no
sub-4126,ses-3,run-01,P4,61.55,control,2,131.44,control,matches the side of the 'control' montage,,,no
sub-4126,ses-3,run-02,P4,61.4,control,2,131.44,control,matches the side of the 'control' montage,,,no
sub-4126,ses-4,run-01,P4,64.19,control,2,131.44,control,matches the side of the 'control' montage,,,no
sub-4126,ses-4,run-02,P4,64.72,control,2,131.44,control,matches the side of the 'control' montage,,,no
sub-4127,ses-1,run-01,P4,-66.23,target,2,133.04,target,matches the side of the 'target' montage,,,no
sub-4127,ses-1,run-02,P4,-66.61,target,2,133.04,target,matches the side of the 'target' montage,,,no
sub-4127,ses-2,run-01,P4,-64.25,target,2,133.04,target,matches the side of the 'target' montage,,,no
sub-4127,ses-2,run-02,P4,-65.39,target,2,133.04,target,matches the side of the 'target' montage,,,no
sub-4127,ses-3,run-01,P4,-67.45,target,2,133.04,target,matches the side of the 'target' montage,,,no
sub-4127,ses-3,run-02,P4,-67.47,target,2,133.04,target,matches the side of the 'target' montage,,,no
sub-4127,ses-4,run-01,P4,-65.59,target,2,133.04,target,matches the side of the 'target' montage,,,no
sub-4127,ses-4,run-02,P4,-66.03,target,2,133.04,target,matches the side of the 'target' montage,,,no
sub-4128,ses-1,run-01,P4,66.08,control,2,128.63,control,matches the side of the 'control' montage,,,no
sub-4128,ses-1,run-02,P4,65.58,control,2,128.63,control,matches the side of the 'control' montage,,,no
sub-4128,ses-2,run-01,P4,66.91,control,2,128.63,control,matches the side of the 'control' montage,,,no
sub-4128,ses-2,run-02,P4,67.19,control,2,128.63,control,matches the side of the 'control' montage,,,no
sub-4128,ses-3,run-01,P4,67.88,control,2,128.63,control,matches the side of the 'control' montage,,,no
sub-4128,ses-3,run-02,P4,68.46,control,2,128.63,control,matches the side of the 'control' montage,,,no
sub-4128,ses-4,run-01,P4,66.18,control,2,128.63,control,matches the side of the 'control' montage,,,no
sub-4128,ses-4,run-02,P4,66.16,control,2,128.63,control,matches the side of the 'control' montage,,,no
sub-4129,ses-1,run-01,P4,-61.84,target,2,129.98,target,matches the side of the 'target' montage,,,no
sub-4129,ses-1,run-02,P4,-61.81,target,2,129.98,target,matches the side of the 'target' montage,,,no
sub-4129,ses-2,run-01,P4,-64.33,target,2,129.98,target,matches the side of the 'target' montage,,,no
sub-4129,ses-2,run-02,P4,-64.62,target,2,129.98,target,matches the side of the 'target' montage,,,no
sub-4129,ses-3,run-01,P4,-65.35,target,2,129.98,target,matches the side of the 'target' montage,,,no
sub-4129,ses-3,run-02,P4,-64.98,target,2,129.98,target,matches the side of the 'target' montage,,,no
sub-4129,ses-4,run-01,P4,-63.34,target,2,129.98,target,matches the side of the 'target' montage,,,no
sub-4129,ses-4,run-02,P4,-64.12,target,2,129.98,target,matches the side of the 'target' montage,,,no
sub-4130,ses-1,run-01,P4,-68.54,target,2,132.75,target,matches the side of the 'target' montage,,,no
sub-4130,ses-1,run-02,P4,-68.95,target,2,132.75,target,matches the side of the 'target' montage,,,no
sub-4130,ses-2,run-01,P4,-66.97,target,2,132.75,target,matches the side of the 'target' montage,,,no
sub-4130,ses-2,run-02,P4,-67.11,target,2,132.75,target,matches the side of the 'target' montage,,,no
sub-4130,ses-3,run-01,P4,-68.48,target,2,132.75,target,matches the side of the 'target' montage,,,no
sub-4130,ses-3,run-02,P4,-68.61,target,2,132.75,target,matches the side of the 'target' montage,,,no
sub-4130,ses-4,run-01,P4,-65.59,target,2,132.75,target,matches the side of the 'target' montage,,,no
sub-4130,ses-4,run-02,P4,-65.56,target,2,132.75,target,matches the side of the 'target' montage,,,no
sub-4131,ses-1,run-01,P4,70.64,control,2,131.57,control,matches the side of the 'control' montage,,,no
sub-4131,ses-1,run-02,P4,71.03,control,2,131.57,control,matches the side of the 'control' montage,,,no
sub-4131,ses-2,run-01,P4,71.63,control,2,131.57,control,matches the side of the 'control' montage,,,no
sub-4131,ses-2,run-02,P4,71.73,control,2,131.57,control,matches the side of the 'control' montage,,,no
sub-4131,ses-3,run-01,P4,67.77,control,2,131.57,control,matches the side of the 'control' montage,,,no
sub-4131,ses-3,run-02,P4,68.02,control,2,131.57,control,matches the side of the 'control' montage,,,no
sub-4131,ses-4,run-01,P4,69.63,control,2,131.57,control,matches the side of the 'control' montage,,,no
sub-4131,ses-4,run-02,P4,69.72,control,2,131.57,control,matches the side of the 'control' montage,,,no
sub-4133,ses-1,run-01,P4,-65.11,target,2,127.55,target,matches the side of the 'target' montage,,,no
sub-4133,ses-1,run-02,P4,-65.27,target,2,127.55,target,matches the side of the 'target' montage,,,no
sub-4133,ses-2,run-01,P4,-63.29,target,2,127.55,target,matches the side of the 'target' montage,,,no
sub-4133,ses-2,run-02,P4,-63.31,target,2,127.55,target,matches the side of the 'target' montage,,,no
sub-4133,ses-3,run-01,P4,-63.7,target,2,127.55,target,matches the side of the 'target' montage,,,no
sub-4133,ses-3,run-02,P4,-63.53,target,2,127.55,target,matches the side of the 'target' montage,,,no
sub-4133,ses-4,run-01,P4,-62.6,target,2,127.55,target,matches the side of the 'target' montage,,,no
sub-4133,ses-4,run-02,P4,-62.6,target,2,127.55,target,matches the side of the 'target' montage,,,no
sub-4135,ses-1,run-01,P4,-59.05,target,2,116.12,target,matches the side of the 'target' montage,,,no
sub-4135,ses-1,run-02,P4,-59.03,target,2,116.12,target,matches the side of the 'target' montage,,,no
sub-4135,ses-2,run-01,P4,-58.03,target,2,116.12,target,matches the side of the 'target' montage,,,no
sub-4135,ses-2,run-02,P4,-56.96,target,2,116.12,target,matches the side of the 'target' montage,,,no
sub-4135,ses-3,run-01,P4,-56.18,target,2,116.12,target,matches the side of the 'target' montage,,,no
sub-4135,ses-3,run-02,P4,-56.56,target,2,116.12,target,matches the side of the 'target' montage,,,no
sub-4135,ses-4,run-01,P4,-58.45,target,2,116.12,target,matches the side of the 'target' montage,,,no
sub-4135,ses-4,run-02,P4,-58.36,target,2,116.12,target,matches the side of the 'target' montage,,,no
sub-4136,ses-1,run-01,P4,-70.53,target,2,141.39,target,matches the side of the 'target' montage,,,no
sub-4136,ses-1,run-02,P4,-70.51,target,2,141.39,target,matches the side of the 'target' montage,,,no
sub-4136,ses-2,run-01,P4,-73.66,target,2,141.39,target,matches the side of the 'target' montage,,,no
sub-4136,ses-2,run-02,P4,-73.82,target,2,141.39,target,matches the side of the 'target' montage,,,no
sub-4136,ses-3,run-01,P4,-72.56,target,2,141.39,target,matches the side of the 'target' montage,,,no
sub-4136,ses-3,run-02,P4,-72.65,target,2,141.39,target,matches the side of the 'target' montage,,,no
sub-4136,ses-4,run-01,P4,-73.01,target,2,141.39,target,matches the side of the 'target' montage,,,no
sub-4136,ses-4,run-02,P4,-73.21,target,2,141.39,target,matches the side of the 'target' montage,,,no
sub-4137,ses-1,run-01,P4,64.91,control,2,129.43,control,matches the side of the 'control' montage,,,no
sub-4137,ses-1,run-02,P4,64.86,control,2,129.43,control,matches the side of the 'control' montage,,,no
sub-4137,ses-2,run-01,P4,63.71,control,2,129.43,control,matches the side of the 'control' montage,,,no
sub-4137,ses-2,run-02,P4,63.77,control,2,129.43,control,matches the side of the 'control' montage,,,no
sub-4137,ses-3,run-01,P4,61.23,control,2,129.43,control,matches the side of the 'control' montage,,,no
sub-4137,ses-3,run-02,P4,61.25,control,2,129.43,control,matches the side of the 'control' montage,,,no
sub-4137,ses-4,run-01,P4,65.53,control,2,129.43,control,matches the side of the 'control' montage,,,no
sub-4137,ses-4,run-02,P4,65.44,control,2,129.43,control,matches the side of the 'control' montage,,,no
sub-4138,ses-1,run-01,P4,-70.3,target,2,136.77,target,matches the side of the 'target' montage,,,no
sub-4138,ses-1,run-02,P4,-70.47,target,2,136.77,target,matches the side of the 'target' montage,,,no
sub-4138,ses-2,run-01,P4,-67.79,target,2,136.77,target,matches the side of the 'target' montage,,,no
sub-4138,ses-2,run-02,P4,-67.88,target,2,136.77,target,matches the side of the 'target' montage,,,no
sub-4138,ses-3,run-01,P4,-64.74,target,2,136.77,target,matches the side of the 'target' montage,,,no
sub-4138,ses-3,run-02,P4,-64.67,target,2,136.77,target,matches the side of the 'target' montage,,,no
sub-4138,ses-4,run-01,P4,-66.99,target,2,136.77,target,matches the side of the 'target' montage,,,no
sub-4138,ses-4,run-02,P4,-66.81,target,2,136.77,target,matches the side of the 'target' montage,,,no
sub-4139,ses-1,run-01,P4,-66.91,target,2,127.04,target,matches the side of the 'target' montage,,,no
sub-4139,ses-1,run-02,P4,-67.05,target,2,127.04,target,matches the side of the 'target' montage,,,no
sub-4139,ses-2,run-01,P4,-64.95,target,2,127.04,target,matches the side of the 'target' montage,,,no
sub-4139,ses-2,run-02,P4,-65.19,target,2,127.04,target,matches the side of the 'target' montage,,,no
sub-4139,ses-3,run-01,P4,-65.09,target,2,127.04,target,matches the side of the 'target' montage,,,no
sub-4139,ses-3,run-02,P4,-65.32,target,2,127.04,target,matches the side of the 'target' montage,,,no
sub-4139,ses-4,run-01,P4,-63.4,target,2,127.04,target,matches the side of the 'target' montage,,,no
sub-4139,ses-4,run-02,P4,-63.35,target,2,127.04,target,matches the side of the 'target' montage,,,no
sub-4141,ses-1,run-01,P4,68.84,control,2,136.55,control,matches the side of the 'control' montage,,,no
sub-4141,ses-1,run-02,P4,68.68,control,2,136.55,control,matches the side of the 'control' montage,,,no
sub-4142,ses-1,run-01,P4,73.54,control,2,145.23,control,matches the side of the 'control' montage,,,no
sub-4142,ses-1,run-02,P4,72.65,control,2,145.23,control,matches the side of the 'control' montage,,,no
sub-4142,ses-2,run-01,P4,72.42,control,2,145.23,control,matches the side of the 'control' montage,,,no
sub-4142,ses-2,run-02,P4,71.65,control,2,145.23,control,matches the side of the 'control' montage,,,no
sub-4142,ses-3,run-01,P4,73.17,control,2,145.23,control,matches the side of the 'control' montage,,,no
sub-4142,ses-3,run-02,P4,72.98,control,2,145.23,control,matches the side of the 'control' montage,,,no
sub-4142,ses-4,run-01,P4,73.56,control,2,145.23,control,matches the side of the 'control' montage,,,no
sub-4142,ses-4,run-02,P4,73.68,control,2,145.23,control,matches the side of the 'control' montage,,,no
sub-4143,ses-1,run-01,P4,65.94,control,2,123.57,control,matches the side of the 'control' montage,,,no
sub-4143,ses-1,run-02,P4,65.87,control,2,123.57,control,matches the side of the 'control' montage,,,no
sub-4143,ses-2,run-01,P4,66.4,control,2,123.57,control,matches the side of the 'control' montage,,,no
sub-4143,ses-2,run-02,P4,66.29,control,2,123.57,control,matches the side of the 'control' montage,,,no
sub-4143,ses-3,run-01,P4,66.63,control,2,123.57,control,matches the side of the 'control' montage,,,no
sub-4143,ses-3,run-02,P4,66.56,control,2,123.57,control,matches the side of the 'control' montage,,,no
sub-4143,ses-4,run-01,P4,66.41,control,2,123.57,control,matches the side of the 'control' montage,,,no
sub-4143,ses-4,run-02,P4,66.13,control,2,123.57,control,matches the side of the 'control' montage,,,no
sub-4144,ses-1,run-01,P4,-60.95,target,2,123.52,target,matches the side of the 'target' montage,,,no
sub-4144,ses-1,run-02,P4,-60.64,target,2,123.52,target,matches the side of the 'target' montage,,,no
sub-4144,ses-2,run-01,P4,-61.99,target,2,123.52,target,matches the side of the 'target' montage,,,no
sub-4144,ses-2,run-02,P4,-62.2,target,2,123.52,target,matches the side of the 'target' montage,,,no
sub-4144,ses-3,run-01,P4,-54.73,target,2,123.52,target,matches the side of the 'target' montage,,,no
sub-4144,ses-3,run-02,P4,-54.94,target,2,123.52,target,matches the side of the 'target' montage,,,no
sub-4144,ses-4,run-01,P4,-64.41,target,2,123.52,target,matches the side of the 'target' montage,,,no
sub-4144,ses-4,run-02,P4,-64.58,target,2,123.52,target,matches the side of the 'target' montage,,,no
sub-4145,ses-1,run-01,P4,-66.86,target,2,129.1,target,matches the side of the 'target' montage,,,no
sub-4145,ses-1,run-02,P4,-67.13,target,2,129.1,target,matches the side of the 'target' montage,,,no
sub-4145,ses-2,run-01,P4,-66.41,target,2,129.1,target,matches the side of the 'target' montage,,,no
sub-4145,ses-2,run-02,P4,-66.77,target,2,129.1,target,matches the side of the 'target' montage,,,no
sub-4145,ses-3,run-01,P4,-67.8,target,2,129.1,target,matches the side of the 'target' montage,,,no
sub-4145,ses-3,run-02,P4,-67.86,target,2,129.1,target,matches the side of the 'target' montage,,,no
sub-4145,ses-4,run-01,P4,-65.75,target,2,129.1,target,matches the side of the 'target' montage,,,no
sub-4145,ses-4,run-02,P4,-65.73,target,2,129.1,target,matches the side of the 'target' montage,,,no
sub-4146,ses-1,run-01,P4,57.96,control,2,115.4,control,matches the side of the 'control' montage,,,no
sub-4146,ses-1,run-02,P4,57.92,control,2,115.4,control,matches the side of the 'control' montage,,,no
sub-4146,ses-2,run-01,P4,58.09,control,2,115.4,control,matches the side of the 'control' montage,,,no
sub-4146,ses-2,run-02,P4,53.5,control,2,115.4,control,matches the side of the 'control' montage,,,no
sub-4146,ses-3,run-01,P4,58.64,control,2,115.4,control,matches the side of the 'control' montage,,,no
sub-4146,ses-3,run-02,P4,59.01,control,2,115.4,control,matches the side of the 'control' montage,,,no
sub-4146,ses-4,run-01,P4,58.83,control,2,115.4,control,matches the side of the 'control' montage,,,no
sub-4146,ses-4,run-02,P4,58.88,control,2,115.4,control,matches the side of the 'control' montage,,,no
sub-4147,ses-1,run-01,P4,61.0,control,2,131.99,control,matches the side of the 'control' montage,,,no
sub-4147,ses-1,run-02,P4,61.01,control,2,131.99,control,matches the side of the 'control' montage,,,no
sub-4147,ses-2,run-01,P4,62.94,control,2,131.99,control,matches the side of the 'control' montage,,,no
sub-4147,ses-2,run-02,P4,62.7,control,2,131.99,control,matches the side of the 'control' montage,,,no
sub-4147,ses-3,run-01,P4,64.9,control,2,131.99,control,matches the side of the 'control' montage,,,no
sub-4147,ses-3,run-02,P4,64.84,control,2,131.99,control,matches the side of the 'control' montage,,,no
sub-4147,ses-4,run-01,P4,60.81,control,2,131.99,control,matches the side of the 'control' montage,,,no
sub-4147,ses-4,run-02,P4,60.89,control,2,131.99,control,matches the side of the 'control' montage,,,no
sub-4148,ses-1,run-01,P4,65.45,control,2,135.95,control,matches the side of the 'control' montage,,,no
sub-4148,ses-1,run-02,P4,65.35,control,2,135.95,control,matches the side of the 'control' montage,,,no
sub-4148,ses-2,run-01,P4,67.96,control,2,135.95,control,matches the side of the 'control' montage,,,no
sub-4148,ses-2,run-02,P4,68.14,control,2,135.95,control,matches the side of the 'control' montage,,,no
sub-4148,ses-3,run-01,P4,66.69,control,2,135.95,control,matches the side of the 'control' montage,,,no
sub-4148,ses-3,run-02,P4,66.73,control,2,135.95,control,matches the side of the 'control' montage,,,no
sub-4148,ses-4,run-01,P4,68.15,control,2,135.95,control,matches the side of the 'control' montage,,,no
sub-4148,ses-4,run-02,P4,68.17,control,2,135.95,control,matches the side of the 'control' montage,,,no
sub-4149,ses-1,run-01,P4,58.77,control,2,119.45,control,matches the side of the 'control' montage,,,no
sub-4149,ses-1,run-02,P4,58.9,control,2,119.45,control,matches the side of the 'control' montage,,,no
sub-4149,ses-2,run-01,P4,58.1,control,2,119.45,control,matches the side of the 'control' montage,,,no
sub-4149,ses-2,run-02,P4,57.94,control,2,119.45,control,matches the side of the 'control' montage,,,no
sub-4149,ses-3,run-01,P4,58.69,control,2,119.45,control,matches the side of the 'control' montage,,,no
sub-4149,ses-3,run-02,P4,58.52,control,2,119.45,control,matches the side of the 'control' montage,,,no
sub-4149,ses-4,run-01,P4,58.07,control,2,119.45,control,matches the side of the 'control' montage,,,no
sub-4149,ses-4,run-02,P4,57.94,control,2,119.45,control,matches the side of the 'control' montage,,,no
sub-4150,ses-1,run-01,P4,-63.6,target,2,129.03,target,matches the side of the 'target' montage,,,no
sub-4150,ses-1,run-02,P4,-63.15,target,2,129.03,target,matches the side of the 'target' montage,,,no
sub-4150,ses-2,run-01,P4,-62.22,target,2,129.03,target,matches the side of the 'target' montage,,,no
sub-4150,ses-2,run-02,P4,-62.03,target,2,129.03,target,matches the side of the 'target' montage,,,no
sub-4150,ses-3,run-01,P4,-64.71,target,2,129.03,target,matches the side of the 'target' montage,,,no
sub-4150,ses-3,run-02,P4,-65.12,target,2,129.03,target,matches the side of the 'target' montage,,,no
sub-4150,ses-4,run-01,P4,-62.36,target,2,129.03,target,matches the side of the 'target' montage,,,no
sub-4150,ses-4,run-02,P4,-62.54,target,2,129.03,target,matches the side of the 'target' montage,,,no
sub-4151,ses-1,run-01,P4,-58.25,target,2,129.1,target,matches the side of the 'target' montage,,,no
sub-4151,ses-1,run-02,P4,-58.14,target,2,129.1,target,matches the side of the 'target' montage,,,no
sub-4151,ses-2,run-01,P4,-64.62,target,2,129.1,target,matches the side of the 'target' montage,,,no
sub-4151,ses-2,run-02,P4,-64.34,target,2,129.1,target,matches the side of the 'target' montage,,,no
sub-4151,ses-3,run-01,P4,-61.72,target,2,129.1,target,matches the side of the 'target' montage,,,no
sub-4151,ses-3,run-02,P4,-61.46,target,2,129.1,target,matches the side of the 'target' montage,,,no
sub-4151,ses-4,run-01,P4,-65.0,target,2,129.1,target,matches the side of the 'target' montage,,,no
sub-4151,ses-4,run-02,P4,-65.65,target,2,129.1,target,matches the side of the 'target' montage,,,no
sub-4152,ses-1,run-01,P4,72.64,control,2,136.56,control,matches the side of the 'control' montage,,,no
sub-4152,ses-1,run-02,P4,72.56,control,2,136.56,control,matches the side of the 'control' montage,,,no
sub-4152,ses-2,run-01,P4,72.56,control,2,136.56,control,matches the side of the 'control' montage,,,no
sub-4152,ses-2,run-02,P4,72.31,control,2,136.56,control,matches the side of the 'control' montage,,,no
sub-4152,ses-3,run-01,P4,71.42,control,2,136.56,control,matches the side of the 'control' montage,,,no
sub-4152,ses-3,run-02,P4,71.52,control,2,136.56,control,matches the side of the 'control' montage,,,no
sub-4157,ses-1,run-01,P4,70.29,control,2,138.2,control,matches the side of the 'control' montage,,,no
sub-4157,ses-1,run-02,P4,70.48,control,2,138.2,control,matches the side of the 'control' montage,,,no
sub-4157,ses-2,run-01,P4,71.67,control,2,138.2,control,matches the side of the 'control' montage,,,no
sub-4157,ses-2,run-02,P4,71.84,control,2,138.2,control,matches the side of the 'control' montage,,,no
sub-4157,ses-3,run-01,P4,70.94,control,2,138.2,control,matches the side of the 'control' montage,,,no
sub-4157,ses-3,run-02,P4,71.08,control,2,138.2,control,matches the side of the 'control' montage,,,no
sub-4157,ses-4,run-01,P4,70.74,control,2,138.2,control,matches the side of the 'control' montage,,,no
sub-4157,ses-4,run-02,P4,70.79,control,2,138.2,control,matches the side of the 'control' montage,,,no
sub-4158,ses-1,run-01,P4,55.45,control,2,128.94,control,matches the side of the 'control' montage,,,no
sub-4158,ses-1,run-02,P4,55.86,control,2,128.94,control,matches the side of the 'control' montage,,,no
sub-4158,ses-2,run-01,P4,66.83,control,2,128.94,control,matches the side of the 'control' montage,,,no
sub-4158,ses-2,run-02,P4,66.88,control,2,128.94,control,matches the side of the 'control' montage,,,no
sub-4158,ses-3,run-01,P4,68.57,control,2,128.94,control,matches the side of the 'control' montage,,,no
sub-4158,ses-3,run-02,P4,68.48,control,2,128.94,control,matches the side of the 'control' montage,,,no
sub-4158,ses-4,run-01,P4,68.75,control,2,128.94,control,matches the side of the 'control' montage,,,no
sub-4158,ses-4,run-02,P4,68.69,control,2,128.94,control,matches the side of the 'control' montage,,,no
sub-4159,ses-1,run-01,P4,-63.64,target,2,134.39,target,matches the side of the 'target' montage,,,no
sub-4159,ses-1,run-02,P4,-63.95,target,2,134.39,target,matches the side of the 'target' montage,,,no
sub-4159,ses-2,run-01,P4,-64.99,target,2,134.39,target,matches the side of the 'target' montage,,,no
sub-4159,ses-2,run-02,P4,-65.57,target,2,134.39,target,matches the side of the 'target' montage,,,no
sub-4159,ses-3,run-01,P4,-60.61,target,2,134.39,target,matches the side of the 'target' montage,,,no
sub-4159,ses-3,run-02,P4,-60.81,target,2,134.39,target,matches the side of the 'target' montage,,,no
sub-4159,ses-4,run-01,P4,-67.52,target,2,134.39,target,matches the side of the 'target' montage,,,no
sub-4159,ses-4,run-02,P4,-67.72,target,2,134.39,target,matches the side of the 'target' montage,,,no
sub-4161,ses-1,run-01,P4,-57.72,target,2,121.38,target,matches the side of the 'target' montage,,,no
sub-4161,ses-1,run-02,P4,-57.82,target,2,121.38,target,matches the side of the 'target' montage,,,no
sub-4161,ses-2,run-01,P4,-58.32,target,2,121.38,target,matches the side of the 'target' montage,,,no
sub-4161,ses-2,run-02,P4,-58.51,target,2,121.38,target,matches the side of the 'target' montage,,,no
sub-4161,ses-3,run-01,P4,-59.74,target,2,121.38,target,matches the side of the 'target' montage,,,no
sub-4161,ses-3,run-02,P4,-59.04,target,2,121.38,target,matches the side of the 'target' montage,,,no
sub-4161,ses-4,run-01,P4,-59.46,target,2,121.38,target,matches the side of the 'target' montage,,,no
sub-4161,ses-4,run-02,P4,-59.12,target,2,121.38,target,matches the side of the 'target' montage,,,no
sub-4162,ses-1,run-01,P4,63.29,control,2,139.91,control,matches the side of the 'control' montage,,,no
sub-4162,ses-1,run-02,P4,63.48,control,2,139.91,control,matches the side of the 'control' montage,,,no
sub-4162,ses-2,run-01,P4,67.27,control,2,139.91,control,matches the side of the 'control' montage,,,no
sub-4162,ses-2,run-02,P4,67.37,control,2,139.91,control,matches the side of the 'control' montage,,,no
sub-4162,ses-3,run-01,P4,65.78,control,2,139.91,control,matches the side of the 'control' montage,,,no
sub-4162,ses-3,run-02,P4,65.84,control,2,139.91,control,matches the side of the 'control' montage,,,no
sub-4162,ses-4,run-01,P4,64.07,control,2,139.91,control,matches the side of the 'control' montage,,,no
sub-4162,ses-4,run-02,P4,64.18,control,2,139.91,control,matches the side of the 'control' montage,,,no
sub-4163,ses-1,run-01,P4,60.57,control,2,123.43,control,matches the side of the 'control' montage,,,no
sub-4163,ses-1,run-02,P4,60.5,control,2,123.43,control,matches the side of the 'control' montage,,,no
sub-4163,ses-2,run-01,P4,59.42,control,2,123.43,control,matches the side of the 'control' montage,,,no
sub-4163,ses-2,run-02,P4,59.27,control,2,123.43,control,matches the side of the 'control' montage,,,no
sub-4163,ses-3,run-01,P4,58.99,control,2,123.43,control,matches the side of the 'control' montage,,,no
sub-4163,ses-3,run-02,P4,58.85,control,2,123.43,control,matches the side of the 'control' montage,,,no
sub-4163,ses-4,run-01,P4,59.5,control,2,123.43,control,matches the side of the 'control' montage,,,no
sub-4163,ses-4,run-02,P4,59.29,control,2,123.43,control,matches the side of the 'control' montage,,,no
sub-4165,ses-1,run-01,P4,-64.08,target,2,135.07,target,matches the side of the 'target' montage,,,no
sub-4165,ses-1,run-02,P4,-64.21,target,2,135.07,target,matches the side of the 'target' montage,,,no
sub-4165,ses-2,run-01,P4,-65.73,target,2,135.07,target,matches the side of the 'target' montage,,,no
sub-4165,ses-2,run-02,P4,-65.96,target,2,135.07,target,matches the side of the 'target' montage,,,no
sub-4165,ses-3,run-01,P4,-66.48,target,2,135.07,target,matches the side of the 'target' montage,,,no
sub-4165,ses-3,run-02,P4,-66.44,target,2,135.07,target,matches the side of the 'target' montage,,,no
sub-4165,ses-4,run-01,P4,-66.12,target,2,135.07,target,matches the side of the 'target' montage,,,no
sub-4165,ses-4,run-02,P4,-66.22,target,2,135.07,target,matches the side of the 'target' montage,,,no
sub-4166,ses-1,run-01,P4,-67.53,target,2,135.06,target,matches the side of the 'target' montage,,,no
sub-4166,ses-1,run-02,P4,-67.68,target,2,135.06,target,matches the side of the 'target' montage,,,no
sub-4166,ses-2,run-01,P4,-67.26,target,2,135.06,target,matches the side of the 'target' montage,,,no
sub-4166,ses-2,run-02,P4,-67.46,target,2,135.06,target,matches the side of the 'target' montage,,,no
sub-4166,ses-3,run-01,P4,-67.36,target,2,135.06,target,matches the side of the 'target' montage,,,no
sub-4166,ses-3,run-02,P4,-66.88,target,2,135.06,target,matches the side of the 'target' montage,,,no
sub-4166,ses-4,run-01,P4,-66.68,target,2,135.06,target,matches the side of the 'target' montage,,,no
sub-4166,ses-4,run-02,P4,-66.37,target,2,135.06,target,matches the side of the 'target' montage,,,no
sub-4167,ses-1,run-01,P4,60.87,control,2,126.38,control,matches the side of the 'control' montage,,,no
sub-4167,ses-1,run-02,P4,60.98,control,2,126.38,control,matches the side of the 'control' montage,,,no
sub-4167,ses-2,run-01,P4,62.96,control,2,126.38,control,matches the side of the 'control' montage,,,no
sub-4167,ses-2,run-02,P4,62.96,control,2,126.38,control,matches the side of the 'control' montage,,,no
sub-4167,ses-3,run-02,P4,61.74,control,2,126.38,control,matches the side of the 'control' montage,,,no
sub-4167,ses-4,run-01,P4,61.9,control,2,126.38,control,matches the side of the 'control' montage,,,no
sub-4167,ses-4,run-02,P4,61.97,control,2,126.38,control,matches the side of the 'control' montage,,,no
sub-4168,ses-1,run-01,P4,-64.85,target,2,131.34,target,matches the side of the 'target' montage,,,no
sub-4168,ses-1,run-02,P4,-65.11,target,2,131.34,target,matches the side of the 'target' montage,,,no
sub-4168,ses-2,run-01,P4,-66.79,target,2,131.34,target,matches the side of the 'target' montage,,,no
sub-4168,ses-2,run-02,P4,-66.95,target,2,131.34,target,matches the side of the 'target' montage,,,no
sub-4168,ses-3,run-01,P4,-62.19,target,2,131.34,target,matches the side of the 'target' montage,,,no
sub-4168,ses-3,run-02,P4,-61.93,target,2,131.34,target,matches the side of the 'target' montage,,,no
sub-4168,ses-4,run-01,P4,-65.2,target,2,131.34,target,matches the side of the 'target' montage,,,no
sub-4168,ses-4,run-02,P4,-65.06,target,2,131.34,target,matches the side of the 'target' montage,,,no
sub-4170,ses-1,run-01,P4,62.18,control,2,118.87,control,matches the side of the 'control' montage,,,no
sub-4170,ses-1,run-02,P4,62.22,control,2,118.87,control,matches the side of the 'control' montage,,,no
sub-4170,ses-2,run-01,P4,60.58,control,2,118.87,control,matches the side of the 'control' montage,,,no
sub-4170,ses-2,run-02,P4,60.47,control,2,118.87,control,matches the side of the 'control' montage,,,no
sub-4171,ses-1,run-01,P4,-72.54,target,2,140.45,target,matches the side of the 'target' montage,,,no
sub-4171,ses-1,run-02,P4,-72.44,target,2,140.45,target,matches the side of the 'target' montage,,,no
sub-4171,ses-2,run-01,P4,-70.52,target,2,140.45,target,matches the side of the 'target' montage,,,no
sub-4171,ses-2,run-02,P4,-70.56,target,2,140.45,target,matches the side of the 'target' montage,,,no
sub-4171,ses-3,run-01,P4,-72.04,target,2,140.45,target,matches the side of the 'target' montage,,,no
sub-4171,ses-3,run-02,P4,-72.14,target,2,140.45,target,matches the side of the 'target' montage,,,no
sub-4171,ses-4,run-01,P4,-70.69,target,2,140.45,target,matches the side of the 'target' montage,,,no
sub-4171,ses-4,run-02,P4,-70.85,target,2,140.45,target,matches the side of the 'target' montage,,,no
sub-4173,ses-1,run-01,P4,69.43,control,2,126.62,control,matches the side of the 'control' montage,,,no
sub-4173,ses-1,run-02,P4,69.49,control,2,126.62,control,matches the side of the 'control' montage,,,no
sub-4173,ses-2,run-01,P4,66.51,control,2,126.62,control,matches the side of the 'control' montage,,,no
sub-4173,ses-2,run-02,P4,66.61,control,2,126.62,control,matches the side of the 'control' montage,,,no
sub-4173,ses-3,run-01,P4,68.96,control,2,126.62,control,matches the side of the 'control' montage,,,no
sub-4173,ses-3,run-02,P4,68.95,control,2,126.62,control,matches the side of the 'control' montage,,,no
sub-4173,ses-4,run-01,P4,69.48,control,2,126.62,control,matches the side of the 'control' montage,,,no
sub-4173,ses-4,run-02,P4,69.59,control,2,126.62,control,matches the side of the 'control' montage,,,no
sub-4174,ses-1,run-01,P4,62.27,control,2,114.26,control,matches the side of the 'control' montage,,,no
sub-4174,ses-1,run-02,P4,62.3,control,2,114.26,control,matches the side of the 'control' montage,,,no
sub-4174,ses-2,run-01,P4,64.98,control,2,114.26,control,matches the side of the 'control' montage,,,no
sub-4174,ses-2,run-02,P4,65.17,control,2,114.26,control,matches the side of the 'control' montage,,,no
sub-4174,ses-3,run-01,P4,64.25,control,2,114.26,control,matches the side of the 'control' montage,,,no
sub-4174,ses-3,run-02,P4,64.32,control,2,114.26,control,matches the side of the 'control' montage,,,no
sub-4174,ses-4,run-01,P4,65.27,control,2,114.26,control,matches the side of the 'control' montage,,,no
sub-4174,ses-4,run-02,P4,65.46,control,2,114.26,control,matches the side of the 'control' montage,,,no
sub-4175,ses-1,run-01,P4,-63.52,target,2,127.11,target,matches the side of the 'target' montage,,,no
sub-4175,ses-1,run-02,P4,-63.42,target,2,127.11,target,matches the side of the 'target' montage,,,no
sub-4175,ses-2,run-01,P4,-62.34,target,2,127.11,target,matches the side of the 'target' montage,,,no
sub-4175,ses-2,run-02,P4,-61.64,target,2,127.11,target,matches the side of the 'target' montage,,,no
sub-4175,ses-3,run-01,P4,-63.26,target,2,127.11,target,matches the side of the 'target' montage,,,no
sub-4175,ses-3,run-02,P4,-60.11,target,2,127.11,target,matches the side of the 'target' montage,,,no
sub-4175,ses-4,run-01,P4,-61.42,target,2,127.11,target,matches the side of the 'target' montage,,,no
sub-4175,ses-4,run-02,P4,-61.22,target,2,127.11,target,matches the side of the 'target' montage,,,no
sub-4176,ses-1,run-01,P4,-60.95,target,2,125.82,target,matches the side of the 'target' montage,,,no
sub-4176,ses-1,run-02,P4,-61.03,target,2,125.82,target,matches the side of the 'target' montage,,,no
sub-4176,ses-2,run-01,P4,-62.02,target,2,125.82,target,matches the side of the 'target' montage,,,no
sub-4176,ses-2,run-02,P4,-61.97,target,2,125.82,target,matches the side of the 'target' montage,,,no
sub-4176,ses-3,run-01,P4,-60.51,target,2,125.82,target,matches the side of the 'target' montage,,,no
sub-4176,ses-3,run-02,P4,-61.05,target,2,125.82,target,matches the side of the 'target' montage,,,no
sub-4176,ses-4,run-01,P4,-62.39,target,2,125.82,target,matches the side of the 'target' montage,,,no
sub-4176,ses-4,run-02,P4,-62.5,target,2,125.82,target,matches the side of the 'target' montage,,,no
sub-4177,ses-1,run-01,P4,-62.86,target,2,129.57,target,matches the side of the 'target' montage,,,no
sub-4177,ses-1,run-02,P4,-62.21,target,2,129.57,target,matches the side of the 'target' montage,,,no
sub-4177,ses-2,run-01,P4,-61.06,target,2,129.57,target,matches the side of the 'target' montage,,,no
sub-4177,ses-2,run-02,P4,-60.81,target,2,129.57,target,matches the side of the 'target' montage,,,no
sub-4177,ses-3,run-01,P4,-62.24,target,2,129.57,target,matches the side of the 'target' montage,,,no
sub-4177,ses-3,run-02,P4,-62.14,target,2,129.57,target,matches the side of the 'target' montage,,,no
sub-4177,ses-4,run-01,P4,-60.54,target,2,129.57,target,matches the side of the 'target' montage,,,no
sub-4177,ses-4,run-02,P4,-59.98,target,2,129.57,target,matches the side of the 'target' montage,,,no
sub-4178,ses-1,run-01,P4,64.56,control,2,123.1,control,matches the side of the 'control' montage,,,no
sub-4178,ses-1,run-02,P4,64.09,control,2,123.1,control,matches the side of the 'control' montage,,,no
sub-4178,ses-2,run-01,P4,64.34,control,2,123.1,control,matches the side of the 'control' montage,,,no
sub-4178,ses-2,run-02,P4,64.64,control,2,123.1,control,matches the side of the 'control' montage,,,no
sub-4178,ses-3,run-01,P4,65.66,control,2,123.1,control,matches the side of the 'control' montage,,,no
sub-4178,ses-3,run-02,P4,65.56,control,2,123.1,control,matches the side of the 'control' montage,,,no
sub-4178,ses-4,run-01,P4,65.49,control,2,123.1,control,matches the side of the 'control' montage,,,no
sub-4178,ses-4,run-02,P4,65.41,control,2,123.1,control,matches the side of the 'control' montage,,,no
sub-4179,ses-1,run-01,P4,-60.8,target,2,128.66,target,matches the side of the 'target' montage,,,no
sub-4179,ses-1,run-02,P4,-61.25,target,2,128.66,target,matches the side of the 'target' montage,,,no
sub-4179,ses-2,run-01,P4,-61.21,target,2,128.66,target,matches the side of the 'target' montage,,,no
sub-4179,ses-2,run-02,P4,-61.45,target,2,128.66,target,matches the side of the 'target' montage,,,no
sub-4179,ses-3,run-01,P4,-63.1,target,2,128.66,target,matches the side of the 'target' montage,,,no
sub-4179,ses-3,run-02,P4,-63.05,target,2,128.66,target,matches the side of the 'target' montage,,,no
sub-4179,ses-4,run-01,P4,-62.55,target,2,128.66,target,matches the side of the 'target' montage,,,no
sub-4179,ses-4,run-02,P4,-62.05,target,2,128.66,target,matches the side of the 'target' montage,,,no
sub-4180,ses-1,run-01,P4,-69.05,target,2,132.36,target,matches the side of the 'target' montage,,,no
sub-4180,ses-1,run-02,P4,-68.99,target,2,132.36,target,matches the side of the 'target' montage,,,no
sub-4180,ses-2,run-01,P4,-66.23,target,2,132.36,target,matches the side of the 'target' montage,,,no
sub-4180,ses-2,run-02,P4,-66.06,target,2,132.36,target,matches the side of the 'target' montage,,,no
sub-4180,ses-3,run-01,P4,-65.11,target,2,132.36,target,matches the side of the 'target' montage,,,no
sub-4180,ses-3,run-02,P4,-64.87,target,2,132.36,target,matches the side of the 'target' montage,,,no
sub-4180,ses-4,run-01,P4,-66.92,target,2,132.36,target,matches the side of the 'target' montage,,,no
sub-4180,ses-4,run-02,P4,-66.92,target,2,132.36,target,matches the side of the 'target' montage,,,no
sub-4181,ses-1,run-01,P4,62.96,control,2,123.07,control,matches the side of the 'control' montage,,,no
sub-4181,ses-1,run-02,P4,63.11,control,2,123.07,control,matches the side of the 'control' montage,,,no
sub-4181,ses-2,run-01,P4,62.59,control,2,123.07,control,matches the side of the 'control' montage,,,no
sub-4181,ses-2,run-02,P4,62.67,control,2,123.07,control,matches the side of the 'control' montage,,,no
sub-4181,ses-3,run-01,P4,62.18,control,2,123.07,control,matches the side of the 'control' montage,,,no
sub-4181,ses-3,run-02,P4,62.07,control,2,123.07,control,matches the side of the 'control' montage,,,no
sub-4181,ses-4,run-01,P4,62.81,control,2,123.07,control,matches the side of the 'control' montage,,,no
sub-4181,ses-4,run-02,P4,62.99,control,2,123.07,control,matches the side of the 'control' montage,,,no
sub-4182,ses-1,run-01,P4,67.86,control,2,127.03,control,matches the side of the 'control' montage,,,no
sub-4182,ses-1,run-02,P4,67.9,control,2,127.03,control,matches the side of the 'control' montage,,,no
sub-4182,ses-2,run-01,P4,69.98,control,2,127.03,control,matches the side of the 'control' montage,,,no
sub-4182,ses-2,run-02,P4,70.06,control,2,127.03,control,matches the side of the 'control' montage,,,no
sub-4182,ses-3,run-01,P4,70.32,control,2,127.03,control,matches the side of the 'control' montage,,,no
sub-4182,ses-3,run-02,P4,70.25,control,2,127.03,control,matches the side of the 'control' montage,,,no
sub-4182,ses-4,run-01,P4,71.37,control,2,127.03,control,matches the side of the 'control' montage,,,no
sub-4182,ses-4,run-02,P4,71.78,control,2,127.03,control,matches the side of the 'control' montage,,,no
sub-4183,ses-1,run-01,P4,-65.33,target,2,134.23,target,matches the side of the 'target' montage,,,no
sub-4183,ses-1,run-02,P4,-64.88,target,2,134.23,target,matches the side of the 'target' montage,,,no
sub-4183,ses-2,run-01,P4,-64.54,target,2,134.23,target,matches the side of the 'target' montage,,,no
sub-4183,ses-2,run-02,P4,-64.37,target,2,134.23,target,matches the side of the 'target' montage,,,no
sub-4183,ses-3,run-01,P4,-67.79,target,2,134.23,target,matches the side of the 'target' montage,,,no
sub-4183,ses-3,run-02,P4,-67.67,target,2,134.23,target,matches the side of the 'target' montage,,,no
sub-4183,ses-4,run-01,P4,-63.97,target,2,134.23,target,matches the side of the 'target' montage,,,no
sub-4183,ses-4,run-02,P4,-63.56,target,2,134.23,target,matches the side of the 'target' montage,,,no
sub-4185,ses-1,run-01,P4,69.0,control,2,135.83,control,matches the side of the 'control' montage,,,no
sub-4185,ses-1,run-02,P4,68.89,control,2,135.83,control,matches the side of the 'control' montage,,,no
sub-4185,ses-2,run-01,P4,68.85,control,2,135.83,control,matches the side of the 'control' montage,,,no
sub-4185,ses-2,run-02,P4,68.59,control,2,135.83,control,matches the side of the 'control' montage,,,no
sub-4185,ses-3,run-01,P4,68.57,control,2,135.83,control,matches the side of the 'control' montage,,,no
sub-4185,ses-3,run-02,P4,68.36,control,2,135.83,control,matches the side of the 'control' montage,,,no
sub-4185,ses-4,run-01,P4,68.87,control,2,135.83,control,matches the side of the 'control' montage,,,no
sub-4185,ses-4,run-02,P4,68.67,control,2,135.83,control,matches the side of the 'control' montage,,,no
sub-4186,ses-1,run-01,P4,-63.89,target,2,134.19,target,matches the side of the 'target' montage,,,no
sub-4186,ses-1,run-02,P4,-64.04,target,2,134.19,target,matches the side of the 'target' montage,,,no
sub-4186,ses-2,run-01,P4,-65.34,target,2,134.19,target,matches the side of the 'target' montage,,,no
sub-4186,ses-2,run-02,P4,-65.65,target,2,134.19,target,matches the side of the 'target' montage,,,no
sub-4186,ses-3,run-01,P4,-64.29,target,2,134.19,target,matches the side of the 'target' montage,,,no
sub-4186,ses-3,run-02,P4,-64.44,target,2,134.19,target,matches the side of the 'target' montage,,,no
sub-4186,ses-4,run-01,P4,-64.5,target,2,134.19,target,matches the side of the 'target' montage,,,no
sub-4186,ses-4,run-02,P4,-64.43,target,2,134.19,target,matches the side of the 'target' montage,,,no
sub-4187,ses-1,run-01,P4,-66.48,target,2,140.19,target,matches the side of the 'target' montage,,,no
sub-4187,ses-1,run-02,P4,-66.42,target,2,140.19,target,matches the side of the 'target' montage,,,no
sub-4187,ses-2,run-01,P4,-66.6,target,2,140.19,target,matches the side of the 'target' montage,,,no
sub-4187,ses-2,run-02,P4,-66.14,target,2,140.19,target,matches the side of the 'target' montage,,,no
sub-4187,ses-3,run-01,P4,-68.87,target,2,140.19,target,matches the side of the 'target' montage,,,no
sub-4187,ses-3,run-02,P4,-68.79,target,2,140.19,target,matches the side of the 'target' montage,,,no
sub-4187,ses-4,run-01,P4,-68.12,target,2,140.19,target,matches the side of the 'target' montage,,,no
sub-4187,ses-4,run-02,P4,-68.66,target,2,140.19,target,matches the side of the 'target' montage,,,no
sub-4188,ses-1,run-01,P4,69.86,control,2,134.24,control,matches the side of the 'control' montage,,,no
sub-4188,ses-1,run-02,P4,69.28,control,2,134.24,control,matches the side of the 'control' montage,,,no
sub-4188,ses-2,run-01,P4,68.26,control,2,134.24,control,matches the side of the 'control' montage,,,no
sub-4188,ses-2,run-02,P4,68.3,control,2,134.24,control,matches the side of the 'control' montage,,,no
sub-4188,ses-3,run-01,P4,68.87,control,2,134.24,control,matches the side of the 'control' montage,,,no
sub-4188,ses-3,run-02,P4,68.98,control,2,134.24,control,matches the side of the 'control' montage,,,no
sub-4188,ses-4,run-01,P4,67.78,control,2,134.24,control,matches the side of the 'control' montage,,,no
sub-4188,ses-4,run-02,P4,67.68,control,2,134.24,control,matches the side of the 'control' montage,,,no
sub-4189,ses-1,run-01,P4,-57.89,target,2,130.55,target,matches the side of the 'target' montage,,,no
sub-4189,ses-1,run-02,P4,-57.72,target,2,130.55,target,matches the side of the 'target' montage,,,no
sub-4189,ses-2,run-01,P4,-56.46,target,2,130.55,target,matches the side of the 'target' montage,,,no
sub-4189,ses-2,run-02,P4,-56.7,target,2,130.55,target,matches the side of the 'target' montage,,,no
sub-4189,ses-3,run-01,P4,-55.83,target,2,130.55,target,matches the side of the 'target' montage,,,no
sub-4189,ses-3,run-02,P4,-55.85,target,2,130.55,target,matches the side of the 'target' montage,,,no
sub-4189,ses-4,run-01,P4,-58.29,target,2,130.55,target,matches the side of the 'target' montage,,,no
sub-4189,ses-4,run-02,P4,-57.92,target,2,130.55,target,matches the side of the 'target' montage,,,no
sub-4190,ses-1,run-01,P4,-61.47,target,2,115.03,target,matches the side of the 'target' montage,,,no
sub-4190,ses-1,run-02,P4,-61.25,target,2,115.03,target,matches the side of the 'target' montage,,,no
sub-4190,ses-2,run-01,P4,-57.62,target,2,115.03,target,matches the side of the 'target' montage,,,no
sub-4190,ses-2,run-02,P4,-57.34,target,2,115.03,target,matches the side of the 'target' montage,,,no
sub-4190,ses-3,run-01,P4,-58.29,target,2,115.03,target,matches the side of the 'target' montage,,,no
sub-4190,ses-3,run-02,P4,-58.18,target,2,115.03,target,matches the side of the 'target' montage,,,no
sub-4190,ses-4,run-01,P4,-60.66,target,2,115.03,target,matches the side of the 'target' montage,,,no
sub-4190,ses-4,run-02,P4,-60.85,target,2,115.03,target,matches the side of the 'target' montage,,,no
sub-4191,ses-1,run-01,P4,65.43,control,2,128.63,control,matches the side of the 'control' montage,,,no
sub-4191,ses-1,run-02,P4,65.47,control,2,128.63,control,matches the side of the 'control' montage,,,no
sub-4191,ses-2,run-01,P4,65.39,control,2,128.63,control,matches the side of the 'control' montage,,,no
sub-4191,ses-2,run-02,P4,65.54,control,2,128.63,control,matches the side of the 'control' montage,,,no
sub-4191,ses-3,run-01,P4,65.54,control,2,128.63,control,matches the side of the 'control' montage,,,no
sub-4191,ses-3,run-02,P4,65.56,control,2,128.63,control,matches the side of the 'control' montage,,,no
sub-4191,ses-4,run-01,P4,63.89,control,2,128.63,control,matches the side of the 'control' montage,,,no
sub-4191,ses-4,run-02,P4,63.78,control,2,128.63,control,matches the side of the 'control' montage,,,no
sub-4193,ses-1,run-01,P4,-67.62,target,2,132.45,target,matches the side of the 'target' montage,,,no
sub-4193,ses-1,run-02,P4,-67.73,target,2,132.45,target,matches the side of the 'target' montage,,,no
sub-4193,ses-2,run-01,P4,-67.04,target,2,132.45,target,matches the side of the 'target' montage,,,no
sub-4193,ses-2,run-02,P4,-67.3,target,2,132.45,target,matches the side of the 'target' montage,,,no
sub-4193,ses-3,run-01,P4,-66.3,target,2,132.45,target,matches the side of the 'target' montage,,,no
sub-4193,ses-3,run-02,P4,-65.68,target,2,132.45,target,matches the side of the 'target' montage,,,no
sub-4193,ses-4,run-01,P4,-67.85,target,2,132.45,target,matches the side of the 'target' montage,,,no
sub-4193,ses-4,run-02,P4,-67.56,target,2,132.45,target,matches the side of the 'target' montage,,,no
sub-4196,ses-1,run-01,P4,-57.17,target,2,116.6,target,matches the side of the 'target' montage,,,no
sub-4196,ses-1,run-02,P4,-57.58,target,2,116.6,target,matches the side of the 'target' montage,,,no
sub-4196,ses-2,run-01,P4,-58.26,target,2,116.6,target,matches the side of the 'target' montage,,,no
sub-4196,ses-2,run-02,P4,-58.92,target,2,116.6,target,matches the side of the 'target' montage,,,no
sub-4196,ses-3,run-01,P4,-56.14,target,2,116.6,target,matches the side of the 'target' montage,,,no
sub-4196,ses-3,run-02,P4,-56.36,target,2,116.6,target,matches the side of the 'target' montage,,,no
sub-4196,ses-4,run-01,P4,-57.38,target,2,116.6,target,matches the side of the 'target' montage,,,no
sub-4196,ses-4,run-02,P4,-57.57,target,2,116.6,target,matches the side of the 'target' montage,,,no
sub-4197,ses-1,run-01,P4,-66.57,target,2,131.66,target,matches the side of the 'target' montage,,,no
sub-4197,ses-1,run-02,P4,-66.74,target,2,131.66,target,matches the side of the 'target' montage,,,no
sub-4197,ses-2,run-01,P4,-68.04,target,2,131.66,target,matches the side of the 'target' montage,,,no
sub-4197,ses-2,run-02,P4,-66.79,target,2,131.66,target,matches the side of the 'target' montage,,,no
sub-4197,ses-3,run-01,P4,-65.91,target,2,131.66,target,matches the side of the 'target' montage,,,no
sub-4197,ses-3,run-02,P4,-65.32,target,2,131.66,target,matches the side of the 'target' montage,,,no
sub-4197,ses-4,run-01,P4,-67.89,target,2,131.66,target,matches the side of the 'target' montage,,,no
sub-4197,ses-4,run-02,P4,-67.79,target,2,131.66,target,matches the side of the 'target' montage,,,no
sub-4198,ses-1,run-01,P4,-67.57,target,2,127.83,target,matches the side of the 'target' montage,,,no
sub-4198,ses-1,run-02,P4,-67.3,target,2,127.83,target,matches the side of the 'target' montage,,,no
sub-4198,ses-2,run-01,P4,-64.58,target,2,127.83,target,matches the side of the 'target' montage,,,no
sub-4198,ses-2,run-02,P4,-65.02,target,2,127.83,target,matches the side of the 'target' montage,,,no
sub-4198,ses-3,run-01,P4,-63.84,target,2,127.83,target,matches the side of the 'target' montage,,,no
sub-4198,ses-3,run-02,P4,-63.35,target,2,127.83,target,matches the side of the 'target' montage,,,no
sub-4198,ses-4,run-01,P4,-65.92,target,2,127.83,target,matches the side of the 'target' montage,,,no
sub-4198,ses-4,run-02,P4,-65.19,target,2,127.83,target,matches the side of the 'target' montage,,,no
sub-4199,ses-1,run-01,P4,63.37,control,2,121.93,control,matches the side of the 'control' montage,,,no
sub-4199,ses-1,run-02,P4,63.43,control,2,121.93,control,matches the side of the 'control' montage,,,no
sub-4199,ses-2,run-02,P4,64.18,control,2,121.93,control,matches the side of the 'control' montage,,,no
sub-4199,ses-3,run-01,P4,64.68,control,2,121.93,control,matches the side of the 'control' montage,,,no
sub-4199,ses-3,run-02,P4,50.18,control,2,121.93,control,matches the side of the 'control' montage,,,no
sub-4199,ses-4,run-01,P4,63.05,control,2,121.93,control,matches the side of the 'control' montage,,,no
sub-4199,ses-4,run-02,P4,63.07,control,2,121.93,control,matches the side of the 'control' montage,,,no
sub-4201,ses-1,run-01,P4,66.48,control,2,127.51,control,matches the side of the 'control' montage,,,no
sub-4201,ses-1,run-02,P4,66.71,control,2,127.51,control,matches the side of the 'control' montage,,,no
sub-4201,ses-2,run-01,P4,67.3,control,2,127.51,control,matches the side of the 'control' montage,,,no
sub-4201,ses-2,run-02,P4,66.86,control,2,127.51,control,matches the side of the 'control' montage,,,no
sub-4201,ses-3,run-01,P4,67.49,control,2,127.51,control,matches the side of the 'control' montage,,,no
sub-4201,ses-3,run-02,P4,67.55,control,2,127.51,control,matches the side of the 'control' montage,,,no
sub-4201,ses-4,run-01,P4,66.38,control,2,127.51,control,matches the side of the 'control' montage,,,no
sub-4201,ses-4,run-02,P4,66.26,control,2,127.51,control,matches the side of the 'control' montage,,,no
sub-4202,ses-1,run-01,P4,-60.95,target,2,129.36,target,matches the side of the 'target' montage,,,no
sub-4202,ses-1,run-02,P4,-61.31,target,2,129.36,target,matches the side of the 'target' montage,,,no
sub-4202,ses-2,run-01,P4,-60.6,target,2,129.36,target,matches the side of the 'target' montage,,,no
sub-4202,ses-2,run-02,P4,-61.8,target,2,129.36,target,matches the side of the 'target' montage,,,no
sub-4202,ses-3,run-01,P4,-63.91,target,2,129.36,target,matches the side of the 'target' montage,,,no
sub-4202,ses-3,run-02,P4,-64.13,target,2,129.36,target,matches the side of the 'target' montage,,,no
sub-4202,ses-4,run-01,P4,-60.96,target,2,129.36,target,matches the side of the 'target' montage,,,no
sub-4202,ses-4,run-02,P4,-62.22,target,2,129.36,target,matches the side of the 'target' montage,,,no
sub-4204,ses-1,run-01,P4,65.58,control,2,119.84,control,matches the side of the 'control' montage,,,no
sub-4204,ses-1,run-02,P4,65.25,control,2,119.84,control,matches the side of the 'control' montage,,,no
sub-4204,ses-2,run-01,P4,68.37,control,2,119.84,control,matches the side of the 'control' montage,,,no
sub-4204,ses-2,run-02,P4,68.23,control,2,119.84,control,matches the side of the 'control' montage,,,no
sub-4204,ses-3,run-01,P4,65.59,control,2,119.84,control,matches the side of the 'control' montage,,,no
sub-4204,ses-3,run-02,P4,65.51,control,2,119.84,control,matches the side of the 'control' montage,,,no
sub-4204,ses-4,run-02,P4,65.08,control,2,119.84,control,matches the side of the 'control' montage,,,no
sub-4205,ses-1,run-01,P4,64.38,control,2,128.18,control,matches the side of the 'control' montage,,,no
sub-4205,ses-1,run-02,P4,64.49,control,2,128.18,control,matches the side of the 'control' montage,,,no
sub-4205,ses-2,run-01,P4,64.68,control,2,128.18,control,matches the side of the 'control' montage,,,no
sub-4205,ses-2,run-02,P4,64.72,control,2,128.18,control,matches the side of the 'control' montage,,,no
sub-4205,ses-3,run-01,P4,64.46,control,2,128.18,control,matches the side of the 'control' montage,,,no
sub-4205,ses-3,run-02,P4,64.55,control,2,128.18,control,matches the side of the 'control' montage,,,no
sub-4205,ses-4,run-01,P4,64.5,control,2,128.18,control,matches the side of the 'control' montage,,,no
sub-4205,ses-4,run-02,P4,64.25,control,2,128.18,control,matches the side of the 'control' montage,,,no
sub-4206,ses-1,run-01,P4,67.23,control,2,131.3,control,matches the side of the 'control' montage,,,no
sub-4206,ses-1,run-02,P4,67.63,control,2,131.3,control,matches the side of the 'control' montage,,,no
sub-4206,ses-2,run-01,P4,67.29,control,2,131.3,control,matches the side of the 'control' montage,,,no
sub-4206,ses-2,run-02,P4,67.28,control,2,131.3,control,matches the side of the 'control' montage,,,no
sub-4206,ses-3,run-01,P4,68.36,control,2,131.3,control,matches the side of the 'control' montage,,,no
sub-4206,ses-3,run-02,P4,69.08,control,2,131.3,control,matches the side of the 'control' montage,,,no
sub-4206,ses-4,run-01,P4,67.88,control,2,131.3,control,matches the side of the 'control' montage,,,no
sub-4206,ses-4,run-02,P4,68.13,control,2,131.3,control,matches the side of the 'control' montage,,,no
sub-4207,ses-1,run-01,P4,-65.54,target,2,129.06,target,matches the side of the 'target' montage,,,no
sub-4207,ses-1,run-02,P4,-65.68,target,2,129.06,target,matches the side of the 'target' montage,,,no
sub-4207,ses-2,run-01,P4,-66.98,target,2,129.06,target,matches the side of the 'target' montage,,,no
sub-4207,ses-2,run-02,P4,-67.11,target,2,129.06,target,matches the side of the 'target' montage,,,no
sub-4207,ses-3,run-01,P4,-66.44,target,2,129.06,target,matches the side of the 'target' montage,,,no
sub-4207,ses-3,run-02,P4,-66.4,target,2,129.06,target,matches the side of the 'target' montage,,,no
sub-4207,ses-4,run-01,P4,-66.79,target,2,129.06,target,matches the side of the 'target' montage,,,no
sub-4207,ses-4,run-02,P4,-67.4,target,2,129.06,target,matches the side of the 'target' montage,,,no
sub-4208,ses-1,run-01,P4,-65.95,target,2,137.35,target,matches the side of the 'target' montage,,,no
sub-4208,ses-1,run-02,P4,-65.84,target,2,137.35,target,matches the side of the 'target' montage,,,no
sub-4208,ses-2,run-01,P4,-67.63,target,2,137.35,target,matches the side of the 'target' montage,,,no
sub-4208,ses-2,run-02,P4,-67.65,target,2,137.35,target,matches the side of the 'target' montage,,,no
sub-4208,ses-3,run-01,P4,-68.0,target,2,137.35,target,matches the side of the 'target' montage,,,no
sub-4208,ses-3,run-02,P4,-68.04,target,2,137.35,target,matches the side of the 'target' montage,,,no
sub-4208,ses-4,run-01,P4,-66.54,target,2,137.35,target,matches the side of the 'target' montage,,,no
sub-4208,ses-4,run-02,P4,-66.55,target,2,137.35,target,matches the side of the 'target' montage,,,no
sub-4210,ses-1,run-01,P4,-69.89,target,2,132.52,target,matches the side of the 'target' montage,,,no
sub-4210,ses-1,run-02,P4,-69.94,target,2,132.52,target,matches the side of the 'target' montage,,,no
sub-4210,ses-2,run-01,P4,-69.58,target,2,132.52,target,matches the side of the 'target' montage,,,no
sub-4210,ses-2,run-02,P4,-69.67,target,2,132.52,target,matches the side of the 'target' montage,,,no
sub-4210,ses-3,run-01,P4,-69.15,target,2,132.52,target,matches the side of the 'target' montage,,,no
sub-4210,ses-3,run-02,P4,-68.92,target,2,132.52,target,matches the side of the 'target' montage,,,no
sub-4210,ses-4,run-01,P4,-68.26,target,2,132.52,target,matches the side of the 'target' montage,,,no
sub-4210,ses-4,run-02,P4,-68.36,target,2,132.52,target,matches the side of the 'target' montage,,,no
sub-4211,ses-2,run-01,P4,-60.63,target,2,125.71,target,matches the side of the 'target' montage,,,no
sub-4211,ses-2,run-02,P4,-60.83,target,2,125.71,target,matches the side of the 'target' montage,,,no
sub-4211,ses-3,run-01,P4,-57.58,target,2,125.71,target,matches the side of the 'target' montage,,,no
sub-4211,ses-3,run-02,P4,-57.55,target,2,125.71,target,matches the side of the 'target' montage,,,no
sub-4211,ses-4,run-01,P4,-59.24,target,2,125.71,target,matches the side of the 'target' montage,,,no
sub-4211,ses-4,run-02,P4,-59.23,target,2,125.71,target,matches the side of the 'target' montage,,,no
sub-4212,ses-1,run-01,P4,65.76,control,2,131.59,control,matches the side of the 'control' montage,,,no
sub-4212,ses-1,run-02,P4,65.87,control,2,131.59,control,matches the side of the 'control' montage,,,no
sub-4212,ses-2,run-01,P4,64.72,control,2,131.59,control,matches the side of the 'control' montage,,,no
sub-4212,ses-2,run-02,P4,64.76,control,2,131.59,control,matches the side of the 'control' montage,,,no
sub-4212,ses-3,run-01,P4,64.57,control,2,131.59,control,matches the side of the 'control' montage,,,no
sub-4212,ses-3,run-02,P4,64.66,control,2,131.59,control,matches the side of the 'control' montage,,,no
sub-4212,ses-4,run-01,P4,64.43,control,2,131.59,control,matches the side of the 'control' montage,,,no
sub-4212,ses-4,run-02,P4,64.31,control,2,131.59,control,matches the side of the 'control' montage,,,no
sub-4213,ses-2,run-01,P4,69.35,control,2,126.13,control,matches the side of the 'control' montage,,,no
sub-4213,ses-2,run-02,P4,69.16,control,2,126.13,control,matches the side of the 'control' montage,,,no
sub-4213,ses-3,run-01,P4,69.85,control,2,126.13,control,matches the side of the 'control' montage,,,no
sub-4213,ses-3,run-02,P4,69.21,control,2,126.13,control,matches the side of the 'control' montage,,,no
sub-4213,ses-4,run-01,P4,69.63,control,2,126.13,control,matches the side of the 'control' montage,,,no
sub-4213,ses-4,run-02,P4,69.44,control,2,126.13,control,matches the side of the 'control' montage,,,no
sub-4214,ses-1,run-01,P4,-70.12,target,2,129.84,target,matches the side of the 'target' montage,,,no
sub-4214,ses-1,run-02,P4,-70.0,target,2,129.84,target,matches the side of the 'target' montage,,,no
sub-4214,ses-2,run-01,P4,-66.31,target,2,129.84,target,matches the side of the 'target' montage,,,no
sub-4214,ses-2,run-02,P4,-65.99,target,2,129.84,target,matches the side of the 'target' montage,,,no
sub-4214,ses-3,run-01,P4,-67.29,target,2,129.84,target,matches the side of the 'target' montage,,,no
sub-4214,ses-3,run-02,P4,-66.96,target,2,129.84,target,matches the side of the 'target' montage,,,no
sub-4214,ses-4,run-01,P4,-66.56,target,2,129.84,target,matches the side of the 'target' montage,,,no
sub-4214,ses-4,run-02,P4,-66.55,target,2,129.84,target,matches the side of the 'target' montage,,,no
sub-4215,ses-1,run-01,P4,-61.84,target,2,125.85,target,matches the side of the 'target' montage,,,no
sub-4215,ses-1,run-02,P4,-61.53,target,2,125.85,target,matches the side of the 'target' montage,,,no
sub-4215,ses-2,run-01,P4,-62.21,target,2,125.85,target,matches the side of the 'target' montage,,,no
sub-4215,ses-2,run-02,P4,-62.38,target,2,125.85,target,matches the side of the 'target' montage,,,no
sub-4215,ses-3,run-01,P4,-62.61,target,2,125.85,target,matches the side of the 'target' montage,,,no
sub-4215,ses-3,run-02,P4,-62.18,target,2,125.85,target,matches the side of the 'target' montage,,,no
sub-4215,ses-4,run-01,P4,-61.69,target,2,125.85,target,matches the side of the 'target' montage,,,no
sub-4215,ses-4,run-02,P4,-61.7,target,2,125.85,target,matches the side of the 'target' montage,,,no
sub-4216,ses-1,run-01,P4,67.23,control,2,127.06,control,matches the side of the 'control' montage,,,no
sub-4216,ses-1,run-02,P4,67.37,control,2,127.06,control,matches the side of the 'control' montage,,,no
sub-4216,ses-2,run-01,P4,69.08,control,2,127.06,control,matches the side of the 'control' montage,,,no
sub-4216,ses-2,run-02,P4,68.91,control,2,127.06,control,matches the side of the 'control' montage,,,no
sub-4216,ses-3,run-01,P4,68.71,control,2,127.06,control,matches the side of the 'control' montage,,,no
sub-4216,ses-3,run-02,P4,68.82,control,2,127.06,control,matches the side of the 'control' montage,,,no
sub-4216,ses-4,run-01,P4,66.43,control,2,127.06,control,matches the side of the 'control' montage,,,no
sub-4216,ses-4,run-02,P4,66.1,control,2,127.06,control,matches the side of the 'control' montage,,,no
sub-4217,ses-1,run-01,P4,71.61,control,2,132.97,control,matches the side of the 'control' montage,,,no
sub-4217,ses-1,run-02,P4,71.69,control,2,132.97,control,matches the side of the 'control' montage,,,no
sub-4217,ses-2,run-01,P4,72.16,control,2,132.97,control,matches the side of the 'control' montage,,,no
sub-4217,ses-2,run-02,P4,72.2,control,2,132.97,control,matches the side of the 'control' montage,,,no
sub-4217,ses-3,run-01,P4,72.52,control,2,132.97,control,matches the side of the 'control' montage,,,no
sub-4217,ses-4,run-01,P4,72.2,control,2,132.97,control,matches the side of the 'control' montage,,,no
sub-4217,ses-4,run-02,P4,72.36,control,2,132.97,control,matches the side of the 'control' montage,,,no
sub-4218,ses-1,run-01,P4,-63.8,target,2,123.93,target,matches the side of the 'target' montage,,,no
sub-4218,ses-1,run-02,P4,-63.61,target,2,123.93,target,matches the side of the 'target' montage,,,no
sub-4218,ses-2,run-01,P4,-63.94,target,2,123.93,target,matches the side of the 'target' montage,,,no
sub-4218,ses-2,run-02,P4,-63.85,target,2,123.93,target,matches the side of the 'target' montage,,,no
sub-4218,ses-3,run-01,P4,-64.07,target,2,123.93,target,matches the side of the 'target' montage,,,no
sub-4218,ses-3,run-02,P4,-64.07,target,2,123.93,target,matches the side of the 'target' montage,,,no
sub-4218,ses-4,run-01,P4,-65.74,target,2,123.93,target,matches the side of the 'target' montage,,,no
sub-4218,ses-4,run-02,P4,-65.68,target,2,123.93,target,matches the side of the 'target' montage,,,no
sub-4221,ses-1,run-01,P4,62.94,control,2,127.51,control,matches the side of the 'control' montage,,,no
sub-4221,ses-1,run-02,P4,63.15,control,2,127.51,control,matches the side of the 'control' montage,,,no
sub-4221,ses-2,run-01,P4,65.43,control,2,127.51,control,matches the side of the 'control' montage,,,no
sub-4221,ses-2,run-02,P4,65.77,control,2,127.51,control,matches the side of the 'control' montage,,,no
sub-4222,ses-1,run-01,P4,-62.95,target,2,127.02,target,matches the side of the 'target' montage,,,no
sub-4222,ses-1,run-02,P4,-62.35,target,2,127.02,target,matches the side of the 'target' montage,,,no
sub-4222,ses-2,run-01,P4,-59.95,target,2,127.02,target,matches the side of the 'target' montage,,,no
sub-4222,ses-2,run-02,P4,-59.2,target,2,127.02,target,matches the side of the 'target' montage,,,no
sub-4222,ses-3,run-01,P4,-58.29,target,2,127.02,target,matches the side of the 'target' montage,,,no
sub-4222,ses-3,run-02,P4,-58.06,target,2,127.02,target,matches the side of the 'target' montage,,,no
sub-4222,ses-4,run-01,P4,-60.41,target,2,127.02,target,matches the side of the 'target' montage,,,no
sub-4222,ses-4,run-02,P4,-60.0,target,2,127.02,target,matches the side of the 'target' montage,,,no
sub-5001,ses-1,run-01,P5,-43.11,target,2,19.45,target,the two conditions are not separated by hemisphere; the rule does not apply,,,no
sub-5001,ses-1,run-02,P5,-43.28,target,2,19.45,target,the two conditions are not separated by hemisphere; the rule does not apply,,,no
sub-5001,ses-2,run-01,P5,-42.06,target,2,19.45,target,the two conditions are not separated by hemisphere; the rule does not apply,,,no
sub-5001,ses-2,run-02,P5,-42.29,target,2,19.45,target,the two conditions are not separated by hemisphere; the rule does not apply,,,no
sub-5001,ses-3,run-01,P5,-41.19,target,2,19.45,target,the two conditions are not separated by hemisphere; the rule does not apply,,,no
sub-5001,ses-3,run-02,P5,-41.54,target,2,19.45,target,the two conditions are not separated by hemisphere; the rule does not apply,,,no
sub-5001,ses-4,run-01,P5,-43.94,target,2,19.45,target,the two conditions are not separated by hemisphere; the rule does not apply,,,no
sub-5001,ses-4,run-02,P5,-44.17,target,2,19.45,target,the two conditions are not separated by hemisphere; the rule does not apply,,,no
sub-5002,ses-1,run-01,P5,-50.41,target,2,12.63,target,the two conditions are not separated by hemisphere; the rule does not apply,,,no
sub-5002,ses-1,run-02,P5,-49.91,target,2,12.63,target,the two conditions are not separated by hemisphere; the rule does not apply,,,no
sub-5002,ses-2,run-01,P5,-51.76,target,2,12.63,target,the two conditions are not separated by hemisphere; the rule does not apply,,,no
sub-5002,ses-2,run-02,P5,-51.83,target,2,12.63,target,the two conditions are not separated by hemisphere; the rule does not apply,,,no
sub-5002,ses-3,run-01,P5,-50.41,target,2,12.63,target,the two conditions are not separated by hemisphere; the rule does not apply,,,no
sub-5002,ses-3,run-02,P5,-49.91,target,2,12.63,target,the two conditions are not separated by hemisphere; the rule does not apply,,,no
sub-5002,ses-4,run-01,P5,-48.68,target,2,12.63,target,the two conditions are not separated by hemisphere; the rule does not apply,,,no
sub-5002,ses-4,run-02,P5,-49.31,target,2,12.63,target,the two conditions are not separated by hemisphere; the rule does not apply,,,no
sub-5003,ses-1,run-01,P5,-35.32,target,2,27.13,target,the two conditions are not separated by hemisphere; the rule does not apply,,,no
sub-5003,ses-1,run-02,P5,-34.59,target,2,27.13,target,the two conditions are not separated by hemisphere; the rule does not apply,,,no
sub-5003,ses-2,run-01,P5,-40.64,target,2,27.13,target,the two conditions are not separated by hemisphere; the rule does not apply,,,no
sub-5003,ses-2,run-02,P5,-40.97,target,2,27.13,target,the two conditions are not separated by hemisphere; the rule does not apply,,,no
sub-6101,ses-1,run-01,P6,42.83,target,2,88.09,target,matches the side of the 'target' montage,,,no
sub-6101,ses-1,run-02,P6,42.83,target,2,88.09,target,matches the side of the 'target' montage,,,no
sub-6101,ses-2,run-01,P6,-60.78,control,2,88.09,control,matches the side of the 'control' montage,,,no
sub-6101,ses-2,run-02,P6,-60.2,control,2,88.09,control,matches the side of the 'control' montage,,,no
sub-6101,ses-3,run-01,P6,51.16,target,2,88.09,target,matches the side of the 'target' montage,,,no
sub-6101,ses-3,run-02,P6,51.47,target,2,88.09,target,matches the side of the 'target' montage,,,no
sub-6101,ses-4,run-01,P6,-63.87,control,2,88.09,control,matches the side of the 'control' montage,,,no
sub-6101,ses-4,run-02,P6,-63.82,control,2,88.09,control,matches the side of the 'control' montage,,,no
sub-6102,ses-1,run-01,P6,56.41,target,2,124.89,target,matches the side of the 'target' montage,,,no
sub-6102,ses-1,run-02,P6,56.79,target,2,124.89,target,matches the side of the 'target' montage,,,no
sub-6102,ses-2,run-01,P6,-63.78,control,2,124.89,control,matches the side of the 'control' montage,,,no
sub-6102,ses-2,run-02,P6,-64.19,control,2,124.89,control,matches the side of the 'control' montage,,,no
sub-6102,ses-3,run-01,P6,62.48,target,2,124.89,target,matches the side of the 'target' montage,,,no
sub-6102,ses-3,run-02,P6,62.34,target,2,124.89,target,matches the side of the 'target' montage,,,no
sub-6102,ses-4,run-01,P6,-60.93,control,2,124.89,control,matches the side of the 'control' montage,,,no
sub-6102,ses-4,run-02,P6,-61.06,control,2,124.89,control,matches the side of the 'control' montage,,,no
sub-6103,ses-2,run-01,P6,-57.9,control,2,103.15,control,matches the side of the 'control' montage,,,no
sub-6103,ses-2,run-02,P6,-58.08,control,2,103.15,control,matches the side of the 'control' montage,,,no
sub-6106,ses-1,run-01,P6,49.86,target,2,107.7,target,matches the side of the 'target' montage,,,no
sub-6106,ses-1,run-02,P6,50.36,target,2,107.7,target,matches the side of the 'target' montage,,,no
sub-6106,ses-2,run-01,P6,-60.88,control,2,107.7,control,matches the side of the 'control' montage,,,no
sub-6106,ses-2,run-02,P6,-61.39,control,2,107.7,control,matches the side of the 'control' montage,,,no
sub-6106,ses-3,run-01,P6,-60.49,control,2,107.7,control,matches the side of the 'control' montage,,,no
sub-6106,ses-3,run-02,P6,-60.97,control,2,107.7,control,matches the side of the 'control' montage,,,no
sub-6106,ses-4,run-01,P6,52.82,target,2,107.7,target,matches the side of the 'target' montage,,,no
sub-6106,ses-4,run-02,P6,54.43,target,2,107.7,target,matches the side of the 'target' montage,,,no
sub-6107,ses-1,run-01,P6,38.17,target,2,89.36,target,matches the side of the 'target' montage,,,no
sub-6107,ses-1,run-02,P6,38.32,target,2,89.36,target,matches the side of the 'target' montage,,,no
sub-6107,ses-2,run-01,P6,-56.27,control,2,89.36,control,matches the side of the 'control' montage,,,no
sub-6107,ses-2,run-02,P6,-57.25,control,2,89.36,control,matches the side of the 'control' montage,,,no
sub-6107,ses-3,run-01,P6,42.33,target,2,89.36,target,matches the side of the 'target' montage,,,no
sub-6107,ses-3,run-02,P6,43.19,target,2,89.36,target,matches the side of the 'target' montage,,,no
sub-6107,ses-4,run-01,P6,-52.79,control,2,89.36,control,matches the side of the 'control' montage,,,no
sub-6107,ses-4,run-02,P6,-52.76,control,2,89.36,control,matches the side of the 'control' montage,,,no
sub-6108,ses-1,run-01,P6,46.9,target,2,112.28,target,matches the side of the 'target' montage,,,no
sub-6108,ses-1,run-02,P6,47.25,target,2,112.28,target,matches the side of the 'target' montage,,,no
sub-6108,ses-2,run-01,P6,-57.29,control,2,112.28,control,matches the side of the 'control' montage,,,no
sub-6108,ses-2,run-02,P6,-56.98,control,2,112.28,control,matches the side of the 'control' montage,,,no
sub-6108,ses-4,run-01,P6,51.71,target,2,112.28,target,matches the side of the 'target' montage,,,no
sub-6108,ses-4,run-02,P6,51.64,target,2,112.28,target,matches the side of the 'target' montage,,,no
sub-6109,ses-1,run-01,P6,-73.91,control,2,126.78,control,matches the side of the 'control' montage,,,no
sub-6109,ses-1,run-02,P6,-73.04,control,2,126.78,control,matches the side of the 'control' montage,,,no
sub-6109,ses-2,run-01,P6,54.68,target,2,126.78,target,matches the side of the 'target' montage,,,no
sub-6109,ses-2,run-02,P6,54.81,target,2,126.78,target,matches the side of the 'target' montage,,,no
sub-6109,ses-3,run-01,P6,57.05,target,2,126.78,target,matches the side of the 'target' montage,,,no
sub-6109,ses-3,run-02,P6,57.5,target,2,126.78,target,matches the side of the 'target' montage,,,no
sub-6109,ses-4,run-01,P6,-71.51,control,2,126.78,control,matches the side of the 'control' montage,,,no
sub-6109,ses-4,run-02,P6,-70.81,control,2,126.78,control,matches the side of the 'control' montage,,,no
sub-6110,ses-1,run-01,P6,-57.7,control,2,103.76,control,matches the side of the 'control' montage,,,no
sub-6110,ses-1,run-02,P6,-56.82,control,2,103.76,control,matches the side of the 'control' montage,,,no
sub-6110,ses-2,run-01,P6,46.28,target,2,103.76,target,matches the side of the 'target' montage,,,no
sub-6110,ses-2,run-02,P6,45.95,target,2,103.76,target,matches the side of the 'target' montage,,,no
sub-6110,ses-3,run-01,P6,43.46,target,2,103.76,target,matches the side of the 'target' montage,,,no
sub-6110,ses-3,run-02,P6,43.75,target,2,103.76,target,matches the side of the 'target' montage,,,no
sub-6110,ses-4,run-01,P6,-58.45,control,2,103.76,control,matches the side of the 'control' montage,,,no
sub-6110,ses-4,run-02,P6,-58.65,control,2,103.76,control,matches the side of the 'control' montage,,,no
sub-6111,ses-2,run-01,P6,-60.83,control,2,118.61,control,matches the side of the 'control' montage,,,no
sub-6111,ses-2,run-02,P6,-61.19,control,2,118.61,control,matches the side of the 'control' montage,,,no
sub-6111,ses-3,run-01,P6,58.09,target,2,118.61,target,matches the side of the 'target' montage,,,no
sub-6111,ses-3,run-02,P6,58.25,target,2,118.61,target,matches the side of the 'target' montage,,,no
sub-6111,ses-4,run-01,P6,-60.65,control,2,118.61,control,matches the side of the 'control' montage,,,no
sub-6111,ses-4,run-02,P6,-60.78,control,2,118.61,control,matches the side of the 'control' montage,,,no
sub-6112,ses-1,run-01,P6,-62.15,control,2,111.04,control,matches the side of the 'control' montage,,,no
sub-6112,ses-1,run-02,P6,-62.84,control,2,111.04,control,matches the side of the 'control' montage,,,no
sub-6112,ses-2,run-01,P6,45.68,target,2,111.04,target,matches the side of the 'target' montage,,,no
sub-6112,ses-2,run-02,P6,45.58,target,2,111.04,target,matches the side of the 'target' montage,,,no
sub-6112,ses-3,run-01,P6,-60.29,control,2,111.04,control,matches the side of the 'control' montage,,,no
sub-6112,ses-3,run-02,P6,-60.77,control,2,111.04,control,matches the side of the 'control' montage,,,no
sub-6112,ses-4,run-01,P6,48.07,target,2,111.04,target,matches the side of the 'target' montage,,,no
sub-6112,ses-4,run-02,P6,48.47,target,2,111.04,target,matches the side of the 'target' montage,,,no
sub-6113,ses-1,run-01,P6,-58.02,control,2,109.24,control,matches the side of the 'control' montage,,,no
sub-6113,ses-1,run-02,P6,-58.19,control,2,109.24,control,matches the side of the 'control' montage,,,no
sub-6113,ses-2,run-01,P6,44.56,target,2,109.24,target,matches the side of the 'target' montage,,,no
sub-6113,ses-2,run-02,P6,44.47,target,2,109.24,target,matches the side of the 'target' montage,,,no
sub-6113,ses-3,run-01,P6,48.87,target,2,109.24,target,matches the side of the 'target' montage,,,no
sub-6113,ses-3,run-02,P6,48.74,target,2,109.24,target,matches the side of the 'target' montage,,,no
sub-6113,ses-4,run-01,P6,-62.96,control,2,109.24,control,matches the side of the 'control' montage,,,no
sub-6113,ses-4,run-02,P6,-63.42,control,2,109.24,control,matches the side of the 'control' montage,,,no
sub-6114,ses-1,run-01,P6,50.65,target,2,109.59,target,matches the side of the 'target' montage,,,no
sub-6114,ses-1,run-02,P6,51.2,target,2,109.59,target,matches the side of the 'target' montage,,,no
sub-6114,ses-2,run-01,P6,-57.11,control,2,109.59,control,matches the side of the 'control' montage,,,no
sub-6114,ses-2,run-02,P6,-55.74,control,2,109.59,control,matches the side of the 'control' montage,,,no
sub-6114,ses-3,run-01,P6,-52.87,control,2,109.59,control,matches the side of the 'control' montage,,,no
sub-6114,ses-3,run-02,P6,-51.49,control,2,109.59,control,matches the side of the 'control' montage,,,no
sub-6114,ses-4,run-01,P6,53.71,target,2,109.59,target,matches the side of the 'target' montage,,,no
sub-6114,ses-4,run-02,P6,53.72,target,2,109.59,target,matches the side of the 'target' montage,,,no
sub-6115,ses-1,run-01,P6,-59.78,control,2,109.88,control,matches the side of the 'control' montage,,,no
sub-6115,ses-1,run-02,P6,-59.8,control,2,109.88,control,matches the side of the 'control' montage,,,no
sub-6115,ses-2,run-01,P6,49.85,target,2,109.88,target,matches the side of the 'target' montage,,,no
sub-6115,ses-2,run-02,P6,50.21,target,2,109.88,target,matches the side of the 'target' montage,,,no
sub-6115,ses-3,run-01,P6,-57.87,control,2,109.88,control,matches the side of the 'control' montage,,,no
sub-6115,ses-3,run-02,P6,-56.23,control,2,109.88,control,matches the side of the 'control' montage,,,no
sub-6115,ses-4,run-01,P6,53.85,target,2,109.88,target,matches the side of the 'target' montage,,,no
sub-6115,ses-4,run-02,P6,53.85,target,2,109.88,target,matches the side of the 'target' montage,,,no
sub-6116,ses-1,run-01,P6,-52.8,control,2,98.33,control,matches the side of the 'control' montage,,,no
sub-6116,ses-1,run-02,P6,-52.99,control,2,98.33,control,matches the side of the 'control' montage,,,no
sub-6116,ses-3,run-01,P6,-55.21,control,2,98.33,control,matches the side of the 'control' montage,,,no
sub-6116,ses-3,run-02,P6,-54.32,control,2,98.33,control,matches the side of the 'control' montage,,,no
sub-6116,ses-4,run-01,P6,41.56,target,2,98.33,target,matches the side of the 'target' montage,,,no
sub-6116,ses-4,run-02,P6,41.25,target,2,98.33,target,matches the side of the 'target' montage,,,no
sub-6117,ses-1,run-01,P6,40.99,target,2,103.02,target,matches the side of the 'target' montage,,,no
sub-6117,ses-1,run-02,P6,41.82,target,2,103.02,target,matches the side of the 'target' montage,,,no
sub-6119,ses-1,run-01,P6,49.61,target,2,106.91,target,matches the side of the 'target' montage,,,no
sub-6119,ses-1,run-02,P6,50.02,target,2,106.91,target,matches the side of the 'target' montage,,,no
sub-6119,ses-2,run-01,P6,-58.06,control,2,106.91,control,matches the side of the 'control' montage,,,no
sub-6119,ses-2,run-02,P6,-58.1,control,2,106.91,control,matches the side of the 'control' montage,,,no
sub-6119,ses-3,run-01,P6,41.52,target,2,106.91,target,matches the side of the 'target' montage,,,no
sub-6119,ses-3,run-02,P6,41.83,target,2,106.91,target,matches the side of the 'target' montage,,,no
sub-6119,ses-4,run-01,P6,-60.41,control,2,106.91,control,matches the side of the 'control' montage,,,no
sub-6119,ses-4,run-02,P6,-61.02,control,2,106.91,control,matches the side of the 'control' montage,,,no
sub-6120,ses-1,run-01,P6,-61.22,control,2,115.84,control,matches the side of the 'control' montage,,,no
sub-6120,ses-1,run-02,P6,-60.53,control,2,115.84,control,matches the side of the 'control' montage,,,no
sub-6120,ses-2,run-01,P6,55.36,target,2,115.84,target,matches the side of the 'target' montage,,,no
sub-6120,ses-2,run-02,P6,56.08,target,2,115.84,target,matches the side of the 'target' montage,,,no
sub-6121,ses-1,run-01,P6,-64.62,control,2,112.01,control,matches the side of the 'control' montage,,,no
sub-6121,ses-1,run-02,P6,-64.7,control,2,112.01,control,matches the side of the 'control' montage,,,no
sub-6121,ses-2,run-01,P6,49.14,target,2,112.01,target,matches the side of the 'target' montage,,,no
sub-6121,ses-2,run-02,P6,49.07,target,2,112.01,target,matches the side of the 'target' montage,,,no
sub-6121,ses-3,run-01,P6,49.21,target,2,112.01,target,matches the side of the 'target' montage,,,no
sub-6121,ses-3,run-02,P6,48.72,target,2,112.01,target,matches the side of the 'target' montage,,,no
sub-6121,ses-4,run-01,P6,-64.31,control,2,112.01,control,matches the side of the 'control' montage,,,no
sub-6121,ses-4,run-02,P6,-64.89,control,2,112.01,control,matches the side of the 'control' montage,,,no
sub-6122,ses-1,run-01,P6,-62.52,control,2,112.44,control,matches the side of the 'control' montage,,,no
sub-6122,ses-1,run-02,P6,-63.63,control,2,112.44,control,matches the side of the 'control' montage,,,no
sub-6122,ses-2,run-01,P6,49.94,target,2,112.44,target,matches the side of the 'target' montage,,,no
sub-6122,ses-2,run-02,P6,50.62,target,2,112.44,target,matches the side of the 'target' montage,,,no
sub-6122,ses-3,run-01,P6,-58.66,control,2,112.44,control,matches the side of the 'control' montage,,,no
sub-6122,ses-3,run-02,P6,-59.59,control,2,112.44,control,matches the side of the 'control' montage,,,no
sub-6122,ses-4,run-01,P6,45.17,target,2,112.44,target,matches the side of the 'target' montage,,,no
sub-6122,ses-4,run-02,P6,45.58,target,2,112.44,target,matches the side of the 'target' montage,,,no
sub-6123,ses-1,run-01,P6,43.51,target,2,97.56,target,matches the side of the 'target' montage,,,no
sub-6123,ses-1,run-02,P6,42.67,target,2,97.56,target,matches the side of the 'target' montage,,,no
sub-6123,ses-3,run-01,P6,44.26,target,2,97.56,target,matches the side of the 'target' montage,,,no
sub-6123,ses-3,run-02,P6,43.94,target,2,97.56,target,matches the side of the 'target' montage,,,no
sub-6123,ses-4,run-01,P6,-56.37,control,2,97.56,control,matches the side of the 'control' montage,,,no
sub-6123,ses-4,run-02,P6,-55.56,control,2,97.56,control,matches the side of the 'control' montage,,,no
sub-6125,ses-1,run-02,P6,54.38,target,2,122.21,target,matches the side of the 'target' montage,,,no
sub-6125,ses-2,run-01,P6,-63.23,control,2,122.21,control,matches the side of the 'control' montage,,,no
sub-6125,ses-2,run-02,P6,-63.29,control,2,122.21,control,matches the side of the 'control' montage,,,no
sub-6125,ses-3,run-01,P6,-67.04,control,2,122.21,control,matches the side of the 'control' montage,,,no
sub-6125,ses-3,run-02,P6,-66.89,control,2,122.21,control,matches the side of the 'control' montage,,,no
sub-6125,ses-4,run-01,P6,51.26,target,2,122.21,target,matches the side of the 'target' montage,,,no
sub-6125,ses-4,run-02,P6,67.3,target,2,122.21,target,matches the side of the 'target' montage,,,no
sub-6127,ses-1,run-01,P6,-63.65,control,2,121.51,control,matches the side of the 'control' montage,,,no
sub-6127,ses-1,run-02,P6,-62.27,control,2,121.51,control,matches the side of the 'control' montage,,,no
sub-6127,ses-2,run-01,P6,22.75,target,2,121.51,target,matches the side of the 'target' montage,,,no
sub-6127,ses-2,run-02,P6,22.51,target,2,121.51,target,matches the side of the 'target' montage,,,no
sub-6127,ses-3,run-01,P6,-65.32,control,2,121.51,control,matches the side of the 'control' montage,,,no
sub-6127,ses-3,run-02,P6,-66.4,control,2,121.51,control,matches the side of the 'control' montage,,,no
sub-6128,ses-1,run-01,P6,-62.58,control,2,115.11,control,matches the side of the 'control' montage,,,no
sub-6128,ses-1,run-02,P6,-62.72,control,2,115.11,control,matches the side of the 'control' montage,,,no
sub-6128,ses-2,run-01,P6,54.44,target,2,115.11,target,matches the side of the 'target' montage,,,no
sub-6128,ses-3,run-01,P6,51.87,target,2,115.11,target,matches the side of the 'target' montage,,,no
sub-6128,ses-3,run-02,P6,52.28,target,2,115.11,target,matches the side of the 'target' montage,,,no
sub-6128,ses-4,run-01,P6,-57.62,control,2,115.11,control,matches the side of the 'control' montage,,,no
sub-6128,ses-4,run-02,P6,-58.22,control,2,115.11,control,matches the side of the 'control' montage,,,no
sub-6129,ses-1,run-01,P6,56.96,target,2,119.5,target,matches the side of the 'target' montage,,,no
sub-6129,ses-1,run-02,P6,56.73,target,2,119.5,target,matches the side of the 'target' montage,,,no
sub-6129,ses-2,run-01,P6,-62.22,control,2,119.5,control,matches the side of the 'control' montage,,,no
sub-6129,ses-2,run-02,P6,-62.49,control,2,119.5,control,matches the side of the 'control' montage,,,no
sub-6129,ses-3,run-01,P6,63.57,target,2,119.5,target,matches the side of the 'target' montage,,,no
sub-6129,ses-3,run-02,P6,59.48,target,2,119.5,target,matches the side of the 'target' montage,,,no
sub-6129,ses-4,run-01,P6,-57.56,control,2,119.5,control,matches the side of the 'control' montage,,,no
sub-6129,ses-4,run-02,P6,-59.6,control,2,119.5,control,matches the side of the 'control' montage,,,no
sub-6132,ses-1,run-01,P6,-61.97,control,2,113.64,control,matches the side of the 'control' montage,,,no
sub-6132,ses-1,run-02,P6,-61.11,control,2,113.64,control,matches the side of the 'control' montage,,,no
sub-6132,ses-2,run-02,P6,48.63,target,2,113.64,target,matches the side of the 'target' montage,,,no
sub-6132,ses-3,run-01,P6,54.22,target,2,113.64,target,matches the side of the 'target' montage,,,no
sub-6132,ses-3,run-02,P6,53.78,target,2,113.64,target,matches the side of the 'target' montage,,,no
sub-6132,ses-4,run-01,P6,-64.88,control,2,113.64,control,matches the side of the 'control' montage,,,no
sub-6132,ses-4,run-02,P6,-67.6,control,2,113.64,control,matches the side of the 'control' montage,,,no
sub-6133,ses-2,run-01,P6,-63.93,control,2,122.57,control,matches the side of the 'control' montage,,,no
sub-6133,ses-2,run-02,P6,-64.35,control,2,122.57,control,matches the side of the 'control' montage,,,no
sub-6133,ses-3,run-01,P6,-62.4,control,2,122.57,control,matches the side of the 'control' montage,,,no
sub-6133,ses-3,run-02,P6,-62.87,control,2,122.57,control,matches the side of the 'control' montage,,,no
sub-6133,ses-4,run-01,P6,58.17,target,2,122.57,target,matches the side of the 'target' montage,,,no
sub-6133,ses-4,run-02,P6,58.16,target,2,122.57,target,matches the side of the 'target' montage,,,no
sub-6134,ses-1,run-01,P6,-59.27,control,2,127.51,control,matches the side of the 'control' montage,,,no
sub-6134,ses-1,run-02,P6,-59.55,control,2,127.51,control,matches the side of the 'control' montage,,,no
sub-6134,ses-2,run-01,P6,67.02,target,2,127.51,target,matches the side of the 'target' montage,,,no
sub-6134,ses-2,run-02,P6,67.09,target,2,127.51,target,matches the side of the 'target' montage,,,no
sub-6134,ses-3,run-01,P6,65.98,target,2,127.51,target,matches the side of the 'target' montage,,,no
sub-6134,ses-3,run-02,P6,65.78,target,2,127.51,target,matches the side of the 'target' montage,,,no
sub-6134,ses-4,run-01,P6,-60.02,control,2,127.51,control,matches the side of the 'control' montage,,,no
sub-6134,ses-4,run-02,P6,-62.02,control,2,127.51,control,matches the side of the 'control' montage,,,no
sub-6135,ses-1,run-01,P6,61.24,target,2,122.14,target,matches the side of the 'target' montage,,,no
sub-6135,ses-1,run-02,P6,63.28,target,2,122.14,target,matches the side of the 'target' montage,,,no
sub-6135,ses-2,run-01,P6,-62.01,control,2,122.14,control,matches the side of the 'control' montage,,,no
sub-6135,ses-2,run-02,P6,-61.96,control,2,122.14,control,matches the side of the 'control' montage,,,no
sub-6135,ses-3,run-01,P6,60.47,target,2,122.14,target,matches the side of the 'target' montage,,,no
sub-6135,ses-3,run-02,P6,60.61,target,2,122.14,target,matches the side of the 'target' montage,,,no
sub-6135,ses-4,run-01,P6,-59.14,control,2,122.14,control,matches the side of the 'control' montage,,,no
sub-6135,ses-4,run-02,P6,-59.03,control,2,122.14,control,matches the side of the 'control' montage,,,no
sub-6136,ses-1,run-01,P6,56.85,target,2,124.57,target,matches the side of the 'target' montage,,,no
sub-6136,ses-1,run-02,P6,57.07,target,2,124.57,target,matches the side of the 'target' montage,,,no
sub-6136,ses-2,run-01,P6,-66.09,control,2,124.57,control,matches the side of the 'control' montage,,,no
sub-6136,ses-2,run-02,P6,-66.06,control,2,124.57,control,matches the side of the 'control' montage,,,no
sub-6136,ses-3,run-01,P6,-68.04,control,2,124.57,control,matches the side of the 'control' montage,,,no
sub-6136,ses-3,run-02,P6,-68.17,control,2,124.57,control,matches the side of the 'control' montage,,,no
sub-6136,ses-4,run-01,P6,56.85,target,2,124.57,target,matches the side of the 'target' montage,,,no
sub-6136,ses-4,run-02,P6,57.07,target,2,124.57,target,matches the side of the 'target' montage,,,no
sub-6137,ses-1,run-01,P6,-64.11,control,2,115.04,control,matches the side of the 'control' montage,,,no
sub-6137,ses-1,run-02,P6,-63.3,control,2,115.04,control,matches the side of the 'control' montage,,,no
sub-6137,ses-2,run-01,P6,44.15,target,2,115.04,target,matches the side of the 'target' montage,,,no
sub-6137,ses-2,run-02,P6,43.44,target,2,115.04,target,matches the side of the 'target' montage,,,no
sub-6137,ses-4,run-01,P6,-60.75,control,2,115.04,control,matches the side of the 'control' montage,,,no
sub-6137,ses-4,run-02,P6,-59.61,control,2,115.04,control,matches the side of the 'control' montage,,,no
sub-6138,ses-1,run-01,P6,-58.5,control,2,109.0,control,matches the side of the 'control' montage,,,no
sub-6138,ses-1,run-02,P6,-60.14,control,2,109.0,control,matches the side of the 'control' montage,,,no
sub-6138,ses-2,run-01,P6,51.3,target,2,109.0,target,matches the side of the 'target' montage,,,no
sub-6138,ses-2,run-02,P6,50.08,target,2,109.0,target,matches the side of the 'target' montage,,,no
sub-6138,ses-3,run-01,P6,48.74,target,2,109.0,target,matches the side of the 'target' montage,,,no
sub-6138,ses-3,run-02,P6,47.69,target,2,109.0,target,matches the side of the 'target' montage,,,no
sub-6138,ses-4,run-01,P6,-58.46,control,2,109.0,control,matches the side of the 'control' montage,,,no
sub-6138,ses-4,run-02,P6,-60.94,control,2,109.0,control,matches the side of the 'control' montage,,,no
sub-6202,ses-3,run-01,P6,-56.47,control,2,106.3,control,matches the side of the 'control' montage,,,no
sub-6202,ses-3,run-02,P6,-56.82,control,2,106.3,control,matches the side of the 'control' montage,,,no
sub-6203,ses-1,run-02,P6,53.71,target,2,104.66,target,matches the side of the 'target' montage,,,no
sub-6203,ses-3,run-01,P6,48.74,target,2,104.66,target,matches the side of the 'target' montage,,,no
sub-6203,ses-3,run-02,P6,48.59,target,2,104.66,target,matches the side of the 'target' montage,,,no
sub-6203,ses-4,run-01,P6,46.01,target,2,104.66,target,matches the side of the 'target' montage,,,no
sub-6203,ses-4,run-02,P6,45.4,target,2,104.66,target,matches the side of the 'target' montage,,,no
sub-6204,ses-1,run-01,P6,-50.47,control,2,107.5,control,matches the side of the 'control' montage,,,no
sub-6204,ses-1,run-02,P6,-49.92,control,2,107.5,control,matches the side of the 'control' montage,,,no
sub-6204,ses-4,run-01,P6,-53.87,control,2,107.5,control,matches the side of the 'control' montage,,,no
sub-6204,ses-4,run-02,P6,-54.09,control,2,107.5,control,matches the side of the 'control' montage,,,no
sub-6205,ses-1,run-01,P6,44.05,target,2,110.4,target,matches the side of the 'target' montage,,,no
sub-6205,ses-1,run-02,P6,47.58,target,2,110.4,target,matches the side of the 'target' montage,,,no
sub-6205,ses-3,run-02,P6,39.6,target,2,110.4,target,matches the side of the 'target' montage,,,no
sub-6205,ses-4,run-01,P6,41.66,target,2,110.4,target,matches the side of the 'target' montage,,,no
sub-6206,ses-1,run-01,P6,52.58,target,2,103.39,target,matches the side of the 'target' montage,,,no
sub-6206,ses-1,run-02,P6,52.04,target,2,103.39,target,matches the side of the 'target' montage,,,no
sub-6206,ses-2,run-01,P6,43.4,target,2,103.39,target,matches the side of the 'target' montage,,,no
sub-6206,ses-2,run-02,P6,43.19,target,2,103.39,target,matches the side of the 'target' montage,,,no
sub-6206,ses-3,run-01,P6,48.75,target,2,103.39,target,matches the side of the 'target' montage,,,no
sub-6206,ses-3,run-02,P6,48.37,target,2,103.39,target,matches the side of the 'target' montage,,,no
sub-6206,ses-4,run-01,P6,37.78,target,2,103.39,target,matches the side of the 'target' montage,,,no
sub-6209,ses-1,run-01,P6,-69.29,control,2,122.09,control,matches the side of the 'control' montage,,,no
sub-6209,ses-1,run-02,P6,-68.89,control,2,122.09,control,matches the side of the 'control' montage,,,no
sub-6209,ses-3,run-01,P6,-69.17,control,2,122.09,control,matches the side of the 'control' montage,,,no
sub-6209,ses-3,run-02,P6,-68.55,control,2,122.09,control,matches the side of the 'control' montage,,,no
sub-6209,ses-4,run-01,P6,-69.81,control,2,122.09,control,matches the side of the 'control' montage,,,no
sub-6209,ses-4,run-02,P6,-69.99,control,2,122.09,control,matches the side of the 'control' montage,,,no
sub-6210,ses-2,run-01,P6,-66.31,control,2,121.54,control,matches the side of the 'control' montage,,,no
sub-6210,ses-2,run-02,P6,-66.44,control,2,121.54,control,matches the side of the 'control' montage,,,no
sub-6210,ses-3,run-01,P6,-62.09,control,2,121.54,control,matches the side of the 'control' montage,,,no
sub-6210,ses-3,run-02,P6,-63.05,control,2,121.54,control,matches the side of the 'control' montage,,,no
sub-6210,ses-4,run-01,P6,-64.3,control,2,121.54,control,matches the side of the 'control' montage,,,no
sub-6210,ses-4,run-02,P6,-65.08,control,2,121.54,control,matches the side of the 'control' montage,,,no
sub-6211,ses-1,run-01,P6,51.02,target,2,102.57,target,matches the side of the 'target' montage,,,no
sub-6211,ses-1,run-02,P6,51.44,target,2,102.57,target,matches the side of the 'target' montage,,,no
sub-6211,ses-2,run-01,P6,44.56,target,2,102.57,target,matches the side of the 'target' montage,,,no
sub-6211,ses-3,run-01,P6,47.55,target,2,102.57,target,matches the side of the 'target' montage,,,no
sub-6211,ses-3,run-02,P6,13.8,target,2,102.57,target,montage too close to the midline for its side to be informative,,,no
sub-6211,ses-4,run-01,P6,67.04,target,2,102.57,target,matches the side of the 'target' montage,,,no
sub-6211,ses-4,run-02,P6,66.63,target,2,102.57,target,matches the side of the 'target' montage,,,no
sub-6215,ses-1,run-01,P6,-57.23,control,2,109.2,control,matches the side of the 'control' montage,,,no
sub-6215,ses-1,run-02,P6,-57.34,control,2,109.2,control,matches the side of the 'control' montage,,,no
sub-8101,ses-1,run-01,P8,32.61,control,2,85.62,control,matches the side of the 'control' montage,,,no
sub-8101,ses-1,run-02,P8,32.64,control,2,85.62,control,matches the side of the 'control' montage,,,no
sub-8101,ses-2,run-01,P8,43.24,control,2,85.62,control,matches the side of the 'control' montage,,,no
sub-8101,ses-2,run-02,P8,43.4,control,2,85.62,control,matches the side of the 'control' montage,,,no
sub-8101,ses-3,run-01,P8,46.47,control,2,85.62,control,matches the side of the 'control' montage,,,no
sub-8101,ses-3,run-02,P8,46.12,control,2,85.62,control,matches the side of the 'control' montage,,,no
sub-8102,ses-1,run-01,P8,41.66,control,2,89.73,control,matches the side of the 'control' montage,,,no
sub-8102,ses-1,run-02,P8,41.85,control,2,89.73,control,matches the side of the 'control' montage,,,no
sub-8102,ses-3,run-01,P8,41.93,control,2,89.73,control,matches the side of the 'control' montage,,,no
sub-8102,ses-3,run-02,P8,40.83,control,2,89.73,control,matches the side of the 'control' montage,,,no
sub-8102,ses-4,run-01,P8,36.52,control,2,89.73,control,matches the side of the 'control' montage,,,no
sub-8102,ses-4,run-02,P8,36.79,control,2,89.73,control,matches the side of the 'control' montage,,,no
sub-8103,ses-1,run-01,P8,39.01,control,2,88.75,control,matches the side of the 'control' montage,,,no
sub-8103,ses-1,run-02,P8,38.6,control,2,88.75,control,matches the side of the 'control' montage,,,no
sub-8103,ses-2,run-01,P8,42.78,control,2,88.75,control,matches the side of the 'control' montage,,,no
sub-8103,ses-2,run-02,P8,43.14,control,2,88.75,control,matches the side of the 'control' montage,,,no
sub-8103,ses-3,run-01,P8,55.38,control,2,88.75,control,matches the side of the 'control' montage,,,no
sub-8105,ses-1,run-01,P8,46.36,control,2,85.06,control,matches the side of the 'control' montage,,,no
sub-8105,ses-1,run-02,P8,46.51,control,2,85.06,control,matches the side of the 'control' montage,,,no
sub-8107,ses-1,run-01,P8,61.95,control,2,90.71,control,matches the side of the 'control' montage,,,no
sub-8107,ses-1,run-02,P8,61.79,control,2,90.71,control,matches the side of the 'control' montage,,,no
sub-8107,ses-2,run-01,P8,56.57,control,2,90.71,control,matches the side of the 'control' montage,,,no
sub-8107,ses-2,run-02,P8,55.65,control,2,90.71,control,matches the side of the 'control' montage,,,no
sub-8107,ses-3,run-01,P8,54.63,control,2,90.71,control,matches the side of the 'control' montage,,,no
sub-8107,ses-3,run-02,P8,53.42,control,2,90.71,control,matches the side of the 'control' montage,,,no
sub-8107,ses-4,run-01,P8,54.52,control,2,90.71,control,matches the side of the 'control' montage,,,no
sub-8107,ses-4,run-02,P8,54.03,control,2,90.71,control,matches the side of the 'control' montage,,,no
sub-8108,ses-1,run-01,P8,49.23,control,2,95.48,control,matches the side of the 'control' montage,,,no
sub-8108,ses-1,run-02,P8,48.34,control,2,95.48,control,matches the side of the 'control' montage,,,no
sub-8108,ses-2,run-01,P8,52.56,control,2,95.48,control,matches the side of the 'control' montage,,,no
sub-8108,ses-2,run-02,P8,52.46,control,2,95.48,control,matches the side of the 'control' montage,,,no
sub-8109,ses-1,run-01,P8,-44.39,target,2,82.32,target,matches the side of the 'target' montage,,,no
sub-8109,ses-1,run-02,P8,-44.82,target,2,82.32,target,matches the side of the 'target' montage,,,no
sub-8109,ses-2,run-01,P8,-45.36,target,2,82.32,target,matches the side of the 'target' montage,,,no
sub-8109,ses-2,run-02,P8,-45.39,target,2,82.32,target,matches the side of the 'target' montage,,,no
sub-8109,ses-3,run-01,P8,-46.36,target,2,82.32,target,matches the side of the 'target' montage,,,no
sub-8109,ses-3,run-02,P8,-46.11,target,2,82.32,target,matches the side of the 'target' montage,,,no
sub-8109,ses-4,run-01,P8,-41.82,target,2,82.32,target,matches the side of the 'target' montage,,,no
sub-8109,ses-4,run-02,P8,-42.24,target,2,82.32,target,matches the side of the 'target' montage,,,no
sub-8110,ses-1,run-01,P8,49.7,control,2,85.5,control,matches the side of the 'control' montage,,,no
sub-8110,ses-1,run-02,P8,49.81,control,2,85.5,control,matches the side of the 'control' montage,,,no
sub-8110,ses-2,run-01,P8,52.18,control,2,85.5,control,matches the side of the 'control' montage,,,no
sub-8110,ses-2,run-02,P8,51.83,control,2,85.5,control,matches the side of the 'control' montage,,,no
sub-8110,ses-3,run-01,P8,52.18,control,2,85.5,control,matches the side of the 'control' montage,,,no
sub-8110,ses-3,run-02,P8,51.83,control,2,85.5,control,matches the side of the 'control' montage,,,no
sub-8110,ses-4,run-01,P8,46.58,control,2,85.5,control,matches the side of the 'control' montage,,,no
sub-8110,ses-4,run-02,P8,46.18,control,2,85.5,control,matches the side of the 'control' montage,,,no
sub-8111,ses-1,run-01,P8,-44.56,target,2,89.65,target,matches the side of the 'target' montage,,,no
sub-8111,ses-1,run-02,P8,-44.72,target,2,89.65,target,matches the side of the 'target' montage,,,no
sub-8111,ses-2,run-01,P8,-42.84,target,2,89.65,target,matches the side of the 'target' montage,,,no
sub-8111,ses-2,run-02,P8,-43.9,target,2,89.65,target,matches the side of the 'target' montage,,,no
sub-8112,ses-1,run-01,P8,55.82,control,2,83.36,control,matches the side of the 'control' montage,,,no
sub-8112,ses-1,run-02,P8,56.21,control,2,83.36,control,matches the side of the 'control' montage,,,no
sub-8112,ses-2,run-01,P8,52.5,control,2,83.36,control,matches the side of the 'control' montage,,,no
sub-8112,ses-2,run-02,P8,52.9,control,2,83.36,control,matches the side of the 'control' montage,,,no
sub-8112,ses-3,run-01,P8,55.96,control,2,83.36,control,matches the side of the 'control' montage,,,no
sub-8112,ses-3,run-02,P8,56.78,control,2,83.36,control,matches the side of the 'control' montage,,,no
sub-8112,ses-4,run-01,P8,53.94,control,2,83.36,control,matches the side of the 'control' montage,,,no
sub-8112,ses-4,run-02,P8,54.55,control,2,83.36,control,matches the side of the 'control' montage,,,no
sub-8113,ses-1,run-01,P8,53.72,control,2,101.48,control,matches the side of the 'control' montage,,,no
sub-8113,ses-1,run-02,P8,53.64,control,2,101.48,control,matches the side of the 'control' montage,,,no
sub-8113,ses-2,run-01,P8,51.19,control,2,101.48,control,matches the side of the 'control' montage,,,no
sub-8113,ses-2,run-02,P8,50.97,control,2,101.48,control,matches the side of the 'control' montage,,,no
sub-8113,ses-3,run-01,P8,52.09,control,2,101.48,control,matches the side of the 'control' montage,,,no
sub-8113,ses-3,run-02,P8,51.4,control,2,101.48,control,matches the side of the 'control' montage,,,no
sub-8113,ses-4,run-01,P8,49.27,control,2,101.48,control,matches the side of the 'control' montage,,,no
sub-8113,ses-4,run-02,P8,49.01,control,2,101.48,control,matches the side of the 'control' montage,,,no
sub-8114,ses-1,run-01,P8,-37.52,target,2,79.73,target,matches the side of the 'target' montage,,,no
sub-8114,ses-1,run-02,P8,-37.48,target,2,79.73,target,matches the side of the 'target' montage,,,no
sub-8114,ses-2,run-01,P8,-44.43,target,2,79.73,target,matches the side of the 'target' montage,,,no
sub-8114,ses-2,run-02,P8,-44.17,target,2,79.73,target,matches the side of the 'target' montage,,,no
sub-8114,ses-3,run-01,P8,-39.86,target,2,79.73,target,matches the side of the 'target' montage,,,no
sub-8114,ses-3,run-02,P8,-40.42,target,2,79.73,target,matches the side of the 'target' montage,,,no
sub-8114,ses-4,run-01,P8,-44.51,target,2,79.73,target,matches the side of the 'target' montage,,,no
sub-8114,ses-4,run-02,P8,-43.23,target,2,79.73,target,matches the side of the 'target' montage,,,no
sub-8115,ses-1,run-01,P8,-40.73,target,2,77.44,target,matches the side of the 'target' montage,,,no
sub-8115,ses-1,run-02,P8,-40.92,target,2,77.44,target,matches the side of the 'target' montage,,,no
sub-8115,ses-2,run-01,P8,-38.98,target,2,77.44,target,matches the side of the 'target' montage,,,no
sub-8115,ses-2,run-02,P8,-38.94,target,2,77.44,target,matches the side of the 'target' montage,,,no
sub-8115,ses-3,run-01,P8,-32.45,target,2,77.44,target,matches the side of the 'target' montage,,,no
sub-8115,ses-3,run-02,P8,-32.02,target,2,77.44,target,matches the side of the 'target' montage,,,no
sub-8115,ses-4,run-01,P8,-36.21,target,2,77.44,target,matches the side of the 'target' montage,,,no
sub-8115,ses-4,run-02,P8,-36.88,target,2,77.44,target,matches the side of the 'target' montage,,,no
sub-8117,ses-1,run-01,P8,51.57,control,2,82.76,control,matches the side of the 'control' montage,,,no
sub-8117,ses-1,run-02,P8,51.45,control,2,82.76,control,matches the side of the 'control' montage,,,no
sub-8117,ses-2,run-01,P8,52.79,control,2,82.76,control,matches the side of the 'control' montage,,,no
sub-8117,ses-2,run-02,P8,52.91,control,2,82.76,control,matches the side of the 'control' montage,,,no
sub-8117,ses-3,run-01,P8,47.72,control,2,82.76,control,matches the side of the 'control' montage,,,no
sub-8117,ses-3,run-02,P8,47.95,control,2,82.76,control,matches the side of the 'control' montage,,,no
sub-8117,ses-4,run-01,P8,45.99,control,2,82.76,control,matches the side of the 'control' montage,,,no
sub-8117,ses-4,run-02,P8,45.54,control,2,82.76,control,matches the side of the 'control' montage,,,no
sub-8118,ses-1,run-01,P8,56.74,control,2,87.0,control,matches the side of the 'control' montage,,,no
sub-8118,ses-1,run-02,P8,56.17,control,2,87.0,control,matches the side of the 'control' montage,,,no
sub-8118,ses-2,run-01,P8,55.83,control,2,87.0,control,matches the side of the 'control' montage,,,no
sub-8118,ses-2,run-02,P8,55.44,control,2,87.0,control,matches the side of the 'control' montage,,,no
sub-8118,ses-3,run-01,P8,52.2,control,2,87.0,control,matches the side of the 'control' montage,,,no
sub-8118,ses-3,run-02,P8,53.31,control,2,87.0,control,matches the side of the 'control' montage,,,no
sub-8118,ses-4,run-01,P8,57.51,control,2,87.0,control,matches the side of the 'control' montage,,,no
sub-8118,ses-4,run-02,P8,57.83,control,2,87.0,control,matches the side of the 'control' montage,,,no
sub-8119,ses-1,run-01,P8,55.79,control,2,102.15,control,matches the side of the 'control' montage,,,no
sub-8119,ses-1,run-02,P8,55.35,control,2,102.15,control,matches the side of the 'control' montage,,,no
sub-8119,ses-2,run-01,P8,50.1,control,2,102.15,control,matches the side of the 'control' montage,,,no
sub-8119,ses-2,run-02,P8,49.39,control,2,102.15,control,matches the side of the 'control' montage,,,no
sub-8119,ses-3,run-01,P8,57.14,control,2,102.15,control,matches the side of the 'control' montage,,,no
sub-8119,ses-3,run-02,P8,55.94,control,2,102.15,control,matches the side of the 'control' montage,,,no
sub-8119,ses-4,run-01,P8,52.61,control,2,102.15,control,matches the side of the 'control' montage,,,no
sub-8119,ses-4,run-02,P8,52.04,control,2,102.15,control,matches the side of the 'control' montage,,,no
sub-8120,ses-1,run-01,P8,-55.1,target,2,96.76,target,matches the side of the 'target' montage,,,no
sub-8120,ses-1,run-02,P8,-55.07,target,2,96.76,target,matches the side of the 'target' montage,,,no
sub-8120,ses-2,run-01,P8,-54.55,target,2,96.76,target,matches the side of the 'target' montage,,,no
sub-8120,ses-2,run-02,P8,-53.73,target,2,96.76,target,matches the side of the 'target' montage,,,no
sub-8120,ses-3,run-01,P8,-54.85,target,2,96.76,target,matches the side of the 'target' montage,,,no
sub-8120,ses-3,run-02,P8,-54.77,target,2,96.76,target,matches the side of the 'target' montage,,,no
sub-8120,ses-4,run-01,P8,-51.88,target,2,96.76,target,matches the side of the 'target' montage,,,no
sub-8120,ses-4,run-02,P8,-51.4,target,2,96.76,target,matches the side of the 'target' montage,,,no
sub-8122,ses-1,run-01,P8,49.67,control,2,92.87,control,matches the side of the 'control' montage,,,no
sub-8122,ses-1,run-02,P8,49.78,control,2,92.87,control,matches the side of the 'control' montage,,,no
sub-8122,ses-2,run-01,P8,50.82,control,2,92.87,control,matches the side of the 'control' montage,,,no
sub-8122,ses-2,run-02,P8,49.67,control,2,92.87,control,matches the side of the 'control' montage,,,no
sub-8122,ses-3,run-01,P8,53.05,control,2,92.87,control,matches the side of the 'control' montage,,,no
sub-8122,ses-3,run-02,P8,51.94,control,2,92.87,control,matches the side of the 'control' montage,,,no
sub-8122,ses-4,run-01,P8,47.15,control,2,92.87,control,matches the side of the 'control' montage,,,no
sub-8122,ses-4,run-02,P8,49.06,control,2,92.87,control,matches the side of the 'control' montage,,,no
sub-8123,ses-1,run-01,P8,51.81,control,2,82.05,control,matches the side of the 'control' montage,,,no
sub-8123,ses-1,run-02,P8,51.92,control,2,82.05,control,matches the side of the 'control' montage,,,no
sub-8123,ses-2,run-01,P8,50.33,control,2,82.05,control,matches the side of the 'control' montage,,,no
sub-8123,ses-2,run-02,P8,50.45,control,2,82.05,control,matches the side of the 'control' montage,,,no
sub-8123,ses-3,run-01,P8,54.94,control,2,82.05,control,matches the side of the 'control' montage,,,no
sub-8123,ses-3,run-02,P8,55.13,control,2,82.05,control,matches the side of the 'control' montage,,,no
sub-8123,ses-4,run-01,P8,51.74,control,2,82.05,control,matches the side of the 'control' montage,,,no
sub-8123,ses-4,run-02,P8,50.67,control,2,82.05,control,matches the side of the 'control' montage,,,no
sub-8124,ses-1,run-01,P8,47.44,control,2,97.29,control,matches the side of the 'control' montage,,,no
sub-8124,ses-1,run-02,P8,46.01,control,2,97.29,control,matches the side of the 'control' montage,,,no
sub-8124,ses-2,run-01,P8,47.19,control,2,97.29,control,matches the side of the 'control' montage,,,no
sub-8124,ses-2,run-02,P8,47.56,control,2,97.29,control,matches the side of the 'control' montage,,,no
sub-8124,ses-3,run-01,P8,48.58,control,2,97.29,control,matches the side of the 'control' montage,,,no
sub-8124,ses-3,run-02,P8,48.8,control,2,97.29,control,matches the side of the 'control' montage,,,no
sub-8125,ses-1,run-01,P8,55.88,control,2,83.65,control,matches the side of the 'control' montage,,,no
sub-8125,ses-1,run-02,P8,55.34,control,2,83.65,control,matches the side of the 'control' montage,,,no
sub-8125,ses-2,run-01,P8,52.34,control,2,83.65,control,matches the side of the 'control' montage,,,no
sub-8125,ses-2,run-02,P8,51.79,control,2,83.65,control,matches the side of the 'control' montage,,,no
sub-8125,ses-3,run-01,P8,52.33,control,2,83.65,control,matches the side of the 'control' montage,,,no
sub-8125,ses-3,run-02,P8,52.29,control,2,83.65,control,matches the side of the 'control' montage,,,no
sub-8125,ses-4,run-01,P8,55.31,control,2,83.65,control,matches the side of the 'control' montage,,,no
sub-8125,ses-4,run-02,P8,54.52,control,2,83.65,control,matches the side of the 'control' montage,,,no
sub-8126,ses-1,run-01,P8,-47.29,target,2,86.87,target,matches the side of the 'target' montage,,,no
sub-8126,ses-1,run-02,P8,-47.38,target,2,86.87,target,matches the side of the 'target' montage,,,no
sub-8126,ses-2,run-01,P8,-52.83,target,2,86.87,target,matches the side of the 'target' montage,,,no
sub-8126,ses-2,run-02,P8,-52.85,target,2,86.87,target,matches the side of the 'target' montage,,,no
sub-8126,ses-3,run-01,P8,-50.67,target,2,86.87,target,matches the side of the 'target' montage,,,no
sub-8126,ses-3,run-02,P8,-50.47,target,2,86.87,target,matches the side of the 'target' montage,,,no
sub-8126,ses-4,run-01,P8,-49.66,target,2,86.87,target,matches the side of the 'target' montage,,,no
sub-8126,ses-4,run-02,P8,-49.85,target,2,86.87,target,matches the side of the 'target' montage,,,no
sub-8128,ses-1,run-01,P8,-49.76,target,2,80.09,target,matches the side of the 'target' montage,,,no
sub-8128,ses-1,run-02,P8,-51.65,target,2,80.09,target,matches the side of the 'target' montage,,,no
sub-8128,ses-2,run-01,P8,-43.41,target,2,80.09,target,matches the side of the 'target' montage,,,no
sub-8128,ses-2,run-02,P8,-43.32,target,2,80.09,target,matches the side of the 'target' montage,,,no
sub-8129,ses-1,run-01,P8,-49.0,target,2,91.16,target,matches the side of the 'target' montage,,,no
sub-8129,ses-1,run-02,P8,-48.99,target,2,91.16,target,matches the side of the 'target' montage,,,no
sub-8130,ses-3,run-01,P8,52.59,control,2,94.45,control,matches the side of the 'control' montage,,,no
sub-8130,ses-3,run-02,P8,51.3,control,2,94.45,control,matches the side of the 'control' montage,,,no
sub-8131,ses-1,run-01,P8,-62.6,target,2,103.47,target,matches the side of the 'target' montage,,,no
sub-8131,ses-1,run-02,P8,-62.96,target,2,103.47,target,matches the side of the 'target' montage,,,no
sub-8131,ses-2,run-01,P8,-59.24,target,2,103.47,target,matches the side of the 'target' montage,,,no
sub-8131,ses-2,run-02,P8,-59.04,target,2,103.47,target,matches the side of the 'target' montage,,,no
sub-8131,ses-3,run-01,P8,-62.1,target,2,103.47,target,matches the side of the 'target' montage,,,no
sub-8131,ses-3,run-02,P8,-61.2,target,2,103.47,target,matches the side of the 'target' montage,,,no
sub-8131,ses-4,run-01,P8,-61.2,target,2,103.47,target,matches the side of the 'target' montage,,,no
sub-8131,ses-4,run-02,P8,-59.92,target,2,103.47,target,matches the side of the 'target' montage,,,no
sub-8132,ses-1,run-01,P8,57.8,control,2,99.48,control,matches the side of the 'control' montage,,,no
sub-8132,ses-1,run-02,P8,57.67,control,2,99.48,control,matches the side of the 'control' montage,,,no
sub-8132,ses-2,run-01,P8,57.7,control,2,99.48,control,matches the side of the 'control' montage,,,no
sub-8132,ses-2,run-02,P8,57.91,control,2,99.48,control,matches the side of the 'control' montage,,,no
sub-8132,ses-3,run-01,P8,54.03,control,2,99.48,control,matches the side of the 'control' montage,,,no
sub-8132,ses-3,run-02,P8,53.5,control,2,99.48,control,matches the side of the 'control' montage,,,no
sub-8132,ses-4,run-01,P8,58.42,control,2,99.48,control,matches the side of the 'control' montage,,,no
sub-8132,ses-4,run-02,P8,58.62,control,2,99.48,control,matches the side of the 'control' montage,,,no
sub-8133,ses-1,run-01,P8,-55.99,target,2,89.31,target,matches the side of the 'target' montage,,,no
sub-8133,ses-1,run-02,P8,-56.51,target,2,89.31,target,matches the side of the 'target' montage,,,no
sub-8133,ses-2,run-01,P8,-48.96,target,2,89.31,target,matches the side of the 'target' montage,,,no
sub-8133,ses-2,run-02,P8,-49.27,target,2,89.31,target,matches the side of the 'target' montage,,,no
sub-8133,ses-4,run-01,P8,-52.96,target,2,89.31,target,matches the side of the 'target' montage,,,no
sub-8133,ses-4,run-02,P8,-52.74,target,2,89.31,target,matches the side of the 'target' montage,,,no
sub-8134,ses-2,run-01,P8,37.73,control,2,92.31,control,matches the side of the 'control' montage,,,no
sub-8134,ses-2,run-02,P8,37.65,control,2,92.31,control,matches the side of the 'control' montage,,,no
sub-8134,ses-3,run-01,P8,48.81,control,2,92.31,control,matches the side of the 'control' montage,,,no
sub-8135,ses-1,run-01,P8,45.22,control,2,84.77,control,matches the side of the 'control' montage,,,no
sub-8135,ses-1,run-02,P8,44.8,control,2,84.77,control,matches the side of the 'control' montage,,,no
sub-8137,ses-3,run-01,P8,-50.91,target,2,89.8,target,matches the side of the 'target' montage,,,no
sub-8137,ses-3,run-02,P8,-50.03,target,2,89.8,target,matches the side of the 'target' montage,,,no
sub-8138,ses-1,run-01,P8,-41.11,target,2,84.07,target,matches the side of the 'target' montage,,,no
sub-8138,ses-1,run-02,P8,-40.23,target,2,84.07,target,matches the side of the 'target' montage,,,no
sub-8138,ses-2,run-01,P8,-41.97,target,2,84.07,target,matches the side of the 'target' montage,,,no
sub-8138,ses-2,run-02,P8,-41.46,target,2,84.07,target,matches the side of the 'target' montage,,,no
sub-8138,ses-4,run-01,P8,-40.92,target,2,84.07,target,matches the side of the 'target' montage,,,no
sub-8138,ses-4,run-02,P8,-41.41,target,2,84.07,target,matches the side of the 'target' montage,,,no
sub-8140,ses-1,run-01,P8,-43.31,target,2,89.25,target,matches the side of the 'target' montage,,,no
sub-8140,ses-1,run-02,P8,-43.01,target,2,89.25,target,matches the side of the 'target' montage,,,no
sub-8140,ses-2,run-01,P8,-44.42,target,2,89.25,target,matches the side of the 'target' montage,,,no
sub-8140,ses-2,run-02,P8,-44.38,target,2,89.25,target,matches the side of the 'target' montage,,,no
sub-8140,ses-3,run-01,P8,-45.04,target,2,89.25,target,matches the side of the 'target' montage,,,no
sub-8140,ses-3,run-02,P8,-45.29,target,2,89.25,target,matches the side of the 'target' montage,,,no
sub-8140,ses-4,run-01,P8,-47.33,target,2,89.25,target,matches the side of the 'target' montage,,,no
sub-8140,ses-4,run-02,P8,-47.59,target,2,89.25,target,matches the side of the 'target' montage,,,no
sub-8141,ses-3,run-01,P8,57.4,control,2,107.72,control,matches the side of the 'control' montage,,,no
sub-8141,ses-3,run-02,P8,56.85,control,2,107.72,control,matches the side of the 'control' montage,,,no
sub-8142,ses-1,run-01,P8,-58.94,target,2,95.61,target,matches the side of the 'target' montage,,,no
sub-8142,ses-1,run-02,P8,-58.79,target,2,95.61,target,matches the side of the 'target' montage,,,no
sub-8142,ses-2,run-01,P8,-55.03,target,2,95.61,target,matches the side of the 'target' montage,,,no
sub-8142,ses-2,run-02,P8,-55.61,target,2,95.61,target,matches the side of the 'target' montage,,,no
sub-8142,ses-4,run-01,P8,-52.23,target,2,95.61,target,matches the side of the 'target' montage,,,no
sub-8142,ses-4,run-02,P8,-51.84,target,2,95.61,target,matches the side of the 'target' montage,,,no
sub-8143,ses-1,run-01,P8,52.83,control,2,95.65,control,matches the side of the 'control' montage,,,no
sub-8143,ses-1,run-02,P8,52.38,control,2,95.65,control,matches the side of the 'control' montage,,,no
sub-8144,ses-1,run-01,P8,50.13,control,2,89.92,control,matches the side of the 'control' montage,,,no
sub-8144,ses-1,run-02,P8,50.51,control,2,89.92,control,matches the side of the 'control' montage,,,no
sub-8144,ses-3,run-01,P8,52.13,control,2,89.92,control,matches the side of the 'control' montage,,,no
sub-8144,ses-3,run-02,P8,51.66,control,2,89.92,control,matches the side of the 'control' montage,,,no
sub-8145,ses-1,run-01,P8,44.05,control,2,98.46,control,matches the side of the 'control' montage,,,no
sub-8145,ses-1,run-02,P8,44.48,control,2,98.46,control,matches the side of the 'control' montage,,,no
sub-8145,ses-2,run-01,P8,44.05,control,2,98.46,control,matches the side of the 'control' montage,,,no
sub-8145,ses-2,run-02,P8,44.48,control,2,98.46,control,matches the side of the 'control' montage,,,no
sub-8145,ses-3,run-01,P8,53.08,control,2,98.46,control,matches the side of the 'control' montage,,,no
sub-8145,ses-3,run-02,P8,52.95,control,2,98.46,control,matches the side of the 'control' montage,,,no
sub-8146,ses-1,run-01,P8,-49.0,target,2,92.67,target,matches the side of the 'target' montage,,,no
sub-8146,ses-1,run-02,P8,-49.89,target,2,92.67,target,matches the side of the 'target' montage,,,no
sub-8149,ses-1,run-01,P8,58.73,control,2,90.26,control,matches the side of the 'control' montage,,,no
sub-8149,ses-1,run-02,P8,58.87,control,2,90.26,control,matches the side of the 'control' montage,,,no
sub-8149,ses-2,run-01,P8,61.66,control,2,90.26,control,matches the side of the 'control' montage,,,no
sub-8149,ses-2,run-02,P8,60.88,control,2,90.26,control,matches the side of the 'control' montage,,,no
sub-8149,ses-3,run-01,P8,58.24,control,2,90.26,control,matches the side of the 'control' montage,,,no
sub-8149,ses-3,run-02,P8,57.68,control,2,90.26,control,matches the side of the 'control' montage,,,no
sub-8149,ses-4,run-01,P8,61.24,control,2,90.26,control,matches the side of the 'control' montage,,,no
sub-8149,ses-4,run-02,P8,61.28,control,2,90.26,control,matches the side of the 'control' montage,,,no
sub-8150,ses-2,run-01,P8,53.75,control,2,84.0,control,matches the side of the 'control' montage,,,no
sub-8150,ses-2,run-02,P8,54.05,control,2,84.0,control,matches the side of the 'control' montage,,,no
sub-8151,ses-1,run-01,P8,45.23,control,2,97.83,control,matches the side of the 'control' montage,,,no
sub-8151,ses-1,run-02,P8,44.82,control,2,97.83,control,matches the side of the 'control' montage,,,no
sub-8151,ses-2,run-01,P8,43.75,control,2,97.83,control,matches the side of the 'control' montage,,,no
sub-8151,ses-2,run-02,P8,44.02,control,2,97.83,control,matches the side of the 'control' montage,,,no
sub-8152,ses-4,run-01,P8,47.82,control,2,85.81,control,matches the side of the 'control' montage,,,no
sub-8152,ses-4,run-02,P8,47.94,control,2,85.81,control,matches the side of the 'control' montage,,,no
sub-8153,ses-3,run-01,P8,54.21,control,2,92.65,control,matches the side of the 'control' montage,,,no
sub-8153,ses-3,run-02,P8,54.61,control,2,92.65,control,matches the side of the 'control' montage,,,no
sub-8155,ses-1,run-01,P8,-42.33,target,2,90.72,target,matches the side of the 'target' montage,,,no
sub-8155,ses-1,run-02,P8,-42.56,target,2,90.72,target,matches the side of the 'target' montage,,,no
sub-8155,ses-2,run-01,P8,-44.61,target,2,90.72,target,matches the side of the 'target' montage,,,no
sub-8155,ses-2,run-02,P8,-44.86,target,2,90.72,target,matches the side of the 'target' montage,,,no
sub-8155,ses-3,run-01,P8,-46.79,target,2,90.72,target,matches the side of the 'target' montage,,,no
sub-8155,ses-3,run-02,P8,-46.71,target,2,90.72,target,matches the side of the 'target' montage,,,no
sub-8160,ses-3,run-01,P8,44.99,control,2,90.64,control,matches the side of the 'control' montage,,,no
sub-8160,ses-3,run-02,P8,45.23,control,2,90.64,control,matches the side of the 'control' montage,,,no
sub-8161,ses-1,run-01,P8,49.75,control,2,94.28,control,matches the side of the 'control' montage,,,no
sub-8161,ses-1,run-02,P8,50.18,control,2,94.28,control,matches the side of the 'control' montage,,,no
sub-8161,ses-4,run-01,P8,46.27,control,2,94.28,control,matches the side of the 'control' montage,,,no
sub-8161,ses-4,run-02,P8,45.24,control,2,94.28,control,matches the side of the 'control' montage,,,no
sub-8162,ses-2,run-01,P8,53.26,control,2,88.05,control,matches the side of the 'control' montage,,,no
sub-8162,ses-2,run-02,P8,53.21,control,2,88.05,control,matches the side of the 'control' montage,,,no
sub-8163,ses-1,run-01,P8,-50.35,target,2,94.0,target,matches the side of the 'target' montage,,,no
sub-8163,ses-1,run-02,P8,-49.97,target,2,94.0,target,matches the side of the 'target' montage,,,no
sub-8163,ses-4,run-01,P8,-49.12,target,2,94.0,target,matches the side of the 'target' montage,,,no
sub-8163,ses-4,run-02,P8,-47.64,target,2,94.0,target,matches the side of the 'target' montage,,,no
sub-8173,ses-1,run-01,P8,43.1,control,2,92.07,control,matches the side of the 'control' montage,,,no
sub-8173,ses-1,run-02,P8,43.51,control,2,92.07,control,matches the side of the 'control' montage,,,no
sub-8173,ses-2,run-01,P8,38.15,control,2,92.07,control,matches the side of the 'control' montage,,,no
sub-8173,ses-2,run-02,P8,47.15,control,2,92.07,control,matches the side of the 'control' montage,,,no
sub-8179,ses-4,run-01,P8,-55.53,target,2,91.62,target,matches the side of the 'target' montage,,,no
sub-8179,ses-4,run-02,P8,-54.61,target,2,91.62,target,matches the side of the 'target' montage,,,no
sub-8181,ses-3,run-01,P8,-51.86,target,2,93.56,target,matches the side of the 'target' montage,,,no
sub-8181,ses-3,run-02,P8,-46.47,target,2,93.56,target,matches the side of the 'target' montage,,,no
